text,bucket,label,prediction,lime_faithfulness_score,shap_faithfulness_score
RAKSHIT ABHIMAANIGALE!! Yaaru yaaru aa signature stepna try maadidiro illi like maadi!!,high,Positive,not-distress,0.8617684841156006,0.49282386898994446
Correct agi helidera super 🤣🤣,high,Positive,not-distress,0.8650514483451843,0.8651343286037445
Niv supper boss,high,Positive,not-distress,0.8652525544166565,0.8652525544166565
Hing dance madidre ..... mugitu kathe....,high,Negative,distress,0.3276989459991455,0.332719087600708
Super bro e nayiigulu erodrindane nam desha uddar agilla once again super bro,high,Negative,not-distress,0.865153580904007,0.8651371598243713
Ur super sir..but ಒಂದ hit movi kodi sir navu adakoskara kaetidivi....,high,Mixed feelings,not-distress,0.4753548800945282,0.43449658155441284
Hands up ಇವ ಚರಿತ್ರೆ ಸೃಷ್ಟಿಸೋ ನಾರಾಯಣ,high,Positive,not-distress,0.4933636486530304,0.560432106256485
super song sir. rakshith shetty sahebara fans ella like madi.,high,Positive,not-distress,0.43311747908592224,0.4330603778362274
En helde guru it's true,high,Mixed feelings,distress,0.730707049369812,0.4709934592247009
No.. 1 sec saku summe mnt ella waste madtara,high,Negative,distress,0.38276755809783936,0.37080633640289307
ಸೂಪರ್ ಗುರೂ ಯೆನ್  ಸ್ವರ ಗುರೂ ನಿಂದು   Iam u r big fan  ur thinking  bro,high,Positive,not-distress,0.46630266308784485,0.8651046454906464
OLA marma? leay thu OLA na promote maadoke isht dodd message haktyeno? D boooos fans na nodi kalthko.....avrella huttidaagle amman akkan antha pure kannada words kalthu bandirodu......,high,Negative,distress,0.33215463161468506,0.0
en music guru,high,Mixed feelings,distress,0.7453952431678772,0.7453952431678772
yen guru nam kannada film industry na yellaru seri bere level ge tagondu hogthaa iddare... superb music,high,Positive,not-distress,0.5330173075199127,0.8648313283920288
Super agi roast madidiya guru.,high,Positive,not-distress,0.8652416467666626,0.8650605082511902
@Syed Akbar hello srk athava salman khan fan... Ninge race 3 ne sari... nnnnSuper story alvaa race 3,high,Negative,not-distress,0.0,0.25616636872291565
Togari tippa story super,high,Positive,not-distress,0.8650677800178528,0.8650397062301636
Super guroonSakkattagittu video. ...,high,Positive,not-distress,0.8652161359786987,0.4326726198196411
naavu childhood days valag e story kelidde,high,Positive,not-distress,0.8642641007900238,0.8635205030441284
Please intha cinemagalannu     gellisona ......namma hemmeya Kannada cinema,high,Positive,not-distress,0.8650573194026947,0.4365849196910858
Bro sorry ond matu nang eetara troll madodu ella ishta agtirlilla first time nimm videos nodi sakkath kushiaytu nd ur video really give a good msg,high,Mixed feelings,distress,0.7505559623241425,0.3879099488258362
Views tumba kadime ide.,high,Negative,distress,0.75165855884552,0.751661479473114
ಶೇಕಡ 100(%) ರಷ್ಟು viruses na China ಉತ್ಪನ್ನ ಮಾಡುತ್ತೆ.....,high,Negative,distress,0.4580172598361969,0.3199208080768585
Super guru hinmele  nanu nimmn Abimani guru,high,Positive,not-distress,0.8652033507823944,0.8651570379734039
@Nandi Parthasarathi adu oscar ascar alla..🤣 graphics ge pakka oscar kodtare🤣,high,Negative,distress,0.4138997495174408,0.38101649284362793
Olledu ond pan India movie madro sumne yak eneno madkondu...,high,Negative,distress,0.378036767244339,0.37594419717788696
ನೋಡ್ತಾ ಹೋದ್ರೆ ಸಾವಿರಾರು lyrical video ಗಳು,high,Mixed feelings,not-distress,0.7033656537532806,0.39186808466911316
En super movie sir edu....ond ond seen kuda mans mutto tara ede,high,Positive,not-distress,0.5622821152210236,0.598485916852951
Yalla kannadigarugu ansthithu bere bashe movies maddohange yak namma kannada movies maddalla antha.. but evagaaa yak bere bashe movies nodbeku antha ansoke shuruuu agbhitidhe alva Karnataka???,high,Negative,distress,0.44404929876327515,0.37586283683776855
@Ambrish Mallad luccha fans nimma luccha suderpdu movie nodo Ella flop agtive side actor get fit baavali age eddane balegaara correctagi tindu barlike hell baavali🤣🤣,high,Negative,distress,0.7516720294952393,0.40026524662971497
Yav Ree dislike kodoru kannada movies belibek fist kannada next hero's elru nammavare...,high,Positive,not-distress,0.345399409532547,0.7563947439193726
Lo gaandu nan magne d boss fans yake sata tariyoke dislike madtara nBere avru nodi urkolokke en avru bucket and balegara fans he,high,Negative,distress,0.3758275508880615,0.0
Boli maklu yellaaa mobile ally nodtha edre énna theatre ge bandu yelli nodthaare,high,Negative,distress,0.37746462225914,0.37581145763397217
Yalla hero fans e movie naa support madtini annoru like madi,high,Positive,not-distress,0.8542482852935791,0.8590844571590424
Kaytidde bro Yarana  lyrics aktara anta 🥰🥰tq,high,Positive,not-distress,0.8649393320083618,0.43252331018447876
Nim song antu super 🤝,high,Positive,not-distress,0.8652442693710327,0.5216679275035858
Insta link ಅಕಿದ್ದೀನಿ ನೋಡಿ bro ಅಲ್ಲಿ ಬಂದು,high,Mixed feelings,not-distress,0.7264268100261688,0.37681686878204346
Hats of Shankar Ashvath Sir.nimma e swabimaanada jeevana Sukakarawaagi Saagali.,high,Positive,not-distress,0.43269088864326477,0.4327579736709595
E video na unlike madoru nijavaglu kannads davaru ala,high,Negative,distress,0.25518327951431274,0.37554022669792175
Startup start maadalu capacity growth maadalu tips kodi . Ondu separate video maadi .pls,high,Positive,not-distress,0.8645809590816498,0.4354085922241211
Game name yavdu bro...,high,Mixed feelings,distress,0.7517300248146057,0.38873061537742615
Ayyo gubalgala only tiktok tiktok antha odkotavre only not tiktok 59 apps ban agirodu,high,Negative,distress,0.3766581118106842,0.0
Modlu ee chinese apps galna india dalli ban madbeku...,high,Negative,distress,0.4237132668495178,0.4232115149497986
Ondu varshakke 1or2 film madodkintha entha ondu olle film madidre kannada industry ellige ogutthe,high,Positive,distress,0.6478559970855713,0.33487987518310547
Yanta jana brother nam deshakkoskara 1 app delete madoke agalva avarige,high,Negative,distress,0.38133880496025085,0.36971932649612427
Super song.....with dance sakathagide,high,Positive,not-distress,0.8653109073638916,0.43323901295661926
Howdu movie Adbhuta..... tumba chennagide..... but ending swalpa disturbing ansatte..... adi and diya ondagiddidre innu chennagirtittu..... Elru tumba chennag act madidare,high,Negative,distress,0.32350873947143555,0.0
Ayyoo.  Teligram nalli 10 ralli 9 jana nodidaare..n Matte naanu 12 saari nodidini ..what a movie ya... Mother sentiment,high,Positive,not-distress,0.4977757930755615,0.4679774343967438
First hog film nodu. Amele yen bekadru comment madu.,high,Mixed feelings,distress,0.3704269230365753,0.37580615282058716
Super sir namge thumba istavada kathe nam parents ge kelisbeku aadastu bega idanna,high,Positive,not-distress,0.8651899695396423,0.8651966452598572
Nimage aa devaru olledu madali Appaji...nNimma matugalu keli nange 100% Dairya bantu appaji thank you for your inspiration,high,Positive,not-distress,0.4829525649547577,0.43776068091392517
Banda  #AvanesrimannarayananAll the best,high,Positive,not-distress,0.8651344180107117,0.44959932565689087
Mr naveen raj Yenu nim Uddesha??n Nanu D BOSS Fan,high,Mixed feelings,not-distress,0.6043180823326111,0.4533540606498718
Nammaneg bandidda mare full party,high,Positive,not-distress,0.8654035329818726,0.864381343126297
Delete hadru nanu downloade made,high,Negative,distress,0.7426195740699768,0.37423235177993774
Comedy aggie nodorige comedy nee,high,Negative,not-distress,0.8524065613746643,0.8586851954460144
ನನ್ನ ಕಣ್ಣಂಚ್ಚಲಿ ನೀರು ಬಂತು..Sir ur great,high,Positive,not-distress,0.8650199472904205,0.8649457097053528
@Creative Kannadiga  le gubald atte Alla magalaganda andangaitu,high,Negative,distress,0.7515028119087219,0.37499648332595825
nim taste gottaythu.. nthaavu dandupalya-5 ge wait maadta idiri alva,high,Mixed feelings,distress,0.0,0.0
Neen super guru🤩🤣,high,Positive,not-distress,0.8648512363433838,0.8648512363433838
Hamsalekha feel yarige bantu like madi...,high,Positive,not-distress,0.8038699924945831,0.835698813199997
Idu kgf beat madutte annoru like here,high,Positive,not-distress,0.7925950884819031,0.8484413325786591
Hands  up annodu heno bosudike,high,Negative,distress,0.5081280469894409,0.0
@Prasad Raj tulunad and kannada bashe meli abhimana super guru,high,Positive,not-distress,0.4136241376399994,0.8645505011081696
Kannada ne best adrallu kannada songs adre hen andkondodira,high,Positive,not-distress,0.8653369545936584,0.8653222918510437
open song edde agirlli n super music  super stepn         Bharjari gidde SongnnNalle release movie All the best  God bless you nn Dhruva Sarja Abhimanigallindan  Jaiii Anjaneya,high,Positive,not-distress,0.43405264616012573,0.43295884132385254
En guru nin line's galu super agi helidiyaa bidu,high,Positive,not-distress,0.5574478805065155,0.5063336193561554
Sir ond compeny yalli kelsa madidra gov employes labor officer bookmadkond laber ge 5000 salry kotre employe mane  est kasta alva. yava gov sarilla sir nav egga comment madkondu saibeku aste,high,Negative,distress,0.375829815864563,0.37579014897346497
Anna super agi edit madidiya,high,Positive,not-distress,0.8637240529060364,0.8645308911800385
Remake movie ansthe,high,Negative,not-distress,0.8627668619155884,0.8624164760112762
ಸೂಪರ್ ಗುರು vp voice ultimate,high,Positive,not-distress,0.8653329610824585,0.8653069138526917
En song guru fidha agode....Idhu charithre srustiso avatharaaa... Signature step shuruhachkoli inna..,high,Positive,not-distress,0.43295198678970337,0.43277621269226074
Nimma customer reactionna video maadi youtube channel open maadi upload madi sir,high,Positive,not-distress,0.4812431037425995,0.4344342350959778
Supr bro aadhh yen kannadaa aaadhh yen punch waaaaa supr bro,high,Positive,not-distress,0.8652669489383698,0.43293046951293945
Sir nivu news helida hage heltiri sir,high,Negative,not-distress,0.019597679376602173,0.7051599323749542
Genuine information nimdhu,high,Positive,not-distress,0.8619039058685303,0.8441132605075836
@chetan kumarab guru ve.... aha comment maddhavn hesru nodo....nanalla kano,high,Mixed feelings,distress,0.37571871280670166,0.7516337931156158
jana theatre ge bandilla aadrinda collection kadime aagide,high,Mixed feelings,distress,0.3987812101840973,0.37584352493286133
Guru China rajakiya vyavaste bagge video madi,high,Positive,not-distress,0.38399630784988403,0.804912656545639
D bosss fans kade inda all the best prajju,high,Positive,not-distress,0.8652351498603821,0.8650480508804321
Bindu gowda ge super agi ugididdeera,high,Negative,not-distress,0.858894944190979,0.8594874739646912
Yes hange kick kodta hogutte.. ಒಳ್ಳೆ synch ಮಾಡಿದ್ದಾರೆ..,high,Positive,not-distress,0.8643762767314911,0.5469527840614319
Kannada promotion beda.. Kannadigaru nimmana gellistare,high,Positive,not-distress,0.4516655504703522,0.6038784086704254
Modalu prana mukya amele cinema... Plz don't lose hope DIYA chitratanda.... Wait for time,high,Mixed feelings,not-distress,0.7424928247928619,0.7574672102928162
Hand up bro.... super agide bro Namma Kannada movie adre sumanena,high,Positive,not-distress,0.43308913707733154,0.4328727126121521
Supper  p boss... Yar unlike madidhare nodi.. urkondu saytor anta,high,Negative,not-distress,0.743410587310791,0.7625768780708313
Bro tik tok tirga bandida bro nijvagluindia dali,high,Mixed feelings,distress,0.3913588225841522,0.7516766488552094
Edu yav game sir..,high,Mixed feelings,distress,0.6876998543739319,0.6557872891426086
D boss movie henge irli fans hatrikk maadtare pakka,high,Positive,not-distress,0.8648256957530975,0.8649268448352814
Dina 7-8  sala song kelisikontini.,high,Positive,not-distress,0.8653742074966431,0.573410838842392
ಹತ್ತು ವರ್ಷ strict  president rule ಬರಬೇಕು.,high,Mixed feelings,distress,0.7374325692653656,0.36332377791404724
Enta song guru idu super,high,Positive,not-distress,0.8653135895729065,0.5376006960868835
Tuu avr sentiment na touch madi kaan neer haksi adana cover photo madi view tagotira,high,Negative,distress,0.47685813903808594,0.0
Kannada film industry indialle no 1 agutte,high,Positive,not-distress,0.45551326870918274,0.8624736964702606
Guru namaskara ennu chennagi tale dhengu.sonu Gowda bin*** Gowda evarge ennu tale li brain Ella anusutte,high,Positive,distress,0.0,0.0
Boss jote yaar chennagirtaro avrigella nam d boss fans yavaglu support made madtare alva bro,high,Positive,not-distress,0.8521557748317719,0.8515454232692719
10 dubbing movie barudakkintha 1 e thara movie bandare sakku.,high,Positive,not-distress,0.6810960471630096,0.6688474118709564
Well said part 2 madu chinna.. chanagide,high,Positive,not-distress,0.8624167144298553,0.5891801416873932
E song Alli dislike mado antadu enide,high,Negative,distress,0.3706570565700531,0.0
Yarella e hadige edict agidira like Madi,high,Positive,distress,0.0,0.36531129479408264
Crazy  guru ninu,high,Mixed feelings,not-distress,0.8632427453994751,0.8632427453994751
En guru edu song super,high,Positive,not-distress,0.8651713728904724,0.8651713728904724
I feel jasti bitta kottri... Bari  lyrical video sakagittu,high,Negative,distress,0.307752788066864,0.7274429500102997
Lo gube don't compare anyone yellaru namma kannada super star,high,Negative,not-distress,0.8280490934848785,0.8100191056728363
Bgm super ide ಶೆಟ್ರೇ,high,Positive,not-distress,0.8654303550720215,0.8481510281562805
Super agi helidiya guru,high,Positive,not-distress,0.8653032779693604,0.5590732991695404
Kannada industry is next level ivaga yaru alladsak agalla Kannada industry na,high,Positive,not-distress,0.8653342723846436,0.432968407869339
Waaa Super super Rakshit sir And ajaneesh lokanaath Anna Music super,high,Positive,not-distress,0.4351438283920288,0.4324699640274048
Rakshith Shetty fans ondu like kodi nn,high,Positive,not-distress,0.8652502000331879,0.865175724029541
Dia nan recent aagi nodiro moviegalalli Adbutha,high,Positive,not-distress,0.5637950599193573,0.6711072623729706
Guru super.... Evarige chenaag ittidiyaa,high,Positive,not-distress,0.8653669953346252,0.8652738630771637
Please ಇನ್ನೊಂದು ಸಾರಿ re release Maadi.,high,Positive,not-distress,0.4913824498653412,0.8576151728630066
Trailer nalle full story gottagbidttu...trailer bere tara try madbekittu,high,Negative,not-distress,0.3827193081378937,0.6831919252872467
Guru ninge naanu Dodda fan,high,Positive,not-distress,0.8572621941566467,0.07855525612831116
Howdu bro app uninstall madudrea avrig amount hogodu kamiagutea plzzzzz uninstall Madi beavarce appp Adu thuuuuu,high,Negative,distress,0.7402089536190033,0.6395755410194397
Guru ninu super,high,Positive,not-distress,0.8652752041816711,0.8652752041816711
Jeevana banda haage accept madtha sagtidira wish you good luck,high,Positive,not-distress,0.4425075948238373,0.5731063187122345
Togari tippa super star,high,Positive,not-distress,0.8650690913200378,0.8650270402431488
Ee song ond hava start madutee ansidrey like madi,high,Positive,not-distress,0.8591001331806183,0.8601995408535004
KGF chaffer 2 beda bare baku,high,Positive,distress,0.7488325834274292,0.37581512331962585
Offter long back coming see Kannada cinema...........New multitalented shankaranna............kannadada gandu,high,Positive,not-distress,0.43301916122436523,0.43301790952682495
sr u r great sr nimage Kannada chitrarangadalli avakashagalu sigalli sr sudeep sr darashan sr mattu yesh sr plz yella Kannada hirogalu nim pilimagalalli avakashagalu  kudri plz plz plz  plz plz,high,Positive,not-distress,0.43286803364753723,0.43265610933303833
Super Anna nija anna,high,Positive,not-distress,0.8650137782096863,0.8650137782096863
Lo remake alla antha hekde tane,high,Negative,distress,0.7516254484653473,0.3768344223499298
Sir nange ashwath sir andre praana..nan appana hage iddru.. avranna kalkonda dukka tumbaa ide nange..and I respect u tooo sir...god bless u sir..,high,Positive,not-distress,0.4323134124279022,0.8014993071556091
Super Kannada  song  mach nanu avane   Kannada,high,Positive,not-distress,0.8652876615524292,0.8652817606925964
Bro z news(Hindi) channel Alli nodi,high,Positive,not-distress,0.8650684058666229,0.8650029301643372
Bari prayojanake barada films nododu Facebook YouTube li comments hodiyodu...yaavalo hudugi siktale anta instagram li search madodo ede Indians hanebaraha dhesha uddara hada hage ayyo,high,Negative,distress,0.3758206367492676,0.3636026084423065
Rashmika haters like madi,high,Negative,distress,0.6602684259414673,0.6890218555927277
An anna nivu super bidi anna nivu,high,Positive,not-distress,0.8651794791221619,0.8651297688484192
Nanu 2 weaks ninda huccha agbitidini boss song ge fiddha agbitidini,high,Positive,not-distress,0.4558987021446228,0.8652032017707825
howdu first time keldaga nangu ok anstu bt ega kelbeku anstide and sakkath dance moves,high,Positive,not-distress,0.44629454612731934,0.8405947983264923
ಗುರು ಮೂವಿ ನ re release madri.... Entha kannda film na support madlilla andre. Kannada ದಲ್ಲಿ ಮೀಡಿಯಾ Yak beku. Bhari avru trp koskara... Nam ಭಾಷೆ use madkondu ಬೇರೆ ಭಾಷೆ. ಫಿಲ್ಮ್ ಬಗ್ಗೆ. ತೋರಿಸುತ್ತಾರೆ.... Shame on kannda media..... But this film was. Heart touching,high,Mixed feelings,distress,0.4072074592113495,0.37276673316955566
Aa hudgi bandaga iro music nice,high,Positive,not-distress,0.8651098608970642,0.8038544356822968
@Avinashdada kichcha sari bidu nimamman kalsu keydu ningobba chik balegaran hutsi kalsthivi avnu nim bale serskondu ella ottige Kai thattivranthe signal alli enanthira bale pans now bale pans reaction hakro steppu,high,Negative,distress,0.37580129504203796,0.37584152817726135
Idu Fantasy Film tara kantide alva?,high,Negative,distress,0.04919612407684326,0.0
@Harshan Maddy  kannada kke  nimma importance idre kushi ne,high,Positive,distress,0.34443366527557373,0.3758299946784973
@Royal Rumble story ge ee song relevantag idya...nEe song bekagitta anta...,high,Positive,not-distress,0.8484608232975006,0.5504564940929413
@TROLL MONSTER_KANNADA nD boob's beleyodanna nodi urakotidaranDagar fan namma BØSS beleyodanna nodi nimm gandu darshan ne urakondiddu......,high,Negative,distress,0.7515699565410614,0.0
Hands up anta kottaddu yella language li onde title irli anta...yar opputtiri  illi like madi...,high,Positive,not-distress,0.8636617362499237,0.8636797964572906
Nan yavathu youtube video na like kuda madila but comment madidini so.....,high,Positive,distress,0.30804088711738586,0.0
Nivu. Helodu sari china app ban agalebeku,high,Positive,not-distress,0.564102441072464,0.7257776260375977
Nijavaaglu adbhutha film plz encourage Kannada movie,high,Positive,not-distress,0.8651762306690216,0.4327806234359741
Erbahudu please support maadi ea rakshit sitting sir genRashmikage hotte uribeku nodi,high,Negative,not-distress,0.0,0.7166706025600433
First India na America ke compare madtidru alli hangide ingide anta ivaga. India na China compare madtavre nnNav bari compare madtivi vartu namunyaru compare modo hage hogalla,high,Negative,distress,0.3763314485549927,0.37581682205200195
Supper pa ........ Continue the work. ...  Tiktok videos nodi nodi thale kettogithu.............jai modi jai jai modi......,high,Positive,not-distress,0.4323364794254303,0.4419941008090973
ತುಂಬಾನೇ feel ಅಗ್ತಿದೆ,high,Positive,not-distress,0.8377795815467834,0.8370135426521301
Fan war shuru madbeda guru,high,Negative,not-distress,0.8067755699157715,0.8340887725353241
Hands up kannadigaru🤚,high,Mixed feelings,not-distress,0.8647741079330444,0.8647741079330444
Nijavada hero andre evare,high,Positive,not-distress,0.8480441570281982,0.5286507606506348
javari tippa superb ri,high,Positive,not-distress,0.8651726245880127,0.5468362271785736
Full roast madiddiya e somberigalige,high,Positive,not-distress,0.8397106528282166,0.8523736894130707
Idu yava game bro,high,Mixed feelings,distress,0.6005216240882874,0.288167268037796
Chindi Song guru,high,Negative,not-distress,0.8642771244049072,0.8642771244049072
Boss nin vedio na use madkola roposo nalli post madtini pls bro,high,Positive,not-distress,0.8601295351982117,0.8606128096580505
@Arun Jaanu summne reply haki yak war madshtiya,high,Mixed feelings,distress,0.7516292035579681,0.37651270627975464
By mistakly nimma ondu video nodi subscribe agbitte  keep it up bro,high,Mixed feelings,not-distress,0.5666733980178833,0.46783703565597534
Ond ond film ge koti koti togotira.. ellide sir nim manaviyate.. help maadi sir evrige.. samanyadavru alla evru ashwath avr maga. Kannada industry ge hemmeya actor kanri.. punith sir neeve barbeku.. shivanna.. neevadru help maadi. Esht movie li Nim Appa ji avrge appa'n role madiddu evra appa'avr. Marebedi sir,high,Mixed feelings,distress,0.019081711769104004,0.0
Pakka full gicchi gilili song... En song pa benki aiti.... Pakka ella record nu muriteti  .... Jai Karnataka,high,Positive,not-distress,0.4448935091495514,0.8623080253601074
devare devare devare devare shivane tandheye appane nivu super super duper mind blowing hero forever forever,high,Mixed feelings,not-distress,0.5793604254722595,0.4447445571422577
Film suprrrrrr agi ede full clean film,high,Positive,not-distress,0.49278780817985535,0.5148128271102905
Shetru birthday party dina haadiro haadu aawaginindaa wait maadtide.....,high,Positive,not-distress,0.8651118576526642,0.44352492690086365
D Boss fans ಕಡೆಯಿಂದ ಆಲ್ di best,high,Positive,not-distress,0.8651063442230225,0.8652811646461487
Movie nodilla andre nimagu “ HANDS UP !!!!!”,high,Negative,not-distress,0.8612571656703949,0.861985832452774
Dislike madidavar rashmika fans irbek,high,Negative,distress,0.751636266708374,0.3692319691181183
Tik talkgintha nivu mado roast  best guru,high,Positive,not-distress,0.2736870348453522,0.7639353573322296
Instagram fallow back kodi Nev obre alla eradu,high,Negative,not-distress,0.8551086485385895,0.4246073365211487
Varshkond beda pa nidanake ne agli ee tara olle movie kotre saaku,high,Positive,distress,0.0,0.3184863328933716
Bro na tiktok use madath idila but ivga tiktok installed madi  single star rating kotu uninstall madini,high,Positive,distress,0.4680241048336029,0.0
ಯುದ್ಧ ಮಾಡಬೇಕು  ಓದಬಾರದು ಕಟುಕರ ಮುಂದೆ ಭಗವದ್ಗೀತೆ nAnd recently we can relate it to priyankareddycase,high,Negative,not-distress,0.2594752013683319,0.6843205094337463
What a music ... nWhat a lyric...nWhat a choreography.... nWhat a camera working......nTotally awesome ... nನಿಜಕ್ಕೂ ಇದು ಚರಿತ್ರೆ ಸೃಷ್ಟಿಸೋ ಅವತಾರ... nಅಜನೀಶ್ ಗುರುಗಳೇ ನಿಮಗೊಂದು ಸಲಾಂ...nರಕ್ಷಿತ್ ಶೆಟ್ರೆ ಒಳ್ಳೇದಾಗಲಿ ..nಮೂರು ವರ್ಷ ಪಟ್ಟ ಶ್ರಮ ಫಲಕೊಡುವಂತಾಗಲಿ..... All the best to you sir,high,Positive,not-distress,0.43157505989074707,0.432555615901947
1.6k people are not liking this....innna en beko maaraya nimga ...,high,Negative,distress,0.7512134313583374,0.31357628107070923
Hindi yalli innu song reales madilla yake,high,Negative,distress,0.3724883794784546,0.37778669595718384
Sari nivu video na roast madi adre madvaga pubg atava free fire games hakondo madbedi a games kooda Chinese,high,Negative,distress,0.39583343267440796,0.3758820593357086
@Manoj Kolya Neenobne heege heltirodna naan Keliddu.. Watch his Trailer and Teasers first,high,Mixed feelings,distress,0.4320140480995178,0.3758004903793335
Superb pakka pan India movie aguthe,high,Positive,not-distress,0.8651323914527893,0.8650922179222107
Ondu varshakke 3 movie tegyodu dod'dalla mattu adralli ondu movie li hit kottu innerdu movie li flop adavara  jothe hudugi hodi hogodalla... 3 varshakke ondu super hit kottu avra personality ge dakke tarde hodre adunne success antha helboudu.... That is Rakshit Shetty.... Love u bro... Olle time ittu ansutte innu olle hudugi sigli nimge.... Haagodella holledakkenIndirect yake helodu direct agi Rashmika ge heliddu idu...🤷‍,high,Positive,distress,0.0,0.0
Anna game yavdu,high,Mixed feelings,distress,0.7516881227493286,0.7516881227493286
ಕಿಚ್ಚ ಸುದೀಪ್ ಅಭಿಮಾನಿಗಳು ವತಿಯಿಂದ  All the best,high,Positive,not-distress,0.4451329708099365,0.8651449978351593
Dislike madidavaru dagar rashimka fans,high,Negative,distress,0.7516669034957886,0.37582606077194214
Aagle tv li haaaktidaaralla guru.....,high,Negative,not-distress,0.8406865000724792,0.8529534637928009
Super Comedy togari tippa,high,Positive,not-distress,0.8650826811790466,0.5475356876850128
Signature stepge kaasu....Adakkentha theatre hogthini...,high,Positive,not-distress,0.8351361155509949,0.8501621186733246
Sir albede life enjoy madbedi Mahabharata odi,high,Positive,not-distress,0.8429995179176331,0.8476442694664001
@Creative Kannadiga haa bro...nange seetara ista ...avl videos roast maadbedi plzzz,high,Positive,not-distress,0.4190579354763031,0.48328208923339844
Worst movie. artane illa. 1 concept kuda illa.,high,Negative,distress,0.44792163372039795,0.3856427073478699
Mumbai alli release madi,high,Mixed feelings,distress,0.7023301124572754,0.7023301124572754
Sara super Nivu devara tara yallaratara duddide shinamadavaratra nimmatra holleya manasidde sara,high,Positive,not-distress,0.5910263061523438,0.8648973703384399
Bro Ten minutes + video madi bro niuo mado video na nodta edre nodtane erbeku anisutte,high,Positive,not-distress,0.01549789309501648,0.7472793459892273
Super Film sir account number kodi amount hakabeku nijavgalu,high,Positive,not-distress,0.8652165234088898,0.8651638925075531
Hands up  with ಅವನೇ ಶ್ರೀಮನ್ನಾರಾಯಣ,high,Mixed feelings,not-distress,0.8653762936592102,0.44331005215644836
Thandage thakka maga mado kelsa hemmenda madi all the best,high,Positive,not-distress,0.3705739378929138,0.4177381098270416
Sir nimna devru yavaglu chenagottirli sir,high,Positive,not-distress,0.5359946191310883,0.864990770816803
@Dhananjay Kinyaje yen promotion madtare ivaru. Bengaluru bittu yelladru hogtara promotion madakke?nTamil,high,Negative,distress,0.3757954239845276,0.37583068013191223
Super bro nim matalli satya ide,high,Positive,not-distress,0.5302475392818451,0.8651890456676483
Bro nim editing spr nan nim videos fan e video Dali heliro song matrA spr,high,Positive,not-distress,0.8651853501796722,0.46705982089042664
BoLi Maklu ee tara videos nu dislike maadtare,high,Negative,distress,0.377867192029953,0.37584492564201355
@Ashwini CP pls movie nodi. Ondu olle movie na mis madkolbedi.,high,Positive,distress,0.37575459480285645,0.7507571578025818
En chindi bgm guru sakkath....Jai ASN... from Appu abhimani,high,Positive,not-distress,0.8653524219989777,0.43267807364463806
Chennagide eno suspense ide,high,Positive,not-distress,0.8648648858070374,0.6084972023963928
Nijvaglu  bro... Nangu same hange ansbidtu.. Avrdu google pay number iddidre nane ond ticket duddu kotbidana ansbidtu... Nam oor theater alli e film halle illa..,high,Negative,distress,0.45210862159729004,5.015730857849121e-05
Benki music..yarappa dislike madirodu.... mostly rasmika mandana fans irbeku...n🤭🤭🤣🤣🤣🤣songe he inge in movie nodudre...aste,high,Negative,distress,0.3592374920845032,0.0
Nannu nimma fan sir,high,Positive,not-distress,0.865145742893219,0.8643927872180939
Asn film nodoru like maadi,high,Positive,not-distress,0.8191741704940796,0.8408150672912598
Very nice togari tippa story,high,Positive,not-distress,0.8650230765342712,0.4637538492679596
Guru chaines apps yavyavu antha ondhu list kodi avna nam mobile ali instal madala,high,Negative,distress,0.3791455924510956,2.98917293548584e-05
AvaneSrimannarayana du background music BGM release madi sir,high,Positive,not-distress,0.865031510591507,0.43463751673698425
Superbb movie osm evthu movie nodied super,high,Positive,not-distress,0.865260511636734,0.4635981321334839
Song is super.. But innu swalp fast madiddare sakattagirodu,high,Negative,not-distress,0.43734583258628845,0.4362456798553467
Sakat  agide song music,high,Positive,not-distress,0.865259051322937,0.8652467429637909
@Its Paramatma lo Gaandu Suvvar sumne iru...neen heldidh takshana nan opinion change agalla...,high,Negative,distress,0.7516380548477173,0.40317535400390625
Yelru mobile nalli nodidare theater hogi nodrapoa plz,high,Mixed feelings,distress,0.36695289611816406,0.3757975995540619
Louda cinema director pyscho channagiro cinema ending allii haal mad da,high,Negative,not-distress,0.7123377025127411,0.7141211926937103
Madolla because promotion asten madilla making kgf ginta dull ede,high,Negative,distress,0.3965756893157959,0.375863641500473
Disappoint agide song keli Ishtu hype kottu song bidbardu,high,Negative,not-distress,0.5284203290939331,0.8639885187149048
12 dislikes by gandu nanmakalu,high,Negative,distress,0.7516685724258423,0.3765311539173126
Estu sari nodudru samadhana aagthilla.... Awesome song,high,Positive,not-distress,0.8652753531932831,0.8649944067001343
Ee song ge dislike yakro madtira istond chanagide making,high,Mixed feelings,distress,0.7516763806343079,0.3764250874519348
Waiting for the film.....ನೋಡಲು ಕಾತುರನಾಗಿದ್ದೇನೆ,high,Positive,not-distress,0.8646458983421326,0.43697088956832886
D Boss abimanigala kadeyinda avne srimannarayana chitrakke all the best,high,Positive,not-distress,0.44012898206710815,0.8646777868270874
KGF 2 songs bartave with bang bang BGMs.,high,Positive,not-distress,0.5745972394943237,0.4186496138572693
Entha movie multi language barbeku,high,Positive,not-distress,0.8586918711662292,0.4293459355831146
Kelv bvc galu ..nam India dalli eddare Anna...a bvc galu chna ap use madthare anna,high,Negative,distress,0.7475441992282867,0.48709526658058167
@Poojari Avinash pls nivelru movie na promote madi. Insta & fb alli promote madi,high,Positive,not-distress,0.4043343663215637,0.8024650514125824
smile madalu nodi joking vdo,high,Positive,distress,0.7516433596611023,0.7516276836395264
Yaro guru ninu super,high,Positive,not-distress,0.8624841570854187,0.8637782037258148
Yen  comedy guru  gulaab jamunu,high,Positive,not-distress,0.8651486039161682,0.8651909530162811
First adu yava app anta tilkolo g m n,high,Negative,distress,0.4626242220401764,0.37590667605400085
Na gentleman tiktok banu  super guru,high,Positive,not-distress,0.852228045463562,0.8612335026264191
Enu guru song saktha kick kodtha edae..super ASN,high,Positive,not-distress,0.4376417100429535,0.44805046916007996
Great sir nivu,high,Positive,not-distress,0.8648030161857605,0.8648030161857605
Anna nevu super,high,Positive,not-distress,0.8652123212814331,0.8652123212814331
One time ge songe artha agolla. . Pakka bt kelbeku ennond sari ansatte. . .,high,Positive,not-distress,0.8610800206661224,0.47005170583724976
idu charithre srishtisuva comment guru..,high,Positive,not-distress,0.8649519085884094,0.8650489151477814
Move chenagi irli hero ge olledagli  tumbane kasta padta I dareP,high,Positive,not-distress,0.5644491314888,0.8628039062023163
Sir kfi ha kochkondu ogtayda.,high,Negative,distress,0.5151041746139526,0.0
Togari tippa keli tumba santosh ayita matte old is gold antaralll adu nija ayita,high,Positive,not-distress,0.4329177439212799,0.4474005699157715
Re release madi,high,Positive,not-distress,0.8635942935943604,0.8635942935943604
Vijayprakash sir yavagin haage the bestbut malayalam version voice maathra sakkatth ista aythu,high,Negative,not-distress,0.4577358067035675,0.865243524312973
Super hero prajval devraj I like I love hero but avara time sari ila adke avara movie hit agtila but ivarige vale director sigbeku benki hero prajval I love boss E cinema adru nimge success tandu kodali..devru idane munde nugta eri boss god bless you,high,Negative,not-distress,0.8556345999240875,0.6031771302223206
E film kgf level ig erbhodu annoru like maadi adunnu meersbhodu annoru comment maadi ...,high,Positive,not-distress,0.862531840801239,0.4361394941806793
Kerala antha helbedi bro. Adu kuda jathi na nodutte. Agi hechagi nodutte nan sutta muttalina example nalli heltha idini... I have many Malli frnds so,high,Positive,distress,0.751661092042923,2.6047229766845703e-05
Namma janagalige taste illa avrige fighting,high,Negative,distress,0.7516590356826782,0.3774555027484894
@AJITH S SHETTY appreciate madtaidane guru,high,Negative,distress,0.6843685805797577,0.7340131402015686
Only d boss ok jai Kannada all movies hmmm kotigobba bittu hehehe,high,Negative,not-distress,0.5000852644443512,0.8589494526386261
Ee song nodtha eroru ennomme trailer nodi.....,high,Positive,not-distress,0.8641402721405029,0.8555755615234375
Anna nivu comedy agi madila Andru yene madidru entertaining agi eruthe  keep rocking,high,Positive,distress,0.6305804550647736,0.0
Anna thamma janpada super,high,Positive,not-distress,0.8653557300567627,0.8653395473957062
Nin  video delete agolla bidu bro ninge nav support madtivi innu e tara videos na mattastu madu chaina bucket galige tale kediskobeda,high,Positive,distress,0.0,0.373936265707016
Chennagi ede song super,high,Positive,not-distress,0.8651809096336365,0.8451149165630341
RSS avaru thumba danger. Avara bhagge ondu episode maadi sir,high,Negative,distress,0.6796799898147583,0.35593312978744507
Promotion kammi aytu bro,high,Negative,distress,0.7516668438911438,0.3743758499622345
Fan war bittu dhayvittu ee movie ge support madrappa nam kannada movie Hollywood level ge barli.,high,Positive,not-distress,0.8619373142719269,0.8619832694530487
Wow hand's up 🤟  ಚರಿತ್ರೆ ಸೃಷ್ಟಿಸೊ ಅವತಾರ super,high,Positive,not-distress,0.5881279408931732,0.4419459402561188
Dana alla ok,high,Negative,distress,0.7516467571258545,0.7516467571258545
Nev helerodu tappe illa sir,high,Mixed feelings,distress,0.7516598105430603,0.37563103437423706
super guru idhu actually chennagirodhu,high,Positive,not-distress,0.8651716113090515,0.8650836646556854
Kannada industry nintirode Yash,high,Positive,not-distress,0.865384578704834,0.8653677105903625
Yavano avnu sade nan maga tiktok eno kitthakide anthane.. Modlu tilkondu maathado... Bro next video aaa sade nan magan mele maadi...its  request plz bro.. And loved ur video,high,Negative,distress,0.4537948668003082,5.385279655456543e-05
Super guru.........ji kannadiga,high,Positive,not-distress,0.8653516173362732,0.45789825916290283
Film hit ahagokai e tharadha song irbaiku,high,Positive,not-distress,0.4533763527870178,0.8652841150760651
Thika urkondu dislike madbittidira already..nSuper song   #ASN .nNam Shettru steps anthu 🤩,high,Mixed feelings,distress,0.668252557516098,0.668418675661087
Marketing sariyaagi maadrappa istondu olle movie ge ingadre henge very imp marketing,high,Mixed feelings,distress,0.49593397974967957,0.3735109567642212
Rj naagraj naan bigg fan...neeu prathvi aadru naan nim Rj fan ...aadi age kushi aitu noodi ...film exlnt ee year supr move ...heroin sa acting exlnt . . whole team ....suprb,high,Positive,not-distress,0.43312203884124756,0.453973650932312
Upendra tara ideas eroru PM,high,Mixed feelings,not-distress,0.7696995139122009,0.5267836451530457
@Nandi Parthasarathi nimma yashini boobs gojjekesari acting ge Oscar award fix,high,Negative,distress,0.7516430020332336,0.3766174614429474
Kannadada saaalugalu sakkatagiddave all the best natayana...,high,Positive,not-distress,0.4366374909877777,0.4328005611896515
ಈ ಹಾಳಾದ ಕೋರೋನ ವೈರಸ್ ಬಂದು ದಿಯಾ ಲವ್ ಮಾಕಟೈಲ್ ಚಿತ್ರಗಳಿಗೆ ತುಂಬಾ ನಷ್ಟ ಉಂಟಾಗಿದೆ...but Don't worry u get best reviews.. All the best for ur nxt movies,high,Positive,not-distress,0.8566323518753052,0.4649563431739807
Sariyaaagi bydidira... Actually Olle Olle kelsa madidare app ban maadi.. I hate tik tok,high,Mixed feelings,distress,0.5330083668231964,0.357566237449646
Kannada intha Telugu Alli song Chang idhe,high,Positive,not-distress,0.865375816822052,0.8653427064418793
Neevenu promotion maadilla andru Kannada dalli navu guarantee nodtivi........north Alli promote madrappa .......Valle market idae Alli enta films gae ........madrappa 50 crore plus  min collection agutte,high,Positive,not-distress,0.4270828664302826,0.8327834606170654
Mast hadu super,high,Positive,not-distress,0.865149199962616,0.865149199962616
Superrrrrrrr  agi heliya Anna tq u so mach video,high,Positive,not-distress,0.8652853965759277,0.8651208281517029
Nim dhesh bakthi ge Sallut bro I like you,high,Positive,not-distress,0.8632978200912476,0.8630966246128082
No comments. Kambani kannadi iddanthe,high,Positive,not-distress,0.864417552947998,0.432208776473999
@Kiccha Vitthal papa bidu guru amele athbitre kashta attar flop ago movie ge support madtavre,high,Positive,distress,0.38265693187713623,0.3858337998390198
En sir lyrics. Superb,high,Positive,not-distress,0.865130603313446,0.4899057149887085
Editing yar guru 🤩,high,Positive,distress,0.7055940628051758,0.7055940628051758
Eli eddeli boss nim time bandide,high,Positive,not-distress,0.6026462316513062,0.8636775016784668
15 days inda bari dia movie status akthaedini bro awesome movie bro,high,Positive,not-distress,0.865227609872818,0.4331985414028168
Nin voice super anna continue instalgram rost rost,high,Positive,not-distress,0.8652999699115753,0.8652788400650024
@ᴍᴏᴠɪᴇs sᴛᴜᴅɪᴏ yen bekaadru baiko....naan yaav hero blind fan alla.... nin thara....,high,Negative,distress,0.7458314597606659,0.3760646879673004
Super  jai kiccha sudeep anna,high,Positive,not-distress,0.8651229739189148,0.4908389151096344
Bega release madi sir... Hindi and other languages alli MASALA films na nodtidare jana ( actually khaali hoditide  ). E film annu release madi,high,Positive,not-distress,0.8569100797176361,0.5882961452007294
super ತೊಗರಿ ತಿಪ್ಪ,high,Positive,not-distress,0.8651856184005737,0.8651856184005737
Dislike madiroeu pakka Hollywood heroine fans,high,Negative,distress,0.694950133562088,0.0
My favorite song in 2019 is Taaja samachara   ಸಾಹಿತ್ಯ ಪ್ರಿಯರೇ ಒಮ್ಮೆ ಈ ಹಾಡು ಕೇಳಿದ್ರೆ ಕೇಳ್ತಾನೆ ಇರ್ಬೇಕು ಅನ್ಸುತ್ತೆ....  Everybody watch this,high,Positive,not-distress,0.38508424162864685,0.5785543322563171
En guru song nHowdoo huliyaaaa,high,Positive,not-distress,0.8652846217155457,0.864892303943634
@Praveen Kumar caste dog spotted bale pan yar nimammana dagar nau thane d boss fans nimammana dagar madiddu husharagi nodkoli thunne asege yar jotenadru odihodaalu 🤣🤪,high,Negative,distress,0.3758086860179901,0.375806987285614
Nan sigapu manithan remake.,high,Negative,not-distress,0.7564535140991211,0.8099609911441803
Sir movie nodidini idhu.  Ithara film en chennagide sir..compare to love mocktail,high,Positive,not-distress,0.4469924867153168,0.4363676607608795
Nikistark x promotion chennagi idrunu bere language ge jaathi priority kodtare....nam state li kannada movie ge support madalla distributors..,high,Negative,not-distress,0.7907949984073639,0.49799156188964844
YouTube subscriber at list 5lack kooda Ella yelli reach agutte T series nalli bittidre 10m agirodu avraddu tappu,high,Negative,distress,0.3219708502292633,0.005460470914840698
Hats off bro  ಕರೆಕ್ಟಾಗಿ ಹೇಳಿದ್ದೀರ ಬ್ರೋ,high,Positive,not-distress,0.8272522389888763,0.8588066697120667
Bari telgu tamil movie nodthira ee thara movie nodi,high,Mixed feelings,not-distress,0.7289508879184723,0.798669159412384
Booking start  ಮಾಡಿ,high,Positive,not-distress,0.8636161684989929,0.8636161684989929
En guru song akkan idu song Andre akkan navgothalla,high,Positive,not-distress,0.8653237819671631,0.8651624321937561
Waste of tym tiktok ban madbidbek,high,Negative,distress,0.7516449093818665,0.3758225440979004
Sir neev adthidda game yavdu,high,Positive,not-distress,0.7859712243080139,0.8254794776439667
sakath dance performance,high,Positive,not-distress,0.8651658296585083,0.8651658296585083
super anna super creative kannadiga,medium,Positive,not-distress,0.8650588393211365,0.8650215566158295
Guru e game name en guru.... Masth eede game,medium,Positive,not-distress,0.8613441288471222,0.8596356511116028
Chikki chikki chikkappa nidde indda bega helappa pade pade kelbeku tumbha tumbha tacing padgalu adu sang agiddre innu kushipadtide I love jental man movi,medium,Positive,not-distress,0.4325876832008362,0.4333934485912323
@Nandi Parthasarathi hogo ninna akkna tullu ninna tara kelsa ilva nange yenu yavglu comments madkondu tika muchkondu sidege hogo,medium,Negative,distress,0.3758138120174408,0.3758353590965271
Guru Chinese mobile yen madodu,medium,Negative,distress,0.7517197132110596,0.3766128420829773
Yelli tanka jana moodnambke bidalvo alli tanka inta shatnayakru useless videos haktane irrtare guru.nMahabharata tumba olle moral story. Jeevanakke bekagiro tumba paata ide idralli. Adunella use madkondu olle jeevna madbeku aste.,medium,Negative,distress,0.3758337199687958,2.384185791015625e-06
Howdu brother nanu tv nalli nodidde evru elidnella avru elidru,medium,Mixed feelings,distress,0.7516586780548096,0.7516511380672455
Please darshan fans dislike madbedi nim Hero ne great but please Ee movie ge dislike madbedi,medium,Negative,distress,0.3896711468696594,0.46492132544517517
I hate tiktok mobile thagondagindanu install made illa i hate this,medium,Negative,distress,0.37580886483192444,0.37584730982780457
Tiktok madorena Chinese ge kalse beku,medium,Negative,distress,0.7516255676746368,0.37584415078163147
Thumba vishaya galannu thilisi kotri Amar prasad ravare .thank you,medium,Positive,not-distress,0.8652374446392059,0.8651752769947052
@ಕಿಚ್ಚನ ಹಾವಳಿ book my show Alli pailwan 16cr kurukshetra 28cr madide nodo amele maatadu yavdu jaasti collection madide anta,medium,Mixed feelings,distress,0.40692028403282166,0.3743072748184204
Big star agbitte u,medium,Positive,not-distress,0.8646831512451172,0.8648800551891327
Super sir..nanantu adella dwnld kuda madirlilla...420china,medium,Positive,not-distress,0.4454083740711212,0.8195919692516327
Guru nin voice en guru adu ha ha bombat__ series agi ond heltini nanage enadru nim videos inda nakku nakku hotte novu bandre neeve javabdari helidini,medium,Mixed feelings,distress,0.3646622896194458,0.3799036741256714
Elru Thika muchkond iri nim build up galu nodok agtilla..producer gee enro kashta...??? Kashta irodhu Badavarigee..corona bandhu esht family sayta .idave..uta ildale esht himse agta idee avrige jeevna nadsoke maklige nettagee ondh otthu uta kodok agdale avrige help madi,medium,Negative,distress,0.37579840421676636,2.0265579223632812e-06
Anna nin padha Xerox kodanna,medium,Positive,not-distress,0.8523353934288025,0.8584910929203033
Bro nanu kuda tiktok use madthidae adrae adu ban adaga nang yenu bejar agilla yakandrae namdu ondu sanna contribution irli namma desha kae jai hind,medium,Positive,distress,0.37586215138435364,0.36897730827331543
@10 R yaar fan adhru agli.. thandhido buddhi yake.. ivaga yela kfi kade nodtha idhare.. kachada galu heeg madthare.. d boss yavathu yelarnu encourage madthare,medium,Positive,distress,0.3797950744628906,0.37580427527427673
Super bro nim song,medium,Positive,not-distress,0.8650205731391907,0.8649958372116089
E movie name  enu  paka  hitttt e a,medium,Positive,not-distress,0.4030317962169647,0.4030317962169647
Sakath guru....  Avan amman innu rost madri broooo nAvarella nam INDIA  dalle erbardu hag rost madri..  Guru,medium,Positive,distress,0.0,0.0
Kannadadalli ee Tara cinematography iro movies innu barli,medium,Positive,not-distress,0.4880906939506531,0.8646962344646454
Wow exlent verry new dfrent yellu kelilla nodilla danyavadagalu,medium,Mixed feelings,distress,0.7515975534915924,0.0
Superb chennag heludri frnd🤣🤣Nam hatra tik tok app illa,medium,Positive,not-distress,0.8632695376873016,0.8631857931613922
All industries are going hands up.. 27kke avanu bandaga,medium,Positive,not-distress,0.8321982324123383,0.42730894684791565
est movie li ede tara ede  same scenes.,medium,Negative,distress,0.751641571521759,0.26882824301719666
Good information sir but ivattu yako parokshavaģi  China desha vanna hogalida hage ittu adru ade nija  satya yavaglu kahiyagi irutte,medium,Mixed feelings,distress,0.0,0.0
Bro nim maath keli China App hogli Indian App nallu video madalla bidi,medium,Positive,not-distress,0.8064238429069519,0.8147744536399841
Egina youth's ge spoorthy sir nivu Devaru nimge ayyasu aarogya channagi kodli,medium,Positive,not-distress,0.43566766381263733,0.8646854162216187
@Pradip AR idhu remake all i am editor,medium,Mixed feelings,distress,0.3758324086666107,0.4824596345424652
Anna nin super anna,medium,Positive,not-distress,0.8649844527244568,0.8649844527244568
Anna nim e vedio nodinu mathe chaina apps use madidre...nijakku avru maryade  swabhiman ildoru bharatha dalli irbardu ....antavrnella nimhange maryade thegibeku.....,medium,Negative,distress,0.7515963613986969,1.9371509552001953e-06
Namma janakke innu idara liric arta agilla.good music extraordinary liric.,medium,Positive,not-distress,0.8495224118232727,0.8518183529376984
@twisted formals yake urita edeya nivu dagar fans anta nim culture ende gottu agute modlu sariyagi mat adu magne modle Gulbarga mandi navu start madre ninu eral nin avvun tullu clean madsu,medium,Negative,distress,0.375806599855423,0.3758434057235718
Tiktok ban agirodrida tiktok madtidrala avr family avrig kushi agirute tumba deena ivr mada nodi sakagitu,medium,Negative,distress,0.3762984275817871,0.375832736492157
@Kumara Kantirava avn heldange 1st time hange ansodhu..,medium,Positive,distress,0.37665101885795593,0.37804684042930603
@Nandi Parthasarathi ille gotta aagta ide ninu yestu urkondu sattidiya anta yenro nimma same balegarna type nayi padu 🤣🤣🤣,medium,Negative,distress,0.3758741617202759,0.33043405413627625
@prithvi nayak Flop yaavdu antha Karnataka ge gottu bidi...,medium,Negative,distress,0.3900929093360901,0.3758414685726166
Sir intha cinema madida mele dodda mattadalli prachara madbekittu. nNodi prem avru dabba film madudru hype build-up create madodralli etthida kai.,medium,Negative,distress,0.6314636766910553,0.04251405596733093
Nin voice and dialogues ge fidha guru 🤣🤣🤣🤣🤣,medium,Positive,not-distress,0.8634332418441772,0.8649214208126068
Super d boss fan's like madi,medium,Mixed feelings,not-distress,0.8652371168136597,0.8652322590351105
Super guru neenu tiktak sede galige yeneludru arthagalla,medium,Positive,not-distress,0.7704243063926697,0.7718980610370636
Super movie.yallaru hogi nodi,medium,Positive,not-distress,0.8654312491416931,0.8653084933757782
Tik tok Tarane act madidre hana sigutalva edanne etkondu. Nam government mane manege items kottu Products ready madi adanna videshakka marata madbeku matte nam janakke kamishon kotre voledalva. Nam jangala kayyalli yake kelsa madkotilla .,medium,Negative,distress,0.0,0.3745836019515991
@sathish m nNin kano gaandu sariyagi matadu darshan fans bari kettadagi matadtare troll madtidare idu ninge gottenoley darshan na bitre yargu support madolla antha rumors spread madidare adke nangu ange anusthu helde,medium,Negative,distress,0.3758310079574585,0.3758107125759125
China copy maadi naawu maadbekilla.. jana alli khushyaagilla.. naadre niw helidralli tumba kelsa aagbeku.. bhaaratadalli adella maadodu janakku bekaagalla,medium,Positive,distress,0.3907952606678009,0.3410806357860565
Bro tiktok ban bagge bejar agiro nayi galige innu mut nodkollo hage roast madu bro plzz...aa lofar nayi galige nam desha kinta ade bekagide nayigalige...,medium,Negative,distress,0.38122430443763733,0.35682886838912964
@naveen v nim gandu balegara movie yalla utterflop modlu side acting madudu ಬಿಡು anu modlu,medium,Negative,distress,0.4080936312675476,0.3758336007595062
Loo Nim Makha muccha e Video gu Dislike yenro nim Hendti Munde Haga avr character Nodi kaliro life Andre yenu antha thu nanmakla,medium,Negative,distress,0.38498252630233765,0.3757951557636261
D boss fans inda full support iden#jaidboss,medium,Positive,not-distress,0.539566695690155,0.8652477562427521
Pruthvi avara acting anthu nanna avarisikondu bittide .nanna friend helidda thayi sentimentalli avara acting nodi ninu emotional agthiya nodu antha.adre nanu nanu aagalla andidde.adre aa scene nodbittu nanu ankonde. evarige national award kodbeku antha.,medium,Positive,distress,0.41576310992240906,0.36221593618392944
Super creation bro .  Adru nim voice sppppprrrrrr.....,medium,Positive,not-distress,0.8652738332748413,0.432722270488739
Super bro.........yen roast madtiya bro ....,medium,Positive,not-distress,0.4866184592247009,0.8651885688304901
Heroine ge jamba ella,medium,Negative,distress,0.7516781687736511,0.7516453266143799
I like it kanta nI like it,medium,Positive,not-distress,0.8616929650306702,0.4308464825153351
@Nandi Parthasarathi balegar bale bale 🤣🤣🤣 matte ninna akkna minda kano nanu mindri magne randi maga ninu bere heros bagge kettadagi comments madodu bidu navu yaru tantegu hoglla boss tantege bandre gottala,medium,Negative,distress,0.3757956326007843,0.37581077218055725
Fittest will survive. Ashwath olle actor aadre maganu ange aagbeku andre aagutta? Dr rajakumar tara avr maklu aagalla avr yavattidru avre. So illi acchari pado avashyakate illa.,medium,Mixed feelings,distress,0.37846991419792175,0.37583863735198975
Naa innomme e movie naodalla  avanajji eradu dina aytu hale hudgi nenapagi uta illa nidde illa sayotara annistide,medium,Negative,distress,0.7497201561927795,0.4643459916114807
Navu matar use madatilla jagatinna yella deshgalu use madatidare.solemagane,medium,Negative,distress,0.45724010467529297,0.3758462071418762
Yellar gamnaanu HANDS UP Hatra ne ide. haage gamna ittu nodi.,medium,Positive,not-distress,0.5694339275360107,0.847038060426712
@Yash cult Guru ellaa actors ade halkaa kelsaa maadodu bidappa raaja...,medium,Negative,distress,0.491441547870636,0.3923712372779846
Avlu lofar .....nan sister Diya papa amezon a to z super next relece I m going,medium,Negative,not-distress,0.5097174644470215,0.8608035445213318
Super bro nim nice and dialogue bro🤣,medium,Positive,not-distress,0.8650586605072021,0.8650743663311005
@Nandi Parthasarathi nin Amman sule magane nin number send gandu,medium,Negative,distress,0.7515985369682312,0.37515801191329956
Bollywood range nali ide super song🤔,medium,Positive,not-distress,0.8653534650802612,0.8654182255268097
Super super super mahithi,medium,Positive,not-distress,0.8648889660835266,0.8648889660835266
Bigbossalli  step hakiro controverrsy nodi bandiror yar yarppann like Madi,medium,Negative,distress,0.7426472306251526,0.36671343445777893
Hi....chaina dalli ago product nnu navu madidvi....adre....namma desha davre namage mosa madidru same model nnu chaina kondogi avrege thorise dublicate madbittu dandu...kammi belege elle mariddare....edde karana...navu hinduliyalu....eglu navu...mado ondondu product chaina dinda tharisthidru adre navu automobiles product naavu madthideevi...adre yaaru encarage madalla.....,medium,Positive,distress,7.450580596923828e-07,0.0
Yes re release madbeku,medium,Positive,not-distress,0.8594035506248474,0.8594035506248474
Bro ha dacchu su..... Maga you are super no 1 roaster,medium,Negative,not-distress,0.42777082324028015,0.7404209077358246
Simple star fans like madi,medium,Positive,not-distress,0.8652636408805847,0.8652636408805847
Life Alli esto movie nodidivi adre diya movie astu yavdu  ista agtilla. Diya nodid mele love madbeku,medium,Positive,not-distress,0.8597345650196075,0.8596762418746948
@Dayananda C sir ivaga hagalla belige call maditini heli. Prashne keltini. Political bittu . Abhirudhi bagge keltini heli.,medium,Mixed feelings,distress,0.7494820952415466,0.3758338689804077
Neva ado game nema,medium,Positive,not-distress,0.7671028971672058,0.7988520860671997
En ugdde guru adru nam janake budi barala bro tiktok elde edre saytivi antare thoo,medium,Negative,distress,0.378507524728775,0.3740484416484833
Barri dabba movie ne unn maado du,medium,Negative,distress,0.7517068386077881,0.3773929476737976
@satishnithyanandam nin hesralle comedy ide ..nin antha thika kobbu iro mindri sule makklathrs nangen mathu. Hogo kong boli magane.,medium,Negative,distress,0.375845342874527,0.37580057978630066
Hats off sir nim Swabhimana and karya nishtege thumba Santhosha agutte sir nimg olle arogya success kodli antha devralli bedkothivi Munde niv natiso Ella cinemagalu uttama pradarshana padiyali,medium,Positive,not-distress,0.4327016770839691,0.47940343618392944
Sir pakka news edhu prradhana manthrri  modhe noddbeku ashtty sir...,medium,Positive,not-distress,0.8528783917427063,0.46737736463546753
Drivergalu yavttidru king  proud of my job,medium,Positive,not-distress,0.8626492619514465,0.858767032623291
@10 R hogi ballegaarnn tunne unn... Aa balegaaran bhikshe majestic cinema nim dBabes ge .. Nim amma majestic Sule ansuthe adkke isht harkottiddiya bewarsi sulemundemagane... Nin ammana Kellu Nene hege malgisi keydiddini anta ...,medium,Negative,distress,0.3758153021335602,0.31863972544670105
Idu idu bekittu actually.....jai rk boss,medium,Positive,not-distress,0.525777280330658,0.8648339807987213
@TROLL MONSTER_KANNADA guru Bari mathadak aste yav sule makligu munde bandu mathadastu dhum Ella BOSS always King,medium,Positive,distress,0.3758150041103363,0.0
Dboss thara ivnu jana galisoke.. dodda dodda dialogue bidalla media munde rakshit na avnge holisbedi,medium,Negative,distress,0.0,0.0
Jai hind  guru  nimge  ondu     super  agi madidira   Hinta  nanna makkalige nanna  deshada bagge enu gottu Avarige   tiktok Alla nale  avaru  sattu  hogtare alva   tiktok nu baralla tamte hodiyakke  Janru baralla   adannu  tiktok madkondu  Aram agirli anta  tiktok madi kalastare nanna makligennnAll videos  super  guru  nim no send madi,medium,Positive,distress,0.37573909759521484,0.37569811940193176
Rakshit yake ista gotha friend's na jote yalli yavagllu ittikondiru thare,medium,Positive,distress,0.7200003564357758,0.0
Kannadada chanukya namma rakshit shetty bro na yochanegalu...... Dislike madiroru rashmika fans irbeku ......,medium,Negative,not-distress,0.40711578726768494,0.8228339552879333
Re release maadi movie na... Super movie,medium,Positive,not-distress,0.8653281033039093,0.865258663892746
@mallikarjun Dhanashetty Elrigoo nimtharane yochne bandre kannada top allirodhu..,medium,Positive,not-distress,0.0,0.8279319107532501
All the best for rocking star fans  song vibinna vagidhe,medium,Positive,not-distress,0.4401499927043915,0.4329974949359894
Kannada cinema nimma antha budhijeevi na ullaskollalike agilla antha tumbaa bejaar aagute.,medium,Positive,not-distress,0.4327162802219391,0.5741792321205139
Slow poison song annoru like Maadi,medium,Positive,not-distress,0.4032208323478699,0.8445752263069153
Yen helda guru super,medium,Positive,not-distress,0.8647940754890442,0.8641606271266937
Istu helidru innu tik tok ge support madoru manushyare alla nArta madkoli pls pls,medium,Mixed feelings,distress,0.37582480907440186,0.37585511803627014
Yudha mada beku katukara🧟 munde oda ‍baradu bhagavatgethe Who likes this line,medium,Positive,distress,0.4416325092315674,0.37050119042396545
Eh Tiktok ela Andre nimanatha troller kooda Mundhe bartirlilia,medium,Negative,distress,0.3785628378391266,0.3667845129966736
Varshakke 3 thagadu movie madi industry haal mado hero galu ondh kade adrenn3 Varsha kasta pattu ondhu olle film mado namma Rakshith Shetty haagu Yash innondh kade n,medium,Negative,distress,0.7516458034515381,0.39041805267333984
Chinada tiktok CEO helidanante bharatadalli  iruvashtu somarigalu berellu illa anta idarta avara deshadavare aa app annu ashtu use madtilla  bharatadalli koti gattale use madtidare. Banne maadida modi sarkarakke danyavadagalu nnJai JAWAN Jai KISAN nJAI HINDH,medium,Positive,distress,0.37581098079681396,0.0
Telugu comments copy madbutta 🤦‍,medium,Negative,distress,0.7267588376998901,0.7264966666698456
Signature steps awesome...pakka...# tag agthe,medium,Positive,not-distress,0.8652597665786743,0.5217844545841217
Nodarappa yaro heludrala ban yak madbeku antha,medium,Negative,distress,0.7516559064388275,0.3758285343647003
@Thejas Gowda avnu oba uneducated slum sulemaga..adke yaneno bogltane🤣🤣,medium,Negative,distress,0.42299139499664307,0.37583404779434204
Lo Anna ninu nijvada hero kanocorrect agi helde,medium,Positive,not-distress,0.5550965368747711,0.5872507393360138
Nange bahala novaytu nannamele yakandre nanu  Diyaa moviena thetoralli nodilla adakke please realise onse again nanu nodtin Mathe janru nodtare please,medium,Negative,distress,0.7515857517719269,0.3335167467594147
@sathish chandra 🤣Naan kelv comment noDidakke heliddu,medium,Mixed feelings,distress,0.42083796858787537,0.3759651482105255
avarige belesidorna thuliyodhu gottilla anda star patta bandamele friends na mariyodhu gottilla,medium,Positive,not-distress,0.42880335450172424,0.5262889564037323
Sir. Movie bagge eradu matilla. Adre ivatu multiplex jasti agi bittive. Rate kooda bhayankara. Ondu nominal price idre hogbahudu. Tumba janru kooda primenalli,medium,Negative,distress,0.0,4.678964614868164e-06
Bro navu arvinda tilkotidivi andre navu avrige yenadru kodbeku dodd dodd channel galige hinde dodd vyakti irtare so skip madade nodi avrigu duddu barli  .,medium,Negative,distress,0.3754259943962097,0.37583911418914795
Evergreen song listalli idhu yavglu iratthe doudte illa....,medium,Positive,not-distress,0.4296807646751404,0.8362337648868561
1st time - chennag illan2nd time - parvagillan3rd time- addicted,medium,Positive,not-distress,0.43030962347984314,0.8648277223110199
Aga navu yaru TV Alli nododu beda. Suvarna channel avra TRP kammi madsona. Aga avrige buddhi barutte. Olle olle films Nella isht Bega TV Alli hakudre theatre ge yaar hogtare,medium,Mixed feelings,distress,0.7516466081142426,0.38064759969711304
@Nandi Parthasarathi nadiyole sule magane Nam style Nam ista ning yako thika uri,medium,Negative,distress,0.7516085207462311,0.37583181262016296
Nanage nambalu sadyavaguttilla ...adakkagi ondu balavada karana athava kuruhu beku next vedio dalli haki I am waiting,medium,Positive,distress,0.7292298078536987,0.04124331474304199
movie was legendary. ninu itihasa baryoke bandirodu maga. kannada indutry history baredre eradu part irutte ondu rakshit baroku munche mattondu rakshit  bandadmele,medium,Positive,distress,0.30769315361976624,0.0
Lo nin d filme odtilla modlu anv film nodro amele bere filmge sprt madu sumne comnt akbitre film odbidutta bari builduppu,medium,Negative,distress,0.4228934645652771,0.0
Sir yella song video clips release maadi,medium,Positive,not-distress,0.6019708812236786,0.8652320206165314
@Doavi samstana movie gellutte nAamele Jana promotion maadthare,medium,Positive,not-distress,0.8125779032707214,0.41117385029792786
Year ge ondu film bandru Chenagide super sir,medium,Positive,not-distress,0.4338684380054474,0.865251898765564
Kannada film  industry avaru sir solpa nodi rii yen madta ididra inta ashvath sir avara maga ondu sanni veshe dalli kalsa Kodi,medium,Mixed feelings,distress,0.0,0.0
Nijawaglu  mai romanchana aaguvantaha video  idu  nija  irabahudu,medium,Positive,not-distress,0.45115670561790466,0.4326200783252716
Ade old same story,medium,Negative,distress,0.7513582706451416,0.7513582706451416
Tumba kalaavidara gati ide. Kalege bele illa. Ashwath Awara family ge ee thara aagbaardittu.,medium,Negative,distress,0.3891073167324066,0.2925001382827759
Chutiyaa Ganesh gintaa olle movie irutthe bidu guru idu. Ganesh ge olle swamake maadoke helu modlu,medium,Negative,distress,0.750378429889679,0.0
Promotions madro illa 3 varsha kasta pattiro du waste sgbardu,medium,Negative,distress,0.37583720684051514,0.41260889172554016
sory sir teatarali film nodlike agilla tumba bejaride,medium,Negative,not-distress,0.8528771698474884,0.8526890277862549
sandalwood ge obba trend setter sikkidaane..n.n.n.n.n.nyaaravnu???n.n.n.n.n.n.nAvane Srimannarayana,medium,Positive,not-distress,0.8650723099708557,0.4328491687774658
Bro...nNeen este Roast madudru...China ne beku anthare ivrnella gun thagond shoot madbeku aagadru India dalli eetara Desha virodhi galu sattadru saythare... Nin video nodi actually innondsari tiktok alla mbl muttoku nin permission kelbeku... nInnond strong aagi video madu guru...,medium,Negative,distress,0.3730543553829193,0.3754013180732727
Nam kannada songs yavglu super hit,medium,Positive,not-distress,0.47683605551719666,0.43362244963645935
Song Karnatakadalli ella hero fans film node nodtare but pls bere languages lli promotion madi,medium,Negative,distress,0.005492806434631348,0.0
Power Star fans like madi,medium,Positive,not-distress,0.8652478456497192,0.8652478456497192
@naveen v ninna luccha ige modale kaddi swalpa body madkond baralu helu olle baavali haage eddane mattu omdu hit movie kodoke helu madirodella flop,medium,Negative,distress,0.37580716609954834,0.3758089542388916
Ivnu soole maga pakka. Ivnu yash fan bandu hen kelsa madthavne nodro soole maga,medium,Negative,distress,0.7516648173332214,0.27177661657333374
Nija helidri sir..! Nimma video nodi admele kuda namma bhatiyaru  badalali antha pray madtini.,medium,Positive,not-distress,0.8647368550300598,0.43474310636520386
ಏ ನಂದಿನಿ ರಂಡಿಮಗಳ D Boss Bagge matadadre hudukondu Bandu Hoditini Jaag helu,medium,Negative,distress,0.3785983920097351,0.3232048749923706
En song guruve I love this song K G F bitre ede super movie guru.......super,medium,Positive,not-distress,0.4956412613391876,0.4433853030204773
It's amazing movie.  I think promotion sari agilla anta anista ide,medium,Negative,not-distress,0.8651540279388428,0.865204393863678
Unlikers Ella chinos appang huttid sulemaklu irbek,medium,Negative,distress,0.41246297955513,0.3758105933666229
Esta adre mele like button ede kodtare bidapa,medium,Negative,distress,0.3763526380062103,0.37661662697792053
Boss E nan makluge,medium,Negative,distress,0.7516232132911682,0.40464410185813904
Ayyo guru... Yelli tanka jana moodnambke bidalvo alli tanka inta shatnayakru useless videos haktane irrtare guru.nMahabharata tumba olle moral story. Jeevanakke bekagiro tumba paata ide idralli. Adunella use madkondu olle jeevna madbeku aste.,medium,Mixed feelings,distress,0.37898945808410645,0.3454201817512512
Kannada cinema dali osha parvaa . .......,medium,Mixed feelings,not-distress,0.434161514043808,0.4364987909793854
Anna nenu super super Anna,medium,Positive,not-distress,0.8651243448257446,0.8651243448257446
Yen guru ulty 1 number,medium,Positive,distress,0.7150974869728088,0.3677610754966736
Tik tok banu nan kicha Sudeep fanu egide  comment madi,medium,Positive,distress,0.0,0.3236217200756073
Modijji avrige gothu aste gothu soldiers value,medium,Positive,distress,0.7516435980796814,0.37585562467575073
Eno Anna dool ebsi bitti alla comment boxnalli,medium,Negative,distress,0.0,0.0
@VINOD KALMANI nhu neen iro jagane helu.... naane bandu hoditini.... illa tumkur main road bustop ge bandu partha yaaru antha kelu,medium,Negative,distress,0.420858770608902,3.159046173095703e-06
Super guru Ella record break made madtira guru nivu i love sir,medium,Positive,not-distress,0.8653098940849304,0.470267117023468
En dailouges guru nsuper gurunYou rocking gurunNin dailouges keludmele nim channel subscribe maadthiddeeni hinge continue maadu gurunInnondibru dingurbilligalu tiktok li buildup kodthidru avrnu ee videodalli topgersidre chanaagirthitthu,medium,Positive,distress,0.7516849935054779,0.3775540888309479
Rocking star kadi enda all de best,medium,Positive,not-distress,0.8645036518573761,0.8425208032131195
@Venu real life llu haage iddidre accept madabahuditthuu alvaa.. !!!nEspecially obba natananna thumbaa abhimaanigalu fallow maadthaare so avru nija jeevanadallu  maadhari aagirabeke vinaha thappu madbaardu alvaa baree film lli maathra hero aagidre saaladuu real life llu kooda hero agirbeku aaga avaru obba nijavaada  manushya aagoke saadhya... !!!,medium,Negative,distress,0.4241446852684021,0.0
sir deshadali shikshana jotege kwoshliya nu kalisabeku selp udyogada samartya barbeku nnrajakiya vektigalu adikara and hanke ase belde deshavanu munnadasabeku employment ge jobs sigo rieti nodka beku,medium,Positive,distress,0.3420179486274719,0.0
Rite.... Bt avara personal adu.. problems en aitu anta namge gotilla ...yake hudgi mele hig coments mododu brother??? Nam sis ge idu agidre?? Nav en madtidvi??  Aur problems avaru solve modkonda aitu naaav sumne ivele overthinking madta idivi ...,medium,Negative,distress,0.3758142590522766,0.0
Super guru pakka block buster,medium,Positive,not-distress,0.8652385473251343,0.46623438596725464
Yelli eddru guru e music director super music ultimate music,medium,Positive,not-distress,0.8652243316173553,0.8652463257312775
Nam kannada songs yavglu super hit,medium,Positive,not-distress,0.4373183250427246,0.43362244963645935
Song super step ennu super,medium,Positive,not-distress,0.8651049733161926,0.8651049733161926
🤔🤔🤔 hello thamma navu unity maintain madthivi aithu thorskolo avyashyakathe namgila nin CMT nodid kudle yavan avr fanism bidkodala 🤣🤣 nin kano doddu sede nan maga,medium,Negative,distress,0.3767845928668976,0.3711766302585602
igun kaldalli 60 years badkodhe kasta 5000 varsa irtara yakro janara inocentna use madkotira,medium,Negative,distress,0.3768605887889862,0.37585076689720154
@Naveen kumar yadav lo thamma nanu copy madidare antha yello helidini.. ratasasan movie bgm inspiration indha idhna madidare andirodhu.. nav yav telugu movie nu nodalla kannadake modala adhyathe namdhu,medium,Negative,distress,0.3903869092464447,0.37613263726234436
Bro niu videos dali torso gems name yanu,medium,Mixed feelings,distress,0.3023776113986969,0.3711901605129242
Bro aa game  name  heli,medium,Mixed feelings,distress,0.7516689896583557,0.751684159040451
Tik tok alli jagala madtidralla adra baggenu ondu video madi anna super agi ugididdira,medium,Positive,distress,0.0,0.0
@#win 12 yello yaavdo beedhi soolege huttironu neenu ansutthe....adakke nin hesru haakolde yavdo no. haakondidya.... leay child chapati nin no. ond kodu saaku nin dove na nin munde ne keaytini...... asht saaku nange....,medium,Negative,distress,0.3758019208908081,2.682209014892578e-07
@Nandi Parthasarathi gaandu Sule magne hogi bucket du gaygf nodu adu bittu illi dboss annnabeda cheeti kalla fan,medium,Negative,distress,0.37585434317588806,0.37585052847862244
Super sir yentha mathu nivu sir nijavada tik tok bagge thilekondirodu,medium,Positive,not-distress,0.46200886368751526,0.8642822802066803
Namma  desha da bagge abimana ellde eroru ge  adru tik tok use madtha eddre avru tamma mother naa ennobirige bitkotta hage  eddanu odinu tik tok madidre niu muuru bittoru antha artha,medium,Positive,distress,0.37586453557014465,0.37582725286483765
IAS IPS madirorigintha politicians  ge value jasti iro namma vishala manassina Indians badlagovargu nnam desha beliyodu kasta ide,medium,Positive,distress,0.3758704364299774,0.34518083930015564
Hats off to u sir...nMosa madi tinno Pizzaginta Niyattagi dudidu tinno ragi nalli eshto aanda erutte jeevandalli..,medium,Negative,distress,0.28571760654449463,0.0
Ho guru adu pubg alla  adu yav game antha modlu thilko ninu,medium,Negative,distress,0.4244856834411621,0.3758564293384552
Rock Siddu yaako gaandu soole magane naanu ninna thangina rape maadidna.. yelo mathannu ole mathanaadu.. nanagu baahi ide.. nanage gothilade thapagide.. Neenu mathado reethi badalisiko ...,medium,Negative,distress,0.3758118748664856,3.4570693969726562e-06
@Nandi Parthasarathienu nan amman akkan andidina thu nina modlu nind nodko nan innu odta idini shoki mado yava necessity nu illa nange....nim appa amma na baydu nan en madli....nKelsa madtini antidya taleli buddi idya en ide 🤣nDarshan bagr helak nen yavanu,medium,Negative,distress,0.37587711215019226,0.0
@Nandi Parthasarathi hogo sulemgne urkondu barbeda illi ninna akkna keya wait for Roberrt,medium,Negative,distress,0.7515915632247925,0.37583810091018677
Full gichhh Madi nod anaa mast,medium,Negative,distress,0.3944742977619171,0.0
En helde guru sakkath.tik tok madorgella super agi heldre,medium,Positive,distress,0.3369574546813965,0.37222784757614136
Idu idu.. (1.56)actually bekagiddu..osm music,medium,Positive,not-distress,0.8077808618545532,0.44188982248306274
Youtube channel nalli ASN release promos upload madi sir,medium,Positive,not-distress,0.4346102774143219,0.46976524591445923
Howduu actually eee video nodakku munche Indaanu  nange ide reethi tumbaa saari hagu pade pade yeshto baari kansu beeltittu heege obbaa vyakti Shiva devastana hatra irtane naanu devastaaana dinda aache baruvaga nanna hatra idid bilpatre na keltane but duddu maatra eeskolala but hieght agirtare tanned skin tone forehead poorthi gaaya agirutte but full body ashtaag kansalli gottagallaa but ivatt eee video nodid mele mostly avre irbeku antha anstu,medium,Positive,distress,0.339398056268692,0.3758212625980377
6-5=2 nalli nijvadh video antha posteralli nodide but movie nodida mele gotthaythu adu sulu antha,medium,Negative,not-distress,0.785655289888382,0.7865701019763947
Div movie nodi thumba kushi aithu yakandre hen maklu jevanke atharavada movie thumba adbuthavagithu dia ond  sala nodidini bt  nange e movie na mathe mathe nodbeku anthasuthe. Nanganthu yala movie ista bt  dia thumba special yakae hege antha helodik agthila asta aithu sundravada love Thai preethi  2 hero's  obrg ibru kami illa dia nodvag kushi aithu prithi helthare anvaga kalkondru mathe bere  sambanda besadaga hale prethinali priiithi India duragi mathe bandy mathe kalkonda aa  ondu nimsha jeva kaldoithu bt  gene idru I love dia,medium,Positive,distress,0.3758354187011719,2.1845102310180664e-05
Avra manelli yavagadru hoddu sayisudre gottagutte kittod nan maklige tik tok yak ban madbeku andorge saryagelidira bro,medium,Negative,distress,0.3768503665924072,0.37582531571388245
Sari korona bandare adana guna padisikolalu amount hestu karchu aguthe adu yavayavadake antha solpa maithi kodthira please,medium,Positive,distress,0.3740319311618805,0.37581831216812134
ತೊಗರಿ ತಿಪ್ಪ ಸುಪರ್ ಕಾಮಿಡಿ so super thogari thippa comdey,medium,Positive,not-distress,0.46231353282928467,0.4331953823566437
@Cockpit cock allavuddin mayadeepa annodu Arabian nights stories nalli baruva kaalpanika kathe deepa ujjidare bhootha bandhu ella kelasa maaduthve allavuddin khilji alla,medium,Mixed feelings,distress,0.7515805661678314,0.37582066655158997
Avaru badlagabeku ivara badlagabeku annodu tappu modlu nav badlagbeku ekandre vote hakori nave matte avara gedda mele avaranna baioru nave nija ansidre like madi,medium,Positive,distress,0.3858623504638672,0.3758314549922943
Super sir nim anthoru Nam Kannada industry ge beku namma Kannada industrya kirty patake ellade harabeku belibeku,medium,Positive,not-distress,0.4467305839061737,0.4362541735172272
Nam boss supero super,medium,Positive,not-distress,0.865142285823822,0.865142285823822
Super movie love madabardu guruuu,medium,Positive,not-distress,0.8652729988098145,0.8652362823486328
Nice song galli mathina bajaru suddi saridhe sumaru charitre shrustiso avathara,medium,Positive,not-distress,0.5010774731636047,0.8595044612884521
Super Ann nanagu. Tik tok.banna  agude bekagitu,medium,Positive,not-distress,0.865256667137146,0.8652163743972778
@Karthik Gowda Dacchu hmm aythu dagarge hosa award kodtini bandli star antha helbidu,medium,Negative,distress,0.37582385540008545,0.377725213766098
Ending nalli looti heg sikthu avnge.. movie nalli thorsode illa ..,medium,Negative,distress,0.7361391186714172,0.3758063018321991
Lyrics Artha adoru Kay kaal aadsrappa,medium,Positive,distress,0.2955441176891327,0.0
Pakka mas Nam kannada movie,medium,Positive,not-distress,0.8652129173278809,0.8646973371505737
Anna e game yavudu,medium,Mixed feelings,distress,0.7516703605651855,0.7516703605651855
@prithvi nayak nimma Amman tulla suledeepa movie yavdu hit aagide helu recent aagi bandidralli,medium,Negative,distress,0.43074938654899597,0.3758934736251831
Rashmika urkoo  rashmika haters like herenRakshith sheety,medium,Negative,distress,0.7505718469619751,0.3785145580768585
Super avanu helidanalla yelo galate ante avanu sikudre japli yelo togoduu odibeku tuuu.nNivu inu roste madtairi..nJai creative kannadiga..,medium,Positive,not-distress,0.5414113104343414,0.7935139238834381
Hi sir supnHasage  eddastu kalu chachu  nAnno gadae evattu nim nudigalu gottyatyu sirnUr grate sir,medium,Positive,not-distress,0.4232288897037506,0.7456878125667572
@Madhu Madhu hello bro navu tulunad navru tulu namma matru bashe aste abhimana kannada bashe melu ide,medium,Positive,not-distress,0.8402106761932373,0.42030030488967896
Super gurunJai hind Jai Indian army,medium,Positive,not-distress,0.43445098400115967,0.8652633428573608
Mast roast madidi anna,medium,Positive,not-distress,0.8211787939071655,0.8397436738014221
Neev mado pratiyond videos galu mukake ekda tegdu oddag irutte bidi bro and nim voicenim big fan agbitidivi bro......,medium,Positive,not-distress,0.43629905581474304,0.4487491548061371
Lo d gujaalds neev support maadida yaav sinimaagalu succes agilla .. yaakro sumne buildep .. simple example andre ..amar movienu ..fail maadudralo .ambareesh gintha name bekittha...ಮಧ್ಯೆ ನೀವ್ ಹೋಗಿ ಹಾಳ್ ಮಾಡುದ್ರಲೋ ..,medium,Negative,distress,0.7516461312770844,3.4481287002563477e-05
Gurve egle Google nali search madu,medium,Mixed feelings,distress,0.751596987247467,0.0
Sathyavaada maathanna nudidri sir Bhagavanthana bagge  Bhagavanthana neevu kondadidri andre neevu saamaanya vyakthiyalla entha olle maathanna nijavaada obba jnaniyu nudithane  aadre neevu nudididdira Andre I r so grate Bhagavantha nimmanna chennagittirli edthare anno nambike ede thanku sirji,medium,Positive,distress,0.37519580125808716,0.0
Chindi guru... tik tok ban agi yar thika urkoltha avree avru hogi Indian army mathe Modhiji naa keli..! Lowda antha tik tok li questions madodala..!!!,medium,Negative,distress,0.39344725012779236,0.0
Supar hit song anna,medium,Positive,not-distress,0.8650045394897461,0.8650045394897461
Nanu eduvaregu tik tok app install kuda madilla nan phone alli. Bro ede tara videos madi tik tok alli saitirorna ennomme tik tok hesar keladre bhaya padbeku aaa tara rost madi bro,medium,Negative,distress,0.38018089532852173,0.37203317880630493
Jadesh Kumar Anna.. trailer is dashing,medium,Positive,not-distress,0.8643136918544769,0.8413980007171631
@Sweekar Gowda Nim mane hatra ಊಟಕ್ಕೆ Jana galige kasta agtideya.nidre Avar place n avar Mobile number send madu.nಇನ್ನೊಂದು ಅರ್ಥ ಮಾಡ್ಕೊ nCorona ilde idaglu ninninda tegalo msg bandidave nOlle ಎಡಬಿಡಂಗಿ ತರ ಆಡಬೇಡಾnProcedure ge hana mukya alvo gottilla ಆ film technician ge avaru innondu chance kodabeku adu mukya nಅರ್ಥ ಮಾಡಿಕೊ ಮೂರ್ಖ ಶಿಕಾಮಣಿ,medium,Negative,distress,0.3757936358451843,0.3753691613674164
@VARAPRASAD K K nin Amman thulle shaata bekaadre helu nin chulbort movie hair wig ge . Dagaar boss cutout bekaadre helu dappa  sodane hodkodtivi ondu maatu helu saaku haage shaatad haara redi maadustivi ashtu salalilla Andre helu mettin haara maadustivi dagaar fans nin Amman ganda dagaar soole maga Hale aanti iddange idaanallo avnige kodu bale,medium,Negative,distress,8.940696716308594e-08,1.9371509552001953e-06
E kithu hogi ero Nan makallu na chapalli Alli hodi beku.... Tiktok Ban Madi olle kelsa Madi edare,medium,Positive,distress,0.3770693838596344,0.36296314001083374
Thanks ellakade link Sher madi nTukali kushmikage hattiro kobbanna elisi,medium,Negative,distress,0.4626021087169647,0.0
Super bro huge video madu Anna,medium,Positive,not-distress,0.5338188111782074,0.8651935756206512
Karavali karavali... Itte boda marre?? Film super hit aagbeku. Bere statesnavru nammatha nodbeku aste...,medium,Positive,not-distress,0.4334312677383423,0.4533621370792389
@Troll Stupid Fans avre enu heltilla,medium,Mixed feelings,distress,0.49076205492019653,0.37585240602493286
Obba amman hatra ninge yav maga ista antha kelidhre. Sandalwood fan,medium,Negative,distress,0.7516326308250427,0.7515280246734619
Super hit agodralli yavude dout illa gelayare Jeeva,medium,Positive,not-distress,0.8629211783409119,0.8628178536891937
Youtube channel nalli ASN release promos upload madi sir,medium,Positive,not-distress,0.4436884820461273,0.46976524591445923
Super agide song maatra Haaands Up  n940 dislikes and still counting,medium,Positive,not-distress,0.44684743881225586,0.8645713925361633
@Nandi Parthasarathi nandini anta itkondidya nen hengsa🤣🤣nEllelo hogbeda matter bage matado childe....chanagiro film na chanagila antyala adrale gotagute enta kachda nenu anta bereourna aadre belsu ilwa tepug iru..nim appa amma nu bereourna tulkonde bandirbeku adke nenu hinge,medium,Negative,distress,0.0,0.0
Avane nodri sriman narayan love from belagavi,medium,Positive,not-distress,0.860188752412796,0.8568260669708252
Wwwwso Super rakshit boss nim name nange tumbanee ista hagee nim movinu istanee nnnnnn,medium,Positive,not-distress,0.4465225636959076,0.4646228551864624
100 times e song keldhe super,medium,Positive,not-distress,0.8651790916919708,0.8651797473430634
Nanna prakara badukira bhahudu adare media davari aa cotiyalli ashvattama na bage yake gottaglilla,medium,Negative,distress,0.4557478129863739,0.3803342580795288
Anna e game yavadu,medium,Mixed feelings,distress,0.7516509890556335,0.7516509890556335
Tik tok  bevarsigalanna chaina   gadiyalli chaddiyalli bomb ettu chaina  kade  odisa beku avaga sari agutte,medium,Negative,distress,0.4200189411640167,0.36972859501838684
@s s kirik party movie ali heroine name,medium,Mixed feelings,distress,0.37503448128700256,0.37578085064888
Haudu Swami.Neevu helliddu satthyaa.Gadugin Bharat yemba Grantha baredanthaa Kumarvyaasare aa Narayan santharu.Igalu sahaa naavu Veearanarayan temple nodabahudu.Idu Iruvadhu Gadag city yalli.Hubballi yindaa 55 Km antharadalli Ide.,medium,Positive,distress,0.3574645519256592,0.3758000433444977
Nijvaaglu sir.olle information kottidiri,medium,Positive,not-distress,0.8650420904159546,0.8370791673660278
Tiktok inda nam personal information china avrge gottagtide.... idella avrge gottagtilla bvc galu... ban madidre avrge madok bere kelsa iralvalla adke itara adtidare🤦‍and yar yaru tiktok ban madbardu anta heltaro avr videos nododna  modlu stop madbeku,medium,Negative,distress,0.37583887577056885,0.37585192918777466
@Vinay kumar eno bale pan e rangege urkondidiya ninge urdiro ranagge burnol ella agbaralla keralakko kollegalakko hogi nin thikke shaanthi madsu jotege nim balegaran karkond hogi thikke 2 chakkotha katsu next kaddi pileswan ge balance agutte enanthira bale pans now bale pans reaction hakro steppu 🤣,medium,Negative,distress,0.37581363320350647,0.3758406639099121
E tara film ge ella kaitaididdu.... Welcooome..... Item song iro,medium,Positive,not-distress,0.8648216128349304,0.8647730648517609
China govt super fast agi land,medium,Mixed feelings,not-distress,0.6035954654216766,0.865330696105957
rashmika tunnanna nge max 5 years tym bt shetty ge innu 20 ys tym ide RAKSHITH SHETTY belibeku annoru movie nodi .....,medium,Negative,distress,0.009289443492889404,0.7516860365867615
Vilan ಬಳಿ ಒಂದು coin urali barhttalla,medium,Mixed feelings,distress,0.751670241355896,0.37358853220939636
Tik tok beku anthideralla kelobbru nim antha thale edukaru bere yaru ella namma arthikathe nela kachhisida country ge nimma support alva nijvada shathrugalu avr alla nam ollgadey ero nivu...,medium,Negative,distress,0.36989283561706543,0.3758333623409271
Hee sulli makalla videos beda. Tiktok ban agidhe holli kelsa,medium,Negative,distress,0.016702473163604736,0.35984015464782715
Nam boss avru Nam boss ivru antha kachadtirornella onde kade  sersi maja kodone shree mannarayan,medium,Negative,distress,0.0,0.0
Mast aitu tik tok ban maadi evella odo du bare yodu bittu bari tirpe shoki maadi nandu istu talent ankotir wa yalla dabba nan maklige Sari yaagi paata kalisi dange aitu. Study bage awrige Care idde iddilla iga nodona yestu awar talent anta. Taawe tik tok maadi tammanne brilliant anta tilkoluwara Talente,medium,Negative,distress,0.375823050737381,0.0
@Dayananda C howda BJP yavaru kadime kallara mate yaddiyuvarappa  yake jailge hogi bandru . 15 minister jailge hogidyake?? nNin first corectagi artha madka first,medium,Negative,distress,0.37578997015953064,6.854534149169922e-07
Anna full wand ayti song,medium,Mixed feelings,distress,0.7313185334205627,0.4128755033016205
@Kumara Kantirava nSame nInnu eno bekunnKgf song listen nEsto powerfull idennElla languagenna nAttract maadidenBut idu,medium,Positive,not-distress,0.4218018054962158,0.0
Hands up-_if u like nHands up-_movie superhitnHands up-_record breakern Iddu hosa dakale shrutiso samaya ....,medium,Positive,not-distress,0.4346694052219391,0.4328480064868927
ASN release in nKannada-Dec 27nTelugu-Jan 1stnTamil& Malayalam-Jan 3rdnHindi-jan16thnnAstaralli Ella mobile nalli nodi Mugsirtaare aaga release Maadi Aden record Create maadtaro?n300 koti Beku anta Tweet maadidre saaladu ondu cinemana Janagalige Yav reethi Talupisodu anta gottirbeku.... Kurukshetra ide reethi Promotion ilde haalagi hoytu...Innoo idunnoo hange maadtidaare,medium,Negative,distress,0.3802051246166229,0.0
Inta Best Movie na Theatre nalli nodakaglilla ade bejaru,medium,Negative,distress,0.0,0.0
D boss  fans full support. Successful hagli movie,medium,Positive,not-distress,0.8654256463050842,0.43354111909866333
Hindi Yalli Distribution madore illa ouda,medium,Negative,distress,0.7516493499279022,0.3654382526874542
Comment's nali like madidre illi unlike madi (super song ) nI will coming soon back ..⏳ n100 days super it move pakka.,medium,Positive,not-distress,0.8641977608203888,0.4531276524066925
Super Bindu ge Takkar kottidira bro,medium,Positive,not-distress,0.8653587698936462,0.8653027415275574
Vijapura distica sindagiya tetaranalli e song cut madiddare yaradaru vicharisabekagi vinanti,medium,Negative,distress,0.7515803575515747,0.05847659707069397
@naveen v kudlu elladidre nindu tegedu kodu bvc ninna luccjanige handidu maasa kodu modalu baavali chalpat Singh side actor🤣🤣,medium,Negative,distress,0.3905036449432373,0.37583616375923157
Sooper pa Rakshit.  mukali haryanga talent paa nindu,medium,Positive,not-distress,0.8645685911178589,0.8021979629993439
Full movie upload madri.. Ofter release pls,medium,Positive,not-distress,0.8652186989784241,0.4380137026309967
Game name henu bro,medium,Positive,distress,0.7490912079811096,0.42542171478271484
Nan maga ge lali song wake up song ella  nu e song agide,medium,Negative,not-distress,0.8097959756851196,0.8169594705104828
ಸೂಳೆಮಗನೇ yengo ediya ಎಲ್ಲಾ ಕಡೆ daagar ankondu promotion madtira gaandu sulemakla daagar kano avnu Darshan alla 🤦‍,medium,Negative,distress,0.37582528591156006,0.0
Nimma mahithi 100% sathya yavaga etharahada rajakaranigalinda deshakke mukthi sigatho aa devarigu kuda gothilla adare next generation avaru sadane madabahudu,medium,Positive,distress,0.7255026400089264,0.37580034136772156
Nkn en mathgalu guru nindhu ABBA tiktok li thirke shoki madorige Chapli thagond barsidhange super guru,medium,Negative,distress,0.36996927857398987,5.5789947509765625e-05
@sumya kulkarni ನೀವು ಬ್ರಾಹ್ಮಣರಾಗಿ intercast marriage agoke dairya idena ? Never.,medium,Negative,distress,0.39853155612945557,0.4314788579940796
@Ŕävîñđŕå_02_GøWđřú ಲೋ boss fan agi ಯಾಕೋ ನೆಗೆಟಿವ್ cmt hakiya loude,medium,Mixed feelings,distress,0.7516845762729645,0.37585943937301636
Sir nimmannu prathyakshavagi nodalu aaseyagutide sir nimma hattira ondu dina full kaala kaleyalu aase idhe aadre yenu maadudhu sir nimmannu bittu barudhu yochane maaduvaaga manassige bahala bahala kashsta aagutte sir  devaru nimma aasegalanella eederisaly,medium,Positive,distress,0.3928126096725464,0.3592992424964905
@Troll Stupid Fans hudgiru comment madodunne nodok bartiya bevarsi  madak kyaame ilvenoo lofer,medium,Negative,distress,0.37583059072494507,0.3757992684841156
All fake bro nija vishaya maatra heli bro ummane janara manasalli sullu nambike yanna huttisa bedi plzzzz,medium,Negative,distress,0.0,0.0
Supar anna love you pajuanna....,medium,Positive,not-distress,0.8653662800788879,0.5790992379188538
@Ambrish Mallad modalu bere hero respect kododu kali amele maathadu gaandu kudlu ella adu Ella andkondu,medium,Negative,distress,0.3758150637149811,0.3758406937122345
@Prithvi Vishwanath guruve nav #DBoss fans kannada songs nodoku modle like madovru sumne thika yella matadbedi.,medium,Negative,not-distress,0.3345224857330322,0.6975748836994171
E jana thav sathru kuda Tiktok na mathra uninstall madola ansuthe 🤦 kelsa ildhe showoff goskara tiktok madi china davrna belstisdre jothege tham mana maryade na halmadkotidare thu en jananappa ige roast madi bro tiktok madorgella.,medium,Negative,distress,0.37582677602767944,0.3758375346660614
Nim ge esta agiddare like.Comments.madi,medium,Positive,not-distress,0.8647441267967224,0.8649797737598419
Thuu nachike annodhe elwa yella vishaya galu bare joke madkonde erthiralla ... loo change aagro ennu time edhe,medium,Negative,distress,0.3762606978416443,0.3760468363761902
Neevu varshkke ondu cinema madru supper 1varshkke 34cinema madobadalige intha ondu cinema saku,medium,Negative,distress,0.3564034700393677,0.008009552955627441
Slow poison song annoru like Maadi,medium,Mixed feelings,not-distress,0.4032208323478699,0.8445752263069153
@gowtham gowtham Kiccha nimamman oorsoole nimammam thullige bale sigskondu keythivi hushaaru sik sikkid kade thika kodtha edre hardu oorbaglu madthivi amele doctorgu holge jaga erbardu hange keythivi beware bale pans 🤣🤪,medium,Negative,distress,0.3758120536804199,0.0
Tande yante maga kooda swabhimaani mattu swavalambhi jeevana nadesuthiddare.hats off sir.,medium,Positive,not-distress,0.4465976655483246,0.4547998309135437
Sari guru nan Rc nodod irli ninu illi bandiro cmnts nodu ninge gotthagutthe,medium,Negative,distress,0.36847275495529175,0.37375107407569885
Ivrna nodidre ashwath avrna nodida hange agutte......nVoice antu ade tara ide,medium,Positive,distress,0.0,0.0
Dboss abhimani aagi nange gotthilla esht sala e song nodidhini antha yarellla jasthi nodidhira like madrappa pls,medium,Positive,not-distress,0.5547540783882141,0.47702279686927795
nijvaglu ee movie nodilla Andre nim papa aste,medium,Positive,not-distress,0.8625312447547913,0.8429372012615204
Nija. Never support communist party,medium,Mixed feelings,not-distress,0.5529759526252747,0.0
Bandiro 3 comment adru avalge andkondre adu ugiyakke madidiralla guru,medium,Negative,distress,0.3865729868412018,0.3758520483970642
Anna super anna nivu nivu ondu samajakke seve hagu deshavannu ulisalu ondu sangavannu katti navu nimmannu bembalisuteve,medium,Positive,not-distress,0.49870797991752625,0.5100110769271851
Tiktok uninstall madodakku modlu ee changlu nan maklanna modlu desha dinda delete madbeku Guru,medium,Negative,distress,0.3724673092365265,0.3758663535118103
D.boss kade inda dodda wel come madtivi,medium,Positive,not-distress,0.839272677898407,0.4228037893772125
Gud job  nim nirdharakke nimma kelasakke Namma gowrava namaskara. kanditha nimge olle role kodo buddi nirdeshakarige  haagu kannda industry ge barabeku...,medium,Positive,not-distress,0.28639674186706543,0.6839714348316193
@Nandi Parthasarathi gottu Neenu cheeti tulla fan antha change madbeda,medium,Negative,distress,0.39387476444244385,0.3758406341075897
Idappa kannada song andre KFI back on track,medium,Mixed feelings,not-distress,0.5061067938804626,0.8652969002723694
First time kannada movie film video song full bittirodu,medium,Positive,not-distress,0.43283024430274963,0.4376815855503082
Le Bindu naayi phone all radi togonda aaytha avarge adara laba sikatu aadare tik tok end dinaa avarage laba baratte enna mele yaava vastu Togo beda China vastu ninu Togo beda Naana antu tiragi nodalla Ni ale tuu,medium,Negative,distress,0.375810831785202,0.37582218647003174
Chinndikanna neenu neenu nam tharane madthadthiya. Super,medium,Positive,not-distress,0.8625936210155487,0.8631914854049683
Bai rakshith avri nan msg nodudri yargu agllilla aa thukali dagarna madvi madkolak hogbedi,medium,Negative,distress,0.375827431678772,0.37583890557289124
Heliro prati ondu point super brooo adrallu yaro obba yallo eno agidakke tiktok ban madavre anta helidnalla avnige saryagi uttara kottidira super nivu,medium,Negative,distress,8.365511894226074e-05,6.285309791564941e-05
Pakka movie channagirutte..nN suspense movie for sure,medium,Positive,not-distress,0.8652288615703583,0.4330308437347412
2nd time yaar nodtha ideera,medium,Positive,not-distress,0.8595383763313293,0.4297691881656647
Super Anna enu ugiri chanagi,medium,Mixed feelings,not-distress,0.8651739358901978,0.8649868071079254
Yuddha maadabeku oodabaaradu katukara mundhe Bhagavadgeethe.. Great lines!,medium,Positive,not-distress,0.4288305342197418,0.856606513261795
@Nandi Parthasarathi le nayi ninu slumu navalla nana one day madu kharchu ninu ondu varakke madtiya hagnta nange yava chatnu illa,medium,Negative,distress,0.37580931186676025,0.37244370579719543
@TROLL MONSTER_KANNADA nDagar fan modalu tilakonda matado gubal.....nYaramunde aadre ee tara heludre metteli hoditara pa......,medium,Negative,distress,0.38094592094421387,0.0
Idella yake Kannada Films Dodda samrajjya ne katbeku Dodda Charitrene Srusti madbeku anta helu....,medium,Positive,not-distress,0.4584278166294098,0.4355342984199524
ಕೇಳಿ ಕಾದಿರುವ ಬಾಂಧವರೇnnಭುವಿಯಲ್ಲಿ ಅವನ ಅರಿತವರೆnnಯಾರಿಲ್ಲ ಬಿಡಿ,low,Negative,not-distress,0.48717397451400757,0.47511884570121765
ಹಾಡಿನಲ್ಲಿರುವ ಪದಪುಂಜವನ್ನು ಬಳಿಸಿದ ರೀತಿಯೇ ಅತಿ ಅದ್ಭುತ....,low,Positive,not-distress,0.4962414801120758,0.4369655251502991
ಕನ್ನಡದ ಅತ್ಯುತ್ತಮ ಚಿತ್ರ ದಿಯಾ ಅಂದರೆ ತಪ್ಪಾಗಲಾರದು..ಪುನಃ ರೀ ರಿಲಿಸ್ ಮಾಡಬೇಕು....,low,Positive,not-distress,0.4322100877761841,0.8642643094062805
So good  song,low,Positive,not-distress,0.8646512627601624,0.8646512627601624
Super anna super,low,Positive,not-distress,0.8648706674575806,0.8648706674575806
ಸಾಂಗ್ ಸೂಪರ್ nಮ್ಯೂಸಿಕ್,low,Positive,not-distress,0.8652401566505432,0.8652677237987518
ಉಸಿರ ಕೊನೆ ಕನ್ನಡ ಆಲ್ಬಂ ಸೊಂಗ್nಎಲ್ಲರೂ ನೋಡಿ ಹಾಗೂ ಚಾನೆಲ್ Subscribe ಮಾಡಿn,low,Positive,not-distress,0.43749281764030457,0.8646785616874695
supper song,low,Positive,not-distress,0.8651073575019836,0.8651073575019836
ಒಂದು ಇಂಗ್ಲೀಷ್ ಪದ ಬಳಸದೆ ಈ ಹಾಡು ಬರೆದಿರುವ ಕಲಾವಿದನಿಗೆ ಒಂದು ಲೈಕ್ ಕೊಡಿ... ಸ್ನೇಹಿತರೇ!!,low,Positive,not-distress,0.43862682580947876,0.4364481270313263
Super my favorite song,low,Positive,not-distress,0.8648600578308105,0.8648600578308105
Songs are not needed,low,Mixed feelings,not-distress,0.6465475559234619,0.6465475559234619
ನೀವ್ ಹೇಳೋದ್ರಲ್ಲಿ ಏನು ತಪ್ಪಿಲ್ಲ ಬ್ರದರ್,low,Positive,not-distress,0.6824957728385925,0.7671312391757965
Kathe heldene nilsbitri,low,Mixed feelings,distress,0.7516900300979614,0.3524285554885864
ಆತ ಬರುತ್ತಾ ಅಲ್ಲಾ,low,Mixed feelings,distress,0.7516234517097473,0.7516234517097473
Paaapa. Konegu tik tok hoythu.. nayigal boglod kadme aythu,low,Negative,distress,0.37733563780784607,0.0
Edu charitre srushtisuva avataara🤨,low,Mixed feelings,not-distress,0.8650773167610168,0.8650031089782715
nice kalaa....ncontinue madu...,low,Positive,not-distress,0.8650341629981995,0.8634483814239502
ನಮ್ಮ ದೇಶದ ರಾಜಕಾರಣಿಗಳು ಚಿಲ್ಲರೆಗಳು ನಿಜಕ್ಕು ಸತ್ಯ,low,Positive,not-distress,0.4346177577972412,0.8627871572971344
@prithvi nayak ನಿಮ್ಮ ಅಮ್ಮ ಆಲ್ಸೋ ಫ್ಲಾಪ್,low,Negative,distress,0.749931126832962,0.46287256479263306
Super  channel super msg,low,Positive,not-distress,0.864989697933197,0.864989697933197
Idu charitre srustisuva avataranME,low,Positive,not-distress,0.865051805973053,0.8651137351989746
Step was awesome,low,Positive,not-distress,0.8647351264953613,0.8647351264953613
MY BOSS ANNA  YASH BOSS ANNA  YASH BOSS ANNA,low,Mixed feelings,distress,0.7515977025032043,0.7516190111637115
SUPER  R  BOSS,low,Positive,not-distress,0.8649558424949646,0.8649558424949646
ಸರ್ ನಿಮ್ಮ ಪಾದಗಳಿಗೆ ನಮಸ್ಕಾರಗಳು,low,Positive,not-distress,0.8651085495948792,0.5255261361598969
OIlle thana.....olleyavrige eegina kaladalli nijwaglu bele illa.....enidru anyaya,low,Mixed feelings,not-distress,0.42935261130332947,0.7890938222408295
Satyana edu devare,low,Positive,not-distress,0.8588764667510986,0.8588764667510986
ದಿಸ್ ಐಸ್ ದಿ ಬೇಸ್ ಸನ್ ಎವರ್ ಲವ್ ಉ,low,Positive,not-distress,0.8621976673603058,0.863499790430069
ನಮ್ಮ ದೇಶದಲ್ಲಿ ರಾಜಕೀಯ ದಲ್ಲಿ ಗೆಲ್ಲಲು ಈಗ ದುಡ್ಡು ಬೇಕಾಗಿಲ್ಲ ಪಾಕಿಸ್ತಾನ ಅಥವಾ  ಇಸ್ಲಾಂ ಮೇಲೆ  ಅವಾಜ್ ಹಾಕಿದರೆ ಅವನಿಗೆ ಪ್ರಧಾನಿ ಪಟ್ಟ ಕೊಡುತ್ತಾರೆn ನಮ್ಮ ಮೋರಿಗೆ ಮುಸಲ್ಮಾನರನ್ನು ಸಾಯಿ ಸೋದೆ ಅವರ ಅಭಿವೃದ್ಧಿ,low,Negative,distress,0.7409362196922302,0.37579888105392456
ಟಿಕ್ ಟಾಕ್ ಅಲ್ಲಿ ಸಾಂಗ್ ಕೇಳಿರೋರ್ ಲೈಕ್ ಮಾಡಿ,low,Positive,not-distress,0.5240749716758728,0.7283137738704681
ಇದು ಚರಿತ್ರೆ ಸೃಷ್ಟಿಸೋ ಅವತಾರ,low,Positive,not-distress,0.8654371500015259,0.8654371500015259
ಚಂದನ್ ಶೆಟ್ಟಿ ಟ್ರೊಲ್ ವಿಡಿಯೋ ನೀವು ನೋಡಿ ನೆಗಡ್ಡೆ ಇದ್ರೆ ನಾವ್ ಗ್ಯಾರಂಟಿ,low,Positive,not-distress,0.4327971935272217,0.4326799809932709
Adu nambike ashte,low,Negative,not-distress,0.8112807273864746,0.8318964838981628
Ganesh Bhat -ಬೆಡುವ ಅವಶ್ಯಕತೆ ನನ್ನಗೆ ಇಲ್ಲಪ್ಪಾ ಬೆಕಾದರೆ ನಿನೆ ಬಾ ಪ್ರಿ ಅಗಿ ಉಟ ಹಾಕತಿನಿ.,low,Negative,distress,0.3776611089706421,1.0907649993896484e-05
Yen quality guru,low,Mixed feelings,not-distress,0.80588299036026,0.80588299036026
ಚೀನೀಯರ ವಿಚಿತ್ರ ಆಚಾರ ಹಾಗೂ ಅದರ ಧುಷ್ಪರಿನಾಮ ತಿಳಿಸಿ. ಉದಾಹರಣೆ,low,Negative,not-distress,0.8644368946552277,0.014535874128341675
KilaGade MeleGade  ALU Gadde  Ulli Gadde....🤣🤣🤣,low,Positive,not-distress,0.8628828227519989,0.4304085671901703
Super video,low,Positive,not-distress,0.8649716973304749,0.8649716973304749
ನಿಜ ನಾ ಇಷ್ಟು ಚನ್ನಾಗಿ  ಹೇಳಿದಿರ,low,Mixed feelings,not-distress,0.8565073609352112,0.8607254028320312
ಗುರು ನಿನ್ನ ಪಾದ ಝೆರಾಕ್ಸ್ ಮಾಡಿ ಕೊಟ್ಟ ಬಿಡಪ್ಪ,low,Positive,not-distress,0.8388380408287048,0.6033346056938171
movie is song Osam,low,Positive,not-distress,0.863480269908905,0.863480269908905
ಅವನೇ ಶ್ರೀಮನ್ನಾರಾಯಣ ಅಲ್ಲnnಇವನೆ ನಮ್ಮ ಶ್ರೀಮನ್ನಾರಾಯಣ nಪವರ್ ಸ್ಟಾರ್ ಪುನೀತ್ ರಾಜಕುಮಾರ್ ಅಭಿಮಾನಿಗಳು ಸಪೋರ್ಟ್ ಮಾಡೋರು ಲೈಕ್ ಹೊಡಿರಿ nಜೈ ಪುನೀತ್ ರಾಜಕುಮಾರ್nಜೈ ಕನ್ನಡ ಚಿತ್ರ ರಂಗ,low,Positive,not-distress,0.4329240322113037,0.4479277431964874
ಸೂಪರ್ ಅಣ್ಣ,low,Positive,not-distress,0.865124523639679,0.865124523639679
oba mele hogutidane andre navanige melle hogokke sahay madobadallu avan kalu aledu kelage billisoke nodo janare nammalijas,low,Positive,distress,0.37582141160964966,0.3758193254470825
ಇದರಲು ಅಂಗ್ಲ ಇದೆ,low,Negative,distress,0.7516843676567078,0.7516843676567078
ನಾನು ಕೇಳಿರುವಹಾಗೆ ಪುಟ್ಟಣ್ಣ ಕಣಗಾಲ್ ರವರ ರಂಗನಾಯಕಿ ಚಿತ್ರ ಕೂಡ ಮೊದಲನೇ ಬಾರಿ ತೆರೆಕಂಡಾಗ ಜನರು  ಮಿಶ್ರ ಪ್ರತಿಕ್ರೆಯೆ ನೀಡಿದ್ದರು ಏಕೆ ಎಂಬುವುದು ಯಕ್ಷ ಪ್ರಶ್ನೆ ಆದರೆ ದೇವರ ಮೇಲೆ ಭಾರಹಾಕಿ ಎರಡನೇಸಲ ಬಿಡುಗಡೆ ಮಾಡಿದಾಗ ಅದಕ್ಕೆ ಸಿಕ್ಕ ಪ್ರತಿಕ್ರಿಯೆ ಅಬೂತಪೂರ್ವಕ ನಿರ್ಮಾಪಕರಿಗೆ ತುಕ್ಕಿಡಿದ ಕಬ್ಬಿಣ ವಾಗಿದ್ದ ಸಿನಿಮಾ ಈಗ ಚಿನ್ನದ ಗಟ್ಟಿಯಾಗಿ ಹೊರಹೊಮ್ಮಿತು n ಹೀಗಾಗಿ ನಾನು ಚಿತ್ರತಂಡದಲ್ಲಿ ಮಾಡುವ ಕಳಕಳಿ ವಿನಂತಿ ಧಯಮಾಡಿ ಸಿನಿಮಾವನ್ನು (Corona effect )ಬಳಿಕ Re-Release ಮಾಡಿ nನನ್ನ ಈ ಕೋರಿಕೆಯನ್ನು ಚಿತ್ರತಂಡಕ್ಕೆ ತಿಳಿಸಿ,low,Mixed feelings,distress,0.7231287360191345,0.021619439125061035
Banni hagadre matadaskond barona,low,Positive,distress,0.7516420483589172,0.37951990962028503
ಬಹಳ ಕ್ಯೂರಿಯಾಸಿಟಿ ಇರೋ ಹಾಗಿದೆ ಚಿತ್ರವನ್ನು ನೋಡಲು ಕಾತರದಿಂದ ಕಾಯುತ್ತಿದ್ದೆನೇ,low,Positive,not-distress,0.4962734282016754,0.8630649745464325
ಕನ್ನಡ ಚಿತ್ರರಂಗದ ಡಿಫರೆಂಟ್ ಹುಲಿ,low,Positive,not-distress,0.8648502230644226,0.44297337532043457
ಎಸ್ ಸೂಪರ್ ಸಾಂಗ್,low,Positive,not-distress,0.8650795221328735,0.8650795221328735
ಡಾ//ಶಂಭು ಬಳಿಗಾರರ ಮಾತು ಹುಗ್ಗಿ ಹಾಲು ಉಂಡಷ್ಟು ರುಚಿ... ನಾನು ಬಾಲ್ಯದಿಂದಲೇ ಅವರ ಈ ಹಾಸ್ಯ ಕಥೆಗಳನ್ನು ಕೇಳುತ್ತ ಬೆಳೆದವನು...,low,Positive,not-distress,0.44479504227638245,0.4251062572002411
Best movie in 2020,low,Positive,not-distress,0.8652005195617676,0.8652005195617676
Tika hogibeku avlige,low,Negative,distress,0.7516627311706543,0.4312150180339813
ದಿಯಾ ಬರಿ ಚಲನಚಿತ್ರ ಮಾತ್ರವಲ್ಲ ನಮ್ಮ ಕನ್ನಡ ಚಲನಚಿತ್ರ ರಂಗದ ಇತಿಹಾಸದಲ್ಲೆ ಎಂದು ಎಂದೆಂದೂ ಮರೆಯಾಲಾಗದ ಅಪರೂಪದ ಅದ್ಭುತವಾದ ಕನ್ನಡ ಚಲನಚಿತ್ರದ ಮಹಾನ್ ಕೃತಿ ಈ ಚಲನಚಿತ್ರವನ್ನ ನೀವುಗಳೆಲ್ಲರೂ ನೋಡಲೆ ಬೇಕು ದಿಯಾ ಚಲನಚಿತ್ರದ ನಿರ್ದೇಶಕನಿಗೆ ನನ್ನದೊಂದು ಪ್ರೀತಿಯ ನಮಸ್ಕಾರಗಳು ನಮ್ಮ ಕನ್ನಡ ಚಲನಚಿತ್ರಕ್ಕೆ ನೀವೊಬ್ಬರು ಮತ್ತೊಬ್ಬ ಪುಟ್ಟಣ್ಣ ಕಣ್ಣಗಾಲ್nn ವಿಲೇಜ್ ರೋಡ್ ಫಿಲಂಸ್,low,Positive,not-distress,0.4335854947566986,0.43475985527038574
ಸೂಪರ್ ಸೂಪರ್ ಸೂಪರ್ ಸೂಪರ್ ಸೂಪರ್ ಸೂಪರ್ ಸೂಪರ್ ಗುರು,low,Positive,not-distress,0.8652268648147583,0.5196780860424042
Climax Swalpa Change madbekittu...,low,Negative,not-distress,0.8417927622795105,0.8535711765289307
I love you RAKSHIT...,low,Positive,not-distress,0.865053117275238,0.8650418817996979
@Nandi Parthasarathi ಎಷ್ಟು ರೇಟು ಒಂದು ರಾತ್ರಿ ಬ ಸಾಕು,low,Negative,distress,0.4028812646865845,0.37584155797958374
ಸೂಪರ್ ಏತ ಆಗಿನ ಕಾಲದಲ್ಲಿ ಸೂಪರ್ ಸ್ಟಾರ್ ತೋಗರಿ ತೀಪ,low,Positive,not-distress,0.4407897889614105,0.8653836846351624
Hidden detail in  trailer of Avane Srimanarayana....n,low,Mixed feelings,not-distress,0.7997159361839294,0.8134461641311646
Eddane annodu nanna nambike.aadre ashvataamanige kannadada bartita anodu davtu,low,Positive,distress,0.31640857458114624,0.28515753149986267
ಅವನೇ ಶ್ರೀಮನ್ ನಾರಾಯಣ ಶೆಟ್ರು,low,Positive,not-distress,0.8652825355529785,0.8652800917625427
ರಕ್ಷಿತ್ ಶೆಟ್ಟಿಯವರು ವಷ೯ಕೊಂದು nಮೂವಿ ಮಾಡಿ ಅನ್ನೋರು ಲೈಕ್nಮಾಡಿ,low,Positive,not-distress,0.5830214321613312,0.8652839958667755
ಸರ್ ನಿಮ್ಮ ಪ್ರತಿಯೊಂದು ಮಾತು ನೂರಕ್ಕೆ ನೂರು ಸತ್ಯ nನಿಮ್ಮ ನೋಡಿ ಹೆಮ್ಮೆ ಆಗುತ್ತೆ ಸರ್,low,Positive,not-distress,0.44343289732933044,0.44334718585014343
Mass video music link send,low,Mixed feelings,distress,0.7448631525039673,0.7448631525039673
ಇದು ಚರಿತ್ರೆ ಸೃಸ್ಟಿಸೋ ಅವತಾರ,low,Positive,not-distress,0.865367591381073,0.4337003231048584
@Nandi Parthasarathi ಯಾಕೆ ಹುಡುಕೊಂಡು ಬಂದ್ರೆ ತುಲ್ಲು ಕೊಡ್ತೀಯಾ ಬೇವರ್ಸಿ,low,Negative,distress,0.7515840232372284,0.3758469820022583
ರಕ್ಷಿತ್  ನಿಮ್ಮ  ಕೈಯಲ್ಲಿ  ಕನ್ನಡ   nಸುರಕ್ಷಿತ,low,Positive,not-distress,0.8651435971260071,0.8649778366088867
Super movie sir,low,Positive,not-distress,0.8650152087211609,0.8650152087211609
ನಿಜವಾದ ಪ್ಯಾನ್ ಇಂಡಿಯನ್ ಚಲನಚಿತ್ರ ಈ ದಿಯಾ. ಅತ್ಯದ್ಭುತ ಚಿತ್ರ  ಗುರು,low,Positive,not-distress,0.43284955620765686,0.46739548444747925
ಚಂದನ್ ಶೆಟ್ಟಿ ಟ್ರೊಲ್ ವಿಡಿಯೋ ನೀವು ನೋಡಿ ನೆಗಡ್ಡೆ ಇದ್ರೆ ನಾವ್ ಗ್ಯಾರಂಟಿ,low,Positive,not-distress,0.43312177062034607,0.4326799809932709
ಅತ್ಯುತ್ತಮ ಪ್ರಯತ್ನ ಶುಭವಾಗಲಿ,low,Positive,not-distress,0.8648149371147156,0.8648149371147156
Gichhh movie,low,Negative,not-distress,0.5757068991661072,0.5757068991661072
ನಿಜವಾಗಿಯೂ ಅಣ್ಣ HANDS OFF TO YOU.. ಧನ್ಯವಾದಗಳು...,low,Positive,not-distress,0.8651891946792603,0.43007394671440125
Swalpa jasti bildup ayitu annisutte.,low,Negative,not-distress,0.6179477572441101,0.7415391206741333
Superb song,low,Positive,not-distress,0.8648041486740112,0.8648041486740112
ನಾನು ಕೂಡಾ.. ಫಿದಾ ಆದೆ..,low,Positive,not-distress,0.8517385721206665,0.8502602279186249
ಚಂದನ್ ಶೆಟ್ಟಿ ಟ್ರೊಲ್ ವಿಡಿಯೋ ನೀವು ನೋಡಿ ನೆಗಡ್ಡೆ ಇದ್ರೆ ನಾವ್ ಗ್ಯಾರಂಟಿ,low,Positive,not-distress,0.4326917827129364,0.4326799809932709
ಭಾರತದ ಗಡಿಗೆ ಅವನನ್ನೇ ಕಳುಹಿಸಿ ನಿಲ್ಲಿಸಲಿ ಇದ್ದವನು,low,Positive,distress,0.39607858657836914,0.0
ನಮ್ಮ ದೇಶದಲ್ಲಿ ರಾಜಕೀಯ ಮಾಡಿ ಸಾಯಿತಾರೆ ಸೊ ರಾಜಕೀಯ ಇಲ್ಲ ಅಂದ್ರೆ ದೇಶ ಬೇಗ ಉದ್ದಾರ ಆಗುತ್ತೆ ಇಲ್ಲ ಅಂದ್ರೆ ಅಷ್ಟೇ....,low,Negative,distress,0.37950241565704346,0.0
ವಾವ್ ಅದ್ಭುತ ವಳ್ಳೆದಾಗಲಿ,low,Positive,not-distress,0.8482404947280884,0.8564881682395935
ಆಲ್ ದ ಬೆಸ್ಟ್ ಕಿಚ್ಚ ಸುದೀಪ್ ಫ್ಯಾನ್ಸ್,low,Positive,not-distress,0.43441125750541687,0.5276321768760681
Love you boss,low,Positive,not-distress,0.864801824092865,0.864801824092865
ಇದು ಚರಿತ್ರೆ ಸೃಷ್ಟಿಸೋ ಅವತಾರ,low,Positive,not-distress,0.8654371500015259,0.8654371500015259
ಜಾನಪದ ಹಾಸ್ಯ ತೊಗರಿ ತಿಪ್ಪ ನಾಟಕ ಸೂಪರ್,low,Positive,not-distress,0.4603293240070343,0.4528942406177521
ಕಣ್ಣೀರು ಹಾಕಿರುವ ಕಾರಣ ತಂದೆಯ ನೆನೆಪು ಅವರು ಕಷ್ಟ ಕಾಲದಲ್ಲಿ ಮಗನ ಬೆಂಗಾವಲಾಗಿ ನಿಂತಿದ್ದಕ್ಕೆ.ಇದನ್ನು ಕೆಲವರು ಅಪಾರ್ಥ ಕಲ್ಪಿಸಿಕೊಂಡಿದ್ದಾರೆ.,low,Negative,not-distress,0.46542438864707947,0.5095959305763245
ಚಂದನ್ ಶೆಟ್ಟಿ ಟ್ರೊಲ್ ವಿಡಿಯೋ ನೀವು ನೋಡಿ ನೆಗಡ್ಡೆ ಇದ್ರೆ ನಾವ್ ಗ್ಯಾರಂಟಿ,low,Positive,not-distress,0.43426159024238586,0.4326799809932709
ಕನ್ನಡ ಚಿತ್ರರಂಗದ ಜೂನಿಯರ್ ಶಂಕರ್ ನಾಗ್ ರಕ್ಷಿತ್ ಶೆಟ್ಟಿ ಅವರ ಕನ್ನಡ ಚಿತ್ರರಂಗವನ್ನು  ಉನ್ನತ ಮಟ್ಟಕ್ಕೆ ವಯುತಾರೇ,low,Positive,not-distress,0.432683527469635,0.43256551027297974
ಚೇಳ್ ತಿನ್ನೋ ಚಪ್ಪರ್ ನನ್ಮಕ್ಳು🤣,low,Negative,not-distress,0.8626142740249634,0.08772969245910645
Last scene nice guru,low,Positive,not-distress,0.8651514649391174,0.8651514649391174
super song ma,low,Positive,not-distress,0.8650766611099243,0.8650766611099243
@Nandi Parthasarathi ನಿಮ್ಮ ಅಕ್ಕುನ್ ತುಲ್ಲು,low,Negative,distress,0.7516126036643982,0.3758291006088257
ಅಚ್ಚ ಕನ್ನಡದ ಹಾಡು ಕೇಳಿ ಅದ್ಭುತ,low,Positive,not-distress,0.864991307258606,0.5245792269706726
ಚಂದನ್ ಶೆಟ್ಟಿ ಟ್ರೊಲ್ ವಿಡಿಯೋ ನೀವು ನೋಡಿ ನೆಗಡ್ಡೆ ಇದ್ರೆ ನಾವ್ ಗ್ಯಾರಂಟಿ,low,Positive,not-distress,0.43268001079559326,0.4326799809932709
@Nandi Parthasarathi Yello erodu ninu lowde,low,Negative,distress,0.7515991628170013,0.3758583664894104
Macha neen badukbeka ???,low,Negative,distress,0.7495764493942261,0.375830739736557
@prithvi nayak ನಿಮ್ಮ ಅಕ್ಕುನ್ ಮಿಂಡ ನಾನೆ,low,Negative,distress,0.7516593039035797,0.3784746825695038
ಚಂದನ್ ಶೆಟ್ಟಿ ಟ್ರೊಲ್ ವಿಡಿಯೋ ನೀವು ನೋಡಿ ನೆಗಡ್ಡೆ ಇದ್ರೆ ನಾವ್ ಗ್ಯಾರಂಟಿ,low,Positive,not-distress,0.4327072203159332,0.4326799809932709
ಚಂದನ್ ಶೆಟ್ಟಿ ಟ್ರೊಲ್ ವಿಡಿಯೋ ನೀವು ನೋಡಿ ನೆಗಡ್ಡೆ ಇದ್ರೆ ನಾವ್ ಗ್ಯಾರಂಟಿ,low,Positive,not-distress,0.43312177062034607,0.4326799809932709
ಇನ್ನೊಂದು ಚರಿತ್ರೆ ಸೃಷ್ಟಿ ಸೋ ಸರ್ದಾರ,low,Positive,not-distress,0.8649535179138184,0.43470391631126404
ಇದು ಚರಿತ್ರೆ ಶ್ರುಷ್ಟಿಸೋ ಅವತಾರ,low,Positive,not-distress,0.8654098510742188,0.46635955572128296
ಸಾಂಗ್ ಪ್ರಮೋಷನ್ ಇಲ್ದೆನೆ #1 ಟ್ರೆಂಡಿಂಗ್ ನಲ್ಲಿದೆ ಇದು ಹೇಗ್ ಸಾಧ್ಯ... ?,low,Positive,not-distress,0.851822704076767,0.4262427091598511
ನಾವೇನಾದರು ಸ್ವಾಬಿಮಾನಿಯಾಗಿ ಬದುಕನ್ನು ಕಟ್ಟಿಕೊಳ್ಳಲು ನಿಮ್ಮನ್ನು ನೋಡಿ ಕಲಿಯಬೇಕು ಸಾರ್ ನಮಗೆ ನಿಮ್ಮಂತವರು ಸ್ಪುರ್ತಿ,low,Positive,not-distress,0.4326142370700836,0.8536631166934967
@Nandi Parthasarathi ನಂದಿನಿ ಅವ್ರೆ ನಿಮ್ಮ ತುಲ್ಲುಗೆ ಗಬ್ಬು ವಾಸ್ನಿ,low,Negative,distress,0.383795827627182,0.3758460283279419
ಸ್ವಲ್ಪ ದಿನದ ಹಿಂದೆ ಈ ಮೂವಿ ನೋಡ್ದೆ ನಿಜವಾಗಲೂ ಅದ್ಬುತವಾದ ಮೂವಿ... ಥೀಯೇಟರ್ನಲ್ಲಿ  ನೋಡ್ಲಿಲ್ವಾಲ ಅಂತ ತುಂಬಾ  ಫೀಲ್ ಆಯ್ತು..,low,Positive,not-distress,0.44464540481567383,0.41544342041015625
ನಿಮ್ಮಯಲ್ಲ ವಿಡಿಯೋ ನೋಡೋಕೆ ತುಂಬಾ ಖುಷಿ ಆಗುತ್ತೆ. ಇನ್ನು ಈ ರೀತಿ ವಿಡಿಯೋ ಗಳನು ಮಾಡಿ nThank u,low,Positive,not-distress,0.43907368183135986,0.8614546656608582
Super song..nnn Loved it,low,Positive,not-distress,0.8652152419090271,0.8651450872421265
ಕೆಲವರು ಡಿಬಾಸ್ ಬಾಸ್ ಅಂತಾರೆnಕೆಲವರು ಯಶ್ ಬಾಸ್ ಅಂತಾರೆnಕೆಲವರು ಕಿಚ್ಚ ಬಾಸ್ ಅಂತಾರೆnಕೆಲವರು ಪುನೀತ್ ಬಾಸ್ ಅಂತಾರೆnಇನ್ನೂ ಕೆಲವರು ಶಿವಣ್ಣ ಬಾಸ್ ಅಂತಾರೆnಆದರೆ ಅವರೆಲ್ಲರೂ ಅವನಿಗಾಗಿ ಕಾಯ್ತಾಇದಾರೆnಯಾರ್ ಅವನು  nಅವನೇ ಶ್ರೀಮನ್ನಾರಾಯಣ,low,Negative,not-distress,0.34240132570266724,0.7130443155765533
ತುಂಬಾ ನಗು ಬಂತು ಗುರು,low,Positive,not-distress,0.8651737570762634,0.8651737570762634
Super hands up,low,Positive,not-distress,0.8649560213088989,0.8649560213088989
Super  song,low,Positive,not-distress,0.8649286031723022,0.8649286031723022
ಇಂತಹ ಒಳ್ಳೆಯ ಕನ್ನಡ ಸಿನಿಮಾಗಳನ್ನ ಬೆಳೆಸೋಣ,low,Positive,not-distress,0.8651936650276184,0.44649386405944824
ಇಂಡಿಯಾದಲ್ಲಿ ಚೈನಾಗೆ ಹುಟ್ಟಿರೋ ಚಕ್ಕಗಳ ತಿಕದಲ್ಲಿ ಇನ್ನು ಸ್ವಲ್ಪ ಕಾರಪುಡಿ  ಆಕ್ಬೇಕಿತ್ತು ಅನ್ಸುತ್ತೆ ಬ್ರಾ,low,Negative,distress,0.6815651059150696,0.7279427647590637
Ur super guru,low,Positive,not-distress,0.8650677800178528,0.8650677800178528
ನಿಜnnn ಇದು ಚರಿತ್ರೆ ಸೃಷ್ಟಿಸೊ ಅವತಾರnnnಕೆಜಿಎಫ್ ದಾಖಲೆ ಮುರಿದುಹೋಗುತ್ತದೆnnಕೆಜಿಎಫ್ ಚಾಪ್ಟರ್ 2nಬಂದು ಇದರ ದಾಖಲೆ ಮುರಿಯಬೇಕು ಅಷ್ಟೇ ಅದು ಸಹ ಅನುಮಾನnnಯಾಕೆಂದರೆnಮುಂದೆ ಪುಣ್ಯಕೋಟಿ ಬರ್ತಾ ಇದೆ,low,Negative,distress,0.7468241751194,0.03390544652938843
ಏನ್ ಸಾಂಗ್ ಗುರು ಮಸ್ತ್...,low,Positive,not-distress,0.8032622337341309,0.42445316910743713
Mastu mastu... Idu Idu bekagirodu...,low,Positive,not-distress,0.8640215992927551,0.474364697933197
ಕೇಳಿ ಕಾದಿರುವ ಭಾಂದವರೇnಭುವಿಯಲ್ಲಿ ಅವನ ಅರಿತವರೆnಯಾರಿಲ್ಲ ಬಿಡಿ ಮುನ್ನುಡಿnಇದ್ದರದೊಂದು ದಂತ ಕಥೆ...nನಾಕು ದಿಕ್ಕಿನಲು ಬೇಕವನುnಬಂದೂಕು ಹಿಡಿದ ಮಾನವನುnತಲೆ ಮೇಲಿದೆ ಕಿರೀಟ...nತೀರ ಹಠ...nಗುರಿ ಬೆನ್ನಟ್ಟೋ ನೇತಾರನು!nಗಾಳಿ ಮಾತಿನ ಬಜಾರುnಸುದ್ದಿ ಸಾರಿದೆ ಸುಮಾರುnಪಾತ್ರದ ಪರಿಚಯ ಇರೋರುnಆ ಬಂದೂಕಿಗೆ ಇದೆ ಘನ ಹೆಸರುnಹ್ಯಾಂಡ್ಸ್ ಅಪ್...nಅದು ಅನವರತ!nಹ್ಯಾಂಡ್ಸ್ ಅಪ್...nನಾ ಅಜ್ಞಾತ!nಹ್ಯಾಂಡ್ಸ್ ಅಪ್...nಇದೆ ವೇದಾಂತ..!nಇದು ಚರಿತ್ರೆ ಸೃಷ್ಟಿಸೋ ಅವತಾರ...nnರಂಗೇರಿದೆ ಮಾಯಾ ಜಾಲnಅನುಭವಿಸು ಓ ಪ್ರೇಕ್ಷಕನೇ!nದೃಷ್ಟಿ ನನ್ನೊಬ್ಬನ ಮೇಲಿಡಿnತಪ್ಪದು ನಿಜ ಮನರಂಜನೆ!nನನ್ನ ಗೆಲ್ಬೋದು ಅನ್ನುತnನಿಂದನು ಓರ್ವ ರಾಕ್ಷಸ!nತಪ್ಪಲ್ಲ ಆದರು ಅದುವೇnಊಹೆಗೂ ಮೀರಿದ ಸಾಹಸ!nಅನಿಸುತ್ತೆ...nಬಂದ ಹಾಗಿದೆ ರಚಿಸಲು ಹೊಸದೇ ಶಾಸನ!nಮೆರಯಲಿ ಗಗನದಲಿ ನಿಮ್ಮದೇ ಲಾಂಛನ...nಯುಧ್ಧ ಮಾಡಬೇಕು,low,Positive,distress,0.28253862261772156,0.0
ನಾವೆಲ್ಲಾ ಕನ್ನಡಿಗರು nPlease nಇಲ್ಲಿ nಗಟ್ಟ ದ ಮೇಲಿನವರು nಗಟ್ಟದ ಕೆಳಗಿನವರು nಕರಾವಳಿಯವರು nಉತ್ತರಕನ್ನಡದವರು nಉತ್ತರಕರ್ನಾಟಕದವರು nಹಳೇಮೈಸೂರಿನವರು nಮಂಡ್ಯದವರುnಬೆಂಗಳೂರಿಗರು nಮೈಸೂರಿನ ವರು nಕೊಡಗಿನವರು nಕುಂದಾಪುರದಕಡೆ ಜನ nಹೀಗೆ nಯಾಕೆ ಇಬ್ಬಾಗ ಮಾಡಿ ನೋಡ್ತೀವಿ nಬೇಡ ಈ ರೀತಿ ನೋಡದೇ nನಾವೆಲ್ಲಾ ಕರುನಾಡುnಕರ್ನಾಟಕದ ಮಕ್ಕಳು ಅಂತ ಯಾಕೆ ನೋಡಬಾರದು nPlease nನಾವೆಲ್ಲಾ ಈ ಮಣ್ಣಿನ ಮಕ್ಕಳು nಅವರೆಲ್ಲಾ ಈ ಮಣ್ಣಿನ ಹಿರಮೆಯನ್ನ ಮೇಲ್ಮಟ್ಟ ಕ್ಕೆ ಕೊಂಡೊಯ್ಯ್ದವರು .nಹಾಗೆ ನಾವ್ ನೀವ್ ಎಲ್ಲಾ ಒಟ್ಟು ಕೂಡಿ ಕರ್ನಾಟಕದ ಗರಿಮೆಯನ್ನ ಇನ್ನ ಎತ್ತರಕ್ಕೆ ಕೊಂಡೋಯ್ಯಣ nನಾವ್ ಕನ್ನಡಿಗರು nನಾವ್ ಭಾರತೀಯ ರು nnನಮಸ್ಕಾರ,low,Positive,not-distress,0.46323201060295105,0.7919228971004486
ಎಲ್ಲಾ ಭಾಷೆ ಅಲ್ಲು ಹಾಡು ತುಂಬಾ ಚೆನ್ನಾಗಿದೆ ಅಂತ ಹೇಳುವವರು ಇಲ್ಲಿ,low,Positive,not-distress,0.4453764259815216,0.8651503026485443
Hands Upn Tamil Nadu,low,Positive,not-distress,0.8651769757270813,0.8651769757270813
Tik tok badebagan   tiktok henda  maklu  uta hodala,low,Negative,distress,0.37581053376197815,0.3931965231895447
Super song Anna,low,Positive,not-distress,0.8651338815689087,0.8651338815689087
ನನಗೇನೋ ರಕ್ಷಿತ್ ಶೆಟ್ಟಿ ಶಂಕರ್ನಾಗ್ ಸರ್ ತರಾನೇ ಕಾಣಿಸುತ್ತಾರೆ 🤩,low,Positive,not-distress,0.4926251173019409,0.864419162273407
ಸಕ್ಕತಾಗಿ ಹೇಳಿದ್ಯಾ ಗುರು,low,Positive,not-distress,0.8645901083946228,0.8643564283847809
Naan sigappu manithan Vishal,low,Positive,not-distress,0.8637621998786926,0.8619313836097717
ರಕ್ಷಿತ್ ಶೆಟ್ಟಿ ರವರ ಚಿತ್ರ ಮತ್ತು ಅಜನೀಶ ರವರ ಸಂಗೀತದ ಈ ಹಾಡು ಕೇಳತಾ ಇದ್ರೆ... ಹಂಸಲೇಖ ಹಾಗೂ ರವಿಚಂದ್ರನ್ ರವರ ಹಾಡುಗಳೇ ನೆನಪಾಗುತ್ತೆ... ಚಿತ್ರತಂಡಕ್ಕೆ ಶುಭವಾಗಲಿ...nನಾಗಾರ್ಜುನ ಶರ್ಮಾರವರ ಸಾಹಿತ್ಯ,low,Positive,not-distress,0.4318886697292328,0.43453356623649597
Rakshith...Nan yakda dboss dabba Nan Maga,low,Negative,distress,0.30953091382980347,0.3741837739944458
ಗುರು .. ಉಪೇಂದ್ರ ಅವರ Dialog....  Super,low,Positive,not-distress,0.5198590159416199,0.5261125862598419
ಸೂಪರ್ ಬ್ರದರ್ ಚನಾಗಿ ಹೇಳಿದಿರ ನಂಗಂತೂ ತುಂಬಾ ಇಷ್ಟ ಆಯಿತು,low,Positive,not-distress,0.49049022793769836,0.5361274182796478
ರೀ ನಿಮ್ಮ ತಂದೆಯನ್ನು ನೆನೆದು ನೀವು ಮೊಸಳೆ ಕಣ್ಣೀರು ಹಾಕುತ್ತೀರಾ,low,Negative,distress,0.6561314165592194,0.3510749340057373
ನಿಮ್ಮ ಮಾತು ಕೇಳಿದ್ರೆ. ನಾವು ಭಾರತೀಯರು ಬಹಳಾ ಮುಗ್ದ ಜನ ಅನ್ನೋ ಯೋಚನೆ ಬರುತ್ತೆ.what seylusin,low,Positive,not-distress,0.549506813287735,0.8592714071273804
Spr ಜೈ ಡಿ ಬಾಸ್,low,Positive,not-distress,0.8651708960533142,0.8651849627494812
ಅವನೇ ಶ್ರೀಮನ್ ನಾರಾಯಣ,low,Mixed feelings,not-distress,0.8650963306427002,0.8650963306427002
Idhu charitre srushtisuva avataara......,low,Positive,not-distress,0.865286648273468,0.8652375340461731
ಇಲ್ಲಿ ನಡೆದಿರೋ ಚರ್ಚೆ ನೋಡಿದ್ರೇ ಗೊತ್ತಾಗುತ್ತೆ ನಮ್ ದೇಶ ಯಾಕ್ ಹಿಂಗಿದೆ,low,Negative,distress,0.7516433298587799,0.31079575419425964
tumba olle kathe,low,Positive,distress,0.7210298180580139,0.010881811380386353
ತುಂಬಾ ಚೆನ್ನಾಗಿದೆ ಸಾರ್,low,Positive,not-distress,0.8651304244995117,0.8651304244995117
ಚಂದನ್ ಶೆಟ್ಟಿ ಟ್ರೊಲ್ ವಿಡಿಯೋ ನೀವು ನೋಡಿ ನೆಗಡ್ಡೆ ಇದ್ರೆ ನಾವ್ ಗ್ಯಾರಂಟಿ,low,Positive,not-distress,0.4326695203781128,0.4326799809932709
@Nandi Parthasarathi ಉಮ್ಮ್ ನಿನ್ ತುಲ್ಲುಗೆ ನನ್ ರಸ,low,Negative,distress,0.7515967488288879,0.38436684012413025
Super sir,low,Positive,not-distress,0.8648427724838257,0.8648427724838257
ಅವನು ಚಿರಂಜೀವಿ ಅದಕ್ಕೊಸ್ಕರ ಸಾಯದೆ  ದೇಶವನ್ನು ಸುತ್ತಾಡುತ್ತಾ ಇರ್ತಾರೆ,low,Positive,not-distress,0.4377842843532562,0.5633932948112488
Keli kadiruva bandhavarenBhuviyalli avana aritavarenYarilla bidi,low,Positive,distress,0.4750942885875702,0.3748569190502167
ಈ ಫಿಲ್ಮ್ ಯಾವ ಲೆವೆಲ್ಲಿಗೆ Super Hit ಆಗಬೇಕು ಅಂದ್ರೆ ರಶ್ಮಿಕಾ ಮಂದಣ್ಣ ಮುಟ್ಟಿ ನೋಡಿಕೊಳ್ಳುವ ಹಾಗೆ,low,Negative,not-distress,0.45412328839302063,0.8639301061630249
ಚನ್ನಾಗಿದೇ ಇದು ತೋಗರಿ ತಿಪ್ಪನ ಕತೆ,low,Positive,not-distress,0.8649365901947021,0.4408954977989197
ಪಕ್ಕಾ ಇದು ಚರಿತ್ರೆ ಸೃಷ್ಠಿ ಸೋ ಅವತಾರ,low,Positive,not-distress,0.4843495786190033,0.8653307557106018
Ur Insta I'd name bro,low,Positive,distress,0.7046025991439819,0.3756125867366791
ತೋ ಗರಿ  ತಿಪ್ಪಾ ಸೂಪರ,low,Positive,not-distress,0.8167164921760559,0.840895801782608
ಸೂಪರ್ ತೂಗರಿ ತಿಪ್ಪ,low,Positive,not-distress,0.8652616739273071,0.5839032232761383
TREND SETTING SONG,low,Positive,not-distress,0.8647370338439941,0.43250739574432373
ಚಂದನ್ ಶೆಟ್ಟಿ ಟ್ರೊಲ್ ವಿಡಿಯೋ ನೀವು ನೋಡಿ ನೆಗಡ್ಡೆ ಇದ್ರೆ ನಾವ್ ಗ್ಯಾರಂಟಿ,low,Positive,not-distress,0.43272122740745544,0.4326799809932709
Yappa bhaya agutte,low,Mixed feelings,distress,0.7328506112098694,0.40571334958076477
ಗುರು ಉತ್ತರ ಕರ್ನಾಟಕ ಭಾಷೆ ದಾಗ ಗುಮ್ಮಿದಿ ಬ್ರೋ ಸೂಪರ್,low,Positive,not-distress,0.5054453909397125,0.8584512174129486
7 ವರ್ಷ ಕಷ್ಟಪಟ್ಟು ಮಾಡಿರೋ ಸಿನಿಮಾವನ್ನು ಸರಿಯಾದ ಸಮಯಕ್ಕೆ ಬಿಡುಗಡೆ ಮಾಡ್ಬೇಕಿತ್ತು ಸರ್... ಕೊರೋನಾ ವೈರಸ್ ಬಗ್ಗೆ ತಿಂಗಳ ಹಿಂದೆ ಮಾಹಿತಿ ಇತ್ತು.. ನನ್ನ ಪ್ರಕಾರ ಸಿನಿಮಾ ಸೋತಿದ್ದೇ ಆಗಿದ್ರೆ ಅದು ನಿಮ್ಮದೇ ತಪ್ಪಿಂದ... ಆದ್ರೆ ಇಂತ ಅದ್ಬುತ ಸಿನಿಮಾವನ್ನು ಇನ್ನೊಮ್ಮೆ ರಿ ರಿಲೀಸ್ ಮಾಡಿ ಸರ್....,low,Negative,not-distress,0.0,0.44855284690856934
Krishana  shapa tatteleebeku,low,Negative,not-distress,0.8639446496963501,0.8594658970832825
Sachien  karnatakada cinemadalli adbuta nata ivara tande nanu bala ista pado vekti abarigondu nanna abhinandane,low,Positive,not-distress,0.4509868323802948,0.4348454475402832
Supper i love my kannada ...,low,Positive,not-distress,0.5486767590045929,0.8653081655502319
ಅಬ್ಬಾ ಎಂತಹ bgm,low,Positive,not-distress,0.7847346067428589,0.8123807609081268
ಚಂದನ್ ಶೆಟ್ಟಿ ಟ್ರೊಲ್ ವಿಡಿಯೋ ನೀವು ನೋಡಿ ನೆಗಡ್ಡೆ ಇದ್ರೆ ನಾವ್ ಗ್ಯಾರಂಟಿ,low,Positive,not-distress,0.43426159024238586,0.4326799809932709
ನಾನು ಈ ಸಿನಿಮಾ ನೋಡಿದೆ.nನೀವೂ ನೋಡಿ.nಇಲ್ಲದಿದ್ದರೆ ಕನ್ನಡದ ಒಂದು ಒಳ್ಳೆಯ ಚಿತ್ರವನ್ನು ಮಿಸ್ ಮಾಡಿಕೊಂಡಂತೆ.nಇದೇ ಚಿತ್ರ ಬೇರೆ ಭಾಷೆಯಲ್ಲಿ ಬಂದಿದ್ದರೆ ಅದರ ಕಥೇನೆ ಬೇರೆ ಇರ್ತಿತ್ತು.,low,Positive,not-distress,0.4325183033943176,0.44787925481796265
ನನ್ನ ಪ್ರಕಾರ ಸಿನೆಮಾದ ಹೆಸರಿನ ಬಗ್ಗೆ ಇನ್ನಷ್ಟು ಗಮನ ಹರಿಸಬೇಕಿತ್ತು ಅನ್ನಿಸುತ್ತಿದೆ,low,Negative,not-distress,0.4415314793586731,0.46099740266799927
Tugari tippa super...,low,Positive,not-distress,0.8651435375213623,0.547655314207077
ತುಂಬಾ ಅನುಕೂಲ ವಾದ ನಟರಿದ್ದಾರೆ ನಮ್ಮ ಇಂಡಸ್ಟ್ರಿ nallinಸುದೀಪ್sir. ಪುನೀತ್ sir. ಶಿವಣ್ಣ. ಧರ್ಶನ್ ಸರ್ nಇಂತಹ ಹಿರಿಯ ಕಲಾವಿದರಿಗೆ ಬಿಸಿನೆಸ್ ಗೆ nಹೆಲ್ಪ್ ಮಾಡಿದ್ರೆ ಚೆನಾಗಿರೋಧು ಇನ್ಕ್ಲೂಡಿಂಗ್  syedh ಇಂದ್ರಜಿತ್ ಅವರಿಗೂ kooda ಸಹಾಯ ಮಾಡಬಹುಧಾಲ್ಲವೇ,low,Positive,not-distress,0.38541218638420105,0.7285545170307159
Nimman kelu adna,low,Negative,distress,0.7271740436553955,0.37046387791633606
Good song good making,low,Positive,not-distress,0.8651078343391418,0.8651078343391418
Idu charitre srastiso avatara,low,Positive,not-distress,0.8650880455970764,0.8651188015937805
ಜೈ ಆಂಜನೇಯ,low,Positive,not-distress,0.8625797629356384,0.8625797629356384
amazing music,low,Positive,not-distress,0.8649371862411499,0.8649371862411499
song's1 idena 🤔,low,Mixed feelings,distress,0.5704221129417419,0.025704562664031982
ದಿಯಾ ತುಂಬಾ ಚೆನ್ನಾಗಿ ಇದೆ ಎಲ್ಲರೂ ನೊಡಿ ಆದರೆ ಚಿತ್ರಕ್ಕೆ ಸರಿಯಾದ climax ಬೆಕಾಗಿತ್ತು,low,Positive,not-distress,0.4581538140773773,0.5626324713230133
@Kirankumarkk Gowda muchole sakku dengbeka bagsi,low,Negative,distress,0.7515974044799805,0.37580153346061707
ಸೂಪರ್ ಬ್ರೋ,low,Positive,not-distress,0.8653169870376587,0.8653169870376587
Rocking Kannada Movie,low,Positive,not-distress,0.865131139755249,0.865131139755249
ಅತ್ಯುತ್ತಮ ಸಹೋದರ ಹೀಗೆ ಇಂತಹ ದಂಡ ಪಿಂಡಗಳಿಗೆ ಇದೆ ರೀತಿ ಬುದ್ಧಿ ಕಳಿಸು ಯೋಧರ ಜೀವಕ್ಕೆ ಇಂತಹವರಿಂದ ಬೆಲೆ ಇಲ್ಲ ಟಿಕ್ ಟಾಕ್ ಬೇಕಂತ,low,Negative,not-distress,0.4670681357383728,0.8093626499176025
Superb movie i love this movie very much,low,Positive,not-distress,0.4432675242424011,0.8651329874992371
@Nandi Parthasarathi ಹಾದರಗಿತ್ತಿ,low,Mixed feelings,distress,0.7516440749168396,0.38971996307373047
Fab song...,low,Positive,not-distress,0.8651211857795715,0.8651211857795715
ಇದು ನಿಜಾನಾ ಗುರುವೇ,low,Positive,not-distress,0.7904675602912903,0.7904675602912903
ಅಣ್ತಮ್ಮ ಸೂಪರ್ ಆಗಿ ಉಗ್ಧಿದಿಯ. ಬೋಲೋ ಮಕ್ಳಿಗೆ. ಬಾರ್ಡರ್ ನಲ್ಲಿ ಅವ್ರ ಅಪ್ಪ ನೋ ಅಣ್ಣ ತಮ್ಮ ಯಾರಾದ್ರೂ ಇದ್ದಿದ್ರೆ ಇತರ matadtirlilla bolimaklu,low,Negative,distress,0.4225199520587921,2.1398067474365234e-05
Evarge tik tok elde kakkasu agola anusutte,low,Negative,distress,0.3561633229255676,0.40484192967414856
ತೊಗರಿ ತಿಪ್ಪ ಸೂಪರ್ ಗುರು,low,Positive,not-distress,0.8653366565704346,0.8653537333011627
ಮೊಸರು ನನ್ನ ಮಗನ ಫಸ್ಟ್ ಟ್ರೋಲ್ ಮಾಡಿ ಬ್ರೋ ಮತ್ತೆ ಈ ಟಿಕ್ ಟಾಕ್ ಸೂಳೆಮಕ್ಕಳು ನ ತಿಕಹೊಡಿ ಬ್ರೋ,low,Negative,not-distress,0.0,0.2716403603553772
Nannaga thubba bajaru sir‍‍‍‍‍‍‍‍‍‍‍‍,low,Negative,not-distress,0.8644558787345886,0.864558607339859
ಅಚ್ಚ ಕನ್ನಡ ಸಾಂಗ್ ಸೂಪರ್,low,Positive,not-distress,0.8650952577590942,0.8650952577590942
Odeya  avane srimannarayana nRakshit shetty =likenDarshan = dislikenJai DBoobs dagarshan,low,Mixed feelings,distress,0.7221150696277618,0.7478331625461578
Shankar Patil ಸುಪ್ಪರ,low,Positive,not-distress,0.8612856864929199,0.8612856864929199
ಥಿಯಾ ಸುಂದರವಾದ ರೋಮ್ಯಾಂಟಿಕ್ ಮಹಾಕಾವ್ಯವಾಗಿದ್ದು,low,Positive,not-distress,0.865126371383667,0.8651551604270935
ಕ್ಷಮಿಸಿ ದಿಯಾ ಟೀಮ್ .....,low,Mixed feelings,distress,0.7514280080795288,0.4073265790939331
ಪ್ರಜ್ವಲ್ ಹೊಸ ತನದ ಸಿನಿಮಾ ಇದೆ ಅನಿಸತ್ತೆ,low,Mixed feelings,not-distress,0.4282466173171997,0.8194024562835693
5 days trending,low,Positive,not-distress,0.8651759028434753,0.8651759028434753
ನಿಮ್ಮ ತಂದೆ ಸಾಕಷ್ಟು ದುಡ್ಡು ಮಾಡಿದ್ರು ಆದ್ರೆ ಬೇಡಿದರು ಕೆಲಸಗಳ ಅನಕ್ಷ ಕವಾಗಿ ಖರ್ಚು ಮಾಡಿ ಸೋಕಿ ಮಾಡಿ ದುಡ್ಡೆಲ್ಲಾ ನಾಲ್ ಮಾಡಿದ್ದೀರಾ,low,Negative,distress,0.7466076910495758,0.3875529170036316
ಯಾಕಲೇ ಮಗನೆ ಎಲ್ಲಾದ್ರೂ ಕಡಿದಿದೆಯಾ,low,Mixed feelings,distress,0.7517072558403015,0.3747948408126831
ಸೋಮಣ್ಣ ಸರ್....... ಮತ್ತೊಮ್ಮೆ ಅಭಿನಂದನೆಗಳು.... ಇವರು ಸಮಾಜಕ್ಕೆ ಒಂದು ಮಾದರಿ..... ತಾನು ಮಾಡುವ ಕಾರ್ಯದಲ್ಲಿ ಇರುವ ಹೆಮ್ಮೆ......,low,Positive,not-distress,0.4335716962814331,0.4332718551158905
ನಿಮಗೆ ಒಲೆಯದು ಆಗಲಿ ಸಾರ್,low,Positive,not-distress,0.8642540574073792,0.8647083342075348
Free fire lover like here,low,Positive,not-distress,0.8104628920555115,0.8104628920555115
@Nandi Parthasarathi ಓಹೋ ನಂದಿನಿ ನಿಂದು ಮಿಲ್ಕ್ ಪಾರ್ಲರ್ ಬೇರೆ ಇದಿಯಾ,low,Negative,distress,0.4400518238544464,0.37321895360946655
ತಗೋ ಗುರು ನಂದೊಂದು ಲೈಕ್,low,Mixed feelings,distress,0.6306371092796326,0.6666692197322845
@ֆաǟʍʏ ɢօաɖǟ ನಿಜ...nnಆದ್ರೆ ಆ ಗೆಲುವು ಇತಿಹಾಸ ಆಗ್ಬೇಕಂದ್ರೆ ಎಲ್ಲಾ ರೀತಿಯ ಪ್ರಯತ್ನಗಳು ಆಗಿರಬೇಕಾಗುತ್ತೆ,low,Positive,not-distress,0.0,0.0
ನಿಮ್ಮ ಅನಿಸಿಕೆಗೆ ನನ್ನ ನಮನಗಳು,low,Positive,not-distress,0.8649512529373169,0.8648139536380768
ಈ ಒಂದು ಸ್ಟೆಪ್ ಸಾಕು ಸಿನೆಮಾ ನೋಡಲು.. ಎಂತ ಮಾರ್ರೆ ಚೆನ್ನಾಗುಂಟು ಐತ ಸ್ಟೆಪ್ಪು,low,Positive,not-distress,0.43595853447914124,0.5131151676177979
Super guru,low,Positive,not-distress,0.8648634552955627,0.8648634552955627
masto togari tippa,low,Positive,not-distress,0.8582844734191895,0.5389092564582825
Concentrate on hindi promotion.. sir,low,Negative,not-distress,0.8572056293487549,0.8555673956871033
Namma kannada chitra ranga evrge olle avakasha galna kodli antha kelkotini,low,Positive,not-distress,0.5055922865867615,0.8645625114440918
ಯುದ್ಧ ಮಾಡಬೇಕು ಓದಬಾರದು ಕಟುಕರ ಮುಂದೆ ಭಗವದ್ಗೀತೆ ಎಂತಹ ಸಾಲುಗಳು,low,Mixed feelings,distress,0.6276002824306488,0.0
ಅದ್ಭುತ ಕನ್ನಡ ಸಿನಿಮಾ,low,Positive,not-distress,0.8648769855499268,0.8648769855499268
ನೀವೇ ಹೇಳಿರುವುದು100 ಪರ್ಸೆಂಟ್ ನಿಜ ಆದರೆ ಅಸಭ್ಯವಾಗಿ ಹೇಳದೆ  ಸಭ್ಯವಾಗಿ ಹೇಳಬಹುದಿತ್ತು,low,Negative,not-distress,0.28237447142601013,0.6965164244174957
ಕಮೂನಿಷ್ಟ ಸರ್ಕಾರವೇ ಒಳ್ಳೆಯದು ಅಲ್ಲಿ ರಾಜಕೀಯ ಇರಲ್ಲ ದೇಶದ ಅಭಿವೃದ್ಧಿ ಒಂದೇ ಗುರಿnನಮ್ಮ ದೇಶದ ಈ ಸ್ಥಿತಿಗೆ ಕಾರಣnn* ರಾಜಕಾರಣಿಯರು(ನೆಹರೂ ವಂಶಸ್ಥರು),low,Mixed feelings,distress,0.6714963018894196,0.0
Super song  anna🤓,low,Positive,not-distress,0.8649296164512634,0.8649296164512634
@Nandi Parthasarathi ನಂದಿನಿ ನಂದಿನಿ ನಿನ್ ತುಲ್ಲ್ ಗಲೀಜು,low,Negative,distress,0.7515825927257538,0.37583714723587036
ಸೂಪರ್ ಸಾಂಗ್  ಹುಲಿಯ,low,Positive,not-distress,0.8652361631393433,0.8652361631393433
Amazing Movie,low,Positive,not-distress,0.8648766279220581,0.8648766279220581
ಬ್ರೋ ಲೈಕ್ appa ಬ್ಯಾನ್ ಆಗಿಲ್ಲ ಯಾವಾಗ ಆಗುತ್ತೆ,low,Mixed feelings,distress,0.3913099765777588,0.0
ಅವನೇ ಶ್ರೀಮನ್ನಾರಾಯಣ ಚಿತ್ರವು ಶತದಿನ ಆಚರಿಸಲೆಂದು ಅಖಿಲ ಕರ್ನಾಟಕ ಪವರ್ ಸ್ಟಾರ್ ಅಪ್ಪು ಬಾಸ್ ಅಭಿಮಾನಿಗಳ ಕಡೆಯಿಂದ ಶುಭ ಹಾರೈಸುತ್ತೇವೆ...ಕೆ.ಮಂಜು ಆದಿವಾಲ,low,Positive,not-distress,0.43350887298583984,0.4328792989253998
Bindu gowdaaaaaa yakamma,low,Negative,distress,0.7514589428901672,0.3757294714450836
@Nandi Parthasarathiಲೆ ಹಾದರಗಿತ್ತಿ.... ನಿನ್ ತುಲ್ಲು ಊರು ಬಾಗ್ಲು ಅನ್ಸುತ್ತೆ,low,Negative,distress,0.37579089403152466,0.3758304715156555
En kathe kattutiya guru🤣🤣🤣🤣..... . Proof kodu sullu kathe katbeda,low,Negative,distress,0.3970680236816406,0.37927505373954773
ಸೂಪರ್ ಟ್ರೈಲರ್nಇಂಟರೆಸ್ಟಿಂಗ್ ಟ್ರೈಲರ್,low,Positive,not-distress,0.8652548789978027,0.4327472746372223
ಸಕ್ಕತ್ತಾಗಿ ಉಗಿತಿರ ಅಣ್ಣ 🤮🤮🤮ದೊಡ್ಡ ಸ್ಟಾರ್ ಥರ ಅಡಿತವೇ.....  ಥು........,low,Negative,not-distress,0.8575416207313538,0.8609089255332947
ಶಾಸನ ವಿಧಿಸಿದ ಎಚ್ಚರಿಕೆ nಈ ಹಾಡು ನಿಮ್ಮ ಡೇಟಾ ಗೆ ಹಾನಿಕಾರಕ,low,Negative,not-distress,0.8558739125728607,0.8559558093547821
ಇದು ಚರಿತ್ರೆ ಸೃಷ್ಟಿಸೊ ಅವತಾರ,low,Positive,not-distress,0.865423858165741,0.865423858165741
Waiting #ASN ......,low,Positive,not-distress,0.864743709564209,0.8647177219390869
ಈ ಚಿತ್ರದಲ್ಲಿ ಯಾವ್ ರೇಂಜ್ ಗೆ ಗ್ರಾಫಿಕ್ಸ್ ಮಾಡಿದ್ದಾರೆ ಅಂತ ಮತ್ತೊಬ್ಬ vfx ಆರ್ಟಿಸ್ಟ್ ಗೆ ಗೊತ್ತಾಗೋದು,low,Mixed feelings,distress,0.7473482191562653,0.0
First like,low,Mixed feelings,distress,0.6426424980163574,0.6426424980163574
Yen film  guru super,low,Positive,not-distress,0.8652240633964539,0.8652240633964539
ದರ್ಶನ್ ಅಭಿಮಾನಿಗಳ ಕಡೆಯಿಂದ ಆಲ್ ದ ಬೆಸ್ಟ್ ಆಲ್ ದ ಬೆಸ್ಟ್,low,Positive,not-distress,0.8652155995368958,0.8651792705059052
ಅದ್ಬುತವಾಗಿದೆ ಅವನೇ ಶ್ರೀಮನ್ನಾರಾಯಣ ಚಿತ್ರದ ಹಾಡು ಹ್ಯಾಂಡ್ಸಪ್,low,Positive,not-distress,0.4937478005886078,0.4324721693992615
Awesome song,low,Positive,not-distress,0.8645673990249634,0.8645673990249634
ಸರ್ ಅದು ಗೆದ್ದೇ,low,Positive,not-distress,0.7484248876571655,0.7484248876571655
ಚಂದನ್ ಶೆಟ್ಟಿ ಟ್ರೊಲ್ ವಿಡಿಯೋ ನೀವು ನೋಡಿ ನೆಗಡ್ಡೆ ಇದ್ರೆ ನಾವ್ ಗ್ಯಾರಂಟಿ,low,Positive,not-distress,0.43266627192497253,0.4326799809932709
supper  guru,low,Positive,not-distress,0.8650186061859131,0.8650186061859131
ಮಗ  ಹೀಗೆ ಮಾಡು ಡ್ಯಾಸ್ ಲೈಕ್ಸ್ ಸಿಗುತ್ತೆ,low,Mixed feelings,not-distress,0.4481203258037567,0.5266469419002533
Urkond Sai beku,low,Negative,distress,0.7517008781433105,0.405967116355896
ಯಾರೋ ಚೀನಾ ತು×× ಹುಟ್ಟಿರೋ ಮಕ್ಳು ೬ ದೀಸ್ ಲೈಕ್ ಮಾಡಿದಾರೆ,low,Negative,distress,0.42999476194381714,0.2797023355960846
ಏನ್ ತುಕಾಲಿ ಫ್ಯಾನ್ಸ್ ಮರ್ರೆ... ಟ್ರೈಲರ್ ಬಗ್ಗೆ ಕಾಮೆಂಟ್ ಮಾಡೋದು ಬಿಟ್ಟು... ಆ ಫ್ಯಾನ್ಸ್  ಕಡೆಯಿಂದ ಅಲ್ ದಿ ಬೆಸ್ಟ್... ಈ ಫ್ಯಾನ್ ಕಡೆಯಿಂದ ಆಲ್ ದಿ ಬೆಸ್ಟ್... ಥು ಇವ್ರ ಜನ್ಮಕ್ಕೆ,low,Negative,distress,0.37310636043548584,0.0
Superb song,low,Positive,not-distress,0.8648041486740112,0.8648041486740112
ಎಲ್ಲಾ  ಡಿ ಬಾಸ್ ಅಭಿಮಾನಿಗಳು  ಪ್ರಜ್ವಲ್ ನ ಈ ಸಿನಿಮಾ ನೋಡಿ ಆರೈಸಿ ಪ್ರಜ್ವಲ್ ನ ಈ ಸಿನಿಮಾ ದಾಖಲೆ ಗಳ ಸಿನಿಮಾ  ಸಾಲಿನಲ್ಲಿ  ಸೆರಲಿ,low,Positive,not-distress,0.43544134497642517,0.43380382657051086
ಮೂಢ ನಂಬಿಕೆ ಇರುವವರೆಗೂ ನಮ್ಮ ದೇಶ ಉದ್ದಾರ ಹಾಗಲ್ಲ,low,Negative,distress,0.6938837468624115,0.3757916986942291
I like song very much,low,Positive,not-distress,0.8638600707054138,0.8638600707054138
ಹೌದು ಸರ್ ಅಶ್ವತ್ಥಾಮ ಇನ್ನೂ ಬದುಕಿದ್ದಾನೆ,low,Positive,not-distress,0.858553946018219,0.44946229457855225
ಮುಂದೆ ರೆಕಾರ್ಡ್ ಮಾಡುತ್ತೆ ಈ ಮೂವಿ,low,Positive,not-distress,0.8641120791435242,0.8597652614116669
ಅನ್ನ. ನೀಡುವ ಯಾವ ಕೆಲಸವೂ ಕಡಿಮೆಯಲ್ಲ . ಶಂಕರರವರೆ ನಿಮ್ಮn ಸ್ವಾ ಭಿಮಾನಿ ಜೀವನಕ್ಕೆ  nನನ್ನ ದೊಂದು ಸಲಾಂ.,low,Positive,not-distress,0.5188419222831726,0.5599981844425201
ಚಂದನ್ ಶೆಟ್ಟಿ ಟ್ರೊಲ್ ವಿಡಿಯೋ ನೀವು ನೋಡಿ ನೆಗಡ್ಡೆ ಇದ್ರೆ ನಾವ್ ಗ್ಯಾರಂಟಿ,low,Positive,not-distress,0.43334507942199707,0.4326799809932709
ಬೇವರ್ಸಿ ಚೀನಾ ನನ್ನ ಮಕ್ಕಳು,low,Negative,distress,0.5863652229309082,0.35560762882232666
ಇದು ಚರಿತ್ರೆಯನ್ನು ಸೃಷ್ಟಿಸೋ ಅವತಾರ.,low,Positive,not-distress,0.8641064763069153,0.4894619584083557
@Kiccha Vitthal ಕಚ್ಚಾ ಸುದೆಪಿ,low,Mixed feelings,distress,0.7481225728988647,0.7498815655708313
Ultimate kannada movie super,low,Positive,not-distress,0.864937961101532,0.864937961101532
ನನ್ನ ಬಂದುಗಳೆ ಒಂದನ್ನು ನಾವು ತಿಳಿಲೇಬೇಕಾದ ಅವಶ್ಯಕತೆ ಇದೆ ಅದು ಏನಂದ್ರೆ ಮೊದಲಿಗೆ ಮನುಷ್ಯನಲ್ಲಿ ಅಥವಾ ಸಮುದಾಯದಲ್ಲಿ ಅಥವಾ ಒಂದು ದೇಶಕ್ಕೆ ನಾನು ದೊಡ್ಡವನು ಎಂಬ ಭಾವನೆ ಬಂದುಬಿಟ್ಟರೆ ಅದು ಕೇವಲ 200 ಅಥವಾ 300 ವರ್ಷಗಳಲ್ಲಿ ತನ್ನ ಸರ್ವನಾಶ ಮಾಡಿಕೊಂಡು ಬಿಡುತ್ತೆ. ಯಾಕೆ ಅಂದ್ರೆ ನೀವು ಇತಿಹಾಸ ನೋಡಿದಾಗ  ಮನುಷ್ಯನಲ್ಲಿ ಒಂದು ಆಸೆ ಬರೋದು ಸಹಜ ನಾನು ಎಲ್ಲರಿಗಿಂತ ದೊಡ್ಡವನಾಗಿ ಇರಬೇಕು ಬೇರೆಯವರಿಗಿಂತ ಎತ್ತರಕ್ಕೆ ಬೇಳಿಬೇಕು ಎಂದು ಇದೆ ಭಾವನೆ 1200 ವರ್ಷಗಳ ಹಿಂದೆ ಅರಬ್ ದೇಶದ ಮುಸ್ಲೀಂ ಧರ್ಮದ ಜನರಲ್ಲಿ ಬಂದು ಅಂದಿನ ಹಿಂದೂಗಳ ದೇಶವಾದಂತ ಭಾರತ,low,Positive,distress,0.412947416305542,0.0
ಕನ್ನಡದಲ್ಲಿ ಪ್ರತಿಭೆಗಳಿಗೆ ಕೊರತೆಯಿಲ್ಲ,low,Positive,not-distress,0.8644445538520813,0.8644445538520813
basavanneyya pujar Howdu huliya,low,Mixed feelings,distress,0.7513031363487244,0.0
@Nandi Parthasarathi ಅಲಾ ಹಾದರಗಿತ್ತಿ ನಿಮ್ಮದು ದೊಡ್ಡ ತುಲ್ಲು ಬಿಡೆ,low,Negative,distress,0.7516041994094849,0.37584173679351807
Super song bro,low,Positive,not-distress,0.8650076389312744,0.8650076389312744
ರಣಧೀರ ನೆನಪಾದ ರಕ್ಷಿತ ಜಾದಲಿnರಣಭೇಟೆಯಾಡುವ ರಾಕ್ಷಸ ದಾರಿಯಲಿnರಕ್ತಚರಿತ್ರೆಯೋ ರಕ್ಕಸನ ಕಥೆಯೋnನಿಗೂಢ ಮನೆಯೊಳಗೆ ನಡುಕ ಹುಟ್ಟಿಸೋnಸಿನೆಮಾ ಪರದೆಯ ಹಳುಗುಣಿಯೊ.....,low,Positive,distress,0.5959068238735199,0.279487282037735
Keli kadiruva bandhavarenBhuviyalli avana aritavarenYarilla bidi,low,Negative,distress,0.751584380865097,0.3748569190502167
NKn idddu ಟ್ರೋಲ್ ಅಂದ್ರೇ...  ಬ್ರೋ ನಾನು ಟಿಕ್ ಟಾಕ್ ಗೆ ಅಡಿಕ್ಟ್ ಆಗಿದ್ದೇ... ಬಟ್ ನಮ್ ದೇಶಕ್ಕಿಂತ ದೊಡ್ದಲ್ಲ  ಈ ಟಿಕ್ ಟಾಕ್... ಅಷ್ಟೇ... ಇನ್ನೋಂದ್ ವಿಷ್ಯ ನಮ್ ದೇಶದ್ ರೊಪೊಸೋ ಡೌನ್ಲೋಡ್ ಮಾಡಿ ಓಪನ್ ಮಾಡಿ ನೊಡುದ್ರು... ಅವ್ನಮ್ಮನ್  ಆ ಕಿತ್ತೋದ್  ಮುಂಡೇ ಬಿಂದು ಗೌಡ... ಅದ್ರಲ್ಲೂ ಸಾಯ್ತಾವ್ಳೇ ಗುರು.... ಅವ್ಳ್ಳಿಗೇ ಏನಾದ್ರು ಮಾಡಿ ಫೋನ್ ಯುೂಸೇ  ಮಾಡ್ಬಾರ್ದು ಆ ತರ ಟ್ರೋಲ್ ಮಾಡಿ ಬ್ರೋ....  ಅವ್ನಮ್ಮನ್ ಹಂದಿ ತಿಕದ್ ತರ ಇರೋ ಮೂತಿನ ನೊಡಕ್ಕಾಕ್ತಿಲ್ಲ....,low,Negative,distress,0.37581300735473633,1.0699033737182617e-05
ಎರಡು ಒಳ್ಳೆಯ ವಿಷಯಗಳು ಆಗಬೇಕು ಇವಾಗn1. ದಿಯಾ ಮತ್ತೆ ರಿಲೀಸ್ ಆಗಬೇಕುn2. ಕೊರೋನಾ ನಿಯಂತ್ರಣ ಆಗಬೇಕು.,low,Positive,not-distress,0.7566653788089752,0.7593808472156525
ಸೂಪರ್ ಆಗಿ ಹೇಳಿದ್ದೆ ಗುರು,low,Positive,not-distress,0.8653704524040222,0.4919095039367676
ಕನ್ನಡ ಚಿತ್ರರಂಗದ ಹೆಮ್ಮೆ ಪಡುವಂತಹ ಕೆಲಸ,low,Positive,not-distress,0.864955723285675,0.4746382236480713
Yaru thuldeepanna 🤣🤪,low,Mixed feelings,distress,0.7487813830375671,0.016653597354888916
ರಕ್ಷಿತ್  ಶೆಟ್ಟಿ  ಸೈಲೆಂಟ್  ಕಿಲ್ಲರ್,low,Positive,not-distress,0.8651875257492065,0.6122224926948547
One next level movie🤑🤑,low,Positive,not-distress,0.8647383451461792,0.8647383451461792
So sad. Sir....,low,Negative,not-distress,0.864605188369751,0.864605188369751
ಒಬ್ಬ ನಾಯಕನ ಕಥೆಯಲ್ಲಿ ೨ ಯುದ್ದ ಬರುತ್ತೆ ಸಾನ್ವಿ ಬಂದ್ಮೇಲೆ ಒಂದು ಇನೊಂದು ಸಾನ್ವಿ ಹೋದಮೇಲೆ ಅವನೇ ಶ್ರೀಮನಾರಯನ್,low,Positive,not-distress,0.4405291974544525,0.8603133261203766
tandhege takka maga,low,Positive,distress,0.7516869306564331,0.38110804557800293
ಅನಿಸುತ್ತೆ ಬಂದಹಾಗಿದೆ ರಚಿಸಲು ಹೊಸ ಶಾಸನnಮೆರೆಯಲಿ ಗಗನದಿ ನಿಮ್ಮದೆ ಲಾಂಚನ,low,Positive,not-distress,0.37960731983184814,0.7596791684627533
Pakka365 day  percent,low,Positive,not-distress,0.5735147595405579,0.0231112539768219
ಲವ್ ಯು ಬಾಸ್  ಸೂಪರ್,low,Positive,not-distress,0.8652212619781494,0.8652212619781494
@Nandi Parthasarathi ಬಂದ್ರೆ ತಿಕಾ ದೆಂಗ್ತಿನಿ ಎಷ್ಟೇ ನಿನ್ ರೇಟು ಹಡ್ಬಿ ಸೂಳೆ.... ಆ ಲುಚ್ಛನ್ ಫ್ಯಾನ್ ಅಂತೇ... ಅವುಂದು ತುಣ್ಣಿ ಉಣ್ಣು ಹೋಗಿ ಲೋಫರ್ ಸೂಳೆ,low,Negative,distress,0.3758077919483185,0.3602655529975891
ಅರ್ಜುನ್ ಜನ್ಯ ಅವರೇ ನೋಡಿ ಅಜನೀಶ್ ಲೋಕನಾಥ್ ಅತ್ರ ಹೋಗಿ ಮೂಸಿಕ್ ಮಾಡೋದನ್ನ ಕಲಿಯಿರಿ 🤣n#Odeya movie ಗೆ ಏನ್ ಮ್ಯೂಸಿಕ್ ಕೊಟ್ಟಿದಿಯ ಸ್ವಾಮಿ........... ತೂ 🤭🤭,low,Negative,not-distress,0.0,0.43044188618659973
ಕ್ಲೈಮಾಕ್ಸ್ ಚೇಂಜ್ ಮಾಡಿ ರೀ ರಿಲೀಸ್ ಮಾಡಿ ಚಿತ್ರ ಸುಪರ್ ಹಿಟ್ ಆಗುತ್ತೆ ಗ್ಯಾರೆಂಟಿ,low,Positive,not-distress,0.8649563193321228,0.5335370302200317
Howdu howdu howdu...,low,Mixed feelings,distress,0.7517348527908325,0.7517136335372925
ತುಂಬಾ ಚೆನ್ನಾಗಿ ಬೈದ್ರಿ ನಿಮ್ಮ ಒಂದೊಂದು ಮಾತು ಮುತ್ತಿನಂತದ್ದು.......,low,Positive,not-distress,0.5436015427112579,0.5960910618305206
ಈ ಚಿತ್ರದಲ್ಲಿ ಯಾವ್ ರೇಂಜ್ ಗೆ ಗ್ರಾಫಿಕ್ಸ್ ಮಾಡಿದ್ದಾರೆ ಅಂತ ಮತ್ತೊಬ್ಬ vfx ಆರ್ಟಿಸ್ಟ್ ಗೆ ಗೊತ್ತಾಗೋದು,low,Positive,distress,0.746775209903717,0.0
ಒಬ್ಬ ನಟ  ಡ್ರೈವಿಂಗ್ ಮಾಡ್ತಿದಾರೆ ಇದು ನೋವಿನ ಸಂಗತಿ ಒಪ್ಪೀ ಕೊಳ್ಳೋಣ.  ಆದ್ರೆ ಒಬ್ಬ ಸಾಮಾನ್ಯ ಮನುಷ್ಯ ಡ್ರೈವಿಂಗ್ ಮಾಡ್ಕೊಂಡೆ ಜೀವ್ನ ಮಾಡ್ತಿರ್ಥನೆ ಅನ್ನೋದನ್ನ ಮರೀಬೇಡಿ ಸ್ನೇಹಿತರೆ,low,Positive,distress,0.7035760581493378,0.0
ಚಂದನ್ ಶೆಟ್ಟಿ ಟ್ರೊಲ್ ವಿಡಿಯೋ ನೀವು ನೋಡಿ ನೆಗಡ್ಡೆ ಇದ್ರೆ ನಾವ್ ಗ್ಯಾರಂಟಿ,low,Positive,not-distress,0.43426159024238586,0.4326799809932709
ವಾವ್ ನೈಸ್ ಸಾಂಗ್,low,Positive,not-distress,0.864887535572052,0.864887535572052
ನನಗೆ ತುಂಬಾ ಇಷ್ಟವಾದ ಚಿತ್ರ ದಿಯ,low,Positive,not-distress,0.8652175664901733,0.8651889264583588
ಚಮಯ್ಯ ಮೇಸ್ಟ್ರು ಅವರ ಆಶೀರ್ವಾದ ಯಾವಾಗಲೂ ಇರುತ್ತೆ ನಿಮ್ಮಲ್ಲಿ ಸ್ವಾಭಿಮಾನ ಇದೆ ಆಗು ನಿಮ್ಮಲ್ಲಿ ಒಂದು ಛಲ ಇದೆ,low,Positive,not-distress,0.4410599172115326,0.45471373200416565
ಕಲ್ಪನಾಲೊಕಕ್ಕೆ ಮಿತಿ ಇಲ್ಲ...  ತೊಗರಿ ತಿಪ್ಪ ನಾಟಕ ಮನೆಮಾತಾಗಿತ್ತು....ದನ್ಯವಾದಗಳು,low,Positive,not-distress,0.5271321833133698,0.47161054611206055
ನೋವು ನಲಿವಿಗೆ ಕಾರಣ...nಅವನೇ ಶ್ರೀಮನ್ನಾರಾಯಣ,low,Positive,not-distress,0.8647235631942749,0.44777965545654297
Thanks for likes,low,Positive,not-distress,0.8623668551445007,0.8623668551445007
supar togari tippa,low,Positive,not-distress,0.8652403950691223,0.531075656414032
@Ŕävîñđŕå_02_GøWđřú ನಿನ್ ಹೆಂಡ್ರು ತುಲ್ಲಗೆ ಏನ್ ಇವಾಗ,low,Negative,distress,0.7515802383422852,0.37958261370658875
Super energetic song,low,Positive,not-distress,0.8648176789283752,0.8648176789283752
ಸಾಂಗ್ ಸೂಪರ್ ಆಗಿ ಆಡಿದಿರ ಅಣ್ಣ,low,Positive,not-distress,0.8653243184089661,0.49955618381500244
LOVE FROM KICCHA FANS🥰,low,Positive,not-distress,0.8625032305717468,0.4312516152858734
ಸಂಪೂರ್ಣ ಮಾಹಿತಿ ಅಣ್ಣಾ ಧನ್ಯವಾದಗಳು,low,Positive,not-distress,0.865174412727356,0.8651805520057678
ಸರ್ ನಿಮಗೂ ನಿಮ್ಮ ಕುಟುಂಬಕ್ಕೂ ತಾಯಿ ಚಾಮುಂಡೇಶ್ವರಿ ಆರೋಗ್ಯ ಆಯುಷ್ಯ ಕೊಟ್ಟು ಕಾಪಾಡಲಿ...,low,Positive,not-distress,0.4318188428878784,0.4086713194847107
ಈ ಚಿತ್ರವನ್ನು ಮತ್ತೊಮ್ಮೆ ಚಿತ್ರಮಂದಿರಗಳಿಗೆ ತನ್ನಿ ನಮ್ಮ ಕನ್ನಡಿಗರು ಕೈಬಿಡುವುದಿಲ್ಲ ಮತ್ತೊಮ್ಮೆ ರಿಲೀಸ್ ಮಾಡಿ,low,Positive,not-distress,0.45681142807006836,0.412783682346344
ಟೀವಿ ನೈನ್ ಕನ್ನಡದಲ್ಲಿ ಈ ವಿಚಾರ ತೋರಿಸಿದ್ದಾರೆ,low,Positive,not-distress,0.43474331498146057,0.8640889823436737
Avanilade enu illa ee bhoomimele,low,Positive,distress,0.7516515851020813,0.3758357763290405
ಹೌದೋ ಹುಲಿಯಾ,low,Mixed feelings,distress,0.7516647577285767,0.7516647577285767
Raksihth settru super..............dooper..,low,Positive,not-distress,0.8653119206428528,0.865287721157074
ಸ್ವಾಭಿಮಾನದಿಂದ ಬದುಕೋದು ಮನುಷ್ಯನ ಅಸಲಿ ಗುಣ ಇದನ್ನು ಎಲ್ರು ಅಳವಡಿಸಿಕೊಳ್ಳಬೇಕು,low,Positive,not-distress,0.8532475233078003,0.8537327945232391
ಹೌದು ಸ್ವಾಮಿ ಇಂತ ನನ್ ಮಕ್ಕಳಿಗೆ ಎಷ್ಟು ಉಗಿದರೂ ಬುದ್ಧಿ ಬರಲ್ಲ ನಮ್ಮಲ್ಲೇ ಹೌರೆ ಶತ್ರುಗಳು ಐ ಡೋಂಟ್ ಲೈಕ್ ಚೈನಾ,low,Negative,not-distress,0.42649880051612854,0.806013435125351
ಹಳೆ ಶಿಕಾರಿ ಸಿನಿಮಾ nodidira yaradru,low,Mixed feelings,not-distress,0.8625243902206421,0.8637327551841736
ಕನ್ನಡ ಚಿತ್ರರಂಗ  ಬೆಳವಣಿಗೆ ಸುರು ಆಯ್ತು ಜೈ ಕನ್ನಡಾಂಬೆ,low,Positive,not-distress,0.435197114944458,0.43425339460372925
Super  songs,low,Positive,not-distress,0.864891767501831,0.864891767501831
ಎಲ್ಲಿ ಮಂಗಳ ಗ್ರಹದವರು ಅನ್ಕೊಂಡಿದ್ದೆ..,low,Mixed feelings,distress,0.6307153701782227,0.015057563781738281
ಎಲ್ಲರಲ್ಲೂ ಡ್ಯಾನ್ಸ್ ಮಾಡುವ ಭಾವನೆ ಹುಟ್ಟಿಸುವ ಹಾಡು ಮತ್ತು ಮ್ಯುಸಿಕ್ - ವಿಜಯ್ ಪ್ರಕಾಶ್ ವೈಸ್ ಸೂಪರ್,low,Positive,not-distress,0.43303367495536804,0.432770699262619
