text,bucket,label,prediction,top_n,lime_faithfulness_score,shap_faithfulness_score
RAKSHIT ABHIMAANIGALE!! Yaaru yaaru aa signature stepna try maadidiro illi like maadi!!,high,Positive,not-distress,3,0.8617153465747833,0.4589841365814209
Correct agi helidera super 🤣🤣,high,Positive,not-distress,3,0.8650061786174774,0.8650553226470947
Niv supper boss,high,Positive,not-distress,3,0.8652525544166565,0.8651141822338104
Hing dance madidre ..... mugitu kathe....,high,Negative,distress,3,0.3674777150154114,0.0
Super bro e nayiigulu erodrindane nam desha uddar agilla once again super bro,high,Negative,not-distress,3,0.8650459349155426,0.8650769293308258
Ur super sir..but ಒಂದ hit movi kodi sir navu adakoskara kaetidivi....,high,Mixed feelings,not-distress,3,0.4423138499259949,0.43628600239753723
Hands up ಇವ ಚರಿತ್ರೆ ಸೃಷ್ಟಿಸೋ ನಾರಾಯಣ,high,Positive,not-distress,3,0.8651408553123474,0.43337833881378174
super song sir. rakshith shetty sahebara fans ella like madi.,high,Positive,not-distress,3,0.43277931213378906,0.4327796697616577
En helde guru it's true,high,Mixed feelings,distress,3,0.3654090166091919,0.0
No.. 1 sec saku summe mnt ella waste madtara,high,Negative,distress,3,0.4584525227546692,0.3600919544696808
ಸೂಪರ್ ಗುರೂ ಯೆನ್  ಸ್ವರ ಗುರೂ ನಿಂದು   Iam u r big fan  ur thinking  bro,high,Positive,not-distress,4,0.8651071190834045,0.8650297820568085
OLA marma? leay thu OLA na promote maadoke isht dodd message haktyeno? D boooos fans na nodi kalthko.....avrella huttidaagle amman akkan antha pure kannada words kalthu bandirodu......,high,Negative,distress,7,0.38096755743026733,0.27405092120170593
en music guru,high,Mixed feelings,distress,3,0.7453952431678772,0.7453952431678772
yen guru nam kannada film industry na yellaru seri bere level ge tagondu hogthaa iddare... superb music,high,Positive,not-distress,4,0.8648278117179871,0.8648278117179871
Super agi roast madidiya guru.,high,Positive,not-distress,3,0.8651176989078522,0.8650220036506653
@Syed Akbar hello srk athava salman khan fan... Ninge race 3 ne sari... nnnnSuper story alvaa race 3,high,Negative,not-distress,4,0.0,0.0
Togari tippa story super,high,Positive,not-distress,3,0.44434279203414917,0.454339861869812
Super guroonSakkattagittu video. ...,high,Positive,not-distress,3,0.4839016795158386,0.43246984481811523
naavu childhood days valag e story kelidde,high,Positive,not-distress,3,0.861424595117569,0.8558005690574646
Please intha cinemagalannu     gellisona ......namma hemmeya Kannada cinema,high,Positive,not-distress,3,0.43519070744514465,0.43391153216362
Bro sorry ond matu nang eetara troll madodu ella ishta agtirlilla first time nimm videos nodi sakkath kushiaytu nd ur video really give a good msg,high,Mixed feelings,distress,6,0.7421011030673981,0.3732510209083557
Views tumba kadime ide.,high,Negative,distress,3,0.751608282327652,0.3666810095310211
ಶೇಕಡ 100(%) ರಷ್ಟು viruses na China ಉತ್ಪನ್ನ ಮಾಡುತ್ತೆ.....,high,Negative,distress,3,0.3786565363407135,0.2823466360569
Super guru hinmele  nanu nimmn Abimani guru,high,Positive,not-distress,3,0.8651112616062164,0.8650455474853516
@Nandi Parthasarathi adu oscar ascar alla..🤣 graphics ge pakka oscar kodtare🤣,high,Negative,distress,3,0.7516487836837769,0.3759702444076538
Olledu ond pan India movie madro sumne yak eneno madkondu...,high,Negative,distress,3,0.7516980767250061,5.644559860229492e-05
ನೋಡ್ತಾ ಹೋದ್ರೆ ಸಾವಿರಾರು lyrical video ಗಳು,high,Mixed feelings,not-distress,3,0.8199930489063263,0.8051550090312958
En super movie sir edu....ond ond seen kuda mans mutto tara ede,high,Positive,not-distress,3,0.8643578290939331,0.8644101321697235
Yalla kannadigarugu ansthithu bere bashe movies maddohange yak namma kannada movies maddalla antha.. but evagaaa yak bere bashe movies nodbeku antha ansoke shuruuu agbhitidhe alva Karnataka???,high,Negative,distress,6,0.7515813410282135,0.37586283683776855
@Ambrish Mallad luccha fans nimma luccha suderpdu movie nodo Ella flop agtive side actor get fit baavali age eddane balegaara correctagi tindu barlike hell baavali🤣🤣,high,Negative,distress,6,0.7516282498836517,0.3925229609012604
Yav Ree dislike kodoru kannada movies belibek fist kannada next hero's elru nammavare...,high,Positive,not-distress,3,0.0,0.7563715279102325
Lo gaandu nan magne d boss fans yake sata tariyoke dislike madtara nBere avru nodi urkolokke en avru bucket and balegara fans he,high,Negative,distress,6,0.37471529841423035,0.0
Boli maklu yellaaa mobile ally nodtha edre énna theatre ge bandu yelli nodthaare,high,Negative,distress,3,0.3758121728897095,0.3757082521915436
Yalla hero fans e movie naa support madtini annoru like madi,high,Positive,not-distress,3,0.8591325581073761,0.8591271936893463
Kaytidde bro Yarana  lyrics aktara anta 🥰🥰tq,high,Positive,not-distress,3,0.8650153279304504,0.43252331018447876
Nim song antu super 🤝,high,Positive,not-distress,3,0.8652116358280182,0.6008738577365875
Insta link ಅಕಿದ್ದೀನಿ ನೋಡಿ bro ಅಲ್ಲಿ ಬಂದು,high,Mixed feelings,not-distress,3,0.7312117516994476,0.37681686878204346
Hats of Shankar Ashvath Sir.nimma e swabimaanada jeevana Sukakarawaagi Saagali.,high,Positive,not-distress,3,0.4326874613761902,0.4325927495956421
E video na unlike madoru nijavaglu kannads davaru ala,high,Negative,distress,3,0.4269433617591858,0.7043103873729706
Startup start maadalu capacity growth maadalu tips kodi . Ondu separate video maadi .pls,high,Positive,not-distress,4,0.8646366000175476,0.44520971179008484
Game name yavdu bro...,high,Mixed feelings,distress,3,0.751715749502182,0.37582066655158997
Ayyo gubalgala only tiktok tiktok antha odkotavre only not tiktok 59 apps ban agirodu,high,Negative,distress,4,0.3758421540260315,0.0
Modlu ee chinese apps galna india dalli ban madbeku...,high,Negative,distress,3,0.3922381103038788,0.38102054595947266
Ondu varshakke 1or2 film madodkintha entha ondu olle film madidre kannada industry ellige ogutthe,high,Positive,distress,4,0.012063294649124146,0.0
Yanta jana brother nam deshakkoskara 1 app delete madoke agalva avarige,high,Negative,distress,3,0.4538567066192627,0.3754618763923645
Super song.....with dance sakathagide,high,Positive,not-distress,3,0.4912983179092407,0.4325416386127472
Howdu movie Adbhuta..... tumba chennagide..... but ending swalpa disturbing ansatte..... adi and diya ondagiddidre innu chennagirtittu..... Elru tumba chennag act madidare,high,Negative,distress,5,0.32350873947143555,0.0
Ayyoo.  Teligram nalli 10 ralli 9 jana nodidaare..n Matte naanu 12 saari nodidini ..what a movie ya... Mother sentiment,high,Positive,not-distress,5,0.4977757930755615,0.4679774343967438
First hog film nodu. Amele yen bekadru comment madu.,high,Mixed feelings,distress,3,0.0,0.3715195953845978
Super sir namge thumba istavada kathe nam parents ge kelisbeku aadastu bega idanna,high,Positive,not-distress,3,0.4582115709781647,0.5544055700302124
Nimage aa devaru olledu madali Appaji...nNimma matugalu keli nange 100% Dairya bantu appaji thank you for your inspiration,high,Positive,not-distress,4,0.44304177165031433,0.4369908571243286
Banda  #AvanesrimannarayananAll the best,high,Positive,not-distress,3,0.508043497800827,0.4403363764286041
Mr naveen raj Yenu nim Uddesha??n Nanu D BOSS Fan,high,Mixed feelings,not-distress,3,0.5604017674922943,0.002980172634124756
Nammaneg bandidda mare full party,high,Positive,not-distress,3,0.8652884364128113,0.4327017664909363
Delete hadru nanu downloade made,high,Negative,distress,3,0.7455754578113556,0.3750191032886505
Comedy aggie nodorige comedy nee,high,Negative,not-distress,3,0.5793249309062958,0.8571338355541229
ನನ್ನ ಕಣ್ಣಂಚ್ಚಲಿ ನೀರು ಬಂತು..Sir ur great,high,Positive,not-distress,3,0.8648812174797058,0.8649211823940277
@Creative Kannadiga  le gubald atte Alla magalaganda andangaitu,high,Negative,distress,3,0.7515941560268402,0.37817147374153137
nim taste gottaythu.. nthaavu dandupalya-5 ge wait maadta idiri alva,high,Mixed feelings,distress,3,0.0,0.0
Neen super guru🤩🤣,high,Positive,not-distress,3,0.8648512363433838,0.5213035345077515
Hamsalekha feel yarige bantu like madi...,high,Positive,not-distress,3,0.8112099766731262,0.8389500081539154
Idu kgf beat madutte annoru like here,high,Positive,not-distress,3,0.4159109592437744,0.8484660387039185
Hands  up annodu heno bosudike,high,Negative,distress,3,0.0,0.0
@Prasad Raj tulunad and kannada bashe meli abhimana super guru,high,Positive,not-distress,3,0.41160744428634644,0.864347517490387
Kannada ne best adrallu kannada songs adre hen andkondodira,high,Positive,not-distress,3,0.5066591799259186,0.5066591799259186
open song edde agirlli n super music  super stepn         Bharjari gidde SongnnNalle release movie All the best  God bless you nn Dhruva Sarja Abhimanigallindan  Jaiii Anjaneya,high,Positive,not-distress,6,0.4338877499103546,0.43285274505615234
En guru nin line's galu super agi helidiyaa bidu,high,Positive,not-distress,3,0.4737814962863922,0.4828474521636963
Sir ond compeny yalli kelsa madidra gov employes labor officer bookmadkond laber ge 5000 salry kotre employe mane  est kasta alva. yava gov sarilla sir nav egga comment madkondu saibeku aste,high,Negative,distress,8,0.37323787808418274,0.37579861283302307
Anna super agi edit madidiya,high,Positive,not-distress,3,0.8637954294681549,0.8643951416015625
Remake movie ansthe,high,Negative,not-distress,3,0.8627668619155884,0.8634700775146484
ಸೂಪರ್ ಗುರು vp voice ultimate,high,Positive,not-distress,3,0.46338751912117004,0.8652190864086151
En song guru fidha agode....Idhu charithre srustiso avatharaaa... Signature step shuruhachkoli inna..,high,Positive,not-distress,3,0.4336385130882263,0.4325557053089142
Nimma customer reactionna video maadi youtube channel open maadi upload madi sir,high,Positive,not-distress,3,0.4336397349834442,0.4308130145072937
Supr bro aadhh yen kannadaa aaadhh yen punch waaaaa supr bro,high,Positive,not-distress,3,0.5087854862213135,0.48950985074043274
Sir nivu news helida hage heltiri sir,high,Negative,not-distress,3,0.3389720022678375,0.7715477645397186
Genuine information nimdhu,high,Positive,not-distress,3,0.8619039058685303,0.8628856241703033
@chetan kumarab guru ve.... aha comment maddhavn hesru nodo....nanalla kano,high,Mixed feelings,distress,3,0.39286744594573975,0.7516296207904816
jana theatre ge bandilla aadrinda collection kadime aagide,high,Mixed feelings,distress,3,0.3770478367805481,0.37578925490379333
Guru China rajakiya vyavaste bagge video madi,high,Positive,not-distress,3,0.8417800664901733,0.8420546650886536
D bosss fans kade inda all the best prajju,high,Positive,not-distress,3,0.8651799559593201,0.8650614023208618
Bindu gowda ge super agi ugididdeera,high,Negative,not-distress,3,0.43298545479774475,0.8595908284187317
Yes hange kick kodta hogutte.. ಒಳ್ಳೆ synch ಮಾಡಿದ್ದಾರೆ..,high,Positive,not-distress,3,0.554989218711853,0.3385865092277527
Kannada promotion beda.. Kannadigaru nimmana gellistare,high,Positive,not-distress,3,0.8633042871952057,0.43296343088150024
Modalu prana mukya amele cinema... Plz don't lose hope DIYA chitratanda.... Wait for time,high,Mixed feelings,not-distress,4,0.3637441098690033,0.7574672102928162
Hand up bro.... super agide bro Namma Kannada movie adre sumanena,high,Positive,not-distress,3,0.4327123463153839,0.4326677918434143
Supper  p boss... Yar unlike madidhare nodi.. urkondu saytor anta,high,Negative,not-distress,3,0.7621106207370758,0.7624036371707916
Bro tik tok tirga bandida bro nijvagluindia dali,high,Mixed feelings,distress,3,0.3869931399822235,0.7517049014568329
Edu yav game sir..,high,Mixed feelings,distress,3,0.30830734968185425,0.0
D boss movie henge irli fans hatrikk maadtare pakka,high,Positive,not-distress,3,0.8649820387363434,0.8649820387363434
Dina 7-8  sala song kelisikontini.,high,Positive,not-distress,3,0.4508545994758606,0.4354188144207001
ಹತ್ತು ವರ್ಷ strict  president rule ಬರಬೇಕು.,high,Mixed feelings,distress,3,0.7384255826473236,0.35371270775794983
Enta song guru idu super,high,Positive,not-distress,3,0.8652684092521667,0.8652746975421906
Tuu avr sentiment na touch madi kaan neer haksi adana cover photo madi view tagotira,high,Negative,distress,4,0.7516515851020813,0.3129115402698517
Kannada film industry indialle no 1 agutte,high,Positive,not-distress,3,0.46993306279182434,0.8623055815696716
Guru namaskara ennu chennagi tale dhengu.sonu Gowda bin*** Gowda evarge ennu tale li brain Ella anusutte,high,Positive,distress,4,0.0,0.0
Boss jote yaar chennagirtaro avrigella nam d boss fans yavaglu support made madtare alva bro,high,Positive,not-distress,4,0.8516815602779388,0.8500696122646332
10 dubbing movie barudakkintha 1 e thara movie bandare sakku.,high,Positive,not-distress,3,0.0,0.6933335959911346
Well said part 2 madu chinna.. chanagide,high,Positive,not-distress,3,0.8652878403663635,0.5140421986579895
E song Alli dislike mado antadu enide,high,Negative,distress,3,0.36986321210861206,0.39165791869163513
Yarella e hadige edict agidira like Madi,high,Positive,distress,3,0.31827348470687866,0.3354889154434204
Crazy  guru ninu,high,Mixed feelings,not-distress,3,0.8632427453994751,0.8632088005542755
En guru edu song super,high,Positive,not-distress,3,0.8652382493019104,0.8652382493019104
I feel jasti bitta kottri... Bari  lyrical video sakagittu,high,Negative,distress,3,0.39678269624710083,0.3514898419380188
Lo gube don't compare anyone yellaru namma kannada super star,high,Negative,not-distress,3,0.8303905427455902,0.830305427312851
Bgm super ide ಶೆಟ್ರೇ,high,Positive,not-distress,3,0.43940237164497375,0.865317314863205
Super agi helidiya guru,high,Positive,not-distress,3,0.6034380793571472,0.8650528192520142
Kannada industry is next level ivaga yaru alladsak agalla Kannada industry na,high,Positive,not-distress,3,0.4336365759372711,0.4328044652938843
Waaa Super super Rakshit sir And ajaneesh lokanaath Anna Music super,high,Positive,not-distress,3,0.43250012397766113,0.43241530656814575
Rakshith Shetty fans ondu like kodi nn,high,Positive,not-distress,3,0.8651780188083649,0.44033825397491455
Dia nan recent aagi nodiro moviegalalli Adbutha,high,Positive,not-distress,3,0.712644100189209,0.737277090549469
Guru super.... Evarige chenaag ittidiyaa,high,Positive,not-distress,3,0.4350018799304962,0.4360376000404358
Please ಇನ್ನೊಂದು ಸಾರಿ re release Maadi.,high,Positive,not-distress,3,0.8578190803527832,0.8569197952747345
Trailer nalle full story gottagbidttu...trailer bere tara try madbekittu,high,Negative,not-distress,3,0.6815675497055054,0.6832908987998962
Guru ninge naanu Dodda fan,high,Positive,not-distress,3,0.7935774028301239,0.8574506640434265
Howdu bro app uninstall madudrea avrig amount hogodu kamiagutea plzzzzz uninstall Madi beavarce appp Adu thuuuuu,high,Negative,distress,4,0.7508125603199005,0.738798588514328
Guru ninu super,high,Positive,not-distress,3,0.8652752041816711,0.8652385473251343
Jeevana banda haage accept madtha sagtidira wish you good luck,high,Positive,not-distress,3,0.4361885190010071,0.42810413241386414
Togari tippa super star,high,Positive,not-distress,3,0.4549396336078644,0.45442843437194824
Ee song ond hava start madutee ansidrey like madi,high,Positive,not-distress,3,0.8613016605377197,0.8605008721351624
KGF chaffer 2 beda bare baku,high,Positive,distress,3,0.7489728033542633,0.3779599666595459
Offter long back coming see Kannada cinema...........New multitalented shankaranna............kannadada gandu,high,Positive,not-distress,3,0.43309226632118225,0.43277618288993835
sr u r great sr nimage Kannada chitrarangadalli avakashagalu sigalli sr sudeep sr darashan sr mattu yesh sr plz yella Kannada hirogalu nim pilimagalalli avakashagalu  kudri plz plz plz  plz plz,high,Positive,not-distress,8,0.4328761696815491,0.43349090218544006
Super Anna nija anna,high,Positive,not-distress,3,0.5336465835571289,0.8650439381599426
Lo remake alla antha hekde tane,high,Negative,distress,3,0.37587034702301025,0.377442866563797
Sir nange ashwath sir andre praana..nan appana hage iddru.. avranna kalkonda dukka tumbaa ide nange..and I respect u tooo sir...god bless u sir..,high,Positive,not-distress,6,0.4312460124492645,0.8016604781150818
Super Kannada  song  mach nanu avane   Kannada,high,Positive,not-distress,3,0.8652158677577972,0.8652147650718689
Bro z news(Hindi) channel Alli nodi,high,Positive,not-distress,3,0.8647086918354034,0.525719165802002
Bari prayojanake barada films nododu Facebook YouTube li comments hodiyodu...yaavalo hudugi siktale anta instagram li search madodo ede Indians hanebaraha dhesha uddara hada hage ayyo,high,Negative,distress,6,0.3757992386817932,0.3269791305065155
Rashmika haters like madi,high,Negative,distress,3,0.6944103240966797,0.3954344093799591
An anna nivu super bidi anna nivu,high,Positive,not-distress,3,0.8650005161762238,0.4436851739883423
Nanu 2 weaks ninda huccha agbitidini boss song ge fiddha agbitidini,high,Positive,not-distress,3,0.4358704090118408,0.4359203577041626
howdu first time keldaga nangu ok anstu bt ega kelbeku anstide and sakkath dance moves,high,Positive,not-distress,4,0.0,0.8425618708133698
ಗುರು ಮೂವಿ ನ re release madri.... Entha kannda film na support madlilla andre. Kannada ದಲ್ಲಿ ಮೀಡಿಯಾ Yak beku. Bhari avru trp koskara... Nam ಭಾಷೆ use madkondu ಬೇರೆ ಭಾಷೆ. ಫಿಲ್ಮ್ ಬಗ್ಗೆ. ತೋರಿಸುತ್ತಾರೆ.... Shame on kannda media..... But this film was. Heart touching,high,Mixed feelings,distress,10,0.4934365749359131,0.0
Aa hudgi bandaga iro music nice,high,Positive,not-distress,3,0.8649649322032928,0.8649501502513885
@Avinashdada kichcha sari bidu nimamman kalsu keydu ningobba chik balegaran hutsi kalsthivi avnu nim bale serskondu ella ottige Kai thattivranthe signal alli enanthira bale pans now bale pans reaction hakro steppu,high,Negative,distress,8,0.3757855296134949,0.375827819108963
Idu Fantasy Film tara kantide alva?,high,Negative,distress,3,0.6836188733577728,0.0
@Harshan Maddy  kannada kke  nimma importance idre kushi ne,high,Positive,distress,3,0.3523164391517639,0.37566834688186646
@Royal Rumble story ge ee song relevantag idya...nEe song bekagitta anta...,high,Positive,not-distress,3,0.8565069139003754,0.5171835124492645
@TROLL MONSTER_KANNADA nD boob's beleyodanna nodi urakotidaranDagar fan namma BØSS beleyodanna nodi nimm gandu darshan ne urakondiddu......,high,Negative,distress,4,0.7515751719474792,0.34978482127189636
Hands up anta kottaddu yella language li onde title irli anta...yar opputtiri  illi like madi...,high,Positive,not-distress,4,0.5337751507759094,0.4494253993034363
Nan yavathu youtube video na like kuda madila but comment madidini so.....,high,Positive,distress,3,0.6355483531951904,0.0
Nivu. Helodu sari china app ban agalebeku,high,Positive,not-distress,3,0.8608994781970978,0.4289744794368744
Nijavaaglu adbhutha film plz encourage Kannada movie,high,Positive,not-distress,3,0.43270689249038696,0.4326920807361603
Erbahudu please support maadi ea rakshit sitting sir genRashmikage hotte uribeku nodi,high,Negative,not-distress,3,0.43215423822402954,0.7165733575820923
First India na America ke compare madtidru alli hangide ingide anta ivaga. India na China compare madtavre nnNav bari compare madtivi vartu namunyaru compare modo hage hogalla,high,Negative,distress,7,0.4115293323993683,0.36936596035957336
Supper pa ........ Continue the work. ...  Tiktok videos nodi nodi thale kettogithu.............jai modi jai jai modi......,high,Positive,not-distress,4,0.4293757379055023,0.44271039962768555
ತುಂಬಾನೇ feel ಅಗ್ತಿದೆ,high,Positive,not-distress,3,0.8377795815467834,0.8490594625473022
Fan war shuru madbeda guru,high,Negative,not-distress,3,0.8032985031604767,0.8358978927135468
Hands up kannadigaru🤚,high,Mixed feelings,not-distress,3,0.8647741079330444,0.8647741079330444
Nijavada hero andre evare,high,Positive,not-distress,3,0.5079014897346497,0.6007318198680878
javari tippa superb ri,high,Positive,not-distress,3,0.8651011884212494,0.8650831878185272
Full roast madiddiya e somberigalige,high,Positive,not-distress,3,0.5600511431694031,0.845266580581665
Idu yava game bro,high,Mixed feelings,distress,3,0.3480159342288971,0.0
Chindi Song guru,high,Negative,not-distress,3,0.8642771244049072,0.8647143840789795
Boss nin vedio na use madkola roposo nalli post madtini pls bro,high,Positive,not-distress,3,0.8532693982124329,0.8603454530239105
@Arun Jaanu summne reply haki yak war madshtiya,high,Mixed feelings,distress,3,0.3947155475616455,0.3758561313152313
By mistakly nimma ondu video nodi subscribe agbitte  keep it up bro,high,Mixed feelings,not-distress,3,0.4454897344112396,0.41512978076934814
Ond ond film ge koti koti togotira.. ellide sir nim manaviyate.. help maadi sir evrige.. samanyadavru alla evru ashwath avr maga. Kannada industry ge hemmeya actor kanri.. punith sir neeve barbeku.. shivanna.. neevadru help maadi. Esht movie li Nim Appa ji avrge appa'n role madiddu evra appa'avr. Marebedi sir,high,Mixed feelings,distress,10,0.7510626912117004,0.0
Pakka full gicchi gilili song... En song pa benki aiti.... Pakka ella record nu muriteti  .... Jai Karnataka,high,Positive,not-distress,4,0.5556467473506927,0.8623080253601074
devare devare devare devare shivane tandheye appane nivu super super duper mind blowing hero forever forever,high,Mixed feelings,not-distress,4,0.4445410966873169,0.4447445571422577
Film suprrrrrr agi ede full clean film,high,Positive,not-distress,3,0.8651811480522156,0.4327264726161957
Shetru birthday party dina haadiro haadu aawaginindaa wait maadtide.....,high,Positive,not-distress,3,0.45194509625434875,0.43489208817481995
D Boss fans ಕಡೆಯಿಂದ ಆಲ್ di best,high,Positive,not-distress,3,0.8651147782802582,0.8651147782802582
Movie nodilla andre nimagu “ HANDS UP !!!!!”,high,Negative,not-distress,3,0.42462965846061707,0.4682178795337677
Dislike madidavar rashmika fans irbek,high,Negative,distress,3,0.7516433298587799,0.35723036527633667
Tik talkgintha nivu mado roast  best guru,high,Positive,not-distress,3,0.7463696300983429,0.7623715102672577
Instagram fallow back kodi Nev obre alla eradu,high,Negative,not-distress,3,0.856360673904419,0.8558014333248138
Varshkond beda pa nidanake ne agli ee tara olle movie kotre saaku,high,Positive,distress,3,0.37192049622535706,0.35526159405708313
Bro na tiktok use madath idila but ivga tiktok installed madi  single star rating kotu uninstall madini,high,Positive,distress,4,0.48796316981315613,3.874301910400391e-06
ಯುದ್ಧ ಮಾಡಬೇಕು  ಓದಬಾರದು ಕಟುಕರ ಮುಂದೆ ಭಗವದ್ಗೀತೆ nAnd recently we can relate it to priyankareddycase,high,Negative,not-distress,4,0.3834898769855499,0.684198647737503
What a music ... nWhat a lyric...nWhat a choreography.... nWhat a camera working......nTotally awesome ... nನಿಜಕ್ಕೂ ಇದು ಚರಿತ್ರೆ ಸೃಷ್ಟಿಸೋ ಅವತಾರ... nಅಜನೀಶ್ ಗುರುಗಳೇ ನಿಮಗೊಂದು ಸಲಾಂ...nರಕ್ಷಿತ್ ಶೆಟ್ರೆ ಒಳ್ಳೇದಾಗಲಿ ..nಮೂರು ವರ್ಷ ಪಟ್ಟ ಶ್ರಮ ಫಲಕೊಡುವಂತಾಗಲಿ..... All the best to you sir,high,Positive,not-distress,9,0.43184971809387207,0.432555615901947
1.6k people are not liking this....innna en beko maaraya nimga ...,high,Negative,distress,3,0.46953511238098145,0.3750549554824829
Hindi yalli innu song reales madilla yake,high,Negative,distress,3,0.0,0.4340687096118927
Sari nivu video na roast madi adre madvaga pubg atava free fire games hakondo madbedi a games kooda Chinese,high,Negative,distress,5,0.39583343267440796,0.3758820593357086
@Manoj Kolya Neenobne heege heltirodna naan Keliddu.. Watch his Trailer and Teasers first,high,Mixed feelings,distress,3,0.3787166178226471,0.37583237886428833
Superb pakka pan India movie aguthe,high,Positive,not-distress,3,0.5234882831573486,0.8650266230106354
Ondu varshakke 3 movie tegyodu dod'dalla mattu adralli ondu movie li hit kottu innerdu movie li flop adavara  jothe hudugi hodi hogodalla... 3 varshakke ondu super hit kottu avra personality ge dakke tarde hodre adunne success antha helboudu.... That is Rakshit Shetty.... Love u bro... Olle time ittu ansutte innu olle hudugi sigli nimge.... Haagodella holledakkenIndirect yake helodu direct agi Rashmika ge heliddu idu...🤷‍,high,Positive,distress,10,0.0,0.0
Anna game yavdu,high,Mixed feelings,distress,3,0.7516881227493286,0.7517087459564209
ಕಿಚ್ಚ ಸುದೀಪ್ ಅಭಿಮಾನಿಗಳು ವತಿಯಿಂದ  All the best,high,Positive,not-distress,3,0.46910369396209717,0.43906542658805847
Dislike madidavaru dagar rashimka fans,high,Negative,distress,3,0.7516661584377289,0.37937894463539124
Aagle tv li haaaktidaaralla guru.....,high,Negative,not-distress,3,0.7612308859825134,0.8504576086997986
Super Comedy togari tippa,high,Positive,not-distress,3,0.544874370098114,0.46410930156707764
Signature stepge kaasu....Adakkentha theatre hogthini...,high,Positive,not-distress,3,0.8424789905548096,0.8501637876033783
Sir albede life enjoy madbedi Mahabharata odi,high,Positive,not-distress,3,0.8276055753231049,0.8450866639614105
@Creative Kannadiga haa bro...nange seetara ista ...avl videos roast maadbedi plzzz,high,Positive,not-distress,3,0.0,0.43649935722351074
Worst movie. artane illa. 1 concept kuda illa.,high,Negative,distress,3,0.3840397000312805,0.3216164708137512
Mumbai alli release madi,high,Mixed feelings,distress,3,0.7208729982376099,0.7257404327392578
Sara super Nivu devara tara yallaratara duddide shinamadavaratra nimmatra holleya manasidde sara,high,Positive,not-distress,3,0.8648323118686676,0.8648393452167511
Bro Ten minutes + video madi bro niuo mado video na nodta edre nodtane erbeku anisutte,high,Positive,not-distress,4,0.10946756601333618,0.8567071259021759
Super Film sir account number kodi amount hakabeku nijavgalu,high,Positive,not-distress,3,0.4862920641899109,0.4862920641899109
Hands up  with ಅವನೇ ಶ್ರೀಮನ್ನಾರಾಯಣ,high,Mixed feelings,not-distress,3,0.8652234971523285,0.43215760588645935
Thandage thakka maga mado kelsa hemmenda madi all the best,high,Positive,not-distress,3,0.8474774360656738,0.8497559428215027
Sir nimna devru yavaglu chenagottirli sir,high,Positive,not-distress,3,0.8648620247840881,0.8651431500911713
@Dhananjay Kinyaje yen promotion madtare ivaru. Bengaluru bittu yelladru hogtara promotion madakke?nTamil,high,Negative,distress,3,0.3758370280265808,0.3758290112018585
Super bro nim matalli satya ide,high,Positive,not-distress,3,0.5555010437965393,0.8651295602321625
Bro nim editing spr nan nim videos fan e video Dali heliro song matrA spr,high,Positive,not-distress,4,0.6114019751548767,0.4385741949081421
BoLi Maklu ee tara videos nu dislike maadtare,high,Negative,distress,3,0.37575578689575195,0.3873976469039917
@Ashwini CP pls movie nodi. Ondu olle movie na mis madkolbedi.,high,Positive,distress,3,0.38805121183395386,0.44197410345077515
En chindi bgm guru sakkath....Jai ASN... from Appu abhimani,high,Positive,not-distress,3,0.434339702129364,0.4324178099632263
Chennagide eno suspense ide,high,Positive,not-distress,3,0.8648743331432343,0.8389017581939697
Nijvaglu  bro... Nangu same hange ansbidtu.. Avrdu google pay number iddidre nane ond ticket duddu kotbidana ansbidtu... Nam oor theater alli e film halle illa..,high,Negative,distress,6,0.01701986789703369,5.015730857849121e-05
Benki music..yarappa dislike madirodu.... mostly rasmika mandana fans irbeku...n🤭🤭🤣🤣🤣🤣songe he inge in movie nodudre...aste,high,Negative,distress,4,0.4562467932701111,0.0
Nannu nimma fan sir,high,Positive,not-distress,3,0.4861087203025818,0.8650155067443848
Asn film nodoru like maadi,high,Positive,not-distress,3,0.8246216773986816,0.8415783643722534
Very nice togari tippa story,high,Positive,not-distress,3,0.5132607221603394,0.4748589098453522
Guru chaines apps yavyavu antha ondhu list kodi avna nam mobile ali instal madala,high,Negative,distress,4,0.3988161087036133,3.68952751159668e-05
AvaneSrimannarayana du background music BGM release madi sir,high,Positive,not-distress,3,0.44320228695869446,0.43261003494262695
Superbb movie osm evthu movie nodied super,high,Positive,not-distress,3,0.4635981321334839,0.43252962827682495
Song is super.. But innu swalp fast madiddare sakattagirodu,high,Negative,not-distress,3,0.8646920025348663,0.4387214779853821
Sakat  agide song music,high,Positive,not-distress,3,0.8652271628379822,0.8651169836521149
@Its Paramatma lo Gaandu Suvvar sumne iru...neen heldidh takshana nan opinion change agalla...,high,Negative,distress,3,0.7516665160655975,0.33323657512664795
Yelru mobile nalli nodidare theater hogi nodrapoa plz,high,Mixed feelings,distress,3,0.7151358127593994,0.37583935260772705
Louda cinema director pyscho channagiro cinema ending allii haal mad da,high,Negative,not-distress,3,0.714221715927124,0.7137952446937561
Madolla because promotion asten madilla making kgf ginta dull ede,high,Negative,distress,3,0.37610968947410583,0.36275941133499146
Disappoint agide song keli Ishtu hype kottu song bidbardu,high,Negative,not-distress,3,0.8650997579097748,0.8400118947029114
12 dislikes by gandu nanmakalu,high,Negative,distress,3,0.39762598276138306,0.37364739179611206
Estu sari nodudru samadhana aagthilla.... Awesome song,high,Positive,not-distress,3,0.4625867009162903,0.6115002930164337
Ee song ge dislike yakro madtira istond chanagide making,high,Mixed feelings,distress,3,0.7516860961914062,0.7517215311527252
Waiting for the film.....ನೋಡಲು ಕಾತುರನಾಗಿದ್ದೇನೆ,high,Positive,not-distress,3,0.864627867937088,0.4333927631378174
D Boss abimanigala kadeyinda avne srimannarayana chitrakke all the best,high,Positive,not-distress,3,0.5412932634353638,0.8649709224700928
KGF 2 songs bartave with bang bang BGMs.,high,Positive,not-distress,3,0.5978204905986786,0.43134424090385437
Entha movie multi language barbeku,high,Positive,not-distress,3,0.4293459355831146,0.4293459355831146
Kelv bvc galu ..nam India dalli eddare Anna...a bvc galu chna ap use madthare anna,high,Negative,distress,4,0.7475414872169495,0.46578601002693176
@Poojari Avinash pls nivelru movie na promote madi. Insta & fb alli promote madi,high,Positive,not-distress,4,0.34481099247932434,0.8010541200637817
smile madalu nodi joking vdo,high,Positive,distress,3,0.7516666054725647,0.36288735270500183
Yaro guru ninu super,high,Positive,not-distress,3,0.4301720857620239,0.8638288378715515
Yen  comedy guru  gulaab jamunu,high,Positive,not-distress,3,0.8651990592479706,0.8651830852031708
First adu yava app anta tilkolo g m n,high,Negative,distress,3,0.3758595585823059,0.3757113814353943
Na gentleman tiktok banu  super guru,high,Positive,not-distress,3,0.43431857228279114,0.8611662089824677
Enu guru song saktha kick kodtha edae..super ASN,high,Positive,not-distress,3,0.43296393752098083,0.4364929497241974
Great sir nivu,high,Positive,not-distress,3,0.8648030161857605,0.8648030161857605
Anna nevu super,high,Positive,not-distress,3,0.8652123212814331,0.5520358979701996
One time ge songe artha agolla. . Pakka bt kelbeku ennond sari ansatte. . .,high,Positive,not-distress,4,0.859074592590332,0.05225709080696106
idu charithre srishtisuva comment guru..,high,Positive,not-distress,3,0.8650991916656494,0.4407580494880676
Move chenagi irli hero ge olledagli  tumbane kasta padta I dareP,high,Positive,not-distress,3,0.862876832485199,0.8628203570842743
Sir kfi ha kochkondu ogtayda.,high,Negative,distress,3,0.6308382153511047,0.0
Togari tippa keli tumba santosh ayita matte old is gold antaralll adu nija ayita,high,Positive,not-distress,4,0.4362897276878357,0.4393748342990875
Re release madi,high,Positive,not-distress,3,0.8635942935943604,0.8635942935943604
Vijayprakash sir yavagin haage the bestbut malayalam version voice maathra sakkatth ista aythu,high,Negative,not-distress,3,0.4541771709918976,0.5082637965679169
Super hero prajval devraj I like I love hero but avara time sari ila adke avara movie hit agtila but ivarige vale director sigbeku benki hero prajval I love boss E cinema adru nimge success tandu kodali..devru idane munde nugta eri boss god bless you,high,Negative,not-distress,10,0.4363090991973877,0.8556425869464874
E film kgf level ig erbhodu annoru like maadi adunnu meersbhodu annoru comment maadi ...,high,Positive,not-distress,4,0.8623953759670258,0.44242629408836365
Kerala antha helbedi bro. Adu kuda jathi na nodutte. Agi hechagi nodutte nan sutta muttalina example nalli heltha idini... I have many Malli frnds so,high,Positive,distress,6,0.4511185586452484,0.0
Namma janagalige taste illa avrige fighting,high,Negative,distress,3,0.47946757078170776,0.32607659697532654
@AJITH S SHETTY appreciate madtaidane guru,high,Negative,distress,3,0.7339713275432587,0.7339953184127808
Only d boss ok jai Kannada all movies hmmm kotigobba bittu hehehe,high,Negative,not-distress,3,0.8561709821224213,0.8591937124729156
Ee song nodtha eroru ennomme trailer nodi.....,high,Positive,not-distress,3,0.8639110922813416,0.5157339572906494
Anna nivu comedy agi madila Andru yene madidru entertaining agi eruthe  keep rocking,high,Positive,distress,3,0.0,0.3750387728214264
Anna thamma janpada super,high,Positive,not-distress,3,0.5339621901512146,0.8650884926319122
Nin  video delete agolla bidu bro ninge nav support madtivi innu e tara videos na mattastu madu chaina bucket galige tale kediskobeda,high,Positive,distress,6,0.2748650014400482,0.0
Chennagi ede song super,high,Positive,not-distress,3,0.43474841117858887,0.8651008903980255
RSS avaru thumba danger. Avara bhagge ondu episode maadi sir,high,Negative,distress,3,0.6824783086776733,0.6750729382038116
Promotion kammi aytu bro,high,Negative,distress,3,0.7516797780990601,0.7516835927963257
Fan war bittu dhayvittu ee movie ge support madrappa nam kannada movie Hollywood level ge barli.,high,Positive,not-distress,4,0.861866682767868,0.8616323173046112
Wow hand's up 🤟  ಚರಿತ್ರೆ ಸೃಷ್ಟಿಸೊ ಅವತಾರ super,high,Positive,not-distress,3,0.44130656123161316,0.4327259957790375
Dana alla ok,high,Negative,distress,3,0.7516467571258545,0.7504574656486511
Nev helerodu tappe illa sir,high,Mixed feelings,distress,3,0.7516679763793945,0.36740970611572266
super guru idhu actually chennagirodhu,high,Positive,not-distress,3,0.8651167154312134,0.4328649640083313
Kannada industry nintirode Yash,high,Positive,not-distress,3,0.5127501785755157,0.43413493037223816
Yavano avnu sade nan maga tiktok eno kitthakide anthane.. Modlu tilkondu maathado... Bro next video aaa sade nan magan mele maadi...its  request plz bro.. And loved ur video,high,Negative,distress,7,0.33553576469421387,0.0
Super guru.........ji kannadiga,high,Positive,not-distress,3,0.8653516173362732,0.45789825916290283
Film hit ahagokai e tharadha song irbaiku,high,Positive,not-distress,3,0.865185022354126,0.865185022354126
Thika urkondu dislike madbittidira already..nSuper song   #ASN .nNam Shettru steps anthu 🤩,high,Mixed feelings,distress,3,0.6083177328109741,0.668380469083786
Marketing sariyaagi maadrappa istondu olle movie ge ingadre henge very imp marketing,high,Mixed feelings,distress,3,0.3760172724723816,0.353337824344635
Rj naagraj naan bigg fan...neeu prathvi aadru naan nim Rj fan ...aadi age kushi aitu noodi ...film exlnt ee year supr move ...heroin sa acting exlnt . . whole team ....suprb,high,Positive,not-distress,8,0.43318307399749756,0.4628717601299286
Upendra tara ideas eroru PM,high,Mixed feelings,not-distress,3,0.77810138463974,0.8173593282699585
@Nandi Parthasarathi nimma yashini boobs gojjekesari acting ge Oscar award fix,high,Negative,distress,3,0.7516412436962128,0.3871121108531952
Kannadada saaalugalu sakkatagiddave all the best natayana...,high,Positive,not-distress,3,0.4327163100242615,0.43269118666648865
ಈ ಹಾಳಾದ ಕೋರೋನ ವೈರಸ್ ಬಂದು ದಿಯಾ ಲವ್ ಮಾಕಟೈಲ್ ಚಿತ್ರಗಳಿಗೆ ತುಂಬಾ ನಷ್ಟ ಉಂಟಾಗಿದೆ...but Don't worry u get best reviews.. All the best for ur nxt movies,high,Positive,not-distress,6,0.5032623708248138,0.4468451738357544
Sariyaaagi bydidira... Actually Olle Olle kelsa madidare app ban maadi.. I hate tik tok,high,Mixed feelings,distress,4,0.6353389918804169,0.0
Kannada intha Telugu Alli song Chang idhe,high,Positive,not-distress,3,0.8653202950954437,0.8653686046600342
Neevenu promotion maadilla andru Kannada dalli navu guarantee nodtivi........north Alli promote madrappa .......Valle market idae Alli enta films gae ........madrappa 50 crore plus  min collection agutte,high,Positive,not-distress,6,0.43212661147117615,0.8327834606170654
Mast hadu super,high,Positive,not-distress,3,0.865149199962616,0.8651286959648132
Superrrrrrrr  agi heliya Anna tq u so mach video,high,Positive,not-distress,3,0.8651807010173798,0.8650695085525513
Nim dhesh bakthi ge Sallut bro I like you,high,Positive,not-distress,3,0.8632403314113617,0.11207148432731628
No comments. Kambani kannadi iddanthe,high,Positive,not-distress,3,0.8612252175807953,0.8641542494297028
@Kiccha Vitthal papa bidu guru amele athbitre kashta attar flop ago movie ge support madtavre,high,Positive,distress,4,0.37467044591903687,0.37583673000335693
En sir lyrics. Superb,high,Positive,not-distress,3,0.8651611506938934,0.8651859164237976
Editing yar guru 🤩,high,Positive,distress,3,0.7255838215351105,0.6906313896179199
Eli eddeli boss nim time bandide,high,Positive,not-distress,3,0.8571471273899078,0.86342653632164
15 days inda bari dia movie status akthaedini bro awesome movie bro,high,Positive,not-distress,3,0.4383625090122223,0.4332382380962372
Nin voice super anna continue instalgram rost rost,high,Positive,not-distress,3,0.865220457315445,0.865217536687851
@ᴍᴏᴠɪᴇs sᴛᴜᴅɪᴏ yen bekaadru baiko....naan yaav hero blind fan alla.... nin thara....,high,Negative,distress,3,0.7458295524120331,0.48267486691474915
Super  jai kiccha sudeep anna,high,Positive,not-distress,3,0.4908389151096344,0.43307042121887207
Bega release madi sir... Hindi and other languages alli MASALA films na nodtidare jana ( actually khaali hoditide  ). E film annu release madi,high,Positive,not-distress,6,0.8572528064250946,0.5402879118919373
super ತೊಗರಿ ತಿಪ್ಪ,high,Positive,not-distress,3,0.8651856184005737,0.8651944696903229
Dislike madiroeu pakka Hollywood heroine fans,high,Negative,distress,3,0.7085622251033783,0.0
My favorite song in 2019 is Taaja samachara   ಸಾಹಿತ್ಯ ಪ್ರಿಯರೇ ಒಮ್ಮೆ ಈ ಹಾಡು ಕೇಳಿದ್ರೆ ಕೇಳ್ತಾನೆ ಇರ್ಬೇಕು ಅನ್ಸುತ್ತೆ....  Everybody watch this,high,Positive,not-distress,5,0.38508424162864685,0.5785543322563171
En guru song nHowdoo huliyaaaa,high,Positive,not-distress,3,0.8652108907699585,0.86451655626297
@Praveen Kumar caste dog spotted bale pan yar nimammana dagar nau thane d boss fans nimammana dagar madiddu husharagi nodkoli thunne asege yar jotenadru odihodaalu 🤣🤪,high,Negative,distress,6,0.37576889991760254,0.3758018910884857
Nan sigapu manithan remake.,high,Negative,not-distress,3,0.7677176296710968,0.8106106817722321
Sir movie nodidini idhu.  Ithara film en chennagide sir..compare to love mocktail,high,Positive,not-distress,3,0.4329565167427063,0.43317824602127075
Nikistark x promotion chennagi idrunu bere language ge jaathi priority kodtare....nam state li kannada movie ge support madalla distributors..,high,Negative,not-distress,5,0.7907949984073639,0.49799156188964844
YouTube subscriber at list 5lack kooda Ella yelli reach agutte T series nalli bittidre 10m agirodu avraddu tappu,high,Negative,distress,4,0.7470149099826813,0.0
Hats off bro  ಕರೆಕ್ಟಾಗಿ ಹೇಳಿದ್ದೀರ ಬ್ರೋ,high,Positive,not-distress,3,0.5245991051197052,0.4266641139984131
Bari telgu tamil movie nodthira ee thara movie nodi,high,Mixed feelings,not-distress,3,0.0,0.7984911501407623
Booking start  ಮಾಡಿ,high,Positive,not-distress,3,0.8636161684989929,0.5067222416400909
En guru song akkan idu song Andre akkan navgothalla,high,Positive,not-distress,3,0.8652801513671875,0.47142478823661804
Waste of tym tiktok ban madbidbek,high,Negative,distress,3,0.37693387269973755,0.3758210241794586
Sir neev adthidda game yavdu,high,Positive,not-distress,3,0.7961209118366241,0.825510561466217
sakath dance performance,high,Positive,not-distress,3,0.8651658296585083,0.8651219606399536
super anna super creative kannadiga,medium,Positive,not-distress,3,0.43874460458755493,0.5339675545692444
Guru e game name en guru.... Masth eede game,medium,Positive,not-distress,3,0.4930025041103363,0.4300197958946228
Chikki chikki chikkappa nidde indda bega helappa pade pade kelbeku tumbha tumbha tacing padgalu adu sang agiddre innu kushipadtide I love jental man movi,medium,Positive,not-distress,6,0.43651607632637024,0.4444647431373596
@Nandi Parthasarathi hogo ninna akkna tullu ninna tara kelsa ilva nange yenu yavglu comments madkondu tika muchkondu sidege hogo,medium,Negative,distress,5,0.3758138120174408,0.3758353590965271
Guru Chinese mobile yen madodu,medium,Negative,distress,3,0.7517174482345581,0.35562872886657715
Yelli tanka jana moodnambke bidalvo alli tanka inta shatnayakru useless videos haktane irrtare guru.nMahabharata tumba olle moral story. Jeevanakke bekagiro tumba paata ide idralli. Adunella use madkondu olle jeevna madbeku aste.,medium,Negative,distress,8,0.4054175019264221,0.3425109386444092
Howdu brother nanu tv nalli nodidde evru elidnella avru elidru,medium,Mixed feelings,distress,3,0.7516601085662842,0.4238243103027344
Please darshan fans dislike madbedi nim Hero ne great but please Ee movie ge dislike madbedi,medium,Negative,distress,4,0.7500422596931458,0.7355140745639801
I hate tiktok mobile thagondagindanu install made illa i hate this,medium,Negative,distress,3,0.37619608640670776,0.3729747533798218
Tiktok madorena Chinese ge kalse beku,medium,Negative,distress,3,0.37821486592292786,0.3758566379547119
Thumba vishaya galannu thilisi kotri Amar prasad ravare .thank you,medium,Positive,not-distress,3,0.4589582681655884,0.43654242157936096
@ಕಿಚ್ಚನ ಹಾವಳಿ book my show Alli pailwan 16cr kurukshetra 28cr madide nodo amele maatadu yavdu jaasti collection madide anta,medium,Mixed feelings,distress,5,0.40692028403282166,0.3743072748184204
Big star agbitte u,medium,Positive,not-distress,3,0.8648800551891327,0.8649011850357056
Super sir..nanantu adella dwnld kuda madirlilla...420china,medium,Positive,not-distress,3,0.42730289697647095,0.8195220828056335
Guru nin voice en guru adu ha ha bombat__ series agi ond heltini nanage enadru nim videos inda nakku nakku hotte novu bandre neeve javabdari helidini,medium,Mixed feelings,distress,6,0.7281206846237183,0.4039686322212219
Elru Thika muchkond iri nim build up galu nodok agtilla..producer gee enro kashta...??? Kashta irodhu Badavarigee..corona bandhu esht family sayta .idave..uta ildale esht himse agta idee avrige jeevna nadsoke maklige nettagee ondh otthu uta kodok agdale avrige help madi,medium,Negative,distress,10,0.37578776478767395,1.3113021850585938e-06
Anna nin padha Xerox kodanna,medium,Positive,not-distress,3,0.37572258710861206,0.8371939361095428
Bro nanu kuda tiktok use madthidae adrae adu ban adaga nang yenu bejar agilla yakandrae namdu ondu sanna contribution irli namma desha kae jai hind,medium,Positive,distress,6,0.3758251965045929,0.37321868538856506
@10 R yaar fan adhru agli.. thandhido buddhi yake.. ivaga yela kfi kade nodtha idhare.. kachada galu heeg madthare.. d boss yavathu yelarnu encourage madthare,medium,Positive,distress,6,0.4178098440170288,0.37519922852516174
Super bro nim song,medium,Positive,not-distress,3,0.8649822175502777,0.864942729473114
E movie name  enu  paka  hitttt e a,medium,Positive,not-distress,3,0.0,0.8197408318519592
Sakath guru....  Avan amman innu rost madri broooo nAvarella nam INDIA  dalle erbardu hag rost madri..  Guru,medium,Positive,distress,4,0.052258044481277466,0.0
Kannadadalli ee Tara cinematography iro movies innu barli,medium,Positive,not-distress,3,0.8644845485687256,0.8646835088729858
Wow exlent verry new dfrent yellu kelilla nodilla danyavadagalu,medium,Mixed feelings,distress,3,0.4040409028530121,0.0
Superb chennag heludri frnd🤣🤣Nam hatra tik tok app illa,medium,Positive,not-distress,3,0.8632901012897491,0.863235205411911
All industries are going hands up.. 27kke avanu bandaga,medium,Positive,not-distress,3,0.5871297717094421,0.7696073651313782
est movie li ede tara ede  same scenes.,medium,Negative,distress,3,0.41737136244773865,0.0
Good information sir but ivattu yako parokshavaģi  China desha vanna hogalida hage ittu adru ade nija  satya yavaglu kahiyagi irutte,medium,Mixed feelings,distress,5,0.0,0.0
Bro nim maath keli China App hogli Indian App nallu video madalla bidi,medium,Positive,not-distress,3,0.7461127042770386,0.8181704580783844
Egina youth's ge spoorthy sir nivu Devaru nimge ayyasu aarogya channagi kodli,medium,Positive,not-distress,3,0.4497532844543457,0.4455629289150238
@Pradip AR idhu remake all i am editor,medium,Mixed feelings,distress,3,0.37581339478492737,0.7394874095916748
Anna nin super anna,medium,Positive,not-distress,3,0.5267119407653809,0.5267119407653809
Anna nim e vedio nodinu mathe chaina apps use madidre...nijakku avru maryade  swabhiman ildoru bharatha dalli irbardu ....antavrnella nimhange maryade thegibeku.....,medium,Negative,distress,5,0.7515963613986969,1.9371509552001953e-06
Namma janakke innu idara liric arta agilla.good music extraordinary liric.,medium,Positive,not-distress,3,0.8518532812595367,0.8517212271690369
@twisted formals yake urita edeya nivu dagar fans anta nim culture ende gottu agute modlu sariyagi mat adu magne modle Gulbarga mandi navu start madre ninu eral nin avvun tullu clean madsu,medium,Negative,distress,8,0.37580162286758423,0.3758234679698944
Tiktok ban agirodrida tiktok madtidrala avr family avrig kushi agirute tumba deena ivr mada nodi sakagitu,medium,Negative,distress,4,0.375862717628479,0.37581777572631836
@Kumara Kantirava avn heldange 1st time hange ansodhu..,medium,Positive,distress,3,0.3774110674858093,0.42547354102134705
@Nandi Parthasarathi ille gotta aagta ide ninu yestu urkondu sattidiya anta yenro nimma same balegarna type nayi padu 🤣🤣🤣,medium,Negative,distress,5,0.3758741617202759,0.33043405413627625
@prithvi nayak Flop yaavdu antha Karnataka ge gottu bidi...,medium,Negative,distress,3,0.7516164481639862,0.37579116225242615
Sir intha cinema madida mele dodda mattadalli prachara madbekittu. nNodi prem avru dabba film madudru hype build-up create madodralli etthida kai.,medium,Negative,distress,5,0.6314636766910553,0.04251405596733093
Nin voice and dialogues ge fidha guru 🤣🤣🤣🤣🤣,medium,Positive,not-distress,3,0.4439219534397125,0.6987697780132294
Super d boss fan's like madi,medium,Mixed feelings,not-distress,3,0.8651311695575714,0.8651641607284546
Super guru neenu tiktak sede galige yeneludru arthagalla,medium,Positive,not-distress,3,0.7722048461437225,0.7719382643699646
Super movie.yallaru hogi nodi,medium,Positive,not-distress,3,0.5210169553756714,0.8652213513851166
Tik tok Tarane act madidre hana sigutalva edanne etkondu. Nam government mane manege items kottu Products ready madi adanna videshakka marata madbeku matte nam janakke kamishon kotre voledalva. Nam jangala kayyalli yake kelsa madkotilla .,medium,Negative,distress,9,0.3758194148540497,0.32320722937583923
@sathish m nNin kano gaandu sariyagi matadu darshan fans bari kettadagi matadtare troll madtidare idu ninge gottenoley darshan na bitre yargu support madolla antha rumors spread madidare adke nangu ange anusthu helde,medium,Negative,distress,8,0.3757932484149933,0.37581825256347656
China copy maadi naawu maadbekilla.. jana alli khushyaagilla.. naadre niw helidralli tumba kelsa aagbeku.. bhaaratadalli adella maadodu janakku bekaagalla,medium,Positive,distress,5,0.3907952606678009,0.3410806357860565
Bro tiktok ban bagge bejar agiro nayi galige innu mut nodkollo hage roast madu bro plzz...aa lofar nayi galige nam desha kinta ade bekagide nayigalige...,medium,Negative,distress,6,0.3948720395565033,0.35682886838912964
@naveen v nim gandu balegara movie yalla utterflop modlu side acting madudu ಬಿಡು anu modlu,medium,Negative,distress,4,0.376790314912796,0.37583300471305847
Loo Nim Makha muccha e Video gu Dislike yenro nim Hendti Munde Haga avr character Nodi kaliro life Andre yenu antha thu nanmakla,medium,Negative,distress,6,0.3986121416091919,0.37174108624458313
D boss fans inda full support iden#jaidboss,medium,Positive,not-distress,3,0.4353313446044922,0.4353313446044922
Pruthvi avara acting anthu nanna avarisikondu bittide .nanna friend helidda thayi sentimentalli avara acting nodi ninu emotional agthiya nodu antha.adre nanu nanu aagalla andidde.adre aa scene nodbittu nanu ankonde. evarige national award kodbeku antha.,medium,Positive,distress,8,0.7516162097454071,0.0026363730430603027
Super creation bro .  Adru nim voice sppppprrrrrr.....,medium,Positive,not-distress,3,0.4366990327835083,0.4323989450931549
Super bro.........yen roast madtiya bro ....,medium,Positive,not-distress,3,0.4335995614528656,0.8651885688304901
Heroine ge jamba ella,medium,Negative,distress,3,0.751672238111496,0.33818140625953674
I like it kanta nI like it,medium,Positive,not-distress,3,0.49466022849082947,0.4308464825153351
@Nandi Parthasarathi balegar bale bale 🤣🤣🤣 matte ninna akkna minda kano nanu mindri magne randi maga ninu bere heros bagge kettadagi comments madodu bidu navu yaru tantegu hoglla boss tantege bandre gottala,medium,Negative,distress,8,0.37578877806663513,0.3757980763912201
Fittest will survive. Ashwath olle actor aadre maganu ange aagbeku andre aagutta? Dr rajakumar tara avr maklu aagalla avr yavattidru avre. So illi acchari pado avashyakate illa.,medium,Mixed feelings,distress,7,0.38118383288383484,0.37587469816207886
Naa innomme e movie naodalla  avanajji eradu dina aytu hale hudgi nenapagi uta illa nidde illa sayotara annistide,medium,Negative,distress,4,0.7497166097164154,0.3901536166667938
Navu matar use madatilla jagatinna yella deshgalu use madatidare.solemagane,medium,Negative,distress,3,0.37587836384773254,0.3758251965045929
Yellar gamnaanu HANDS UP Hatra ne ide. haage gamna ittu nodi.,medium,Positive,not-distress,3,0.4371844232082367,0.5185462236404419
@Yash cult Guru ellaa actors ade halkaa kelsaa maadodu bidappa raaja...,medium,Negative,distress,3,0.48772314190864563,0.38384464383125305
Avlu lofar .....nan sister Diya papa amezon a to z super next relece I m going,medium,Negative,not-distress,4,0.8598175644874573,0.8608035445213318
Super bro nim nice and dialogue bro🤣,medium,Positive,not-distress,3,0.44369032979011536,0.864977240562439
@Nandi Parthasarathi nin Amman sule magane nin number send gandu,medium,Negative,distress,3,0.3820229470729828,0.3758346438407898
Bollywood range nali ide super song🤔,medium,Positive,not-distress,3,0.8652384579181671,0.8653247356414795
Super super super mahithi,medium,Positive,not-distress,3,0.8648889660835266,0.43253034353256226
Bigbossalli  step hakiro controverrsy nodi bandiror yar yarppann like Madi,medium,Negative,distress,3,0.7426374852657318,0.3758524954319
Hi....chaina dalli ago product nnu navu madidvi....adre....namma desha davre namage mosa madidru same model nnu chaina kondogi avrege thorise dublicate madbittu dandu...kammi belege elle mariddare....edde karana...navu hinduliyalu....eglu navu...mado ondondu product chaina dinda tharisthidru adre navu automobiles product naavu madthideevi...adre yaaru encarage madalla.....,medium,Positive,distress,10,0.3758048713207245,3.7848949432373047e-06
Yes re release madbeku,medium,Positive,not-distress,3,0.8620333075523376,0.8620333075523376
Bro ha dacchu su..... Maga you are super no 1 roaster,medium,Negative,not-distress,3,0.43162447214126587,0.7404209077358246
Simple star fans like madi,medium,Positive,not-distress,3,0.8651902079582214,0.8651902079582214
Life Alli esto movie nodidivi adre diya movie astu yavdu  ista agtilla. Diya nodid mele love madbeku,medium,Positive,not-distress,4,0.46455880999565125,0.5832312405109406
@Dayananda C sir ivaga hagalla belige call maditini heli. Prashne keltini. Political bittu . Abhirudhi bagge keltini heli.,medium,Mixed feelings,distress,4,0.3961453437805176,0.37993621826171875
Neva ado game nema,medium,Positive,not-distress,3,0.3835514485836029,0.6340740919113159
En ugdde guru adru nam janake budi barala bro tiktok elde edre saytivi antare thoo,medium,Negative,distress,4,0.3758625090122223,0.37424737215042114
Barri dabba movie ne unn maado du,medium,Negative,distress,3,0.38332587480545044,0.36528387665748596
@satishnithyanandam nin hesralle comedy ide ..nin antha thika kobbu iro mindri sule makklathrs nangen mathu. Hogo kong boli magane.,medium,Negative,distress,5,0.375845342874527,0.37580057978630066
Hats off sir nim Swabhimana and karya nishtege thumba Santhosha agutte sir nimg olle arogya success kodli antha devralli bedkothivi Munde niv natiso Ella cinemagalu uttama pradarshana padiyali,medium,Positive,not-distress,7,0.43247589468955994,0.8508836030960083
Sir pakka news edhu prradhana manthrri  modhe noddbeku ashtty sir...,medium,Positive,not-distress,3,0.5035478472709656,0.8510088920593262
Drivergalu yavttidru king  proud of my job,medium,Positive,not-distress,3,0.8625646233558655,0.8625646233558655
@10 R hogi ballegaarnn tunne unn... Aa balegaaran bhikshe majestic cinema nim dBabes ge .. Nim amma majestic Sule ansuthe adkke isht harkottiddiya bewarsi sulemundemagane... Nin ammana Kellu Nene hege malgisi keydiddini anta ...,medium,Negative,distress,8,0.37584173679351807,0.3672129809856415
Idu idu bekittu actually.....jai rk boss,medium,Positive,not-distress,3,0.8652702867984772,0.8648339807987213
@TROLL MONSTER_KANNADA guru Bari mathadak aste yav sule makligu munde bandu mathadastu dhum Ella BOSS always King,medium,Positive,distress,4,0.37581610679626465,0.3578999638557434
Dboss thara ivnu jana galisoke.. dodda dodda dialogue bidalla media munde rakshit na avnge holisbedi,medium,Negative,distress,4,0.0,0.0
Jai hind  guru  nimge  ondu     super  agi madidira   Hinta  nanna makkalige nanna  deshada bagge enu gottu Avarige   tiktok Alla nale  avaru  sattu  hogtare alva   tiktok nu baralla tamte hodiyakke  Janru baralla   adannu  tiktok madkondu  Aram agirli anta  tiktok madi kalastare nanna makligennnAll videos  super  guru  nim no send madi,medium,Positive,distress,10,0.3758048415184021,0.3758147954940796
Rakshit yake ista gotha friend's na jote yalli yavagllu ittikondiru thare,medium,Positive,distress,3,0.7013682425022125,0.4348348081111908
Kannadada chanukya namma rakshit shetty bro na yochanegalu...... Dislike madiroru rashmika fans irbeku ......,medium,Negative,not-distress,4,0.4322957694530487,0.48872068524360657
Re release maadi movie na... Super movie,medium,Positive,not-distress,3,0.4452234208583832,0.4371004104614258
@mallikarjun Dhanashetty Elrigoo nimtharane yochne bandre kannada top allirodhu..,medium,Positive,not-distress,3,0.33245405554771423,0.8275217711925507
All the best for rocking star fans  song vibinna vagidhe,medium,Positive,not-distress,3,0.4327792227268219,0.4327433407306671
Kannada cinema nimma antha budhijeevi na ullaskollalike agilla antha tumbaa bejaar aagute.,medium,Positive,not-distress,3,0.8645803034305573,0.8643623888492584
Slow poison song annoru like Maadi,medium,Positive,not-distress,3,0.8437829911708832,0.8455778658390045
Yen helda guru super,medium,Positive,not-distress,3,0.45315566658973694,0.8648008406162262
Istu helidru innu tik tok ge support madoru manushyare alla nArta madkoli pls pls,medium,Mixed feelings,distress,4,0.37595003843307495,0.3758432865142822
Yudha mada beku katukara🧟 munde oda ‍baradu bhagavatgethe Who likes this line,medium,Positive,distress,3,0.37935909628868103,0.38819536566734314
Eh Tiktok ela Andre nimanatha troller kooda Mundhe bartirlilia,medium,Negative,distress,3,0.3921946585178375,0.37526193261146545
Varshakke 3 thagadu movie madi industry haal mado hero galu ondh kade adrenn3 Varsha kasta pattu ondhu olle film mado namma Rakshith Shetty haagu Yash innondh kade n,medium,Negative,distress,7,0.7445449829101562,0.43635156750679016
Chinada tiktok CEO helidanante bharatadalli  iruvashtu somarigalu berellu illa anta idarta avara deshadavare aa app annu ashtu use madtilla  bharatadalli koti gattale use madtidare. Banne maadida modi sarkarakke danyavadagalu nnJai JAWAN Jai KISAN nJAI HINDH,medium,Positive,distress,9,0.37579262256622314,0.0
Telugu comments copy madbutta 🤦‍,medium,Negative,distress,3,0.7346915006637573,0.0
Signature steps awesome...pakka...# tag agthe,medium,Positive,not-distress,3,0.8652336299419403,0.4324977695941925
Nodarappa yaro heludrala ban yak madbeku antha,medium,Negative,distress,3,0.3836982250213623,0.3748033344745636
@Thejas Gowda avnu oba uneducated slum sulemaga..adke yaneno bogltane🤣🤣,medium,Negative,distress,3,0.3950861394405365,0.37582406401634216
Lo Anna ninu nijvada hero kanocorrect agi helde,medium,Positive,not-distress,3,0.8572511672973633,0.01189512014389038
Nange bahala novaytu nannamele yakandre nanu  Diyaa moviena thetoralli nodilla adakke please realise onse again nanu nodtin Mathe janru nodtare please,medium,Negative,distress,5,0.7515857517719269,0.3335167467594147
@sathish chandra 🤣Naan kelv comment noDidakke heliddu,medium,Mixed feelings,distress,3,0.37580928206443787,0.7511177659034729
avarige belesidorna thuliyodhu gottilla anda star patta bandamele friends na mariyodhu gottilla,medium,Positive,not-distress,3,0.8616483211517334,0.4799331724643707
Sir. Movie bagge eradu matilla. Adre ivatu multiplex jasti agi bittive. Rate kooda bhayankara. Ondu nominal price idre hogbahudu. Tumba janru kooda primenalli,medium,Negative,distress,6,0.3567463457584381,4.500150680541992e-06
Bro navu arvinda tilkotidivi andre navu avrige yenadru kodbeku dodd dodd channel galige hinde dodd vyakti irtare so skip madade nodi avrigu duddu barli  .,medium,Negative,distress,6,0.3758378326892853,0.37583208084106445
Evergreen song listalli idhu yavglu iratthe doudte illa....,medium,Positive,not-distress,3,0.44239282608032227,0.8359849154949188
1st time - chennag illan2nd time - parvagillan3rd time- addicted,medium,Positive,not-distress,3,0.4212072193622589,0.44155237078666687
Aga navu yaru TV Alli nododu beda. Suvarna channel avra TRP kammi madsona. Aga avrige buddhi barutte. Olle olle films Nella isht Bega TV Alli hakudre theatre ge yaar hogtare,medium,Mixed feelings,distress,8,0.7516401410102844,0.38468101620674133
@Nandi Parthasarathi nadiyole sule magane Nam style Nam ista ning yako thika uri,medium,Negative,distress,3,0.40399160981178284,0.3758276700973511
Nanage nambalu sadyavaguttilla ...adakkagi ondu balavada karana athava kuruhu beku next vedio dalli haki I am waiting,medium,Positive,distress,4,0.3638664484024048,0.0
movie was legendary. ninu itihasa baryoke bandirodu maga. kannada indutry history baredre eradu part irutte ondu rakshit baroku munche mattondu rakshit  bandadmele,medium,Positive,distress,6,0.30769315361976624,0.0
Lo nin d filme odtilla modlu anv film nodro amele bere filmge sprt madu sumne comnt akbitre film odbidutta bari builduppu,medium,Negative,distress,5,0.4228934645652771,0.0
Sir yella song video clips release maadi,medium,Positive,not-distress,3,0.8651676177978516,0.48526865243911743
@Doavi samstana movie gellutte nAamele Jana promotion maadthare,medium,Positive,not-distress,3,0.0,0.0
Year ge ondu film bandru Chenagide super sir,medium,Positive,not-distress,3,0.4329703152179718,0.4336848855018616
Kannada film  industry avaru sir solpa nodi rii yen madta ididra inta ashvath sir avara maga ondu sanni veshe dalli kalsa Kodi,medium,Mixed feelings,distress,6,0.0,0.0
Nijawaglu  mai romanchana aaguvantaha video  idu  nija  irabahudu,medium,Positive,not-distress,3,0.4341220557689667,0.4325522184371948
Ade old same story,medium,Negative,distress,3,0.7515102326869965,0.3756791353225708
Tumba kalaavidara gati ide. Kalege bele illa. Ashwath Awara family ge ee thara aagbaardittu.,medium,Negative,distress,4,0.37582582235336304,0.37551864981651306
Chutiyaa Ganesh gintaa olle movie irutthe bidu guru idu. Ganesh ge olle swamake maadoke helu modlu,medium,Negative,distress,4,0.3907928168773651,0.0
Promotions madro illa 3 varsha kasta pattiro du waste sgbardu,medium,Negative,distress,3,0.3792130649089813,0.3712547719478607
sory sir teatarali film nodlike agilla tumba bejaride,medium,Negative,not-distress,3,0.8528280854225159,0.8531738519668579
sandalwood ge obba trend setter sikkidaane..n.n.n.n.n.nyaaravnu???n.n.n.n.n.n.nAvane Srimannarayana,medium,Positive,not-distress,3,0.43277329206466675,0.42212584614753723
Bro...nNeen este Roast madudru...China ne beku anthare ivrnella gun thagond shoot madbeku aagadru India dalli eetara Desha virodhi galu sattadru saythare... Nin video nodi actually innondsari tiktok alla mbl muttoku nin permission kelbeku... nInnond strong aagi video madu guru...,medium,Negative,distress,10,0.38235118985176086,3.248453140258789e-06
Nam kannada songs yavglu super hit,medium,Positive,not-distress,3,0.43297064304351807,0.8652529120445251
Song Karnatakadalli ella hero fans film node nodtare but pls bere languages lli promotion madi,medium,Negative,distress,4,0.0,0.0
Power Star fans like madi,medium,Positive,not-distress,3,0.47190970182418823,0.47190970182418823
@naveen v ninna luccha ige modale kaddi swalpa body madkond baralu helu olle baavali haage eddane mattu omdu hit movie kodoke helu madirodella flop,medium,Negative,distress,6,0.3757973313331604,0.37583887577056885
Ivnu soole maga pakka. Ivnu yash fan bandu hen kelsa madthavne nodro soole maga,medium,Negative,distress,4,0.7516495287418365,0.0
Nija helidri sir..! Nimma video nodi admele kuda namma bhatiyaru  badalali antha pray madtini.,medium,Positive,not-distress,4,0.8647578060626984,0.4370540678501129
ಏ ನಂದಿನಿ ರಂಡಿಮಗಳ D Boss Bagge matadadre hudukondu Bandu Hoditini Jaag helu,medium,Negative,distress,3,0.35630467534065247,0.0
En song guruve I love this song K G F bitre ede super movie guru.......super,medium,Positive,not-distress,4,0.44196316599845886,0.43805810809135437
It's amazing movie.  I think promotion sari agilla anta anista ide,medium,Negative,not-distress,3,0.6074968874454498,0.4365977644920349
Unlikers Ella chinos appang huttid sulemaklu irbek,medium,Negative,distress,3,0.39756885170936584,0.3548772931098938
Esta adre mele like button ede kodtare bidapa,medium,Negative,distress,3,0.7505760490894318,0.3756166100502014
Boss E nan makluge,medium,Negative,distress,3,0.5006242096424103,0.362399160861969
Ayyo guru... Yelli tanka jana moodnambke bidalvo alli tanka inta shatnayakru useless videos haktane irrtare guru.nMahabharata tumba olle moral story. Jeevanakke bekagiro tumba paata ide idralli. Adunella use madkondu olle jeevna madbeku aste.,medium,Mixed feelings,distress,8,0.4188716411590576,0.3759754002094269
Kannada cinema dali osha parvaa . .......,medium,Mixed feelings,not-distress,3,0.43135344982147217,0.8643192052841187
Anna nenu super super Anna,medium,Positive,not-distress,3,0.8651243448257446,0.5368541479110718
Yen guru ulty 1 number,medium,Positive,distress,3,0.4519820213317871,0.01948729157447815
Tik tok banu nan kicha Sudeep fanu egide  comment madi,medium,Positive,distress,3,0.0,0.6953512132167816
Modijji avrige gothu aste gothu soldiers value,medium,Positive,distress,3,0.3860786557197571,0.3784475028514862
Eno Anna dool ebsi bitti alla comment boxnalli,medium,Negative,distress,3,0.2689783573150635,0.0
@VINOD KALMANI nhu neen iro jagane helu.... naane bandu hoditini.... illa tumkur main road bustop ge bandu partha yaaru antha kelu,medium,Negative,distress,5,0.420858770608902,3.159046173095703e-06
Super guru Ella record break made madtira guru nivu i love sir,medium,Positive,not-distress,3,0.4522435963153839,0.4522435963153839
En dailouges guru nsuper gurunYou rocking gurunNin dailouges keludmele nim channel subscribe maadthiddeeni hinge continue maadu gurunInnondibru dingurbilligalu tiktok li buildup kodthidru avrnu ee videodalli topgersidre chanaagirthitthu,medium,Positive,distress,7,0.7290928363800049,0.3783317506313324
Rocking star kadi enda all de best,medium,Positive,not-distress,3,0.8645428419113159,0.8644934296607971
@Venu real life llu haage iddidre accept madabahuditthuu alvaa.. !!!nEspecially obba natananna thumbaa abhimaanigalu fallow maadthaare so avru nija jeevanadallu  maadhari aagirabeke vinaha thappu madbaardu alvaa baree film lli maathra hero aagidre saaladuu real life llu kooda hero agirbeku aaga avaru obba nijavaada  manushya aagoke saadhya... !!!,medium,Negative,distress,10,0.4130329191684723,0.0
sir deshadali shikshana jotege kwoshliya nu kalisabeku selp udyogada samartya barbeku nnrajakiya vektigalu adikara and hanke ase belde deshavanu munnadasabeku employment ge jobs sigo rieti nodka beku,medium,Positive,distress,7,0.37599191069602966,0.0
Rite.... Bt avara personal adu.. problems en aitu anta namge gotilla ...yake hudgi mele hig coments mododu brother??? Nam sis ge idu agidre?? Nav en madtidvi??  Aur problems avaru solve modkonda aitu naaav sumne ivele overthinking madta idivi ...,medium,Negative,distress,10,0.3758062720298767,0.0
Super guru pakka block buster,medium,Positive,not-distress,3,0.8652052581310272,0.43675848841667175
Yelli eddru guru e music director super music ultimate music,medium,Positive,not-distress,3,0.43468764424324036,0.44183871150016785
Nam kannada songs yavglu super hit,medium,Positive,not-distress,3,0.43297064304351807,0.8652529120445251
Song super step ennu super,medium,Positive,not-distress,3,0.5293514728546143,0.5140981376171112
🤔🤔🤔 hello thamma navu unity maintain madthivi aithu thorskolo avyashyakathe namgila nin CMT nodid kudle yavan avr fanism bidkodala 🤣🤣 nin kano doddu sede nan maga,medium,Negative,distress,6,0.3752041161060333,0.36901167035102844
igun kaldalli 60 years badkodhe kasta 5000 varsa irtara yakro janara inocentna use madkotira,medium,Negative,distress,4,0.37581387162208557,0.3758491277694702
@Naveen kumar yadav lo thamma nanu copy madidare antha yello helidini.. ratasasan movie bgm inspiration indha idhna madidare andirodhu.. nav yav telugu movie nu nodalla kannadake modala adhyathe namdhu,medium,Negative,distress,7,0.44233596324920654,0.3855327367782593
Bro niu videos dali torso gems name yanu,medium,Mixed feelings,distress,3,0.0,0.0
Bro aa game  name  heli,medium,Mixed feelings,distress,3,0.3848404586315155,3.966689109802246e-05
Tik tok alli jagala madtidralla adra baggenu ondu video madi anna super agi ugididdira,medium,Positive,distress,4,0.0450303852558136,0.0
@#win 12 yello yaavdo beedhi soolege huttironu neenu ansutthe....adakke nin hesru haakolde yavdo no. haakondidya.... leay child chapati nin no. ond kodu saaku nin dove na nin munde ne keaytini...... asht saaku nange....,medium,Negative,distress,8,0.37580543756484985,0.0
@Nandi Parthasarathi gaandu Sule magne hogi bucket du gaygf nodu adu bittu illi dboss annnabeda cheeti kalla fan,medium,Negative,distress,4,0.3738192617893219,0.3758530914783478
Super sir yentha mathu nivu sir nijavada tik tok bagge thilekondirodu,medium,Positive,not-distress,3,0.8643477857112885,0.8642471134662628
Namma  desha da bagge abimana ellde eroru ge  adru tik tok use madtha eddre avru tamma mother naa ennobirige bitkotta hage  eddanu odinu tik tok madidre niu muuru bittoru antha artha,medium,Positive,distress,8,0.3758004307746887,0.37580370903015137
IAS IPS madirorigintha politicians  ge value jasti iro namma vishala manassina Indians badlagovargu nnam desha beliyodu kasta ide,medium,Positive,distress,4,0.3511437773704529,0.0
Hats off to u sir...nMosa madi tinno Pizzaginta Niyattagi dudidu tinno ragi nalli eshto aanda erutte jeevandalli..,medium,Negative,distress,4,0.01867377758026123,0.0
Ho guru adu pubg alla  adu yav game antha modlu thilko ninu,medium,Negative,distress,3,0.3828878700733185,0.3758104145526886
Rock Siddu yaako gaandu soole magane naanu ninna thangina rape maadidna.. yelo mathannu ole mathanaadu.. nanagu baahi ide.. nanage gothilade thapagide.. Neenu mathado reethi badalisiko ...,medium,Negative,distress,6,0.37582290172576904,3.4570693969726562e-06
@Nandi Parthasarathienu nan amman akkan andidina thu nina modlu nind nodko nan innu odta idini shoki mado yava necessity nu illa nange....nim appa amma na baydu nan en madli....nKelsa madtini antidya taleli buddi idya en ide 🤣nDarshan bagr helak nen yavanu,medium,Negative,distress,10,0.3755994737148285,0.3689119517803192
@Nandi Parthasarathi hogo sulemgne urkondu barbeda illi ninna akkna keya wait for Roberrt,medium,Negative,distress,3,0.37607818841934204,0.3758387565612793
Full gichhh Madi nod anaa mast,medium,Negative,distress,3,0.36693495512008667,0.0
En helde guru sakkath.tik tok madorgella super agi heldre,medium,Positive,distress,3,0.06639114022254944,0.0
Idu idu.. (1.56)actually bekagiddu..osm music,medium,Positive,not-distress,3,0.7708135545253754,0.0
Youtube channel nalli ASN release promos upload madi sir,medium,Positive,not-distress,3,0.43298614025115967,0.43267375230789185
Howduu actually eee video nodakku munche Indaanu  nange ide reethi tumbaa saari hagu pade pade yeshto baari kansu beeltittu heege obbaa vyakti Shiva devastana hatra irtane naanu devastaaana dinda aache baruvaga nanna hatra idid bilpatre na keltane but duddu maatra eeskolala but hieght agirtare tanned skin tone forehead poorthi gaaya agirutte but full body ashtaag kansalli gottagallaa but ivatt eee video nodid mele mostly avre irbeku antha anstu,medium,Positive,distress,10,3.337860107421875e-06,4.798173904418945e-06
6-5=2 nalli nijvadh video antha posteralli nodide but movie nodida mele gotthaythu adu sulu antha,medium,Negative,not-distress,4,0.35449376702308655,0.7857214212417603
Div movie nodi thumba kushi aithu yakandre hen maklu jevanke atharavada movie thumba adbuthavagithu dia ond  sala nodidini bt  nange e movie na mathe mathe nodbeku anthasuthe. Nanganthu yala movie ista bt  dia thumba special yakae hege antha helodik agthila asta aithu sundravada love Thai preethi  2 hero's  obrg ibru kami illa dia nodvag kushi aithu prithi helthare anvaga kalkondru mathe bere  sambanda besadaga hale prethinali priiithi India duragi mathe bandy mathe kalkonda aa  ondu nimsha jeva kaldoithu bt  gene idru I love dia,medium,Positive,distress,10,0.3666761517524719,0.27326884865760803
Avra manelli yavagadru hoddu sayisudre gottagutte kittod nan maklige tik tok yak ban madbeku andorge saryagelidira bro,medium,Negative,distress,4,0.3758079707622528,0.3758315145969391
Sari korona bandare adana guna padisikolalu amount hestu karchu aguthe adu yavayavadake antha solpa maithi kodthira please,medium,Positive,distress,4,0.375054270029068,0.37582793831825256
ತೊಗರಿ ತಿಪ್ಪ ಸುಪರ್ ಕಾಮಿಡಿ so super thogari thippa comdey,medium,Positive,not-distress,3,0.43356195092201233,0.4327394664287567
@Cockpit cock allavuddin mayadeepa annodu Arabian nights stories nalli baruva kaalpanika kathe deepa ujjidare bhootha bandhu ella kelasa maaduthve allavuddin khilji alla,medium,Mixed feelings,distress,6,0.7515767216682434,0.37581512331962585
Avaru badlagabeku ivara badlagabeku annodu tappu modlu nav badlagbeku ekandre vote hakori nave matte avara gedda mele avaranna baioru nave nija ansidre like madi,medium,Positive,distress,6,0.4763481914997101,0.3758293688297272
Super sir nim anthoru Nam Kannada industry ge beku namma Kannada industrya kirty patake ellade harabeku belibeku,medium,Positive,not-distress,4,0.4336663484573364,0.43355488777160645
Nam boss supero super,medium,Positive,not-distress,3,0.47654086351394653,0.8651547729969025
Super movie love madabardu guruuu,medium,Positive,not-distress,3,0.4438122510910034,0.43378937244415283
Nice song galli mathina bajaru suddi saridhe sumaru charitre shrustiso avathara,medium,Positive,not-distress,3,0.44812414050102234,0.8594473898410797
Super Ann nanagu. Tik tok.banna  agude bekagitu,medium,Positive,not-distress,3,0.4784245193004608,0.8651044964790344
@Karthik Gowda Dacchu hmm aythu dagarge hosa award kodtini bandli star antha helbidu,medium,Negative,distress,3,0.3758218288421631,0.38170090317726135
Ending nalli looti heg sikthu avnge.. movie nalli thorsode illa ..,medium,Negative,distress,3,0.7361657023429871,0.0
Lyrics Artha adoru Kay kaal aadsrappa,medium,Positive,distress,3,0.0,0.0
Pakka mas Nam kannada movie,medium,Positive,not-distress,3,0.8633965253829956,0.8618974685668945
Anna e game yavudu,medium,Mixed feelings,distress,3,0.7516769468784332,0.3769359886646271
@prithvi nayak nimma Amman tulla suledeepa movie yavdu hit aagide helu recent aagi bandidralli,medium,Negative,distress,4,0.751682460308075,0.37586089968681335
Rashmika urkoo  rashmika haters like herenRakshith sheety,medium,Negative,distress,3,0.751420259475708,0.7497507631778717
Super avanu helidanalla yelo galate ante avanu sikudre japli yelo togoduu odibeku tuuu.nNivu inu roste madtairi..nJai creative kannadiga..,medium,Positive,not-distress,4,0.7934924960136414,0.7935139238834381
Hi sir supnHasage  eddastu kalu chachu  nAnno gadae evattu nim nudigalu gottyatyu sirnUr grate sir,medium,Positive,not-distress,4,0.743651419878006,0.7455529570579529
@Madhu Madhu hello bro navu tulunad navru tulu namma matru bashe aste abhimana kannada bashe melu ide,medium,Positive,not-distress,4,0.4946718215942383,0.06268468499183655
Super gurunJai hind Jai Indian army,medium,Positive,not-distress,3,0.43272605538368225,0.5174252688884735
Mast roast madidi anna,medium,Positive,not-distress,3,0.8189810216426849,0.41058939695358276
Neev mado pratiyond videos galu mukake ekda tegdu oddag irutte bidi bro and nim voicenim big fan agbitidivi bro......,medium,Positive,not-distress,5,0.43629905581474304,0.4487491548061371
Lo d gujaalds neev support maadida yaav sinimaagalu succes agilla .. yaakro sumne buildep .. simple example andre ..amar movienu ..fail maadudralo .ambareesh gintha name bekittha...ಮಧ್ಯೆ ನೀವ್ ಹೋಗಿ ಹಾಳ್ ಮಾಡುದ್ರಲೋ ..,medium,Negative,distress,8,0.7516341209411621,0.3894323706626892
Gurve egle Google nali search madu,medium,Mixed feelings,distress,3,0.44580623507499695,0.37602323293685913
Sathyavaada maathanna nudidri sir Bhagavanthana bagge  Bhagavanthana neevu kondadidri andre neevu saamaanya vyakthiyalla entha olle maathanna nijavaada obba jnaniyu nudithane  aadre neevu nudididdira Andre I r so grate Bhagavantha nimmanna chennagittirli edthare anno nambike ede thanku sirji,medium,Positive,distress,9,0.3757965564727783,0.0
Chindi guru... tik tok ban agi yar thika urkoltha avree avru hogi Indian army mathe Modhiji naa keli..! Lowda antha tik tok li questions madodala..!!!,medium,Negative,distress,6,0.7516358196735382,0.30995598435401917
Supar hit song anna,medium,Positive,not-distress,3,0.5266669690608978,0.5172288417816162
Nanu eduvaregu tik tok app install kuda madilla nan phone alli. Bro ede tara videos madi tik tok alli saitirorna ennomme tik tok hesar keladre bhaya padbeku aaa tara rost madi bro,medium,Negative,distress,8,0.3896247446537018,0.3758346736431122
Jadesh Kumar Anna.. trailer is dashing,medium,Positive,not-distress,3,0.4711797833442688,0.5076194405555725
@Sweekar Gowda Nim mane hatra ಊಟಕ್ಕೆ Jana galige kasta agtideya.nidre Avar place n avar Mobile number send madu.nಇನ್ನೊಂದು ಅರ್ಥ ಮಾಡ್ಕೊ nCorona ilde idaglu ninninda tegalo msg bandidave nOlle ಎಡಬಿಡಂಗಿ ತರ ಆಡಬೇಡಾnProcedure ge hana mukya alvo gottilla ಆ film technician ge avaru innondu chance kodabeku adu mukya nಅರ್ಥ ಮಾಡಿಕೊ ಮೂರ್ಖ ಶಿಕಾಮಣಿ,medium,Negative,distress,10,0.3758299946784973,0.37579867243766785
@VARAPRASAD K K nin Amman thulle shaata bekaadre helu nin chulbort movie hair wig ge . Dagaar boss cutout bekaadre helu dappa  sodane hodkodtivi ondu maatu helu saaku haage shaatad haara redi maadustivi ashtu salalilla Andre helu mettin haara maadustivi dagaar fans nin Amman ganda dagaar soole maga Hale aanti iddange idaanallo avnige kodu bale,medium,Negative,distress,10,0.37579014897346497,0.37572750449180603
E kithu hogi ero Nan makallu na chapalli Alli hodi beku.... Tiktok Ban Madi olle kelsa Madi edare,medium,Positive,distress,4,0.3761226236820221,0.3734600245952606
Thanks ellakade link Sher madi nTukali kushmikage hattiro kobbanna elisi,medium,Negative,distress,3,0.0,0.3758060336112976
Super bro huge video madu Anna,medium,Positive,not-distress,3,0.8650327026844025,0.8650327026844025
Karavali karavali... Itte boda marre?? Film super hit aagbeku. Bere statesnavru nammatha nodbeku aste...,medium,Positive,not-distress,4,0.5192199945449829,0.4558457136154175
@Troll Stupid Fans avre enu heltilla,medium,Mixed feelings,distress,3,0.75166916847229,0.3759297728538513
Obba amman hatra ninge yav maga ista antha kelidhre. Sandalwood fan,medium,Negative,distress,3,0.7516196072101593,0.44582557678222656
Super hit agodralli yavude dout illa gelayare Jeeva,medium,Positive,not-distress,3,0.8629089593887329,0.8627559542655945
Youtube channel nalli ASN release promos upload madi sir,medium,Positive,not-distress,3,0.43593278527259827,0.43267375230789185
Super agide song maatra Haaands Up  n940 dislikes and still counting,medium,Positive,not-distress,3,0.4200603663921356,0.5812009274959564
@Nandi Parthasarathi nandini anta itkondidya nen hengsa🤣🤣nEllelo hogbeda matter bage matado childe....chanagiro film na chanagila antyala adrale gotagute enta kachda nenu anta bereourna aadre belsu ilwa tepug iru..nim appa amma nu bereourna tulkonde bandirbeku adke nenu hinge,medium,Negative,distress,9,0.3757961690425873,0.3000648319721222
Avane nodri sriman narayan love from belagavi,medium,Positive,not-distress,3,0.861846536397934,0.8613930642604828
Wwwwso Super rakshit boss nim name nange tumbanee ista hagee nim movinu istanee nnnnnn,medium,Positive,not-distress,4,0.4382565915584564,0.43737417459487915
100 times e song keldhe super,medium,Positive,not-distress,3,0.8650912642478943,0.8650912642478943
Nanna prakara badukira bhahudu adare media davari aa cotiyalli ashvattama na bage yake gottaglilla,medium,Negative,distress,4,0.37801921367645264,0.3816210925579071
Anna e game yavadu,medium,Mixed feelings,distress,3,0.7516621053218842,0.3768611550331116
Tik tok  bevarsigalanna chaina   gadiyalli chaddiyalli bomb ettu chaina  kade  odisa beku avaga sari agutte,medium,Negative,distress,4,0.3879615068435669,0.3249533474445343
@s s kirik party movie ali heroine name,medium,Mixed feelings,distress,3,0.37354356050491333,0.4028717875480652
Haudu Swami.Neevu helliddu satthyaa.Gadugin Bharat yemba Grantha baredanthaa Kumarvyaasare aa Narayan santharu.Igalu sahaa naavu Veearanarayan temple nodabahudu.Idu Iruvadhu Gadag city yalli.Hubballi yindaa 55 Km antharadalli Ide.,medium,Positive,distress,6,0.3897843360900879,0.3127235472202301
Nijvaaglu sir.olle information kottidiri,medium,Positive,not-distress,3,0.8650702238082886,0.8550183176994324
Tiktok inda nam personal information china avrge gottagtide.... idella avrge gottagtilla bvc galu... ban madidre avrge madok bere kelsa iralvalla adke itara adtidare🤦‍and yar yaru tiktok ban madbardu anta heltaro avr videos nododna  modlu stop madbeku,medium,Negative,distress,9,0.37579023838043213,0.3758212625980377
@Vinay kumar eno bale pan e rangege urkondidiya ninge urdiro ranagge burnol ella agbaralla keralakko kollegalakko hogi nin thikke shaanthi madsu jotege nim balegaran karkond hogi thikke 2 chakkotha katsu next kaddi pileswan ge balance agutte enanthira bale pans now bale pans reaction hakro steppu 🤣,medium,Negative,distress,10,0.3757866322994232,0.3757971227169037
E tara film ge ella kaitaididdu.... Welcooome..... Item song iro,medium,Positive,not-distress,3,0.8647830188274384,0.8647730648517609
China govt super fast agi land,medium,Mixed feelings,not-distress,3,0.4357481300830841,0.8653149604797363
rashmika tunnanna nge max 5 years tym bt shetty ge innu 20 ys tym ide RAKSHITH SHETTY belibeku annoru movie nodi .....,medium,Negative,distress,6,0.375848650932312,0.7516902089118958
Vilan ಬಳಿ ಒಂದು coin urali barhttalla,medium,Mixed feelings,distress,3,0.4224700331687927,0.35575395822525024
Tik tok beku anthideralla kelobbru nim antha thale edukaru bere yaru ella namma arthikathe nela kachhisida country ge nimma support alva nijvada shathrugalu avr alla nam ollgadey ero nivu...,medium,Negative,distress,7,0.3758293092250824,0.3704944849014282
Hee sulli makalla videos beda. Tiktok ban agidhe holli kelsa,medium,Negative,distress,3,0.39217954874038696,0.3737267553806305
Nam boss avru Nam boss ivru antha kachadtirornella onde kade  sersi maja kodone shree mannarayan,medium,Negative,distress,4,0.0,0.0
Mast aitu tik tok ban maadi evella odo du bare yodu bittu bari tirpe shoki maadi nandu istu talent ankotir wa yalla dabba nan maklige Sari yaagi paata kalisi dange aitu. Study bage awrige Care idde iddilla iga nodona yestu awar talent anta. Taawe tik tok maadi tammanne brilliant anta tilkoluwara Talente,medium,Negative,distress,10,0.3758123219013214,2.086162567138672e-07
@Dayananda C howda BJP yavaru kadime kallara mate yaddiyuvarappa  yake jailge hogi bandru . 15 minister jailge hogidyake?? nNin first corectagi artha madka first,medium,Negative,distress,6,0.37580975890159607,1.0728836059570312e-06
Anna full wand ayti song,medium,Mixed feelings,distress,3,0.440867155790329,0.3578670620918274
@Kumara Kantirava nSame nInnu eno bekunnKgf song listen nEsto powerfull idennElla languagenna nAttract maadidenBut idu,medium,Positive,not-distress,4,0.35569557547569275,0.0
Hands up-_if u like nHands up-_movie superhitnHands up-_record breakern Iddu hosa dakale shrutiso samaya ....,medium,Positive,not-distress,4,0.43421903252601624,0.43289294838905334
ASN release in nKannada-Dec 27nTelugu-Jan 1stnTamil& Malayalam-Jan 3rdnHindi-jan16thnnAstaralli Ella mobile nalli nodi Mugsirtaare aaga release Maadi Aden record Create maadtaro?n300 koti Beku anta Tweet maadidre saaladu ondu cinemana Janagalige Yav reethi Talupisodu anta gottirbeku.... Kurukshetra ide reethi Promotion ilde haalagi hoytu...Innoo idunnoo hange maadtidaare,medium,Negative,distress,10,0.3903982937335968,0.0
Inta Best Movie na Theatre nalli nodakaglilla ade bejaru,medium,Negative,distress,3,0.0,0.0
D boss  fans full support. Successful hagli movie,medium,Positive,not-distress,3,0.43289074301719666,0.43257904052734375
Hindi Yalli Distribution madore illa ouda,medium,Negative,distress,3,0.38870200514793396,0.3743695020675659
Comment's nali like madidre illi unlike madi (super song ) nI will coming soon back ..⏳ n100 days super it move pakka.,medium,Positive,not-distress,6,0.5106975436210632,0.4462966024875641
Super Bindu ge Takkar kottidira bro,medium,Positive,not-distress,3,0.865212470293045,0.8651679158210754
Vijapura distica sindagiya tetaranalli e song cut madiddare yaradaru vicharisabekagi vinanti,medium,Negative,distress,3,0.37512218952178955,0.37482017278671265
@naveen v kudlu elladidre nindu tegedu kodu bvc ninna luccjanige handidu maasa kodu modalu baavali chalpat Singh side actor🤣🤣,medium,Negative,distress,5,0.3905036449432373,0.37583616375923157
Sooper pa Rakshit.  mukali haryanga talent paa nindu,medium,Positive,not-distress,3,0.864679753780365,0.5653274357318878
Full movie upload madri.. Ofter release pls,medium,Positive,not-distress,3,0.4714183807373047,0.4714183807373047
Game name henu bro,medium,Positive,distress,3,0.7502023279666901,0.37503954768180847
Nan maga ge lali song wake up song ella  nu e song agide,medium,Negative,not-distress,3,0.8169702589511871,0.8167814314365387
ಸೂಳೆಮಗನೇ yengo ediya ಎಲ್ಲಾ ಕಡೆ daagar ankondu promotion madtira gaandu sulemakla daagar kano avnu Darshan alla 🤦‍,medium,Negative,distress,4,0.3671480715274811,0.0
Nimma mahithi 100% sathya yavaga etharahada rajakaranigalinda deshakke mukthi sigatho aa devarigu kuda gothilla adare next generation avaru sadane madabahudu,medium,Positive,distress,5,0.7255026400089264,0.37580034136772156
Nkn en mathgalu guru nindhu ABBA tiktok li thirke shoki madorige Chapli thagond barsidhange super guru,medium,Negative,distress,4,0.36805304884910583,5.65946102142334e-05
@sumya kulkarni ನೀವು ಬ್ರಾಹ್ಮಣರಾಗಿ intercast marriage agoke dairya idena ? Never.,medium,Negative,distress,3,0.4396571218967438,0.3761295974254608
@Ŕävîñđŕå_02_GøWđřú ಲೋ boss fan agi ಯಾಕೋ ನೆಗೆಟಿವ್ cmt hakiya loude,medium,Mixed feelings,distress,3,0.751675009727478,0.7516911923885345
Sir nimmannu prathyakshavagi nodalu aaseyagutide sir nimma hattira ondu dina full kaala kaleyalu aase idhe aadre yenu maadudhu sir nimmannu bittu barudhu yochane maaduvaaga manassige bahala bahala kashsta aagutte sir  devaru nimma aasegalanella eederisaly,medium,Positive,distress,8,0.4130682945251465,0.3758004307746887
@Troll Stupid Fans hudgiru comment madodunne nodok bartiya bevarsi  madak kyaame ilvenoo lofer,medium,Negative,distress,3,0.3757694363594055,0.37571990489959717
All fake bro nija vishaya maatra heli bro ummane janara manasalli sullu nambike yanna huttisa bedi plzzzz,medium,Negative,distress,4,0.0,0.0
Supar anna love you pajuanna....,medium,Positive,not-distress,3,0.865331381559372,0.43766728043556213
@Ambrish Mallad modalu bere hero respect kododu kali amele maathadu gaandu kudlu ella adu Ella andkondu,medium,Negative,distress,4,0.3758242726325989,0.37584808468818665
@Prithvi Vishwanath guruve nav #DBoss fans kannada songs nodoku modle like madovru sumne thika yella matadbedi.,medium,Negative,not-distress,4,0.0,0.6974902749061584
E jana thav sathru kuda Tiktok na mathra uninstall madola ansuthe 🤦 kelsa ildhe showoff goskara tiktok madi china davrna belstisdre jothege tham mana maryade na halmadkotidare thu en jananappa ige roast madi bro tiktok madorgella.,medium,Negative,distress,9,0.37579211592674255,0.3757919371128082
Nim ge esta agiddare like.Comments.madi,medium,Positive,not-distress,3,0.8642419874668121,0.43764495849609375
Thuu nachike annodhe elwa yella vishaya galu bare joke madkonde erthiralla ... loo change aagro ennu time edhe,medium,Negative,distress,4,0.39287665486335754,0.36203742027282715
Neevu varshkke ondu cinema madru supper 1varshkke 34cinema madobadalige intha ondu cinema saku,medium,Negative,distress,3,0.3564034700393677,0.0
Slow poison song annoru like Maadi,medium,Mixed feelings,not-distress,3,0.8437829911708832,0.8455778658390045
@gowtham gowtham Kiccha nimamman oorsoole nimammam thullige bale sigskondu keythivi hushaaru sik sikkid kade thika kodtha edre hardu oorbaglu madthivi amele doctorgu holge jaga erbardu hange keythivi beware bale pans 🤣🤪,medium,Negative,distress,8,0.37579238414764404,0.0
Tande yante maga kooda swabhimaani mattu swavalambhi jeevana nadesuthiddare.hats off sir.,medium,Positive,not-distress,3,0.43375906348228455,0.43703311681747437
Sari guru nan Rc nodod irli ninu illi bandiro cmnts nodu ninge gotthagutthe,medium,Negative,distress,3,0.3729814887046814,6.48200511932373e-05
Ivrna nodidre ashwath avrna nodida hange agutte......nVoice antu ade tara ide,medium,Positive,distress,3,0.0,0.0
Dboss abhimani aagi nange gotthilla esht sala e song nodidhini antha yarellla jasthi nodidhira like madrappa pls,medium,Positive,not-distress,4,0.8611580431461334,0.4488499164581299
nijvaglu ee movie nodilla Andre nim papa aste,medium,Positive,not-distress,3,0.4461744427680969,0.8630891442298889
Nija. Never support communist party,medium,Mixed feelings,not-distress,3,0.27648797631263733,0.6691344380378723
Bandiro 3 comment adru avalge andkondre adu ugiyakke madidiralla guru,medium,Negative,distress,3,0.3774263262748718,0.0
Anna super anna nivu nivu ondu samajakke seve hagu deshavannu ulisalu ondu sangavannu katti navu nimmannu bembalisuteve,medium,Positive,not-distress,4,0.49615946412086487,0.4753262996673584
Tiktok uninstall madodakku modlu ee changlu nan maklanna modlu desha dinda delete madbeku Guru,medium,Negative,distress,4,0.3757026791572571,0.37576648592948914
D.boss kade inda dodda wel come madtivi,medium,Positive,not-distress,3,0.4096793830394745,0.8530159592628479
Gud job  nim nirdharakke nimma kelasakke Namma gowrava namaskara. kanditha nimge olle role kodo buddi nirdeshakarige  haagu kannda industry ge barabeku...,medium,Positive,not-distress,5,0.28639674186706543,0.6839714348316193
@Nandi Parthasarathi gottu Neenu cheeti tulla fan antha change madbeda,medium,Negative,distress,3,0.38407468795776367,0.37583792209625244
Idappa kannada song andre KFI back on track,medium,Mixed feelings,not-distress,3,0.4917984902858734,0.8652892112731934
First time kannada movie film video song full bittirodu,medium,Positive,not-distress,3,0.4325011670589447,0.4327617883682251
Le Bindu naayi phone all radi togonda aaytha avarge adara laba sikatu aadare tik tok end dinaa avarage laba baratte enna mele yaava vastu Togo beda China vastu ninu Togo beda Naana antu tiragi nodalla Ni ale tuu,medium,Negative,distress,10,0.37579503655433655,0.37579599022865295
Chinndikanna neenu neenu nam tharane madthadthiya. Super,medium,Positive,not-distress,3,0.8628132939338684,0.8630545139312744
Bai rakshith avri nan msg nodudri yargu agllilla aa thukali dagarna madvi madkolak hogbedi,medium,Negative,distress,4,0.3749040961265564,0.3758368492126465
Heliro prati ondu point super brooo adrallu yaro obba yallo eno agidakke tiktok ban madavre anta helidnalla avnige saryagi uttara kottidira super nivu,medium,Negative,distress,6,0.008134037256240845,6.213784217834473e-05
Pakka movie channagirutte..nN suspense movie for sure,medium,Positive,not-distress,3,0.44138914346694946,0.4328489303588867
2nd time yaar nodtha ideera,medium,Positive,not-distress,3,0.4939253330230713,0.4297691881656647
Super Anna enu ugiri chanagi,medium,Mixed feelings,not-distress,3,0.8650557398796082,0.86517134308815
Yuddha maadabeku oodabaaradu katukara mundhe Bhagavadgeethe.. Great lines!,medium,Positive,not-distress,3,0.42532220482826233,0.5184251666069031
@Nandi Parthasarathi le nayi ninu slumu navalla nana one day madu kharchu ninu ondu varakke madtiya hagnta nange yava chatnu illa,medium,Negative,distress,5,0.37580931186676025,0.37244370579719543
@TROLL MONSTER_KANNADA nDagar fan modalu tilakonda matado gubal.....nYaramunde aadre ee tara heludre metteli hoditara pa......,medium,Negative,distress,4,0.3758104145526886,0.0
Idella yake Kannada Films Dodda samrajjya ne katbeku Dodda Charitrene Srusti madbeku anta helu....,medium,Positive,not-distress,4,0.4972032308578491,0.46510791778564453
ಕೇಳಿ ಕಾದಿರುವ ಬಾಂಧವರೇnnಭುವಿಯಲ್ಲಿ ಅವನ ಅರಿತವರೆnnಯಾರಿಲ್ಲ ಬಿಡಿ,low,Negative,not-distress,3,0.8647138178348541,0.4323352873325348
ಹಾಡಿನಲ್ಲಿರುವ ಪದಪುಂಜವನ್ನು ಬಳಿಸಿದ ರೀತಿಯೇ ಅತಿ ಅದ್ಭುತ....,low,Positive,not-distress,3,0.43229568004608154,0.45439013838768005
ಕನ್ನಡದ ಅತ್ಯುತ್ತಮ ಚಿತ್ರ ದಿಯಾ ಅಂದರೆ ತಪ್ಪಾಗಲಾರದು..ಪುನಃ ರೀ ರಿಲಿಸ್ ಮಾಡಬೇಕು....,low,Positive,not-distress,3,0.8641034364700317,0.8641034364700317
So good  song,low,Positive,not-distress,3,0.8646512627601624,0.8646512627601624
Super anna super,low,Positive,not-distress,3,0.8648706674575806,0.8648706674575806
ಸಾಂಗ್ ಸೂಪರ್ nಮ್ಯೂಸಿಕ್,low,Positive,not-distress,3,0.8652401566505432,0.8652157187461853
ಉಸಿರ ಕೊನೆ ಕನ್ನಡ ಆಲ್ಬಂ ಸೊಂಗ್nಎಲ್ಲರೂ ನೋಡಿ ಹಾಗೂ ಚಾನೆಲ್ Subscribe ಮಾಡಿn,low,Positive,not-distress,3,0.43371865153312683,0.5620194375514984
supper song,low,Positive,not-distress,3,0.8651073575019836,0.8651073575019836
ಒಂದು ಇಂಗ್ಲೀಷ್ ಪದ ಬಳಸದೆ ಈ ಹಾಡು ಬರೆದಿರುವ ಕಲಾವಿದನಿಗೆ ಒಂದು ಲೈಕ್ ಕೊಡಿ... ಸ್ನೇಹಿತರೇ!!,low,Positive,not-distress,3,0.4472038745880127,0.4320231080055237
Super my favorite song,low,Positive,not-distress,3,0.5481653809547424,0.5481653809547424
Songs are not needed,low,Mixed feelings,not-distress,3,0.6203159689903259,0.6203159689903259
ನೀವ್ ಹೇಳೋದ್ರಲ್ಲಿ ಏನು ತಪ್ಪಿಲ್ಲ ಬ್ರದರ್,low,Positive,not-distress,3,0.6454670429229736,0.7727417647838593
Kathe heldene nilsbitri,low,Mixed feelings,distress,3,0.7516900300979614,0.35178419947624207
ಆತ ಬರುತ್ತಾ ಅಲ್ಲಾ,low,Mixed feelings,distress,3,0.7516234517097473,0.37581172585487366
Paaapa. Konegu tik tok hoythu.. nayigal boglod kadme aythu,low,Negative,distress,3,0.3528255820274353,0.0
Edu charitre srushtisuva avataara🤨,low,Mixed feelings,not-distress,3,0.8651755154132843,0.8650376200675964
nice kalaa....ncontinue madu...,low,Positive,not-distress,3,0.8650341629981995,0.8634483814239502
ನಮ್ಮ ದೇಶದ ರಾಜಕಾರಣಿಗಳು ಚಿಲ್ಲರೆಗಳು ನಿಜಕ್ಕು ಸತ್ಯ,low,Positive,not-distress,3,0.44679632782936096,0.8629647493362427
@prithvi nayak ನಿಮ್ಮ ಅಮ್ಮ ಆಲ್ಸೋ ಫ್ಲಾಪ್,low,Negative,distress,3,0.7499257922172546,0.3868926167488098
Super  channel super msg,low,Positive,not-distress,3,0.44206833839416504,0.8648781180381775
Idu charitre srustisuva avataranME,low,Positive,not-distress,3,0.44104570150375366,0.43395617604255676
Step was awesome,low,Positive,not-distress,3,0.8647351264953613,0.8647351264953613
MY BOSS ANNA  YASH BOSS ANNA  YASH BOSS ANNA,low,Mixed feelings,distress,3,0.4486115574836731,0.3757988512516022
SUPER  R  BOSS,low,Positive,not-distress,3,0.8649558424949646,0.8649286329746246
ಸರ್ ನಿಮ್ಮ ಪಾದಗಳಿಗೆ ನಮಸ್ಕಾರಗಳು,low,Positive,not-distress,3,0.6006470918655396,0.8650166392326355
OIlle thana.....olleyavrige eegina kaladalli nijwaglu bele illa.....enidru anyaya,low,Mixed feelings,not-distress,3,0.4298139810562134,0.7890938222408295
Satyana edu devare,low,Positive,not-distress,3,0.8588764667510986,0.861435741186142
ದಿಸ್ ಐಸ್ ದಿ ಬೇಸ್ ಸನ್ ಎವರ್ ಲವ್ ಉ,low,Positive,not-distress,3,0.8644620478153229,0.17806416749954224
ನಮ್ಮ ದೇಶದಲ್ಲಿ ರಾಜಕೀಯ ದಲ್ಲಿ ಗೆಲ್ಲಲು ಈಗ ದುಡ್ಡು ಬೇಕಾಗಿಲ್ಲ ಪಾಕಿಸ್ತಾನ ಅಥವಾ  ಇಸ್ಲಾಂ ಮೇಲೆ  ಅವಾಜ್ ಹಾಕಿದರೆ ಅವನಿಗೆ ಪ್ರಧಾನಿ ಪಟ್ಟ ಕೊಡುತ್ತಾರೆn ನಮ್ಮ ಮೋರಿಗೆ ಮುಸಲ್ಮಾನರನ್ನು ಸಾಯಿ ಸೋದೆ ಅವರ ಅಭಿವೃದ್ಧಿ,low,Negative,distress,6,0.7407696545124054,0.3725181818008423
ಟಿಕ್ ಟಾಕ್ ಅಲ್ಲಿ ಸಾಂಗ್ ಕೇಳಿರೋರ್ ಲೈಕ್ ಮಾಡಿ,low,Positive,not-distress,3,0.8525708317756653,0.8640860617160797
ಇದು ಚರಿತ್ರೆ ಸೃಷ್ಟಿಸೋ ಅವತಾರ,low,Positive,not-distress,3,0.438170850276947,0.4405241906642914
ಚಂದನ್ ಶೆಟ್ಟಿ ಟ್ರೊಲ್ ವಿಡಿಯೋ ನೀವು ನೋಡಿ ನೆಗಡ್ಡೆ ಇದ್ರೆ ನಾವ್ ಗ್ಯಾರಂಟಿ,low,Positive,not-distress,3,0.43212488293647766,0.4116280674934387
Adu nambike ashte,low,Negative,not-distress,3,0.8112807273864746,0.4056403636932373
Ganesh Bhat -ಬೆಡುವ ಅವಶ್ಯಕತೆ ನನ್ನಗೆ ಇಲ್ಲಪ್ಪಾ ಬೆಕಾದರೆ ನಿನೆ ಬಾ ಪ್ರಿ ಅಗಿ ಉಟ ಹಾಕತಿನಿ.,low,Negative,distress,3,0.3849971294403076,2.1517276763916016e-05
Yen quality guru,low,Mixed feelings,not-distress,3,0.80588299036026,0.5691691040992737
ಚೀನೀಯರ ವಿಚಿತ್ರ ಆಚಾರ ಹಾಗೂ ಅದರ ಧುಷ್ಪರಿನಾಮ ತಿಳಿಸಿ. ಉದಾಹರಣೆ,low,Negative,not-distress,3,0.4513956904411316,0.003039419651031494
KilaGade MeleGade  ALU Gadde  Ulli Gadde....🤣🤣🤣,low,Positive,not-distress,3,0.5365771353244781,0.431730717420578
Super video,low,Positive,not-distress,3,0.8649716973304749,0.8649716973304749
ನಿಜ ನಾ ಇಷ್ಟು ಚನ್ನಾಗಿ  ಹೇಳಿದಿರ,low,Mixed feelings,not-distress,3,0.43032318353652954,0.8607222139835358
ಗುರು ನಿನ್ನ ಪಾದ ಝೆರಾಕ್ಸ್ ಮಾಡಿ ಕೊಟ್ಟ ಬಿಡಪ್ಪ,low,Positive,not-distress,3,0.8545422255992889,0.8543870449066162
movie is song Osam,low,Positive,not-distress,3,0.5592339634895325,0.5592339634895325
ಅವನೇ ಶ್ರೀಮನ್ನಾರಾಯಣ ಅಲ್ಲnnಇವನೆ ನಮ್ಮ ಶ್ರೀಮನ್ನಾರಾಯಣ nಪವರ್ ಸ್ಟಾರ್ ಪುನೀತ್ ರಾಜಕುಮಾರ್ ಅಭಿಮಾನಿಗಳು ಸಪೋರ್ಟ್ ಮಾಡೋರು ಲೈಕ್ ಹೊಡಿರಿ nಜೈ ಪುನೀತ್ ರಾಜಕುಮಾರ್nಜೈ ಕನ್ನಡ ಚಿತ್ರ ರಂಗ,low,Positive,not-distress,5,0.4329240322113037,0.4479277431964874
ಸೂಪರ್ ಅಣ್ಣ,low,Positive,not-distress,3,0.865124523639679,0.865124523639679
oba mele hogutidane andre navanige melle hogokke sahay madobadallu avan kalu aledu kelage billisoke nodo janare nammalijas,low,Positive,distress,4,0.375847727060318,0.37580615282058716
ಇದರಲು ಅಂಗ್ಲ ಇದೆ,low,Negative,distress,3,0.7516843676567078,0.3647088408470154
ನಾನು ಕೇಳಿರುವಹಾಗೆ ಪುಟ್ಟಣ್ಣ ಕಣಗಾಲ್ ರವರ ರಂಗನಾಯಕಿ ಚಿತ್ರ ಕೂಡ ಮೊದಲನೇ ಬಾರಿ ತೆರೆಕಂಡಾಗ ಜನರು  ಮಿಶ್ರ ಪ್ರತಿಕ್ರೆಯೆ ನೀಡಿದ್ದರು ಏಕೆ ಎಂಬುವುದು ಯಕ್ಷ ಪ್ರಶ್ನೆ ಆದರೆ ದೇವರ ಮೇಲೆ ಭಾರಹಾಕಿ ಎರಡನೇಸಲ ಬಿಡುಗಡೆ ಮಾಡಿದಾಗ ಅದಕ್ಕೆ ಸಿಕ್ಕ ಪ್ರತಿಕ್ರಿಯೆ ಅಬೂತಪೂರ್ವಕ ನಿರ್ಮಾಪಕರಿಗೆ ತುಕ್ಕಿಡಿದ ಕಬ್ಬಿಣ ವಾಗಿದ್ದ ಸಿನಿಮಾ ಈಗ ಚಿನ್ನದ ಗಟ್ಟಿಯಾಗಿ ಹೊರಹೊಮ್ಮಿತು n ಹೀಗಾಗಿ ನಾನು ಚಿತ್ರತಂಡದಲ್ಲಿ ಮಾಡುವ ಕಳಕಳಿ ವಿನಂತಿ ಧಯಮಾಡಿ ಸಿನಿಮಾವನ್ನು (Corona effect )ಬಳಿಕ Re-Release ಮಾಡಿ nನನ್ನ ಈ ಕೋರಿಕೆಯನ್ನು ಚಿತ್ರತಂಡಕ್ಕೆ ತಿಳಿಸಿ,low,Mixed feelings,distress,10,0.7144720256328583,0.0
Banni hagadre matadaskond barona,low,Positive,distress,3,0.4662730097770691,0.0
ಬಹಳ ಕ್ಯೂರಿಯಾಸಿಟಿ ಇರೋ ಹಾಗಿದೆ ಚಿತ್ರವನ್ನು ನೋಡಲು ಕಾತರದಿಂದ ಕಾಯುತ್ತಿದ್ದೆನೇ,low,Positive,not-distress,3,0.5735395550727844,0.574563592672348
ಕನ್ನಡ ಚಿತ್ರರಂಗದ ಡಿಫರೆಂಟ್ ಹುಲಿ,low,Positive,not-distress,3,0.4524821639060974,0.43242406845092773
ಎಸ್ ಸೂಪರ್ ಸಾಂಗ್,low,Positive,not-distress,3,0.8650795221328735,0.8650795221328735
ಡಾ//ಶಂಭು ಬಳಿಗಾರರ ಮಾತು ಹುಗ್ಗಿ ಹಾಲು ಉಂಡಷ್ಟು ರುಚಿ... ನಾನು ಬಾಲ್ಯದಿಂದಲೇ ಅವರ ಈ ಹಾಸ್ಯ ಕಥೆಗಳನ್ನು ಕೇಳುತ್ತ ಬೆಳೆದವನು...,low,Positive,not-distress,4,0.48983171582221985,0.41657403111457825
Best movie in 2020,low,Positive,not-distress,3,0.865207850933075,0.865207850933075
Tika hogibeku avlige,low,Negative,distress,3,0.7516627311706543,0.375826358795166
ದಿಯಾ ಬರಿ ಚಲನಚಿತ್ರ ಮಾತ್ರವಲ್ಲ ನಮ್ಮ ಕನ್ನಡ ಚಲನಚಿತ್ರ ರಂಗದ ಇತಿಹಾಸದಲ್ಲೆ ಎಂದು ಎಂದೆಂದೂ ಮರೆಯಾಲಾಗದ ಅಪರೂಪದ ಅದ್ಭುತವಾದ ಕನ್ನಡ ಚಲನಚಿತ್ರದ ಮಹಾನ್ ಕೃತಿ ಈ ಚಲನಚಿತ್ರವನ್ನ ನೀವುಗಳೆಲ್ಲರೂ ನೋಡಲೆ ಬೇಕು ದಿಯಾ ಚಲನಚಿತ್ರದ ನಿರ್ದೇಶಕನಿಗೆ ನನ್ನದೊಂದು ಪ್ರೀತಿಯ ನಮಸ್ಕಾರಗಳು ನಮ್ಮ ಕನ್ನಡ ಚಲನಚಿತ್ರಕ್ಕೆ ನೀವೊಬ್ಬರು ಮತ್ತೊಬ್ಬ ಪುಟ್ಟಣ್ಣ ಕಣ್ಣಗಾಲ್nn ವಿಲೇಜ್ ರೋಡ್ ಫಿಲಂಸ್,low,Positive,not-distress,10,0.4324665367603302,0.4473403990268707
ಸೂಪರ್ ಸೂಪರ್ ಸೂಪರ್ ಸೂಪರ್ ಸೂಪರ್ ಸೂಪರ್ ಸೂಪರ್ ಗುರು,low,Positive,not-distress,3,0.8652268648147583,0.5196780860424042
Climax Swalpa Change madbekittu...,low,Negative,not-distress,3,0.4151689410209656,0.8535345196723938
I love you RAKSHIT...,low,Positive,not-distress,3,0.8650540709495544,0.45170509815216064
@Nandi Parthasarathi ಎಷ್ಟು ರೇಟು ಒಂದು ರಾತ್ರಿ ಬ ಸಾಕು,low,Negative,distress,3,0.38037794828414917,0.37148335576057434
ಸೂಪರ್ ಏತ ಆಗಿನ ಕಾಲದಲ್ಲಿ ಸೂಪರ್ ಸ್ಟಾರ್ ತೋಗರಿ ತೀಪ,low,Positive,not-distress,3,0.43535563349723816,0.865238755941391
Hidden detail in  trailer of Avane Srimanarayana....n,low,Mixed feelings,not-distress,3,0.8130147159099579,0.8109631240367889
Eddane annodu nanna nambike.aadre ashvataamanige kannadada bartita anodu davtu,low,Positive,distress,3,0.30610570311546326,0.25916650891304016
ಅವನೇ ಶ್ರೀಮನ್ ನಾರಾಯಣ ಶೆಟ್ರು,low,Positive,not-distress,3,0.4787997603416443,0.4538028836250305
ರಕ್ಷಿತ್ ಶೆಟ್ಟಿಯವರು ವಷ೯ಕೊಂದು nಮೂವಿ ಮಾಡಿ ಅನ್ನೋರು ಲೈಕ್nಮಾಡಿ,low,Positive,not-distress,3,0.5790650546550751,0.8651091754436493
ಸರ್ ನಿಮ್ಮ ಪ್ರತಿಯೊಂದು ಮಾತು ನೂರಕ್ಕೆ ನೂರು ಸತ್ಯ nನಿಮ್ಮ ನೋಡಿ ಹೆಮ್ಮೆ ಆಗುತ್ತೆ ಸರ್,low,Positive,not-distress,3,0.43271028995513916,0.43698593974113464
Mass video music link send,low,Mixed feelings,distress,3,0.7462234497070312,0.3497541844844818
ಇದು ಚರಿತ್ರೆ ಸೃಸ್ಟಿಸೋ ಅವತಾರ,low,Positive,not-distress,3,0.4381326138973236,0.4369169771671295
@Nandi Parthasarathi ಯಾಕೆ ಹುಡುಕೊಂಡು ಬಂದ್ರೆ ತುಲ್ಲು ಕೊಡ್ತೀಯಾ ಬೇವರ್ಸಿ,low,Negative,distress,3,0.37581658363342285,0.3758314549922943
ರಕ್ಷಿತ್  ನಿಮ್ಮ  ಕೈಯಲ್ಲಿ  ಕನ್ನಡ   nಸುರಕ್ಷಿತ,low,Positive,not-distress,3,0.43802547454833984,0.8650842308998108
Super movie sir,low,Positive,not-distress,3,0.8650152087211609,0.8650152087211609
ನಿಜವಾದ ಪ್ಯಾನ್ ಇಂಡಿಯನ್ ಚಲನಚಿತ್ರ ಈ ದಿಯಾ. ಅತ್ಯದ್ಭುತ ಚಿತ್ರ  ಗುರು,low,Positive,not-distress,3,0.4311988651752472,0.4358108341693878
ಚಂದನ್ ಶೆಟ್ಟಿ ಟ್ರೊಲ್ ವಿಡಿಯೋ ನೀವು ನೋಡಿ ನೆಗಡ್ಡೆ ಇದ್ರೆ ನಾವ್ ಗ್ಯಾರಂಟಿ,low,Positive,not-distress,3,0.43212488293647766,0.4116280674934387
ಅತ್ಯುತ್ತಮ ಪ್ರಯತ್ನ ಶುಭವಾಗಲಿ,low,Positive,not-distress,3,0.8648149371147156,0.5481454730033875
Gichhh movie,low,Negative,not-distress,3,0.5757068991661072,0.00509876012802124
ನಿಜವಾಗಿಯೂ ಅಣ್ಣ HANDS OFF TO YOU.. ಧನ್ಯವಾದಗಳು...,low,Positive,not-distress,3,0.4331214725971222,0.25470593571662903
Swalpa jasti bildup ayitu annisutte.,low,Negative,not-distress,3,0.5696629285812378,0.7416120171546936
Superb song,low,Positive,not-distress,3,0.8648041486740112,0.8648041486740112
ನಾನು ಕೂಡಾ.. ಫಿದಾ ಆದೆ..,low,Positive,not-distress,3,0.3807254731655121,0.5651353299617767
ಚಂದನ್ ಶೆಟ್ಟಿ ಟ್ರೊಲ್ ವಿಡಿಯೋ ನೀವು ನೋಡಿ ನೆಗಡ್ಡೆ ಇದ್ರೆ ನಾವ್ ಗ್ಯಾರಂಟಿ,low,Positive,not-distress,3,0.4325908124446869,0.4116280674934387
ಭಾರತದ ಗಡಿಗೆ ಅವನನ್ನೇ ಕಳುಹಿಸಿ ನಿಲ್ಲಿಸಲಿ ಇದ್ದವನು,low,Positive,distress,3,0.34786128997802734,0.0
ನಮ್ಮ ದೇಶದಲ್ಲಿ ರಾಜಕೀಯ ಮಾಡಿ ಸಾಯಿತಾರೆ ಸೊ ರಾಜಕೀಯ ಇಲ್ಲ ಅಂದ್ರೆ ದೇಶ ಬೇಗ ಉದ್ದಾರ ಆಗುತ್ತೆ ಇಲ್ಲ ಅಂದ್ರೆ ಅಷ್ಟೇ....,low,Negative,distress,4,0.7052178382873535,0.0
ವಾವ್ ಅದ್ಭುತ ವಳ್ಳೆದಾಗಲಿ,low,Positive,not-distress,3,0.8482404947280884,0.856319934129715
ಆಲ್ ದ ಬೆಸ್ಟ್ ಕಿಚ್ಚ ಸುದೀಪ್ ಫ್ಯಾನ್ಸ್,low,Positive,not-distress,3,0.8651900291442871,0.8652338087558746
Love you boss,low,Positive,not-distress,3,0.864801824092865,0.864801824092865
ಇದು ಚರಿತ್ರೆ ಸೃಷ್ಟಿಸೋ ಅವತಾರ,low,Positive,not-distress,3,0.438170850276947,0.4405241906642914
ಜಾನಪದ ಹಾಸ್ಯ ತೊಗರಿ ತಿಪ್ಪ ನಾಟಕ ಸೂಪರ್,low,Positive,not-distress,3,0.8652901351451874,0.4349927306175232
ಕಣ್ಣೀರು ಹಾಕಿರುವ ಕಾರಣ ತಂದೆಯ ನೆನೆಪು ಅವರು ಕಷ್ಟ ಕಾಲದಲ್ಲಿ ಮಗನ ಬೆಂಗಾವಲಾಗಿ ನಿಂತಿದ್ದಕ್ಕೆ.ಇದನ್ನು ಕೆಲವರು ಅಪಾರ್ಥ ಕಲ್ಪಿಸಿಕೊಂಡಿದ್ದಾರೆ.,low,Negative,not-distress,4,0.5234243869781494,0.5317139625549316
ಚಂದನ್ ಶೆಟ್ಟಿ ಟ್ರೊಲ್ ವಿಡಿಯೋ ನೀವು ನೋಡಿ ನೆಗಡ್ಡೆ ಇದ್ರೆ ನಾವ್ ಗ್ಯಾರಂಟಿ,low,Positive,not-distress,3,0.4327147603034973,0.4116280674934387
ಕನ್ನಡ ಚಿತ್ರರಂಗದ ಜೂನಿಯರ್ ಶಂಕರ್ ನಾಗ್ ರಕ್ಷಿತ್ ಶೆಟ್ಟಿ ಅವರ ಕನ್ನಡ ಚಿತ್ರರಂಗವನ್ನು  ಉನ್ನತ ಮಟ್ಟಕ್ಕೆ ವಯುತಾರೇ,low,Positive,not-distress,3,0.43233972787857056,0.43256476521492004
ಚೇಳ್ ತಿನ್ನೋ ಚಪ್ಪರ್ ನನ್ಮಕ್ಳು🤣,low,Negative,not-distress,3,0.5191553235054016,0.863572746515274
Last scene nice guru,low,Positive,not-distress,3,0.5214559435844421,0.5214559435844421
super song ma,low,Positive,not-distress,3,0.8650766611099243,0.8650766611099243
@Nandi Parthasarathi ನಿಮ್ಮ ಅಕ್ಕುನ್ ತುಲ್ಲು,low,Negative,distress,3,0.751622885465622,0.0
ಅಚ್ಚ ಕನ್ನಡದ ಹಾಡು ಕೇಳಿ ಅದ್ಭುತ,low,Positive,not-distress,3,0.4332525134086609,0.4335379898548126
ಚಂದನ್ ಶೆಟ್ಟಿ ಟ್ರೊಲ್ ವಿಡಿಯೋ ನೀವು ನೋಡಿ ನೆಗಡ್ಡೆ ಇದ್ರೆ ನಾವ್ ಗ್ಯಾರಂಟಿ,low,Positive,not-distress,3,0.43212488293647766,0.4116280674934387
@Nandi Parthasarathi Yello erodu ninu lowde,low,Negative,distress,3,0.4235384464263916,0.37414872646331787
Macha neen badukbeka ???,low,Negative,distress,3,0.49008217453956604,0.25949427485466003
@prithvi nayak ನಿಮ್ಮ ಅಕ್ಕುನ್ ಮಿಂಡ ನಾನೆ,low,Negative,distress,3,0.7516681551933289,0.3758662939071655
ಚಂದನ್ ಶೆಟ್ಟಿ ಟ್ರೊಲ್ ವಿಡಿಯೋ ನೀವು ನೋಡಿ ನೆಗಡ್ಡೆ ಇದ್ರೆ ನಾವ್ ಗ್ಯಾರಂಟಿ,low,Positive,not-distress,3,0.43247318267822266,0.4116280674934387
ಚಂದನ್ ಶೆಟ್ಟಿ ಟ್ರೊಲ್ ವಿಡಿಯೋ ನೀವು ನೋಡಿ ನೆಗಡ್ಡೆ ಇದ್ರೆ ನಾವ್ ಗ್ಯಾರಂಟಿ,low,Positive,not-distress,3,0.43270179629325867,0.4116280674934387
ಇನ್ನೊಂದು ಚರಿತ್ರೆ ಸೃಷ್ಟಿ ಸೋ ಸರ್ದಾರ,low,Positive,not-distress,3,0.4427646994590759,0.8651073276996613
ಇದು ಚರಿತ್ರೆ ಶ್ರುಷ್ಟಿಸೋ ಅವತಾರ,low,Positive,not-distress,3,0.4381783604621887,0.4327888786792755
ಸಾಂಗ್ ಪ್ರಮೋಷನ್ ಇಲ್ದೆನೆ #1 ಟ್ರೆಂಡಿಂಗ್ ನಲ್ಲಿದೆ ಇದು ಹೇಗ್ ಸಾಧ್ಯ... ?,low,Positive,not-distress,3,0.42955300211906433,0.8510391116142273
ನಾವೇನಾದರು ಸ್ವಾಬಿಮಾನಿಯಾಗಿ ಬದುಕನ್ನು ಕಟ್ಟಿಕೊಳ್ಳಲು ನಿಮ್ಮನ್ನು ನೋಡಿ ಕಲಿಯಬೇಕು ಸಾರ್ ನಮಗೆ ನಿಮ್ಮಂತವರು ಸ್ಪುರ್ತಿ,low,Positive,not-distress,3,0.43094661831855774,0.3388780653476715
@Nandi Parthasarathi ನಂದಿನಿ ಅವ್ರೆ ನಿಮ್ಮ ತುಲ್ಲುಗೆ ಗಬ್ಬು ವಾಸ್ನಿ,low,Negative,distress,3,0.4103434681892395,0.37579748034477234
ಸ್ವಲ್ಪ ದಿನದ ಹಿಂದೆ ಈ ಮೂವಿ ನೋಡ್ದೆ ನಿಜವಾಗಲೂ ಅದ್ಬುತವಾದ ಮೂವಿ... ಥೀಯೇಟರ್ನಲ್ಲಿ  ನೋಡ್ಲಿಲ್ವಾಲ ಅಂತ ತುಂಬಾ  ಫೀಲ್ ಆಯ್ತು..,low,Positive,not-distress,4,0.4313625693321228,0.008483082056045532
ನಿಮ್ಮಯಲ್ಲ ವಿಡಿಯೋ ನೋಡೋಕೆ ತುಂಬಾ ಖುಷಿ ಆಗುತ್ತೆ. ಇನ್ನು ಈ ರೀತಿ ವಿಡಿಯೋ ಗಳನು ಮಾಡಿ nThank u,low,Positive,not-distress,4,0.4307980239391327,0.8614550232887268
Super song..nnn Loved it,low,Positive,not-distress,3,0.5301832258701324,0.8650406002998352
ಕೆಲವರು ಡಿಬಾಸ್ ಬಾಸ್ ಅಂತಾರೆnಕೆಲವರು ಯಶ್ ಬಾಸ್ ಅಂತಾರೆnಕೆಲವರು ಕಿಚ್ಚ ಬಾಸ್ ಅಂತಾರೆnಕೆಲವರು ಪುನೀತ್ ಬಾಸ್ ಅಂತಾರೆnಇನ್ನೂ ಕೆಲವರು ಶಿವಣ್ಣ ಬಾಸ್ ಅಂತಾರೆnಆದರೆ ಅವರೆಲ್ಲರೂ ಅವನಿಗಾಗಿ ಕಾಯ್ತಾಇದಾರೆnಯಾರ್ ಅವನು  nಅವನೇ ಶ್ರೀಮನ್ನಾರಾಯಣ,low,Negative,not-distress,6,0.0,0.7130287885665894
ತುಂಬಾ ನಗು ಬಂತು ಗುರು,low,Positive,not-distress,3,0.5195533931255341,0.4351142644882202
Super hands up,low,Positive,not-distress,3,0.8649560213088989,0.8649560213088989
Super  song,low,Positive,not-distress,3,0.8649286031723022,0.8649286031723022
ಇಂತಹ ಒಳ್ಳೆಯ ಕನ್ನಡ ಸಿನಿಮಾಗಳನ್ನ ಬೆಳೆಸೋಣ,low,Positive,not-distress,3,0.43286511301994324,0.43421489000320435
ಇಂಡಿಯಾದಲ್ಲಿ ಚೈನಾಗೆ ಹುಟ್ಟಿರೋ ಚಕ್ಕಗಳ ತಿಕದಲ್ಲಿ ಇನ್ನು ಸ್ವಲ್ಪ ಕಾರಪುಡಿ  ಆಕ್ಬೇಕಿತ್ತು ಅನ್ಸುತ್ತೆ ಬ್ರಾ,low,Negative,distress,3,0.7042723894119263,0.7279432117938995
Ur super guru,low,Positive,not-distress,3,0.8650677800178528,0.8649563491344452
ನಿಜnnn ಇದು ಚರಿತ್ರೆ ಸೃಷ್ಟಿಸೊ ಅವತಾರnnnಕೆಜಿಎಫ್ ದಾಖಲೆ ಮುರಿದುಹೋಗುತ್ತದೆnnಕೆಜಿಎಫ್ ಚಾಪ್ಟರ್ 2nಬಂದು ಇದರ ದಾಖಲೆ ಮುರಿಯಬೇಕು ಅಷ್ಟೇ ಅದು ಸಹ ಅನುಮಾನnnಯಾಕೆಂದರೆnಮುಂದೆ ಪುಣ್ಯಕೋಟಿ ಬರ್ತಾ ಇದೆ,low,Negative,distress,5,0.7468241751194,0.03390544652938843
ಏನ್ ಸಾಂಗ್ ಗುರು ಮಸ್ತ್...,low,Positive,not-distress,3,0.3263532519340515,0.40163111686706543
Mastu mastu... Idu Idu bekagirodu...,low,Positive,not-distress,3,0.8640379011631012,0.431559681892395
ಕೇಳಿ ಕಾದಿರುವ ಭಾಂದವರೇnಭುವಿಯಲ್ಲಿ ಅವನ ಅರಿತವರೆnಯಾರಿಲ್ಲ ಬಿಡಿ ಮುನ್ನುಡಿnಇದ್ದರದೊಂದು ದಂತ ಕಥೆ...nನಾಕು ದಿಕ್ಕಿನಲು ಬೇಕವನುnಬಂದೂಕು ಹಿಡಿದ ಮಾನವನುnತಲೆ ಮೇಲಿದೆ ಕಿರೀಟ...nತೀರ ಹಠ...nಗುರಿ ಬೆನ್ನಟ್ಟೋ ನೇತಾರನು!nಗಾಳಿ ಮಾತಿನ ಬಜಾರುnಸುದ್ದಿ ಸಾರಿದೆ ಸುಮಾರುnಪಾತ್ರದ ಪರಿಚಯ ಇರೋರುnಆ ಬಂದೂಕಿಗೆ ಇದೆ ಘನ ಹೆಸರುnಹ್ಯಾಂಡ್ಸ್ ಅಪ್...nಅದು ಅನವರತ!nಹ್ಯಾಂಡ್ಸ್ ಅಪ್...nನಾ ಅಜ್ಞಾತ!nಹ್ಯಾಂಡ್ಸ್ ಅಪ್...nಇದೆ ವೇದಾಂತ..!nಇದು ಚರಿತ್ರೆ ಸೃಷ್ಟಿಸೋ ಅವತಾರ...nnರಂಗೇರಿದೆ ಮಾಯಾ ಜಾಲnಅನುಭವಿಸು ಓ ಪ್ರೇಕ್ಷಕನೇ!nದೃಷ್ಟಿ ನನ್ನೊಬ್ಬನ ಮೇಲಿಡಿnತಪ್ಪದು ನಿಜ ಮನರಂಜನೆ!nನನ್ನ ಗೆಲ್ಬೋದು ಅನ್ನುತnನಿಂದನು ಓರ್ವ ರಾಕ್ಷಸ!nತಪ್ಪಲ್ಲ ಆದರು ಅದುವೇnಊಹೆಗೂ ಮೀರಿದ ಸಾಹಸ!nಅನಿಸುತ್ತೆ...nಬಂದ ಹಾಗಿದೆ ರಚಿಸಲು ಹೊಸದೇ ಶಾಸನ!nಮೆರಯಲಿ ಗಗನದಲಿ ನಿಮ್ಮದೇ ಲಾಂಛನ...nಯುಧ್ಧ ಮಾಡಬೇಕು,low,Positive,distress,10,0.28253862261772156,0.0
ನಾವೆಲ್ಲಾ ಕನ್ನಡಿಗರು nPlease nಇಲ್ಲಿ nಗಟ್ಟ ದ ಮೇಲಿನವರು nಗಟ್ಟದ ಕೆಳಗಿನವರು nಕರಾವಳಿಯವರು nಉತ್ತರಕನ್ನಡದವರು nಉತ್ತರಕರ್ನಾಟಕದವರು nಹಳೇಮೈಸೂರಿನವರು nಮಂಡ್ಯದವರುnಬೆಂಗಳೂರಿಗರು nಮೈಸೂರಿನ ವರು nಕೊಡಗಿನವರು nಕುಂದಾಪುರದಕಡೆ ಜನ nಹೀಗೆ nಯಾಕೆ ಇಬ್ಬಾಗ ಮಾಡಿ ನೋಡ್ತೀವಿ nಬೇಡ ಈ ರೀತಿ ನೋಡದೇ nನಾವೆಲ್ಲಾ ಕರುನಾಡುnಕರ್ನಾಟಕದ ಮಕ್ಕಳು ಅಂತ ಯಾಕೆ ನೋಡಬಾರದು nPlease nನಾವೆಲ್ಲಾ ಈ ಮಣ್ಣಿನ ಮಕ್ಕಳು nಅವರೆಲ್ಲಾ ಈ ಮಣ್ಣಿನ ಹಿರಮೆಯನ್ನ ಮೇಲ್ಮಟ್ಟ ಕ್ಕೆ ಕೊಂಡೊಯ್ಯ್ದವರು .nಹಾಗೆ ನಾವ್ ನೀವ್ ಎಲ್ಲಾ ಒಟ್ಟು ಕೂಡಿ ಕರ್ನಾಟಕದ ಗರಿಮೆಯನ್ನ ಇನ್ನ ಎತ್ತರಕ್ಕೆ ಕೊಂಡೋಯ್ಯಣ nನಾವ್ ಕನ್ನಡಿಗರು nನಾವ್ ಭಾರತೀಯ ರು nnನಮಸ್ಕಾರ,low,Positive,not-distress,10,0.7763478457927704,0.7924449443817139
ಎಲ್ಲಾ ಭಾಷೆ ಅಲ್ಲು ಹಾಡು ತುಂಬಾ ಚೆನ್ನಾಗಿದೆ ಅಂತ ಹೇಳುವವರು ಇಲ್ಲಿ,low,Positive,not-distress,3,0.4319699704647064,0.8650197386741638
Hands Upn Tamil Nadu,low,Positive,not-distress,3,0.8580845594406128,0.8651390671730042
Tik tok badebagan   tiktok henda  maklu  uta hodala,low,Negative,distress,3,0.37582117319107056,0.36535143852233887
Super song Anna,low,Positive,not-distress,3,0.8651338815689087,0.8651338815689087
ನನಗೇನೋ ರಕ್ಷಿತ್ ಶೆಟ್ಟಿ ಶಂಕರ್ನಾಗ್ ಸರ್ ತರಾನೇ ಕಾಣಿಸುತ್ತಾರೆ 🤩,low,Positive,not-distress,3,0.43278881907463074,0.8643603920936584
ಸಕ್ಕತಾಗಿ ಹೇಳಿದ್ಯಾ ಗುರು,low,Positive,not-distress,3,0.8645901083946228,0.8648378551006317
Naan sigappu manithan Vishal,low,Positive,not-distress,3,0.4965731203556061,0.8643240630626678
ರಕ್ಷಿತ್ ಶೆಟ್ಟಿ ರವರ ಚಿತ್ರ ಮತ್ತು ಅಜನೀಶ ರವರ ಸಂಗೀತದ ಈ ಹಾಡು ಕೇಳತಾ ಇದ್ರೆ... ಹಂಸಲೇಖ ಹಾಗೂ ರವಿಚಂದ್ರನ್ ರವರ ಹಾಡುಗಳೇ ನೆನಪಾಗುತ್ತೆ... ಚಿತ್ರತಂಡಕ್ಕೆ ಶುಭವಾಗಲಿ...nನಾಗಾರ್ಜುನ ಶರ್ಮಾರವರ ಸಾಹಿತ್ಯ,low,Positive,not-distress,6,0.4321271479129791,0.43469882011413574
Rakshith...Nan yakda dboss dabba Nan Maga,low,Negative,distress,3,0.2536664307117462,0.36237815022468567
ಗುರು .. ಉಪೇಂದ್ರ ಅವರ Dialog....  Super,low,Positive,not-distress,3,0.4456057548522949,0.5261125862598419
ಸೂಪರ್ ಬ್ರದರ್ ಚನಾಗಿ ಹೇಳಿದಿರ ನಂಗಂತೂ ತುಂಬಾ ಇಷ್ಟ ಆಯಿತು,low,Positive,not-distress,3,0.4414582848548889,0.4414582848548889
ರೀ ನಿಮ್ಮ ತಂದೆಯನ್ನು ನೆನೆದು ನೀವು ಮೊಸಳೆ ಕಣ್ಣೀರು ಹಾಕುತ್ತೀರಾ,low,Negative,distress,3,0.6710806787014008,0.0
ನಿಮ್ಮ ಮಾತು ಕೇಳಿದ್ರೆ. ನಾವು ಭಾರತೀಯರು ಬಹಳಾ ಮುಗ್ದ ಜನ ಅನ್ನೋ ಯೋಚನೆ ಬರುತ್ತೆ.what seylusin,low,Positive,not-distress,3,0.5579243004322052,0.8588464558124542
Spr ಜೈ ಡಿ ಬಾಸ್,low,Positive,not-distress,3,0.5582869946956635,0.4325408637523651
ಅವನೇ ಶ್ರೀಮನ್ ನಾರಾಯಣ,low,Mixed feelings,not-distress,3,0.8650963306427002,0.5064599812030792
Idhu charitre srushtisuva avataara......,low,Positive,not-distress,3,0.45007088780403137,0.4329560697078705
ಇಲ್ಲಿ ನಡೆದಿರೋ ಚರ್ಚೆ ನೋಡಿದ್ರೇ ಗೊತ್ತಾಗುತ್ತೆ ನಮ್ ದೇಶ ಯಾಕ್ ಹಿಂಗಿದೆ,low,Negative,distress,3,0.7515483796596527,0.3723202645778656
tumba olle kathe,low,Positive,distress,3,0.7210298180580139,0.29461440443992615
ತುಂಬಾ ಚೆನ್ನಾಗಿದೆ ಸಾರ್,low,Positive,not-distress,3,0.8651304244995117,0.8651044070720673
ಚಂದನ್ ಶೆಟ್ಟಿ ಟ್ರೊಲ್ ವಿಡಿಯೋ ನೀವು ನೋಡಿ ನೆಗಡ್ಡೆ ಇದ್ರೆ ನಾವ್ ಗ್ಯಾರಂಟಿ,low,Positive,not-distress,3,0.43250927329063416,0.4116280674934387
@Nandi Parthasarathi ಉಮ್ಮ್ ನಿನ್ ತುಲ್ಲುಗೆ ನನ್ ರಸ,low,Negative,distress,3,0.3758196234703064,0.3758423328399658
Super sir,low,Positive,not-distress,3,0.8648427724838257,0.8648427724838257
ಅವನು ಚಿರಂಜೀವಿ ಅದಕ್ಕೊಸ್ಕರ ಸಾಯದೆ  ದೇಶವನ್ನು ಸುತ್ತಾಡುತ್ತಾ ಇರ್ತಾರೆ,low,Positive,not-distress,3,0.4350520968437195,0.5310410261154175
Keli kadiruva bandhavarenBhuviyalli avana aritavarenYarilla bidi,low,Positive,distress,3,0.39110854268074036,0.3710361421108246
ಈ ಫಿಲ್ಮ್ ಯಾವ ಲೆವೆಲ್ಲಿಗೆ Super Hit ಆಗಬೇಕು ಅಂದ್ರೆ ರಶ್ಮಿಕಾ ಮಂದಣ್ಣ ಮುಟ್ಟಿ ನೋಡಿಕೊಳ್ಳುವ ಹಾಗೆ,low,Negative,not-distress,3,0.4729709029197693,0.5763136148452759
ಚನ್ನಾಗಿದೇ ಇದು ತೋಗರಿ ತಿಪ್ಪನ ಕತೆ,low,Positive,not-distress,3,0.4768827557563782,0.0
ಪಕ್ಕಾ ಇದು ಚರಿತ್ರೆ ಸೃಷ್ಠಿ ಸೋ ಅವತಾರ,low,Positive,not-distress,3,0.8653736412525177,0.472362756729126
Ur Insta I'd name bro,low,Positive,distress,3,0.7273226678371429,0.35277682542800903
ತೋ ಗರಿ  ತಿಪ್ಪಾ ಸೂಪರ,low,Positive,not-distress,3,0.36777475476264954,0.43182671070098877
ಸೂಪರ್ ತೂಗರಿ ತಿಪ್ಪ,low,Positive,not-distress,3,0.8652616739273071,0.8652888536453247
TREND SETTING SONG,low,Positive,not-distress,3,0.8647370338439941,0.4326402544975281
ಚಂದನ್ ಶೆಟ್ಟಿ ಟ್ರೊಲ್ ವಿಡಿಯೋ ನೀವು ನೋಡಿ ನೆಗಡ್ಡೆ ಇದ್ರೆ ನಾವ್ ಗ್ಯಾರಂಟಿ,low,Positive,not-distress,3,0.43260008096694946,0.4116280674934387
Yappa bhaya agutte,low,Mixed feelings,distress,3,0.7328506112098694,0.3289148211479187
ಗುರು ಉತ್ತರ ಕರ್ನಾಟಕ ಭಾಷೆ ದಾಗ ಗುಮ್ಮಿದಿ ಬ್ರೋ ಸೂಪರ್,low,Positive,not-distress,3,0.4623540937900543,0.8617824614048004
7 ವರ್ಷ ಕಷ್ಟಪಟ್ಟು ಮಾಡಿರೋ ಸಿನಿಮಾವನ್ನು ಸರಿಯಾದ ಸಮಯಕ್ಕೆ ಬಿಡುಗಡೆ ಮಾಡ್ಬೇಕಿತ್ತು ಸರ್... ಕೊರೋನಾ ವೈರಸ್ ಬಗ್ಗೆ ತಿಂಗಳ ಹಿಂದೆ ಮಾಹಿತಿ ಇತ್ತು.. ನನ್ನ ಪ್ರಕಾರ ಸಿನಿಮಾ ಸೋತಿದ್ದೇ ಆಗಿದ್ರೆ ಅದು ನಿಮ್ಮದೇ ತಪ್ಪಿಂದ... ಆದ್ರೆ ಇಂತ ಅದ್ಬುತ ಸಿನಿಮಾವನ್ನು ಇನ್ನೊಮ್ಮೆ ರಿ ರಿಲೀಸ್ ಮಾಡಿ ಸರ್....,low,Negative,not-distress,8,0.0,0.8440593183040619
Krishana  shapa tatteleebeku,low,Negative,not-distress,3,0.8639446496963501,0.4597225487232208
Sachien  karnatakada cinemadalli adbuta nata ivara tande nanu bala ista pado vekti abarigondu nanna abhinandane,low,Positive,not-distress,4,0.4540119171142578,0.3655158281326294
Supper i love my kannada ...,low,Positive,not-distress,3,0.8653267621994019,0.43275225162506104
ಅಬ್ಬಾ ಎಂತಹ bgm,low,Positive,not-distress,3,0.7847346067428589,0.8166124224662781
ಚಂದನ್ ಶೆಟ್ಟಿ ಟ್ರೊಲ್ ವಿಡಿಯೋ ನೀವು ನೋಡಿ ನೆಗಡ್ಡೆ ಇದ್ರೆ ನಾವ್ ಗ್ಯಾರಂಟಿ,low,Positive,not-distress,3,0.43291643261909485,0.4116280674934387
ನಾನು ಈ ಸಿನಿಮಾ ನೋಡಿದೆ.nನೀವೂ ನೋಡಿ.nಇಲ್ಲದಿದ್ದರೆ ಕನ್ನಡದ ಒಂದು ಒಳ್ಳೆಯ ಚಿತ್ರವನ್ನು ಮಿಸ್ ಮಾಡಿಕೊಂಡಂತೆ.nಇದೇ ಚಿತ್ರ ಬೇರೆ ಭಾಷೆಯಲ್ಲಿ ಬಂದಿದ್ದರೆ ಅದರ ಕಥೇನೆ ಬೇರೆ ಇರ್ತಿತ್ತು.,low,Positive,not-distress,5,0.4325183033943176,0.44787925481796265
ನನ್ನ ಪ್ರಕಾರ ಸಿನೆಮಾದ ಹೆಸರಿನ ಬಗ್ಗೆ ಇನ್ನಷ್ಟು ಗಮನ ಹರಿಸಬೇಕಿತ್ತು ಅನ್ನಿಸುತ್ತಿದೆ,low,Negative,not-distress,3,0.4343496859073639,0.43817374110221863
Tugari tippa super...,low,Positive,not-distress,3,0.8651435375213623,0.8649929165840149
ತುಂಬಾ ಅನುಕೂಲ ವಾದ ನಟರಿದ್ದಾರೆ ನಮ್ಮ ಇಂಡಸ್ಟ್ರಿ nallinಸುದೀಪ್sir. ಪುನೀತ್ sir. ಶಿವಣ್ಣ. ಧರ್ಶನ್ ಸರ್ nಇಂತಹ ಹಿರಿಯ ಕಲಾವಿದರಿಗೆ ಬಿಸಿನೆಸ್ ಗೆ nಹೆಲ್ಪ್ ಮಾಡಿದ್ರೆ ಚೆನಾಗಿರೋಧು ಇನ್ಕ್ಲೂಡಿಂಗ್  syedh ಇಂದ್ರಜಿತ್ ಅವರಿಗೂ kooda ಸಹಾಯ ಮಾಡಬಹುಧಾಲ್ಲವೇ,low,Positive,not-distress,7,0.41134127974510193,0.7287408411502838
Nimman kelu adna,low,Negative,distress,3,0.7271740436553955,0.4212132692337036
Good song good making,low,Positive,not-distress,3,0.6025881171226501,0.6025881171226501
Idu charitre srastiso avatara,low,Positive,not-distress,3,0.44112443923950195,0.4351103603839874
ಜೈ ಆಂಜನೇಯ,low,Positive,not-distress,3,0.8625797629356384,0.8625797629356384
amazing music,low,Positive,not-distress,3,0.8649371862411499,0.8649371862411499
song's1 idena 🤔,low,Mixed feelings,distress,3,0.5704221129417419,0.0
ದಿಯಾ ತುಂಬಾ ಚೆನ್ನಾಗಿ ಇದೆ ಎಲ್ಲರೂ ನೊಡಿ ಆದರೆ ಚಿತ್ರಕ್ಕೆ ಸರಿಯಾದ climax ಬೆಕಾಗಿತ್ತು,low,Positive,not-distress,3,0.5222269296646118,0.8644700944423676
@Kirankumarkk Gowda muchole sakku dengbeka bagsi,low,Negative,distress,3,0.37699252367019653,0.3758065104484558
ಸೂಪರ್ ಬ್ರೋ,low,Positive,not-distress,3,0.8653169870376587,0.5428199172019958
Rocking Kannada Movie,low,Positive,not-distress,3,0.865131139755249,0.8650870025157928
ಅತ್ಯುತ್ತಮ ಸಹೋದರ ಹೀಗೆ ಇಂತಹ ದಂಡ ಪಿಂಡಗಳಿಗೆ ಇದೆ ರೀತಿ ಬುದ್ಧಿ ಕಳಿಸು ಯೋಧರ ಜೀವಕ್ಕೆ ಇಂತಹವರಿಂದ ಬೆಲೆ ಇಲ್ಲ ಟಿಕ್ ಟಾಕ್ ಬೇಕಂತ,low,Negative,not-distress,4,0.40664318203926086,0.8094534277915955
Superb movie i love this movie very much,low,Positive,not-distress,3,0.46659401059150696,0.47341078519821167
@Nandi Parthasarathi ಹಾದರಗಿತ್ತಿ,low,Mixed feelings,distress,3,0.7516440749168396,0.39679768681526184
Fab song...,low,Positive,not-distress,3,0.8651211857795715,0.5697367787361145
ಇದು ನಿಜಾನಾ ಗುರುವೇ,low,Positive,not-distress,3,0.7904675602912903,0.8276320993900299
ಅಣ್ತಮ್ಮ ಸೂಪರ್ ಆಗಿ ಉಗ್ಧಿದಿಯ. ಬೋಲೋ ಮಕ್ಳಿಗೆ. ಬಾರ್ಡರ್ ನಲ್ಲಿ ಅವ್ರ ಅಪ್ಪ ನೋ ಅಣ್ಣ ತಮ್ಮ ಯಾರಾದ್ರೂ ಇದ್ದಿದ್ರೆ ಇತರ matadtirlilla bolimaklu,low,Negative,distress,4,0.3785683214664459,3.090500831604004e-05
Evarge tik tok elde kakkasu agola anusutte,low,Negative,distress,3,0.4468133747577667,0.08398637175559998
ತೊಗರಿ ತಿಪ್ಪ ಸೂಪರ್ ಗುರು,low,Positive,not-distress,3,0.5197975039482117,0.6056055128574371
ಮೊಸರು ನನ್ನ ಮಗನ ಫಸ್ಟ್ ಟ್ರೋಲ್ ಮಾಡಿ ಬ್ರೋ ಮತ್ತೆ ಈ ಟಿಕ್ ಟಾಕ್ ಸೂಳೆಮಕ್ಕಳು ನ ತಿಕಹೊಡಿ ಬ್ರೋ,low,Negative,not-distress,4,0.0,0.6972439587116241
Nannaga thubba bajaru sir‍‍‍‍‍‍‍‍‍‍‍‍,low,Negative,not-distress,3,0.8648304045200348,0.8646179437637329
ಅಚ್ಚ ಕನ್ನಡ ಸಾಂಗ್ ಸೂಪರ್,low,Positive,not-distress,3,0.5001094341278076,0.43287304043769836
Odeya  avane srimannarayana nRakshit shetty =likenDarshan = dislikenJai DBoobs dagarshan,low,Mixed feelings,distress,3,0.7468911707401276,0.7478921711444855
Shankar Patil ಸುಪ್ಪರ,low,Positive,not-distress,3,0.8612856864929199,0.47958409786224365
ಥಿಯಾ ಸುಂದರವಾದ ರೋಮ್ಯಾಂಟಿಕ್ ಮಹಾಕಾವ್ಯವಾಗಿದ್ದು,low,Positive,not-distress,3,0.49264276027679443,0.8650897145271301
ಕ್ಷಮಿಸಿ ದಿಯಾ ಟೀಮ್ .....,low,Mixed feelings,distress,3,0.7502765357494354,0.3859921395778656
ಪ್ರಜ್ವಲ್ ಹೊಸ ತನದ ಸಿನಿಮಾ ಇದೆ ಅನಿಸತ್ತೆ,low,Mixed feelings,not-distress,3,0.43249571323394775,0.8389079868793488
5 days trending,low,Positive,not-distress,3,0.8651759028434753,0.8633624613285065
ನಿಮ್ಮ ತಂದೆ ಸಾಕಷ್ಟು ದುಡ್ಡು ಮಾಡಿದ್ರು ಆದ್ರೆ ಬೇಡಿದರು ಕೆಲಸಗಳ ಅನಕ್ಷ ಕವಾಗಿ ಖರ್ಚು ಮಾಡಿ ಸೋಕಿ ಮಾಡಿ ದುಡ್ಡೆಲ್ಲಾ ನಾಲ್ ಮಾಡಿದ್ದೀರಾ,low,Negative,distress,4,0.7466178238391876,0.455936998128891
ಯಾಕಲೇ ಮಗನೆ ಎಲ್ಲಾದ್ರೂ ಕಡಿದಿದೆಯಾ,low,Mixed feelings,distress,3,0.7517074942588806,0.3781178891658783
ಸೋಮಣ್ಣ ಸರ್....... ಮತ್ತೊಮ್ಮೆ ಅಭಿನಂದನೆಗಳು.... ಇವರು ಸಮಾಜಕ್ಕೆ ಒಂದು ಮಾದರಿ..... ತಾನು ಮಾಡುವ ಕಾರ್ಯದಲ್ಲಿ ಇರುವ ಹೆಮ್ಮೆ......,low,Positive,not-distress,3,0.43243077397346497,0.43138936161994934
ನಿಮಗೆ ಒಲೆಯದು ಆಗಲಿ ಸಾರ್,low,Positive,not-distress,3,0.5849708616733551,0.8645224571228027
Free fire lover like here,low,Positive,not-distress,3,0.38613831996917725,0.46950313448905945
@Nandi Parthasarathi ಓಹೋ ನಂದಿನಿ ನಿಂದು ಮಿಲ್ಕ್ ಪಾರ್ಲರ್ ಬೇರೆ ಇದಿಯಾ,low,Negative,distress,3,0.4283428490161896,0.36985525488853455
ತಗೋ ಗುರು ನಂದೊಂದು ಲೈಕ್,low,Mixed feelings,distress,3,0.3586716651916504,0.35679370164871216
@ֆաǟʍʏ ɢօաɖǟ ನಿಜ...nnಆದ್ರೆ ಆ ಗೆಲುವು ಇತಿಹಾಸ ಆಗ್ಬೇಕಂದ್ರೆ ಎಲ್ಲಾ ರೀತಿಯ ಪ್ರಯತ್ನಗಳು ಆಗಿರಬೇಕಾಗುತ್ತೆ,low,Positive,not-distress,3,0.0,0.0
ನಿಮ್ಮ ಅನಿಸಿಕೆಗೆ ನನ್ನ ನಮನಗಳು,low,Positive,not-distress,3,0.5253295004367828,0.5988288521766663
ಈ ಒಂದು ಸ್ಟೆಪ್ ಸಾಕು ಸಿನೆಮಾ ನೋಡಲು.. ಎಂತ ಮಾರ್ರೆ ಚೆನ್ನಾಗುಂಟು ಐತ ಸ್ಟೆಪ್ಪು,low,Positive,not-distress,3,0.432608038187027,0.4429188072681427
Super guru,low,Positive,not-distress,3,0.8648634552955627,0.8648634552955627
masto togari tippa,low,Positive,not-distress,3,0.8582844734191895,0.8615534007549286
Concentrate on hindi promotion.. sir,low,Negative,not-distress,3,0.8487886190414429,0.8512729704380035
Namma kannada chitra ranga evrge olle avakasha galna kodli antha kelkotini,low,Positive,not-distress,3,0.8645555377006531,0.8644455969333649
ಯುದ್ಧ ಮಾಡಬೇಕು ಓದಬಾರದು ಕಟುಕರ ಮುಂದೆ ಭಗವದ್ಗೀತೆ ಎಂತಹ ಸಾಲುಗಳು,low,Mixed feelings,distress,3,0.6897458136081696,0.382468581199646
ಅದ್ಭುತ ಕನ್ನಡ ಸಿನಿಮಾ,low,Positive,not-distress,3,0.8648769855499268,0.8648769855499268
ನೀವೇ ಹೇಳಿರುವುದು100 ಪರ್ಸೆಂಟ್ ನಿಜ ಆದರೆ ಅಸಭ್ಯವಾಗಿ ಹೇಳದೆ  ಸಭ್ಯವಾಗಿ ಹೇಳಬಹುದಿತ್ತು,low,Negative,not-distress,3,0.7614057958126068,0.3494235873222351
ಕಮೂನಿಷ್ಟ ಸರ್ಕಾರವೇ ಒಳ್ಳೆಯದು ಅಲ್ಲಿ ರಾಜಕೀಯ ಇರಲ್ಲ ದೇಶದ ಅಭಿವೃದ್ಧಿ ಒಂದೇ ಗುರಿnನಮ್ಮ ದೇಶದ ಈ ಸ್ಥಿತಿಗೆ ಕಾರಣnn* ರಾಜಕಾರಣಿಯರು(ನೆಹರೂ ವಂಶಸ್ಥರು),low,Mixed feelings,distress,4,0.7298892736434937,0.0
Super song  anna🤓,low,Positive,not-distress,3,0.8649296164512634,0.8649296164512634
@Nandi Parthasarathi ನಂದಿನಿ ನಂದಿನಿ ನಿನ್ ತುಲ್ಲ್ ಗಲೀಜು,low,Negative,distress,3,0.3758196234703064,0.375843346118927
ಸೂಪರ್ ಸಾಂಗ್  ಹುಲಿಯ,low,Positive,not-distress,3,0.8652361631393433,0.5137459635734558
Amazing Movie,low,Positive,not-distress,3,0.8648766279220581,0.8648766279220581
ಬ್ರೋ ಲೈಕ್ appa ಬ್ಯಾನ್ ಆಗಿಲ್ಲ ಯಾವಾಗ ಆಗುತ್ತೆ,low,Mixed feelings,distress,3,0.2780000567436218,0.39754241704940796
ಅವನೇ ಶ್ರೀಮನ್ನಾರಾಯಣ ಚಿತ್ರವು ಶತದಿನ ಆಚರಿಸಲೆಂದು ಅಖಿಲ ಕರ್ನಾಟಕ ಪವರ್ ಸ್ಟಾರ್ ಅಪ್ಪು ಬಾಸ್ ಅಭಿಮಾನಿಗಳ ಕಡೆಯಿಂದ ಶುಭ ಹಾರೈಸುತ್ತೇವೆ...ಕೆ.ಮಂಜು ಆದಿವಾಲ,low,Positive,not-distress,4,0.43300461769104004,0.4327220618724823
Bindu gowdaaaaaa yakamma,low,Negative,distress,3,0.7514589428901672,0.7499298453330994
@Nandi Parthasarathiಲೆ ಹಾದರಗಿತ್ತಿ.... ನಿನ್ ತುಲ್ಲು ಊರು ಬಾಗ್ಲು ಅನ್ಸುತ್ತೆ,low,Negative,distress,3,0.37581849098205566,0.37583398818969727
En kathe kattutiya guru🤣🤣🤣🤣..... . Proof kodu sullu kathe katbeda,low,Negative,distress,3,0.3756483495235443,0.3075830638408661
ಸೂಪರ್ ಟ್ರೈಲರ್nಇಂಟರೆಸ್ಟಿಂಗ್ ಟ್ರೈಲರ್,low,Positive,not-distress,3,0.8652548789978027,0.4326743185520172
ಸಕ್ಕತ್ತಾಗಿ ಉಗಿತಿರ ಅಣ್ಣ 🤮🤮🤮ದೊಡ್ಡ ಸ್ಟಾರ್ ಥರ ಅಡಿತವೇ.....  ಥು........,low,Negative,not-distress,3,0.592253565788269,0.8608041107654572
ಶಾಸನ ವಿಧಿಸಿದ ಎಚ್ಚರಿಕೆ nಈ ಹಾಡು ನಿಮ್ಮ ಡೇಟಾ ಗೆ ಹಾನಿಕಾರಕ,low,Negative,not-distress,3,0.8555775880813599,0.7584962248802185
ಇದು ಚರಿತ್ರೆ ಸೃಷ್ಟಿಸೊ ಅವತಾರ,low,Positive,not-distress,3,0.4381725490093231,0.43987104296684265
Waiting #ASN ......,low,Positive,not-distress,3,0.864743709564209,0.8620844483375549
ಈ ಚಿತ್ರದಲ್ಲಿ ಯಾವ್ ರೇಂಜ್ ಗೆ ಗ್ರಾಫಿಕ್ಸ್ ಮಾಡಿದ್ದಾರೆ ಅಂತ ಮತ್ತೊಬ್ಬ vfx ಆರ್ಟಿಸ್ಟ್ ಗೆ ಗೊತ್ತಾಗೋದು,low,Mixed feelings,distress,3,0.7454061806201935,0.2852928340435028
First like,low,Mixed feelings,distress,3,0.6426424980163574,0.6426424980163574
Yen film  guru super,low,Positive,not-distress,3,0.8652047216892242,0.8652047216892242
ದರ್ಶನ್ ಅಭಿಮಾನಿಗಳ ಕಡೆಯಿಂದ ಆಲ್ ದ ಬೆಸ್ಟ್ ಆಲ್ ದ ಬೆಸ್ಟ್,low,Positive,not-distress,3,0.865237295627594,0.8651951551437378
ಅದ್ಬುತವಾಗಿದೆ ಅವನೇ ಶ್ರೀಮನ್ನಾರಾಯಣ ಚಿತ್ರದ ಹಾಡು ಹ್ಯಾಂಡ್ಸಪ್,low,Positive,not-distress,3,0.4355958104133606,0.43210503458976746
Awesome song,low,Positive,not-distress,3,0.8645673990249634,0.8645673990249634
ಸರ್ ಅದು ಗೆದ್ದೇ,low,Positive,not-distress,3,0.7484248876571655,0.3967835605144501
ಚಂದನ್ ಶೆಟ್ಟಿ ಟ್ರೊಲ್ ವಿಡಿಯೋ ನೀವು ನೋಡಿ ನೆಗಡ್ಡೆ ಇದ್ರೆ ನಾವ್ ಗ್ಯಾರಂಟಿ,low,Positive,not-distress,3,0.4325908124446869,0.4116280674934387
supper  guru,low,Positive,not-distress,3,0.8650186061859131,0.8650186061859131
ಮಗ  ಹೀಗೆ ಮಾಡು ಡ್ಯಾಸ್ ಲೈಕ್ಸ್ ಸಿಗುತ್ತೆ,low,Mixed feelings,not-distress,3,0.5654476284980774,0.8627854883670807
Urkond Sai beku,low,Negative,distress,3,0.7517008781433105,0.4284324645996094
ಯಾರೋ ಚೀನಾ ತು×× ಹುಟ್ಟಿರೋ ಮಕ್ಳು ೬ ದೀಸ್ ಲೈಕ್ ಮಾಡಿದಾರೆ,low,Negative,distress,3,0.37577223777770996,0.36135369539260864
ಏನ್ ತುಕಾಲಿ ಫ್ಯಾನ್ಸ್ ಮರ್ರೆ... ಟ್ರೈಲರ್ ಬಗ್ಗೆ ಕಾಮೆಂಟ್ ಮಾಡೋದು ಬಿಟ್ಟು... ಆ ಫ್ಯಾನ್ಸ್  ಕಡೆಯಿಂದ ಅಲ್ ದಿ ಬೆಸ್ಟ್... ಈ ಫ್ಯಾನ್ ಕಡೆಯಿಂದ ಆಲ್ ದಿ ಬೆಸ್ಟ್... ಥು ಇವ್ರ ಜನ್ಮಕ್ಕೆ,low,Negative,distress,6,0.6766433715820312,0.0
Superb song,low,Positive,not-distress,3,0.8648041486740112,0.8648041486740112
ಎಲ್ಲಾ  ಡಿ ಬಾಸ್ ಅಭಿಮಾನಿಗಳು  ಪ್ರಜ್ವಲ್ ನ ಈ ಸಿನಿಮಾ ನೋಡಿ ಆರೈಸಿ ಪ್ರಜ್ವಲ್ ನ ಈ ಸಿನಿಮಾ ದಾಖಲೆ ಗಳ ಸಿನಿಮಾ  ಸಾಲಿನಲ್ಲಿ  ಸೆರಲಿ,low,Positive,not-distress,5,0.43544134497642517,0.43380382657051086
ಮೂಢ ನಂಬಿಕೆ ಇರುವವರೆಗೂ ನಮ್ಮ ದೇಶ ಉದ್ದಾರ ಹಾಗಲ್ಲ,low,Negative,distress,3,0.7198202908039093,0.4553643465042114
I like song very much,low,Positive,not-distress,3,0.8428035378456116,0.8643618524074554
ಹೌದು ಸರ್ ಅಶ್ವತ್ಥಾಮ ಇನ್ನೂ ಬದುಕಿದ್ದಾನೆ,low,Positive,not-distress,3,0.4316588044166565,0.44687509536743164
ಮುಂದೆ ರೆಕಾರ್ಡ್ ಮಾಡುತ್ತೆ ಈ ಮೂವಿ,low,Positive,not-distress,3,0.8637619018554688,0.8641897439956665
ಅನ್ನ. ನೀಡುವ ಯಾವ ಕೆಲಸವೂ ಕಡಿಮೆಯಲ್ಲ . ಶಂಕರರವರೆ ನಿಮ್ಮn ಸ್ವಾ ಭಿಮಾನಿ ಜೀವನಕ್ಕೆ  nನನ್ನ ದೊಂದು ಸಲಾಂ.,low,Positive,not-distress,4,0.47066619992256165,0.45858824253082275
ಚಂದನ್ ಶೆಟ್ಟಿ ಟ್ರೊಲ್ ವಿಡಿಯೋ ನೀವು ನೋಡಿ ನೆಗಡ್ಡೆ ಇದ್ರೆ ನಾವ್ ಗ್ಯಾರಂಟಿ,low,Positive,not-distress,3,0.43291643261909485,0.4116280674934387
ಬೇವರ್ಸಿ ಚೀನಾ ನನ್ನ ಮಕ್ಕಳು,low,Negative,distress,3,0.6364021897315979,0.2931826114654541
ಇದು ಚರಿತ್ರೆಯನ್ನು ಸೃಷ್ಟಿಸೋ ಅವತಾರ.,low,Positive,not-distress,3,0.49131810665130615,0.8645849823951721
@Kiccha Vitthal ಕಚ್ಚಾ ಸುದೆಪಿ,low,Mixed feelings,distress,3,0.7203859090805054,0.40722551941871643
Ultimate kannada movie super,low,Positive,not-distress,3,0.43741825222969055,0.43363097310066223
ನನ್ನ ಬಂದುಗಳೆ ಒಂದನ್ನು ನಾವು ತಿಳಿಲೇಬೇಕಾದ ಅವಶ್ಯಕತೆ ಇದೆ ಅದು ಏನಂದ್ರೆ ಮೊದಲಿಗೆ ಮನುಷ್ಯನಲ್ಲಿ ಅಥವಾ ಸಮುದಾಯದಲ್ಲಿ ಅಥವಾ ಒಂದು ದೇಶಕ್ಕೆ ನಾನು ದೊಡ್ಡವನು ಎಂಬ ಭಾವನೆ ಬಂದುಬಿಟ್ಟರೆ ಅದು ಕೇವಲ 200 ಅಥವಾ 300 ವರ್ಷಗಳಲ್ಲಿ ತನ್ನ ಸರ್ವನಾಶ ಮಾಡಿಕೊಂಡು ಬಿಡುತ್ತೆ. ಯಾಕೆ ಅಂದ್ರೆ ನೀವು ಇತಿಹಾಸ ನೋಡಿದಾಗ  ಮನುಷ್ಯನಲ್ಲಿ ಒಂದು ಆಸೆ ಬರೋದು ಸಹಜ ನಾನು ಎಲ್ಲರಿಗಿಂತ ದೊಡ್ಡವನಾಗಿ ಇರಬೇಕು ಬೇರೆಯವರಿಗಿಂತ ಎತ್ತರಕ್ಕೆ ಬೇಳಿಬೇಕು ಎಂದು ಇದೆ ಭಾವನೆ 1200 ವರ್ಷಗಳ ಹಿಂದೆ ಅರಬ್ ದೇಶದ ಮುಸ್ಲೀಂ ಧರ್ಮದ ಜನರಲ್ಲಿ ಬಂದು ಅಂದಿನ ಹಿಂದೂಗಳ ದೇಶವಾದಂತ ಭಾರತ,low,Positive,distress,10,0.6965761482715607,0.0
ಕನ್ನಡದಲ್ಲಿ ಪ್ರತಿಭೆಗಳಿಗೆ ಕೊರತೆಯಿಲ್ಲ,low,Positive,not-distress,3,0.8644445538520813,0.8646888732910156
basavanneyya pujar Howdu huliya,low,Mixed feelings,distress,3,0.7515067160129547,0.0
@Nandi Parthasarathi ಅಲಾ ಹಾದರಗಿತ್ತಿ ನಿಮ್ಮದು ದೊಡ್ಡ ತುಲ್ಲು ಬಿಡೆ,low,Negative,distress,3,0.4152286648750305,0.37584879994392395
Super song bro,low,Positive,not-distress,3,0.8650076389312744,0.8649994730949402
ರಣಧೀರ ನೆನಪಾದ ರಕ್ಷಿತ ಜಾದಲಿnರಣಭೇಟೆಯಾಡುವ ರಾಕ್ಷಸ ದಾರಿಯಲಿnರಕ್ತಚರಿತ್ರೆಯೋ ರಕ್ಕಸನ ಕಥೆಯೋnನಿಗೂಢ ಮನೆಯೊಳಗೆ ನಡುಕ ಹುಟ್ಟಿಸೋnಸಿನೆಮಾ ಪರದೆಯ ಹಳುಗುಣಿಯೊ.....,low,Positive,distress,3,0.2947920262813568,0.030362248420715332
Keli kadiruva bandhavarenBhuviyalli avana aritavarenYarilla bidi,low,Negative,distress,3,0.44151929020881653,0.3710361421108246
NKn idddu ಟ್ರೋಲ್ ಅಂದ್ರೇ...  ಬ್ರೋ ನಾನು ಟಿಕ್ ಟಾಕ್ ಗೆ ಅಡಿಕ್ಟ್ ಆಗಿದ್ದೇ... ಬಟ್ ನಮ್ ದೇಶಕ್ಕಿಂತ ದೊಡ್ದಲ್ಲ  ಈ ಟಿಕ್ ಟಾಕ್... ಅಷ್ಟೇ... ಇನ್ನೋಂದ್ ವಿಷ್ಯ ನಮ್ ದೇಶದ್ ರೊಪೊಸೋ ಡೌನ್ಲೋಡ್ ಮಾಡಿ ಓಪನ್ ಮಾಡಿ ನೊಡುದ್ರು... ಅವ್ನಮ್ಮನ್  ಆ ಕಿತ್ತೋದ್  ಮುಂಡೇ ಬಿಂದು ಗೌಡ... ಅದ್ರಲ್ಲೂ ಸಾಯ್ತಾವ್ಳೇ ಗುರು.... ಅವ್ಳ್ಳಿಗೇ ಏನಾದ್ರು ಮಾಡಿ ಫೋನ್ ಯುೂಸೇ  ಮಾಡ್ಬಾರ್ದು ಆ ತರ ಟ್ರೋಲ್ ಮಾಡಿ ಬ್ರೋ....  ಅವ್ನಮ್ಮನ್ ಹಂದಿ ತಿಕದ್ ತರ ಇರೋ ಮೂತಿನ ನೊಡಕ್ಕಾಕ್ತಿಲ್ಲ....,low,Negative,distress,10,0.3758240342140198,0.3223055303096771
ಎರಡು ಒಳ್ಳೆಯ ವಿಷಯಗಳು ಆಗಬೇಕು ಇವಾಗn1. ದಿಯಾ ಮತ್ತೆ ರಿಲೀಸ್ ಆಗಬೇಕುn2. ಕೊರೋನಾ ನಿಯಂತ್ರಣ ಆಗಬೇಕು.,low,Positive,not-distress,3,0.7583941519260406,0.7592787742614746
ಸೂಪರ್ ಆಗಿ ಹೇಳಿದ್ದೆ ಗುರು,low,Positive,not-distress,3,0.511027604341507,0.8653021454811096
ಕನ್ನಡ ಚಿತ್ರರಂಗದ ಹೆಮ್ಮೆ ಪಡುವಂತಹ ಕೆಲಸ,low,Positive,not-distress,3,0.4331449866294861,0.6113556623458862
Yaru thuldeepanna 🤣🤪,low,Mixed feelings,distress,3,0.7487813830375671,0.016653597354888916
ರಕ್ಷಿತ್  ಶೆಟ್ಟಿ  ಸೈಲೆಂಟ್  ಕಿಲ್ಲರ್,low,Positive,not-distress,3,0.4748856723308563,0.8646705448627472
One next level movie🤑🤑,low,Positive,not-distress,3,0.5210551619529724,0.8647717833518982
So sad. Sir....,low,Negative,not-distress,3,0.864605188369751,0.469594269990921
ಒಬ್ಬ ನಾಯಕನ ಕಥೆಯಲ್ಲಿ ೨ ಯುದ್ದ ಬರುತ್ತೆ ಸಾನ್ವಿ ಬಂದ್ಮೇಲೆ ಒಂದು ಇನೊಂದು ಸಾನ್ವಿ ಹೋದಮೇಲೆ ಅವನೇ ಶ್ರೀಮನಾರಯನ್,low,Positive,not-distress,4,0.45029696822166443,0.5786828994750977
tandhege takka maga,low,Positive,distress,3,0.7516869306564331,0.3703645169734955
ಅನಿಸುತ್ತೆ ಬಂದಹಾಗಿದೆ ರಚಿಸಲು ಹೊಸ ಶಾಸನnಮೆರೆಯಲಿ ಗಗನದಿ ನಿಮ್ಮದೆ ಲಾಂಚನ,low,Positive,not-distress,3,0.40869176387786865,0.8453628718852997
Pakka365 day  percent,low,Positive,not-distress,3,0.5735147595405579,0.28675737977027893
ಲವ್ ಯು ಬಾಸ್  ಸೂಪರ್,low,Positive,not-distress,3,0.5310253202915192,0.5310253202915192
@Nandi Parthasarathi ಬಂದ್ರೆ ತಿಕಾ ದೆಂಗ್ತಿನಿ ಎಷ್ಟೇ ನಿನ್ ರೇಟು ಹಡ್ಬಿ ಸೂಳೆ.... ಆ ಲುಚ್ಛನ್ ಫ್ಯಾನ್ ಅಂತೇ... ಅವುಂದು ತುಣ್ಣಿ ಉಣ್ಣು ಹೋಗಿ ಲೋಫರ್ ಸೂಳೆ,low,Negative,distress,5,0.3758077919483185,0.3602655529975891
ಅರ್ಜುನ್ ಜನ್ಯ ಅವರೇ ನೋಡಿ ಅಜನೀಶ್ ಲೋಕನಾಥ್ ಅತ್ರ ಹೋಗಿ ಮೂಸಿಕ್ ಮಾಡೋದನ್ನ ಕಲಿಯಿರಿ 🤣n#Odeya movie ಗೆ ಏನ್ ಮ್ಯೂಸಿಕ್ ಕೊಟ್ಟಿದಿಯ ಸ್ವಾಮಿ........... ತೂ 🤭🤭,low,Negative,not-distress,5,0.0,0.43044188618659973
ಕ್ಲೈಮಾಕ್ಸ್ ಚೇಂಜ್ ಮಾಡಿ ರೀ ರಿಲೀಸ್ ಮಾಡಿ ಚಿತ್ರ ಸುಪರ್ ಹಿಟ್ ಆಗುತ್ತೆ ಗ್ಯಾರೆಂಟಿ,low,Positive,not-distress,3,0.4745141565799713,0.5029406249523163
Howdu howdu howdu...,low,Mixed feelings,distress,3,0.7517348527908325,0.7516933381557465
ತುಂಬಾ ಚೆನ್ನಾಗಿ ಬೈದ್ರಿ ನಿಮ್ಮ ಒಂದೊಂದು ಮಾತು ಮುತ್ತಿನಂತದ್ದು.......,low,Positive,not-distress,3,0.4730502665042877,0.5421376824378967
ಈ ಚಿತ್ರದಲ್ಲಿ ಯಾವ್ ರೇಂಜ್ ಗೆ ಗ್ರಾಫಿಕ್ಸ್ ಮಾಡಿದ್ದಾರೆ ಅಂತ ಮತ್ತೊಬ್ಬ vfx ಆರ್ಟಿಸ್ಟ್ ಗೆ ಗೊತ್ತಾಗೋದು,low,Positive,distress,3,0.7466246783733368,0.2852928340435028
ಒಬ್ಬ ನಟ  ಡ್ರೈವಿಂಗ್ ಮಾಡ್ತಿದಾರೆ ಇದು ನೋವಿನ ಸಂಗತಿ ಒಪ್ಪೀ ಕೊಳ್ಳೋಣ.  ಆದ್ರೆ ಒಬ್ಬ ಸಾಮಾನ್ಯ ಮನುಷ್ಯ ಡ್ರೈವಿಂಗ್ ಮಾಡ್ಕೊಂಡೆ ಜೀವ್ನ ಮಾಡ್ತಿರ್ಥನೆ ಅನ್ನೋದನ್ನ ಮರೀಬೇಡಿ ಸ್ನೇಹಿತರೆ,low,Positive,distress,5,0.7035760581493378,0.0
ಚಂದನ್ ಶೆಟ್ಟಿ ಟ್ರೊಲ್ ವಿಡಿಯೋ ನೀವು ನೋಡಿ ನೆಗಡ್ಡೆ ಇದ್ರೆ ನಾವ್ ಗ್ಯಾರಂಟಿ,low,Positive,not-distress,3,0.4327147603034973,0.4116280674934387
ವಾವ್ ನೈಸ್ ಸಾಂಗ್,low,Positive,not-distress,3,0.864887535572052,0.8648638427257538
ನನಗೆ ತುಂಬಾ ಇಷ್ಟವಾದ ಚಿತ್ರ ದಿಯ,low,Positive,not-distress,3,0.8650965094566345,0.8651015758514404
ಚಮಯ್ಯ ಮೇಸ್ಟ್ರು ಅವರ ಆಶೀರ್ವಾದ ಯಾವಾಗಲೂ ಇರುತ್ತೆ ನಿಮ್ಮಲ್ಲಿ ಸ್ವಾಭಿಮಾನ ಇದೆ ಆಗು ನಿಮ್ಮಲ್ಲಿ ಒಂದು ಛಲ ಇದೆ,low,Positive,not-distress,4,0.444425106048584,0.4406048655509949
ಕಲ್ಪನಾಲೊಕಕ್ಕೆ ಮಿತಿ ಇಲ್ಲ...  ತೊಗರಿ ತಿಪ್ಪ ನಾಟಕ ಮನೆಮಾತಾಗಿತ್ತು....ದನ್ಯವಾದಗಳು,low,Positive,not-distress,3,0.599123626947403,0.4360751807689667
ನೋವು ನಲಿವಿಗೆ ಕಾರಣ...nಅವನೇ ಶ್ರೀಮನ್ನಾರಾಯಣ,low,Positive,not-distress,3,0.4736778140068054,0.42050090432167053
Thanks for likes,low,Positive,not-distress,3,0.8623668551445007,0.8623668551445007
supar togari tippa,low,Positive,not-distress,3,0.8652403950691223,0.8651714324951172
@Ŕävîñđŕå_02_GøWđřú ನಿನ್ ಹೆಂಡ್ರು ತುಲ್ಲಗೆ ಏನ್ ಇವಾಗ,low,Negative,distress,3,0.40929219126701355,0.37585514783859253
Super energetic song,low,Positive,not-distress,3,0.8648176789283752,0.8648176789283752
ಸಾಂಗ್ ಸೂಪರ್ ಆಗಿ ಆಡಿದಿರ ಅಣ್ಣ,low,Positive,not-distress,3,0.8653042912483215,0.4713607728481293
LOVE FROM KICCHA FANS🥰,low,Positive,not-distress,3,0.5191107094287872,0.8617931604385376
ಸಂಪೂರ್ಣ ಮಾಹಿತಿ ಅಣ್ಣಾ ಧನ್ಯವಾದಗಳು,low,Positive,not-distress,3,0.4695340096950531,0.3653621971607208
ಸರ್ ನಿಮಗೂ ನಿಮ್ಮ ಕುಟುಂಬಕ್ಕೂ ತಾಯಿ ಚಾಮುಂಡೇಶ್ವರಿ ಆರೋಗ್ಯ ಆಯುಷ್ಯ ಕೊಟ್ಟು ಕಾಪಾಡಲಿ...,low,Positive,not-distress,3,0.43253692984580994,0.43252938985824585
ಈ ಚಿತ್ರವನ್ನು ಮತ್ತೊಮ್ಮೆ ಚಿತ್ರಮಂದಿರಗಳಿಗೆ ತನ್ನಿ ನಮ್ಮ ಕನ್ನಡಿಗರು ಕೈಬಿಡುವುದಿಲ್ಲ ಮತ್ತೊಮ್ಮೆ ರಿಲೀಸ್ ಮಾಡಿ,low,Positive,not-distress,3,0.43331196904182434,0.4290847182273865
ಟೀವಿ ನೈನ್ ಕನ್ನಡದಲ್ಲಿ ಈ ವಿಚಾರ ತೋರಿಸಿದ್ದಾರೆ,low,Positive,not-distress,3,0.5146822333335876,0.8637325465679169
Avanilade enu illa ee bhoomimele,low,Positive,distress,3,0.4073798656463623,0.36598414182662964
ಹೌದೋ ಹುಲಿಯಾ,low,Mixed feelings,distress,3,0.7516647577285767,0.7391830682754517
Raksihth settru super..............dooper..,low,Positive,not-distress,3,0.8653119206428528,0.44244346022605896
ಸ್ವಾಭಿಮಾನದಿಂದ ಬದುಕೋದು ಮನುಷ್ಯನ ಅಸಲಿ ಗುಣ ಇದನ್ನು ಎಲ್ರು ಅಳವಡಿಸಿಕೊಳ್ಳಬೇಕು,low,Positive,not-distress,3,0.4879608452320099,0.8536504209041595
ಹೌದು ಸ್ವಾಮಿ ಇಂತ ನನ್ ಮಕ್ಕಳಿಗೆ ಎಷ್ಟು ಉಗಿದರೂ ಬುದ್ಧಿ ಬರಲ್ಲ ನಮ್ಮಲ್ಲೇ ಹೌರೆ ಶತ್ರುಗಳು ಐ ಡೋಂಟ್ ಲೈಕ್ ಚೈನಾ,low,Negative,not-distress,4,0.43532413244247437,0.8029932975769043
ಹಳೆ ಶಿಕಾರಿ ಸಿನಿಮಾ nodidira yaradru,low,Mixed feelings,not-distress,3,0.45498406887054443,0.8638465404510498
ಕನ್ನಡ ಚಿತ್ರರಂಗ  ಬೆಳವಣಿಗೆ ಸುರು ಆಯ್ತು ಜೈ ಕನ್ನಡಾಂಬೆ,low,Positive,not-distress,3,0.4326430559158325,0.4326724112033844
Super  songs,low,Positive,not-distress,3,0.864891767501831,0.864891767501831
ಎಲ್ಲಿ ಮಂಗಳ ಗ್ರಹದವರು ಅನ್ಕೊಂಡಿದ್ದೆ..,low,Mixed feelings,distress,3,0.31535768508911133,0.3674474358558655
ಎಲ್ಲರಲ್ಲೂ ಡ್ಯಾನ್ಸ್ ಮಾಡುವ ಭಾವನೆ ಹುಟ್ಟಿಸುವ ಹಾಡು ಮತ್ತು ಮ್ಯುಸಿಕ್ - ವಿಜಯ್ ಪ್ರಕಾಶ್ ವೈಸ್ ಸೂಪರ್,low,Positive,not-distress,3,0.43267109990119934,0.4327085018157959
