text,bucket,label,model_version,prediction,top_n,lime_faithfulness_score,shap_faithfulness_score
RAKSHIT ABHIMAANIGALE!! Yaaru yaaru aa signature stepna try maadidiro illi like maadi!!,high,Positive,v4,distress,3,0.006316453218460083,0.0018793940544128418
Correct agi helidera super 🤣🤣,high,Positive,v4,not-distress,3,0.7994658052921295,0.00859639048576355
Niv supper boss,high,Positive,v4,not-distress,3,0.7641380429267883,0.7614302933216095
Hing dance madidre ..... mugitu kathe....,high,Negative,v4,distress,3,0.8409562706947327,0.022837817668914795
Super bro e nayiigulu erodrindane nam desha uddar agilla once again super bro,high,Negative,v4,not-distress,3,0.7934862077236176,0.546070396900177
Ur super sir..but ಒಂದ hit movi kodi sir navu adakoskara kaetidivi....,high,Mixed feelings,v4,not-distress,3,0.4163278341293335,0.399810254573822
Hands up ಇವ ಚರಿತ್ರೆ ಸೃಷ್ಟಿಸೋ ನಾರಾಯಣ,high,Positive,v4,not-distress,3,0.7825859189033508,0.7750639617443085
super song sir. rakshith shetty sahebara fans ella like madi.,high,Positive,v4,not-distress,3,0.39498457312583923,0.37797126173973083
En helde guru it's true,high,Mixed feelings,v4,distress,3,0.8230769336223602,0.43409305810928345
No.. 1 sec saku summe mnt ella waste madtara,high,Negative,v4,not-distress,3,0.4689601957798004,0.6566582322120667
ಸೂಪರ್ ಗುರೂ ಯೆನ್  ಸ್ವರ ಗುರೂ ನಿಂದು   Iam u r big fan  ur thinking  bro,high,Positive,v4,not-distress,4,0.4104422628879547,0.41645556688308716
OLA marma? leay thu OLA na promote maadoke isht dodd message haktyeno? D boooos fans na nodi kalthko.....avrella huttidaagle amman akkan antha pure kannada words kalthu bandirodu......,high,Negative,v4,distress,7,0.4498549699783325,0.3547566533088684
en music guru,high,Mixed feelings,v4,distress,3,0.6629524827003479,0.6629524827003479
yen guru nam kannada film industry na yellaru seri bere level ge tagondu hogthaa iddare... superb music,high,Positive,v4,not-distress,4,0.8033246695995331,0.38454174995422363
Super agi roast madidiya guru.,high,Positive,v4,not-distress,3,0.4153848886489868,0.38931164145469666
@Syed Akbar hello srk athava salman khan fan... Ninge race 3 ne sari... nnnnSuper story alvaa race 3,high,Negative,v4,not-distress,4,0.6380929052829742,0.0
Togari tippa story super,high,Positive,v4,not-distress,3,0.781886875629425,0.7679142951965332
Super guroonSakkattagittu video. ...,high,Positive,v4,not-distress,3,0.8205909729003906,0.7870491445064545
naavu childhood days valag e story kelidde,high,Positive,v4,not-distress,3,0.7752173244953156,0.40331098437309265
Please intha cinemagalannu     gellisona ......namma hemmeya Kannada cinema,high,Positive,v4,not-distress,3,0.4207022786140442,0.4024815559387207
Bro sorry ond matu nang eetara troll madodu ella ishta agtirlilla first time nimm videos nodi sakkath kushiaytu nd ur video really give a good msg,high,Mixed feelings,v4,distress,6,0.8477075695991516,0.41179347038269043
Views tumba kadime ide.,high,Negative,v4,distress,3,0.7983987033367157,0.4151132106781006
ಶೇಕಡ 100(%) ರಷ್ಟು viruses na China ಉತ್ಪನ್ನ ಮಾಡುತ್ತೆ.....,high,Negative,v4,distress,3,0.5689078569412231,0.3895387649536133
Super guru hinmele  nanu nimmn Abimani guru,high,Positive,v4,not-distress,3,0.7982587814331055,0.39227792620658875
@Nandi Parthasarathi adu oscar ascar alla..🤣 graphics ge pakka oscar kodtare🤣,high,Negative,v4,distress,3,0.4208362400531769,0.3837614357471466
Olledu ond pan India movie madro sumne yak eneno madkondu...,high,Negative,v4,distress,3,0.44532379508018494,0.4039607644081116
ನೋಡ್ತಾ ಹೋದ್ರೆ ಸಾವಿರಾರು lyrical video ಗಳು,high,Mixed feelings,v4,distress,3,0.82834392786026,0.3957224488258362
En super movie sir edu....ond ond seen kuda mans mutto tara ede,high,Positive,v4,not-distress,3,0.8221262395381927,0.7930333614349365
Yalla kannadigarugu ansthithu bere bashe movies maddohange yak namma kannada movies maddalla antha.. but evagaaa yak bere bashe movies nodbeku antha ansoke shuruuu agbhitidhe alva Karnataka???,high,Negative,v4,distress,6,0.4310135841369629,0.43751761317253113
@Ambrish Mallad luccha fans nimma luccha suderpdu movie nodo Ella flop agtive side actor get fit baavali age eddane balegaara correctagi tindu barlike hell baavali🤣🤣,high,Negative,v4,distress,6,0.44863763451576233,0.4144833981990814
Yav Ree dislike kodoru kannada movies belibek fist kannada next hero's elru nammavare...,high,Positive,v4,not-distress,3,0.0,0.6961828768253326
Lo gaandu nan magne d boss fans yake sata tariyoke dislike madtara nBere avru nodi urkolokke en avru bucket and balegara fans he,high,Negative,v4,distress,6,0.44526562094688416,0.41804030537605286
Boli maklu yellaaa mobile ally nodtha edre énna theatre ge bandu yelli nodthaare,high,Negative,v4,distress,3,0.41885823011398315,0.39475926756858826
Yalla hero fans e movie naa support madtini annoru like madi,high,Positive,v4,not-distress,3,0.7866417765617371,0.3857823610305786
Kaytidde bro Yarana  lyrics aktara anta 🥰🥰tq,high,Positive,v4,not-distress,3,0.7637271583080292,0.0024419426918029785
Nim song antu super 🤝,high,Positive,v4,not-distress,3,0.7757085263729095,0.7756856679916382
Insta link ಅಕಿದ್ದೀನಿ ನೋಡಿ bro ಅಲ್ಲಿ ಬಂದು,high,Mixed feelings,v4,distress,3,0.4593900740146637,0.3891848623752594
Hats of Shankar Ashvath Sir.nimma e swabimaanada jeevana Sukakarawaagi Saagali.,high,Positive,v4,not-distress,3,0.41269955039024353,0.0016336441040039062
E video na unlike madoru nijavaglu kannads davaru ala,high,Negative,v4,distress,3,0.8297878503799438,0.3886234760284424
Startup start maadalu capacity growth maadalu tips kodi . Ondu separate video maadi .pls,high,Positive,v4,not-distress,4,0.006409972906112671,0.8065711557865143
Game name yavdu bro...,high,Mixed feelings,v4,distress,3,0.4938807785511017,0.3983660340309143
Ayyo gubalgala only tiktok tiktok antha odkotavre only not tiktok 59 apps ban agirodu,high,Negative,v4,distress,4,0.466894268989563,0.4383573830127716
Modlu ee chinese apps galna india dalli ban madbeku...,high,Negative,v4,distress,3,0.8496526181697845,0.823373019695282
Ondu varshakke 1or2 film madodkintha entha ondu olle film madidre kannada industry ellige ogutthe,high,Positive,v4,not-distress,4,0.8144159913063049,0.0017008483409881592
Yanta jana brother nam deshakkoskara 1 app delete madoke agalva avarige,high,Negative,v4,distress,3,0.4317489564418793,0.39441636204719543
Super song.....with dance sakathagide,high,Positive,v4,not-distress,3,0.5356529355049133,0.4137319028377533
Howdu movie Adbhuta..... tumba chennagide..... but ending swalpa disturbing ansatte..... adi and diya ondagiddidre innu chennagirtittu..... Elru tumba chennag act madidare,high,Negative,v4,not-distress,5,0.8481525182723999,0.41465866565704346
Ayyoo.  Teligram nalli 10 ralli 9 jana nodidaare..n Matte naanu 12 saari nodidini ..what a movie ya... Mother sentiment,high,Positive,v4,not-distress,5,0.8356710374355316,0.8309468924999237
First hog film nodu. Amele yen bekadru comment madu.,high,Mixed feelings,v4,distress,3,0.8594527840614319,0.4005378484725952
Super sir namge thumba istavada kathe nam parents ge kelisbeku aadastu bega idanna,high,Positive,v4,not-distress,3,0.39147934317588806,0.4919344186782837
Nimage aa devaru olledu madali Appaji...nNimma matugalu keli nange 100% Dairya bantu appaji thank you for your inspiration,high,Positive,v4,not-distress,4,0.42005228996276855,0.3873598277568817
Banda  #AvanesrimannarayananAll the best,high,Positive,v4,not-distress,3,0.8206091225147247,0.5239045023918152
Mr naveen raj Yenu nim Uddesha??n Nanu D BOSS Fan,high,Mixed feelings,v4,not-distress,3,0.43712010979652405,0.01363644003868103
Nammaneg bandidda mare full party,high,Positive,v4,not-distress,3,0.78277787566185,0.7723127901554108
Delete hadru nanu downloade made,high,Negative,v4,not-distress,3,0.7908022701740265,0.7471745014190674
Comedy aggie nodorige comedy nee,high,Negative,v4,not-distress,3,0.7858084142208099,0.7778281271457672
ನನ್ನ ಕಣ್ಣಂಚ್ಚಲಿ ನೀರು ಬಂತು..Sir ur great,high,Positive,v4,not-distress,3,0.8034548163414001,0.34091052412986755
@Creative Kannadiga  le gubald atte Alla magalaganda andangaitu,high,Negative,v4,distress,3,0.0153580904006958,0.0019094347953796387
nim taste gottaythu.. nthaavu dandupalya-5 ge wait maadta idiri alva,high,Mixed feelings,v4,not-distress,3,0.6939564645290375,0.31191736459732056
Neen super guru🤩🤣,high,Positive,v4,not-distress,3,0.7645326852798462,0.7567473351955414
Hamsalekha feel yarige bantu like madi...,high,Positive,v4,not-distress,3,0.7925198972225189,0.41076475381851196
Idu kgf beat madutte annoru like here,high,Positive,v4,not-distress,3,0.7919426262378693,0.7840741872787476
Hands  up annodu heno bosudike,high,Negative,v4,distress,3,0.46709275245666504,0.39630070328712463
@Prasad Raj tulunad and kannada bashe meli abhimana super guru,high,Positive,v4,not-distress,3,0.3910539746284485,0.7886102497577667
Kannada ne best adrallu kannada songs adre hen andkondodira,high,Positive,v4,not-distress,3,0.7872293591499329,0.7872293591499329
open song edde agirlli n super music  super stepn         Bharjari gidde SongnnNalle release movie All the best  God bless you nn Dhruva Sarja Abhimanigallindan  Jaiii Anjaneya,high,Positive,v4,not-distress,6,0.4132464826107025,0.4017528295516968
En guru nin line's galu super agi helidiyaa bidu,high,Positive,v4,not-distress,3,0.3890224099159241,0.7967497408390045
Sir ond compeny yalli kelsa madidra gov employes labor officer bookmadkond laber ge 5000 salry kotre employe mane  est kasta alva. yava gov sarilla sir nav egga comment madkondu saibeku aste,high,Negative,v4,distress,8,0.4392356276512146,0.4272187650203705
Anna super agi edit madidiya,high,Positive,v4,not-distress,3,0.7797189950942993,0.7718985676765442
Remake movie ansthe,high,Negative,v4,not-distress,3,0.7866631746292114,0.7674300074577332
ಸೂಪರ್ ಗುರು vp voice ultimate,high,Positive,v4,not-distress,3,0.768025279045105,0.768025279045105
En song guru fidha agode....Idhu charithre srustiso avatharaaa... Signature step shuruhachkoli inna..,high,Positive,v4,not-distress,3,0.4239167273044586,0.4066300094127655
Nimma customer reactionna video maadi youtube channel open maadi upload madi sir,high,Positive,v4,not-distress,3,0.3872596025466919,0.0022492706775665283
Supr bro aadhh yen kannadaa aaadhh yen punch waaaaa supr bro,high,Positive,v4,not-distress,3,0.41049477458000183,0.39031746983528137
Sir nivu news helida hage heltiri sir,high,Negative,v4,distress,3,0.01371261477470398,0.3881666362285614
Genuine information nimdhu,high,Positive,v4,not-distress,3,0.7948790788650513,0.4391240179538727
@chetan kumarab guru ve.... aha comment maddhavn hesru nodo....nanalla kano,high,Mixed feelings,v4,distress,3,0.45124468207359314,0.3807237446308136
jana theatre ge bandilla aadrinda collection kadime aagide,high,Mixed feelings,v4,distress,3,0.38665178418159485,0.4735710322856903
Guru China rajakiya vyavaste bagge video madi,high,Positive,v4,not-distress,3,0.7971589267253876,0.4042080044746399
D bosss fans kade inda all the best prajju,high,Positive,v4,not-distress,3,0.7996760606765747,0.37822720408439636
Bindu gowda ge super agi ugididdeera,high,Negative,v4,not-distress,3,0.7996107935905457,0.4125165343284607
Yes hange kick kodta hogutte.. ಒಳ್ಳೆ synch ಮಾಡಿದ್ದಾರೆ..,high,Positive,v4,not-distress,3,0.7985593974590302,0.8043019771575928
Kannada promotion beda.. Kannadigaru nimmana gellistare,high,Positive,v4,not-distress,3,0.42141851782798767,0.37774142622947693
Modalu prana mukya amele cinema... Plz don't lose hope DIYA chitratanda.... Wait for time,high,Mixed feelings,v4,distress,4,0.8731301128864288,0.003321409225463867
Hand up bro.... super agide bro Namma Kannada movie adre sumanena,high,Positive,v4,not-distress,3,0.4122946560382843,0.37650996446609497
Supper  p boss... Yar unlike madidhare nodi.. urkondu saytor anta,high,Negative,v4,not-distress,3,0.7459751069545746,0.742569625377655
Bro tik tok tirga bandida bro nijvagluindia dali,high,Mixed feelings,v4,distress,3,0.7943654954433441,0.0030339062213897705
Edu yav game sir..,high,Mixed feelings,v4,distress,3,0.4530707001686096,0.01560923457145691
D boss movie henge irli fans hatrikk maadtare pakka,high,Positive,v4,distress,3,0.7164836525917053,0.0
Dina 7-8  sala song kelisikontini.,high,Positive,v4,not-distress,3,0.7992630898952484,0.4108242094516754
ಹತ್ತು ವರ್ಷ strict  president rule ಬರಬೇಕು.,high,Mixed feelings,v4,distress,3,0.42708340287208557,0.39851751923561096
Enta song guru idu super,high,Positive,v4,not-distress,3,0.4562288224697113,0.41764408349990845
Tuu avr sentiment na touch madi kaan neer haksi adana cover photo madi view tagotira,high,Negative,v4,distress,4,0.0024295449256896973,0.547772228717804
Kannada film industry indialle no 1 agutte,high,Positive,v4,not-distress,3,0.4091152548789978,0.7723160088062286
Guru namaskara ennu chennagi tale dhengu.sonu Gowda bin*** Gowda evarge ennu tale li brain Ella anusutte,high,Positive,v4,not-distress,4,0.8282236158847809,0.39255180954933167
Boss jote yaar chennagirtaro avrigella nam d boss fans yavaglu support made madtare alva bro,high,Positive,v4,not-distress,4,0.4235806465148926,0.8086313903331757
10 dubbing movie barudakkintha 1 e thara movie bandare sakku.,high,Positive,v4,distress,3,0.4071162939071655,0.5193170309066772
Well said part 2 madu chinna.. chanagide,high,Positive,v4,not-distress,3,0.7964323461055756,0.4111812114715576
E song Alli dislike mado antadu enide,high,Negative,v4,distress,3,0.4188651144504547,0.813148558139801
Yarella e hadige edict agidira like Madi,high,Positive,v4,distress,3,0.8415484428405762,0.38632500171661377
Crazy  guru ninu,high,Mixed feelings,v4,not-distress,3,0.7644185423851013,0.7566652297973633
En guru edu song super,high,Positive,v4,not-distress,3,0.7629498243331909,0.7629517912864685
I feel jasti bitta kottri... Bari  lyrical video sakagittu,high,Negative,v4,distress,3,0.008493483066558838,0.4374757409095764
Lo gube don't compare anyone yellaru namma kannada super star,high,Negative,v4,distress,3,0.7909054160118103,0.0
Bgm super ide ಶೆಟ್ರೇ,high,Positive,v4,not-distress,3,0.7909543812274933,0.7720254957675934
Super agi helidiya guru,high,Positive,v4,not-distress,3,0.7818982601165771,0.7679355442523956
Kannada industry is next level ivaga yaru alladsak agalla Kannada industry na,high,Positive,v4,not-distress,3,0.8039144277572632,0.3873194456100464
Waaa Super super Rakshit sir And ajaneesh lokanaath Anna Music super,high,Positive,v4,not-distress,3,0.4113212823867798,0.37735608220100403
Rakshith Shetty fans ondu like kodi nn,high,Positive,v4,not-distress,3,0.5008979737758636,0.3795970380306244
Dia nan recent aagi nodiro moviegalalli Adbutha,high,Positive,v4,distress,3,0.39386749267578125,0.3619568943977356
Guru super.... Evarige chenaag ittidiyaa,high,Positive,v4,not-distress,3,0.8234803378582001,0.39688193798065186
Please ಇನ್ನೊಂದು ಸಾರಿ re release Maadi.,high,Positive,v4,not-distress,3,0.7884058058261871,0.7652140557765961
Trailer nalle full story gottagbidttu...trailer bere tara try madbekittu,high,Negative,v4,distress,3,0.8507165610790253,0.37181779742240906
Guru ninge naanu Dodda fan,high,Positive,v4,not-distress,3,0.7772862911224365,0.7710652053356171
Howdu bro app uninstall madudrea avrig amount hogodu kamiagutea plzzzzz uninstall Madi beavarce appp Adu thuuuuu,high,Negative,v4,distress,4,0.4318866729736328,0.0013320446014404297
Guru ninu super,high,Positive,v4,not-distress,3,0.7645626068115234,0.7567644119262695
Jeevana banda haage accept madtha sagtidira wish you good luck,high,Positive,v4,not-distress,3,0.4086892306804657,0.37736594676971436
Togari tippa super star,high,Positive,v4,not-distress,3,0.7756381928920746,0.7754315435886383
Ee song ond hava start madutee ansidrey like madi,high,Positive,v4,not-distress,3,0.7818586230278015,0.005083441734313965
KGF chaffer 2 beda bare baku,high,Positive,v4,distress,3,0.4420936107635498,0.8175164461135864
Offter long back coming see Kannada cinema...........New multitalented shankaranna............kannadada gandu,high,Positive,v4,not-distress,3,0.4383363425731659,0.3747665286064148
sr u r great sr nimage Kannada chitrarangadalli avakashagalu sigalli sr sudeep sr darashan sr mattu yesh sr plz yella Kannada hirogalu nim pilimagalalli avakashagalu  kudri plz plz plz  plz plz,high,Positive,v4,not-distress,8,0.8455208539962769,0.4110521674156189
Super Anna nija anna,high,Positive,v4,not-distress,3,0.39928489923477173,0.7629574537277222
Lo remake alla antha hekde tane,high,Negative,v4,distress,3,0.4482925534248352,0.3965075612068176
Sir nange ashwath sir andre praana..nan appana hage iddru.. avranna kalkonda dukka tumbaa ide nange..and I respect u tooo sir...god bless u sir..,high,Positive,v4,not-distress,6,0.42152926325798035,0.4146479368209839
Super Kannada  song  mach nanu avane   Kannada,high,Positive,v4,not-distress,3,0.4424761235713959,0.383373498916626
Bro z news(Hindi) channel Alli nodi,high,Positive,v4,not-distress,3,0.7747011184692383,0.4048261344432831
Bari prayojanake barada films nododu Facebook YouTube li comments hodiyodu...yaavalo hudugi siktale anta instagram li search madodo ede Indians hanebaraha dhesha uddara hada hage ayyo,high,Negative,v4,distress,6,0.4497189521789551,0.42242592573165894
Rashmika haters like madi,high,Negative,v4,distress,3,0.46691396832466125,0.40224337577819824
An anna nivu super bidi anna nivu,high,Positive,v4,not-distress,3,0.7893231809139252,0.7829821705818176
Nanu 2 weaks ninda huccha agbitidini boss song ge fiddha agbitidini,high,Positive,v4,not-distress,3,0.806777149438858,0.7658343315124512
howdu first time keldaga nangu ok anstu bt ega kelbeku anstide and sakkath dance moves,high,Positive,v4,not-distress,4,0.8144483268260956,0.34471917152404785
ಗುರು ಮೂವಿ ನ re release madri.... Entha kannda film na support madlilla andre. Kannada ದಲ್ಲಿ ಮೀಡಿಯಾ Yak beku. Bhari avru trp koskara... Nam ಭಾಷೆ use madkondu ಬೇರೆ ಭಾಷೆ. ಫಿಲ್ಮ್ ಬಗ್ಗೆ. ತೋರಿಸುತ್ತಾರೆ.... Shame on kannda media..... But this film was. Heart touching,high,Mixed feelings,v4,distress,10,0.4404103755950928,0.0014307796955108643
Aa hudgi bandaga iro music nice,high,Positive,v4,not-distress,3,0.7902469336986542,0.4080503582954407
@Avinashdada kichcha sari bidu nimamman kalsu keydu ningobba chik balegaran hutsi kalsthivi avnu nim bale serskondu ella ottige Kai thattivranthe signal alli enanthira bale pans now bale pans reaction hakro steppu,high,Negative,v4,distress,8,0.45200446248054504,0.4231136739253998
Idu Fantasy Film tara kantide alva?,high,Negative,v4,distress,3,0.0,0.0
@Harshan Maddy  kannada kke  nimma importance idre kushi ne,high,Positive,v4,not-distress,3,0.060351788997650146,0.7800437211990356
@Royal Rumble story ge ee song relevantag idya...nEe song bekagitta anta...,high,Positive,v4,not-distress,3,0.0016539692878723145,0.7620985209941864
@TROLL MONSTER_KANNADA nD boob's beleyodanna nodi urakotidaranDagar fan namma BØSS beleyodanna nodi nimm gandu darshan ne urakondiddu......,high,Negative,v4,distress,4,0.9072383642196655,0.40076830983161926
Hands up anta kottaddu yella language li onde title irli anta...yar opputtiri  illi like madi...,high,Positive,v4,not-distress,4,0.8319538831710815,0.8255587518215179
Nan yavathu youtube video na like kuda madila but comment madidini so.....,high,Positive,v4,distress,3,0.3839971721172333,0.38540467619895935
Nivu. Helodu sari china app ban agalebeku,high,Positive,v4,not-distress,3,0.7992178201675415,0.41100355982780457
Nijavaaglu adbhutha film plz encourage Kannada movie,high,Positive,v4,not-distress,3,0.44327422976493835,0.39365866780281067
Erbahudu please support maadi ea rakshit sitting sir genRashmikage hotte uribeku nodi,high,Negative,v4,not-distress,3,0.40945759415626526,0.3711290955543518
First India na America ke compare madtidru alli hangide ingide anta ivaga. India na China compare madtavre nnNav bari compare madtivi vartu namunyaru compare modo hage hogalla,high,Negative,v4,distress,7,0.45708394050598145,0.414468914270401
Supper pa ........ Continue the work. ...  Tiktok videos nodi nodi thale kettogithu.............jai modi jai jai modi......,high,Positive,v4,not-distress,4,0.4055129885673523,0.8063844740390778
ತುಂಬಾನೇ feel ಅಗ್ತಿದೆ,high,Positive,v4,not-distress,3,0.793676495552063,0.514336884021759
Fan war shuru madbeda guru,high,Negative,v4,distress,3,0.45043206214904785,0.4047538936138153
Hands up kannadigaru🤚,high,Mixed feelings,v4,distress,3,0.7624239325523376,0.7624239325523376
Nijavada hero andre evare,high,Positive,v4,not-distress,3,0.7934208512306213,0.772057831287384
javari tippa superb ri,high,Positive,v4,not-distress,3,0.41409948468208313,0.41409948468208313
Full roast madiddiya e somberigalige,high,Positive,v4,not-distress,3,0.803436279296875,0.7872471213340759
Idu yava game bro,high,Mixed feelings,v4,not-distress,3,0.7874448299407959,0.3952849805355072
Chindi Song guru,high,Negative,v4,not-distress,3,0.762900173664093,0.7440125644207001
Boss nin vedio na use madkola roposo nalli post madtini pls bro,high,Positive,v4,distress,3,0.8440322577953339,0.8344811499118805
@Arun Jaanu summne reply haki yak war madshtiya,high,Mixed feelings,v4,distress,3,0.4431372582912445,0.00635451078414917
By mistakly nimma ondu video nodi subscribe agbitte  keep it up bro,high,Mixed feelings,v4,not-distress,3,0.41001343727111816,0.0057434141635894775
Ond ond film ge koti koti togotira.. ellide sir nim manaviyate.. help maadi sir evrige.. samanyadavru alla evru ashwath avr maga. Kannada industry ge hemmeya actor kanri.. punith sir neeve barbeku.. shivanna.. neevadru help maadi. Esht movie li Nim Appa ji avrge appa'n role madiddu evra appa'avr. Marebedi sir,high,Mixed feelings,v4,distress,10,0.4512283205986023,0.0005785524845123291
Pakka full gicchi gilili song... En song pa benki aiti.... Pakka ella record nu muriteti  .... Jai Karnataka,high,Positive,v4,not-distress,4,0.3991139531135559,0.3946874141693115
devare devare devare devare shivane tandheye appane nivu super super duper mind blowing hero forever forever,high,Mixed feelings,v4,not-distress,4,0.4210439920425415,0.4235800504684448
Film suprrrrrr agi ede full clean film,high,Positive,v4,not-distress,3,0.8031914830207825,0.38031235337257385
Shetru birthday party dina haadiro haadu aawaginindaa wait maadtide.....,high,Positive,v4,distress,3,0.17037102580070496,0.0030646026134490967
D Boss fans ಕಡೆಯಿಂದ ಆಲ್ di best,high,Positive,v4,not-distress,3,0.7715430557727814,0.4137093126773834
Movie nodilla andre nimagu “ HANDS UP !!!!!”,high,Negative,v4,not-distress,3,0.3519183397293091,0.7154453098773956
Dislike madidavar rashmika fans irbek,high,Negative,v4,distress,3,0.8501510918140411,0.390951931476593
Tik talkgintha nivu mado roast  best guru,high,Positive,v4,not-distress,3,0.7967159748077393,0.7917758524417877
Instagram fallow back kodi Nev obre alla eradu,high,Negative,v4,distress,3,0.831646054983139,0.4080924689769745
Varshkond beda pa nidanake ne agli ee tara olle movie kotre saaku,high,Positive,v4,distress,3,0.827745109796524,0.38281604647636414
Bro na tiktok use madath idila but ivga tiktok installed madi  single star rating kotu uninstall madini,high,Positive,v4,distress,4,0.40290960669517517,0.0030574798583984375
ಯುದ್ಧ ಮಾಡಬೇಕು  ಓದಬಾರದು ಕಟುಕರ ಮುಂದೆ ಭಗವದ್ಗೀತೆ nAnd recently we can relate it to priyankareddycase,high,Negative,v4,distress,4,0.8502818048000336,0.8322446346282959
What a music ... nWhat a lyric...nWhat a choreography.... nWhat a camera working......nTotally awesome ... nನಿಜಕ್ಕೂ ಇದು ಚರಿತ್ರೆ ಸೃಷ್ಟಿಸೋ ಅವತಾರ... nಅಜನೀಶ್ ಗುರುಗಳೇ ನಿಮಗೊಂದು ಸಲಾಂ...nರಕ್ಷಿತ್ ಶೆಟ್ರೆ ಒಳ್ಳೇದಾಗಲಿ ..nಮೂರು ವರ್ಷ ಪಟ್ಟ ಶ್ರಮ ಫಲಕೊಡುವಂತಾಗಲಿ..... All the best to you sir,high,Positive,v4,not-distress,9,0.4295600354671478,0.4131541848182678
1.6k people are not liking this....innna en beko maaraya nimga ...,high,Negative,v4,distress,3,0.46565020084381104,0.4352736473083496
Hindi yalli innu song reales madilla yake,high,Negative,v4,not-distress,3,0.7524109184741974,0.7475080192089081
Sari nivu video na roast madi adre madvaga pubg atava free fire games hakondo madbedi a games kooda Chinese,high,Negative,v4,distress,5,0.4402935206890106,0.3849989175796509
@Manoj Kolya Neenobne heege heltirodna naan Keliddu.. Watch his Trailer and Teasers first,high,Mixed feelings,v4,distress,3,0.4319874942302704,0.3830197751522064
Superb pakka pan India movie aguthe,high,Positive,v4,not-distress,3,0.794474720954895,0.7882594466209412
Ondu varshakke 3 movie tegyodu dod'dalla mattu adralli ondu movie li hit kottu innerdu movie li flop adavara  jothe hudugi hodi hogodalla... 3 varshakke ondu super hit kottu avra personality ge dakke tarde hodre adunne success antha helboudu.... That is Rakshit Shetty.... Love u bro... Olle time ittu ansutte innu olle hudugi sigli nimge.... Haagodella holledakkenIndirect yake helodu direct agi Rashmika ge heliddu idu...🤷‍,high,Positive,v4,distress,10,0.4321362376213074,0.4526030421257019
Anna game yavdu,high,Mixed feelings,v4,distress,3,0.7830941081047058,0.4208371043205261
ಕಿಚ್ಚ ಸುದೀಪ್ ಅಭಿಮಾನಿಗಳು ವತಿಯಿಂದ  All the best,high,Positive,v4,not-distress,3,0.38914522528648376,0.003454864025115967
Dislike madidavaru dagar rashimka fans,high,Negative,v4,distress,3,0.8473986983299255,0.8105355799198151
Aagle tv li haaaktidaaralla guru.....,high,Negative,v4,distress,3,0.47459715604782104,0.3755958676338196
Super Comedy togari tippa,high,Positive,v4,not-distress,3,0.7756989598274231,0.7678768038749695
Signature stepge kaasu....Adakkentha theatre hogthini...,high,Positive,v4,not-distress,3,0.41366276144981384,0.8182525634765625
Sir albede life enjoy madbedi Mahabharata odi,high,Positive,v4,not-distress,3,0.7831011414527893,0.7829296290874481
@Creative Kannadiga haa bro...nange seetara ista ...avl videos roast maadbedi plzzz,high,Positive,v4,not-distress,3,0.834910660982132,0.400576651096344
Worst movie. artane illa. 1 concept kuda illa.,high,Negative,v4,distress,3,0.8602677285671234,0.007620364427566528
Mumbai alli release madi,high,Mixed feelings,v4,not-distress,3,0.7461683750152588,0.7399751245975494
Sara super Nivu devara tara yallaratara duddide shinamadavaratra nimmatra holleya manasidde sara,high,Positive,v4,not-distress,3,0.4704679548740387,0.8037289977073669
Bro Ten minutes + video madi bro niuo mado video na nodta edre nodtane erbeku anisutte,high,Positive,v4,not-distress,4,0.8216272592544556,0.3833006024360657
Super Film sir account number kodi amount hakabeku nijavgalu,high,Positive,v4,not-distress,3,0.3804270029067993,0.7870773375034332
Hands up  with ಅವನೇ ಶ್ರೀಮನ್ನಾರಾಯಣ,high,Mixed feelings,v4,distress,3,0.790511280298233,0.40061405301094055
Thandage thakka maga mado kelsa hemmenda madi all the best,high,Positive,v4,not-distress,3,0.7909835875034332,0.7777614295482635
Sir nimna devru yavaglu chenagottirli sir,high,Positive,v4,not-distress,3,0.8119736313819885,0.03220900893211365
@Dhananjay Kinyaje yen promotion madtare ivaru. Bengaluru bittu yelladru hogtara promotion madakke?nTamil,high,Negative,v4,distress,3,0.45049136877059937,0.3829478919506073
Super bro nim matalli satya ide,high,Positive,v4,not-distress,3,0.7781674563884735,0.7781386077404022
Bro nim editing spr nan nim videos fan e video Dali heliro song matrA spr,high,Positive,v4,not-distress,4,0.8257972896099091,0.01476314663887024
BoLi Maklu ee tara videos nu dislike maadtare,high,Negative,v4,distress,3,0.44928789138793945,0.38698261976242065
@Ashwini CP pls movie nodi. Ondu olle movie na mis madkolbedi.,high,Positive,v4,distress,3,0.4451472759246826,0.3842051923274994
En chindi bgm guru sakkath....Jai ASN... from Appu abhimani,high,Positive,v4,not-distress,3,0.420413076877594,0.37613627314567566
Chennagide eno suspense ide,high,Positive,v4,not-distress,3,0.7983189225196838,0.3832556903362274
Nijvaglu  bro... Nangu same hange ansbidtu.. Avrdu google pay number iddidre nane ond ticket duddu kotbidana ansbidtu... Nam oor theater alli e film halle illa..,high,Negative,v4,distress,6,0.8980413973331451,0.001437067985534668
Benki music..yarappa dislike madirodu.... mostly rasmika mandana fans irbeku...n🤭🤭🤣🤣🤣🤣songe he inge in movie nodudre...aste,high,Negative,v4,distress,4,0.42639440298080444,0.0008643567562103271
Nannu nimma fan sir,high,Positive,v4,not-distress,3,0.7754876017570496,0.047564536333084106
Asn film nodoru like maadi,high,Positive,v4,not-distress,3,0.7920572757720947,0.3846909701824188
Very nice togari tippa story,high,Positive,v4,not-distress,3,0.7795152068138123,0.39743611216545105
Guru chaines apps yavyavu antha ondhu list kodi avna nam mobile ali instal madala,high,Negative,v4,distress,4,0.860794335603714,0.39416325092315674
AvaneSrimannarayana du background music BGM release madi sir,high,Positive,v4,not-distress,3,0.4244171380996704,0.3870987296104431
Superbb movie osm evthu movie nodied super,high,Positive,v4,not-distress,3,0.803196907043457,0.3767372667789459
Song is super.. But innu swalp fast madiddare sakattagirodu,high,Negative,v4,not-distress,3,0.816148042678833,0.7945935428142548
Sakat  agide song music,high,Positive,v4,not-distress,3,0.5099410116672516,0.77556112408638
@Its Paramatma lo Gaandu Suvvar sumne iru...neen heldidh takshana nan opinion change agalla...,high,Negative,v4,distress,3,0.4749099016189575,0.382721483707428
Yelru mobile nalli nodidare theater hogi nodrapoa plz,high,Mixed feelings,v4,distress,3,0.4786929488182068,0.3817087411880493
Louda cinema director pyscho channagiro cinema ending allii haal mad da,high,Negative,v4,distress,3,0.018563419580459595,0.006305992603302002
Madolla because promotion asten madilla making kgf ginta dull ede,high,Negative,v4,distress,3,0.4285496771335602,0.5695805847644806
Disappoint agide song keli Ishtu hype kottu song bidbardu,high,Negative,v4,not-distress,3,0.4358649253845215,0.7933556139469147
12 dislikes by gandu nanmakalu,high,Negative,v4,distress,3,0.4765068292617798,0.3942020535469055
Estu sari nodudru samadhana aagthilla.... Awesome song,high,Positive,v4,not-distress,3,0.79787477850914,0.3965138792991638
Ee song ge dislike yakro madtira istond chanagide making,high,Mixed feelings,v4,distress,3,0.35853853821754456,0.8195907771587372
Waiting for the film.....ನೋಡಲು ಕಾತುರನಾಗಿದ್ದೇನೆ,high,Positive,v4,not-distress,3,0.8245861530303955,0.33836695551872253
D Boss abimanigala kadeyinda avne srimannarayana chitrakke all the best,high,Positive,v4,not-distress,3,0.8052576184272766,0.7921853363513947
KGF 2 songs bartave with bang bang BGMs.,high,Positive,v4,not-distress,3,0.8053582608699799,0.37903568148612976
Entha movie multi language barbeku,high,Positive,v4,not-distress,3,0.7794386744499207,0.4871801435947418
Kelv bvc galu ..nam India dalli eddare Anna...a bvc galu chna ap use madthare anna,high,Negative,v4,distress,4,0.38483086228370667,0.4225812554359436
@Poojari Avinash pls nivelru movie na promote madi. Insta & fb alli promote madi,high,Positive,v4,distress,4,0.7693136930465698,0.0
smile madalu nodi joking vdo,high,Positive,v4,not-distress,3,0.7824899852275848,0.7747373580932617
Yaro guru ninu super,high,Positive,v4,not-distress,3,0.4113432765007019,0.7678304314613342
Yen  comedy guru  gulaab jamunu,high,Positive,v4,not-distress,3,0.7733191847801208,0.7779978513717651
First adu yava app anta tilkolo g m n,high,Negative,v4,distress,3,0.8409625887870789,0.3965758979320526
Na gentleman tiktok banu  super guru,high,Positive,v4,not-distress,3,0.778154730796814,0.7858542799949646
Enu guru song saktha kick kodtha edae..super ASN,high,Positive,v4,not-distress,3,0.42167866230010986,0.3775273859500885
Great sir nivu,high,Positive,v4,not-distress,3,0.7487822771072388,0.7487822771072388
Anna nevu super,high,Positive,v4,not-distress,3,0.7645276784896851,0.38226383924484253
One time ge songe artha agolla. . Pakka bt kelbeku ennond sari ansatte. . .,high,Positive,v4,not-distress,4,0.3895210325717926,0.0016328990459442139
idu charithre srishtisuva comment guru..,high,Positive,v4,not-distress,3,0.8154155313968658,0.39714160561561584
Move chenagi irli hero ge olledagli  tumbane kasta padta I dareP,high,Positive,v4,not-distress,3,0.819355845451355,0.7929173409938812
Sir kfi ha kochkondu ogtayda.,high,Negative,v4,distress,3,0.847179502248764,0.8100990056991577
Togari tippa keli tumba santosh ayita matte old is gold antaralll adu nija ayita,high,Positive,v4,not-distress,4,0.806980311870575,0.4186254143714905
Re release madi,high,Positive,v4,not-distress,3,0.7481517195701599,0.7481517195701599
Vijayprakash sir yavagin haage the bestbut malayalam version voice maathra sakkatth ista aythu,high,Negative,v4,not-distress,3,0.4406948685646057,0.8081780076026917
Super hero prajval devraj I like I love hero but avara time sari ila adke avara movie hit agtila but ivarige vale director sigbeku benki hero prajval I love boss E cinema adru nimge success tandu kodali..devru idane munde nugta eri boss god bless you,high,Negative,v4,not-distress,10,0.41715675592422485,0.7841544449329376
E film kgf level ig erbhodu annoru like maadi adunnu meersbhodu annoru comment maadi ...,high,Positive,v4,not-distress,4,0.8093717396259308,0.8031212389469147
Kerala antha helbedi bro. Adu kuda jathi na nodutte. Agi hechagi nodutte nan sutta muttalina example nalli heltha idini... I have many Malli frnds so,high,Positive,v4,not-distress,6,0.4247521162033081,0.8221054375171661
Namma janagalige taste illa avrige fighting,high,Negative,v4,distress,3,0.826104462146759,0.8072254359722137
@AJITH S SHETTY appreciate madtaidane guru,high,Negative,v4,distress,3,0.8503866195678711,0.3664914071559906
Only d boss ok jai Kannada all movies hmmm kotigobba bittu hehehe,high,Negative,v4,not-distress,3,0.6426482200622559,0.6449935734272003
Ee song nodtha eroru ennomme trailer nodi.....,high,Positive,v4,not-distress,3,0.8247527778148651,0.40556132793426514
Anna nivu comedy agi madila Andru yene madidru entertaining agi eruthe  keep rocking,high,Positive,v4,not-distress,3,0.6483113467693329,0.2642044126987457
Anna thamma janpada super,high,Positive,v4,not-distress,3,0.7756116688251495,0.3933660686016083
Nin  video delete agolla bidu bro ninge nav support madtivi innu e tara videos na mattastu madu chaina bucket galige tale kediskobeda,high,Positive,v4,distress,6,0.4400423765182495,0.42515718936920166
Chennagi ede song super,high,Positive,v4,not-distress,3,0.7859908640384674,0.7798138558864594
RSS avaru thumba danger. Avara bhagge ondu episode maadi sir,high,Negative,v4,distress,3,0.011050820350646973,0.4239480793476105
Promotion kammi aytu bro,high,Negative,v4,distress,3,0.81984543800354,0.7923892438411713
Fan war bittu dhayvittu ee movie ge support madrappa nam kannada movie Hollywood level ge barli.,high,Positive,v4,not-distress,4,0.813199371099472,0.8070236146450043
Wow hand's up 🤟  ಚರಿತ್ರೆ ಸೃಷ್ಟಿಸೊ ಅವತಾರ super,high,Positive,v4,not-distress,3,0.395809143781662,0.3870733380317688
Dana alla ok,high,Negative,v4,distress,3,0.7832698822021484,0.42956656217575073
Nev helerodu tappe illa sir,high,Mixed feelings,v4,distress,3,0.4218890070915222,0.39247575402259827
super guru idhu actually chennagirodhu,high,Positive,v4,not-distress,3,0.8011758923530579,0.3854633569717407
Kannada industry nintirode Yash,high,Positive,v4,not-distress,3,0.7815729379653931,0.39539289474487305
Yavano avnu sade nan maga tiktok eno kitthakide anthane.. Modlu tilkondu maathado... Bro next video aaa sade nan magan mele maadi...its  request plz bro.. And loved ur video,high,Negative,v4,distress,7,0.4457291066646576,0.41914159059524536
Super guru.........ji kannadiga,high,Positive,v4,not-distress,3,0.8273338079452515,0.43354561924934387
Film hit ahagokai e tharadha song irbaiku,high,Positive,v4,not-distress,3,0.7993524074554443,0.37960535287857056
Thika urkondu dislike madbittidira already..nSuper song   #ASN .nNam Shettru steps anthu 🤩,high,Mixed feelings,v4,distress,3,0.8277531564235687,0.8075545728206635
Marketing sariyaagi maadrappa istondu olle movie ge ingadre henge very imp marketing,high,Mixed feelings,v4,distress,3,0.4192613661289215,0.39604824781417847
Rj naagraj naan bigg fan...neeu prathvi aadru naan nim Rj fan ...aadi age kushi aitu noodi ...film exlnt ee year supr move ...heroin sa acting exlnt . . whole team ....suprb,high,Positive,v4,not-distress,8,0.42611005902290344,0.4221690893173218
Upendra tara ideas eroru PM,high,Mixed feelings,v4,distress,3,0.4382001757621765,0.0
@Nandi Parthasarathi nimma yashini boobs gojjekesari acting ge Oscar award fix,high,Negative,v4,distress,3,0.8635277152061462,0.8264984488487244
Kannadada saaalugalu sakkatagiddave all the best natayana...,high,Positive,v4,not-distress,3,0.8274718225002289,0.37666571140289307
ಈ ಹಾಳಾದ ಕೋರೋನ ವೈರಸ್ ಬಂದು ದಿಯಾ ಲವ್ ಮಾಕಟೈಲ್ ಚಿತ್ರಗಳಿಗೆ ತುಂಬಾ ನಷ್ಟ ಉಂಟಾಗಿದೆ...but Don't worry u get best reviews.. All the best for ur nxt movies,high,Positive,v4,not-distress,6,0.440569669008255,0.4663386344909668
Sariyaaagi bydidira... Actually Olle Olle kelsa madidare app ban maadi.. I hate tik tok,high,Mixed feelings,v4,distress,4,0.44383010268211365,0.4247468411922455
Kannada intha Telugu Alli song Chang idhe,high,Positive,v4,not-distress,3,0.7605888545513153,0.7605888545513153
Neevenu promotion maadilla andru Kannada dalli navu guarantee nodtivi........north Alli promote madrappa .......Valle market idae Alli enta films gae ........madrappa 50 crore plus  min collection agutte,high,Positive,v4,not-distress,6,0.4214954078197479,0.4057425260543823
Mast hadu super,high,Positive,v4,not-distress,3,0.7768219113349915,0.7706277072429657
Superrrrrrrr  agi heliya Anna tq u so mach video,high,Positive,v4,not-distress,3,0.8187576532363892,0.7896289825439453
Nim dhesh bakthi ge Sallut bro I like you,high,Positive,v4,not-distress,3,0.40409553050994873,0.37786754965782166
No comments. Kambani kannadi iddanthe,high,Positive,v4,not-distress,3,0.8053739368915558,0.37589526176452637
@Kiccha Vitthal papa bidu guru amele athbitre kashta attar flop ago movie ge support madtavre,high,Positive,v4,distress,4,0.4027833938598633,0.4024275243282318
En sir lyrics. Superb,high,Positive,v4,not-distress,3,0.7818836867809296,0.767931342124939
Editing yar guru 🤩,high,Positive,v4,distress,3,0.7723231315612793,0.43180325627326965
Eli eddeli boss nim time bandide,high,Positive,v4,not-distress,3,0.7936248481273651,0.779339998960495
15 days inda bari dia movie status akthaedini bro awesome movie bro,high,Positive,v4,not-distress,3,0.8200627267360687,0.39371493458747864
Nin voice super anna continue instalgram rost rost,high,Positive,v4,not-distress,3,0.8047134578227997,0.7857666015625
@ᴍᴏᴠɪᴇs sᴛᴜᴅɪᴏ yen bekaadru baiko....naan yaav hero blind fan alla.... nin thara....,high,Negative,v4,distress,3,0.4450238347053528,0.38191619515419006
Super  jai kiccha sudeep anna,high,Positive,v4,not-distress,3,0.7797922492027283,0.7797753810882568
Bega release madi sir... Hindi and other languages alli MASALA films na nodtidare jana ( actually khaali hoditide  ). E film annu release madi,high,Positive,v4,not-distress,6,0.831246018409729,0.8266651332378387
super ತೊಗರಿ ತಿಪ್ಪ,high,Positive,v4,not-distress,3,0.7646105885505676,0.38397452235221863
Dislike madiroeu pakka Hollywood heroine fans,high,Negative,v4,distress,3,0.8423130810260773,0.8103874027729034
My favorite song in 2019 is Taaja samachara   ಸಾಹಿತ್ಯ ಪ್ರಿಯರೇ ಒಮ್ಮೆ ಈ ಹಾಡು ಕೇಳಿದ್ರೆ ಕೇಳ್ತಾನೆ ಇರ್ಬೇಕು ಅನ್ಸುತ್ತೆ....  Everybody watch this,high,Positive,v4,not-distress,5,0.39730843901634216,0.39048153162002563
En guru song nHowdoo huliyaaaa,high,Positive,v4,not-distress,3,0.7838378846645355,0.7838378846645355
@Praveen Kumar caste dog spotted bale pan yar nimammana dagar nau thane d boss fans nimammana dagar madiddu husharagi nodkoli thunne asege yar jotenadru odihodaalu 🤣🤪,high,Negative,v4,distress,6,0.4552626609802246,0.4142415225505829
Nan sigapu manithan remake.,high,Negative,v4,not-distress,3,0.44287824630737305,0.4026264548301697
Sir movie nodidini idhu.  Ithara film en chennagide sir..compare to love mocktail,high,Positive,v4,not-distress,3,0.40651676058769226,0.3756219148635864
Nikistark x promotion chennagi idrunu bere language ge jaathi priority kodtare....nam state li kannada movie ge support madalla distributors..,high,Negative,v4,not-distress,5,0.8240501582622528,0.0123881995677948
YouTube subscriber at list 5lack kooda Ella yelli reach agutte T series nalli bittidre 10m agirodu avraddu tappu,high,Negative,v4,distress,4,0.4205511510372162,0.4058539867401123
Hats off bro  ಕರೆಕ್ಟಾಗಿ ಹೇಳಿದ್ದೀರ ಬ್ರೋ,high,Positive,v4,not-distress,3,0.8128789663314819,0.0037724077701568604
Bari telgu tamil movie nodthira ee thara movie nodi,high,Mixed feelings,v4,distress,3,0.7964538633823395,0.7487116456031799
Booking start  ಮಾಡಿ,high,Positive,v4,not-distress,3,0.7557553648948669,0.7481481730937958
En guru song akkan idu song Andre akkan navgothalla,high,Positive,v4,not-distress,3,0.7787993550300598,0.771731823682785
Waste of tym tiktok ban madbidbek,high,Negative,v4,distress,3,0.4666224420070648,0.4014222025871277
Sir neev adthidda game yavdu,high,Positive,v4,not-distress,3,0.7918551862239838,0.40220901370048523
sakath dance performance,high,Positive,v4,not-distress,3,0.7769209146499634,0.7516991496086121
super anna super creative kannadiga,medium,Positive,v4,not-distress,3,0.790986567735672,0.39077165722846985
Guru e game name en guru.... Masth eede game,medium,Positive,v4,not-distress,3,0.8128417134284973,0.4124872088432312
Chikki chikki chikkappa nidde indda bega helappa pade pade kelbeku tumbha tumbha tacing padgalu adu sang agiddre innu kushipadtide I love jental man movi,medium,Positive,v4,not-distress,6,0.4164245128631592,0.398009330034256
@Nandi Parthasarathi hogo ninna akkna tullu ninna tara kelsa ilva nange yenu yavglu comments madkondu tika muchkondu sidege hogo,medium,Negative,v4,distress,5,0.4444931447505951,0.4152144491672516
Guru Chinese mobile yen madodu,medium,Negative,v4,distress,3,0.4447113275527954,0.40280500054359436
Yelli tanka jana moodnambke bidalvo alli tanka inta shatnayakru useless videos haktane irrtare guru.nMahabharata tumba olle moral story. Jeevanakke bekagiro tumba paata ide idralli. Adunella use madkondu olle jeevna madbeku aste.,medium,Negative,v4,distress,8,0.5199744701385498,0.35775887966156006
Howdu brother nanu tv nalli nodidde evru elidnella avru elidru,medium,Mixed feelings,v4,distress,3,0.4171768128871918,0.3826899826526642
Please darshan fans dislike madbedi nim Hero ne great but please Ee movie ge dislike madbedi,medium,Negative,v4,distress,4,0.8774320483207703,0.8501621186733246
I hate tiktok mobile thagondagindanu install made illa i hate this,medium,Negative,v4,distress,3,0.45067915320396423,0.38548368215560913
Tiktok madorena Chinese ge kalse beku,medium,Negative,v4,distress,3,0.45873573422431946,0.3835478723049164
Thumba vishaya galannu thilisi kotri Amar prasad ravare .thank you,medium,Positive,v4,not-distress,3,0.40949690341949463,0.005162715911865234
@ಕಿಚ್ಚನ ಹಾವಳಿ book my show Alli pailwan 16cr kurukshetra 28cr madide nodo amele maatadu yavdu jaasti collection madide anta,medium,Mixed feelings,v4,distress,5,0.4395114779472351,0.4313052296638489
Big star agbitte u,medium,Positive,v4,not-distress,3,0.7818180918693542,0.3873410224914551
Super sir..nanantu adella dwnld kuda madirlilla...420china,medium,Positive,v4,not-distress,3,0.8301726579666138,0.8098842799663544
Guru nin voice en guru adu ha ha bombat__ series agi ond heltini nanage enadru nim videos inda nakku nakku hotte novu bandre neeve javabdari helidini,medium,Mixed feelings,v4,distress,6,0.8911901712417603,0.4003392457962036
Elru Thika muchkond iri nim build up galu nodok agtilla..producer gee enro kashta...??? Kashta irodhu Badavarigee..corona bandhu esht family sayta .idave..uta ildale esht himse agta idee avrige jeevna nadsoke maklige nettagee ondh otthu uta kodok agdale avrige help madi,medium,Negative,v4,distress,10,0.45679017901420593,0.4499477446079254
Anna nin padha Xerox kodanna,medium,Positive,v4,distress,3,0.4567129909992218,0.38578811287879944
Bro nanu kuda tiktok use madthidae adrae adu ban adaga nang yenu bejar agilla yakandrae namdu ondu sanna contribution irli namma desha kae jai hind,medium,Positive,v4,distress,6,0.8638287782669067,0.0
@10 R yaar fan adhru agli.. thandhido buddhi yake.. ivaga yela kfi kade nodtha idhare.. kachada galu heeg madthare.. d boss yavathu yelarnu encourage madthare,medium,Positive,v4,distress,6,0.4309713840484619,0.4328807592391968
Super bro nim song,medium,Positive,v4,not-distress,3,0.7757468521595001,0.7757209837436676
E movie name  enu  paka  hitttt e a,medium,Positive,v4,not-distress,3,0.7997590005397797,0.779423713684082
Sakath guru....  Avan amman innu rost madri broooo nAvarella nam INDIA  dalle erbardu hag rost madri..  Guru,medium,Positive,v4,not-distress,4,0.7996308505535126,0.7953270673751831
Kannadadalli ee Tara cinematography iro movies innu barli,medium,Positive,v4,not-distress,3,0.797813892364502,0.783128559589386
Wow exlent verry new dfrent yellu kelilla nodilla danyavadagalu,medium,Mixed feelings,v4,distress,3,0.8511179089546204,0.8440373241901398
Superb chennag heludri frnd🤣🤣Nam hatra tik tok app illa,medium,Positive,v4,not-distress,3,0.8134912252426147,0.7904582321643829
All industries are going hands up.. 27kke avanu bandaga,medium,Positive,v4,not-distress,3,0.7360001504421234,0.7299671173095703
est movie li ede tara ede  same scenes.,medium,Negative,v4,distress,3,0.45082926750183105,0.3922401964664459
Good information sir but ivattu yako parokshavaģi  China desha vanna hogalida hage ittu adru ade nija  satya yavaglu kahiyagi irutte,medium,Mixed feelings,v4,not-distress,5,0.8026305735111237,0.7993589639663696
Bro nim maath keli China App hogli Indian App nallu video madalla bidi,medium,Positive,v4,distress,3,0.8428644239902496,0.0032291412353515625
Egina youth's ge spoorthy sir nivu Devaru nimge ayyasu aarogya channagi kodli,medium,Positive,v4,not-distress,3,0.8176952302455902,0.0185987651348114
@Pradip AR idhu remake all i am editor,medium,Mixed feelings,v4,distress,3,0.44510990381240845,0.4007870852947235
Anna nin super anna,medium,Positive,v4,not-distress,3,0.7566713690757751,0.7566713690757751
Anna nim e vedio nodinu mathe chaina apps use madidre...nijakku avru maryade  swabhiman ildoru bharatha dalli irbardu ....antavrnella nimhange maryade thegibeku.....,medium,Negative,v4,distress,5,0.00354766845703125,0.0023968517780303955
Namma janakke innu idara liric arta agilla.good music extraordinary liric.,medium,Positive,v4,not-distress,3,0.798112690448761,0.8096077740192413
@twisted formals yake urita edeya nivu dagar fans anta nim culture ende gottu agute modlu sariyagi mat adu magne modle Gulbarga mandi navu start madre ninu eral nin avvun tullu clean madsu,medium,Negative,v4,distress,8,0.44298720359802246,0.4234906733036041
Tiktok ban agirodrida tiktok madtidrala avr family avrig kushi agirute tumba deena ivr mada nodi sakagitu,medium,Negative,v4,distress,4,0.48157799243927,0.4106524586677551
@Kumara Kantirava avn heldange 1st time hange ansodhu..,medium,Positive,v4,distress,3,0.7402314841747284,0.7184629738330841
@Nandi Parthasarathi ille gotta aagta ide ninu yestu urkondu sattidiya anta yenro nimma same balegarna type nayi padu 🤣🤣🤣,medium,Negative,v4,distress,5,0.43455684185028076,0.854008138179779
@prithvi nayak Flop yaavdu antha Karnataka ge gottu bidi...,medium,Negative,v4,distress,3,0.5534151494503021,0.38448309898376465
Sir intha cinema madida mele dodda mattadalli prachara madbekittu. nNodi prem avru dabba film madudru hype build-up create madodralli etthida kai.,medium,Negative,v4,distress,5,0.8807826340198517,0.1303461790084839
Nin voice and dialogues ge fidha guru 🤣🤣🤣🤣🤣,medium,Positive,v4,not-distress,3,0.7873763144016266,0.7779830396175385
Super d boss fan's like madi,medium,Mixed feelings,v4,not-distress,3,0.39113080501556396,0.7752915322780609
Super guru neenu tiktak sede galige yeneludru arthagalla,medium,Positive,v4,not-distress,3,0.7969701588153839,0.7891865372657776
Super movie.yallaru hogi nodi,medium,Positive,v4,not-distress,3,0.7983262538909912,0.7752928137779236
Tik tok Tarane act madidre hana sigutalva edanne etkondu. Nam government mane manege items kottu Products ready madi adanna videshakka marata madbeku matte nam janakke kamishon kotre voledalva. Nam jangala kayyalli yake kelsa madkotilla .,medium,Negative,v4,distress,9,0.4476011097431183,0.4328407347202301
@sathish m nNin kano gaandu sariyagi matadu darshan fans bari kettadagi matadtare troll madtidare idu ninge gottenoley darshan na bitre yargu support madolla antha rumors spread madidare adke nangu ange anusthu helde,medium,Negative,v4,distress,8,0.4156598746776581,0.0010125339031219482
China copy maadi naawu maadbekilla.. jana alli khushyaagilla.. naadre niw helidralli tumba kelsa aagbeku.. bhaaratadalli adella maadodu janakku bekaagalla,medium,Positive,v4,distress,5,0.4538603127002716,0.41409194469451904
Bro tiktok ban bagge bejar agiro nayi galige innu mut nodkollo hage roast madu bro plzz...aa lofar nayi galige nam desha kinta ade bekagide nayigalige...,medium,Negative,v4,distress,6,0.44826796650886536,0.40803825855255127
@naveen v nim gandu balegara movie yalla utterflop modlu side acting madudu ಬಿಡು anu modlu,medium,Negative,v4,distress,4,0.4194806218147278,0.4022753834724426
Loo Nim Makha muccha e Video gu Dislike yenro nim Hendti Munde Haga avr character Nodi kaliro life Andre yenu antha thu nanmakla,medium,Negative,v4,distress,6,0.4361247718334198,0.435184508562088
D boss fans inda full support iden#jaidboss,medium,Positive,v4,not-distress,3,0.39056047797203064,0.3794586956501007
Pruthvi avara acting anthu nanna avarisikondu bittide .nanna friend helidda thayi sentimentalli avara acting nodi ninu emotional agthiya nodu antha.adre nanu nanu aagalla andidde.adre aa scene nodbittu nanu ankonde. evarige national award kodbeku antha.,medium,Positive,v4,not-distress,8,0.41865986585617065,0.8455502986907959
Super creation bro .  Adru nim voice sppppprrrrrr.....,medium,Positive,v4,not-distress,3,0.43437454104423523,0.37655749917030334
Super bro.........yen roast madtiya bro ....,medium,Positive,v4,not-distress,3,0.4570082724094391,0.8318239152431488
Heroine ge jamba ella,medium,Negative,v4,distress,3,0.45627936720848083,0.4075040817260742
I like it kanta nI like it,medium,Positive,v4,not-distress,3,0.791636735200882,0.7850919961929321
@Nandi Parthasarathi balegar bale bale 🤣🤣🤣 matte ninna akkna minda kano nanu mindri magne randi maga ninu bere heros bagge kettadagi comments madodu bidu navu yaru tantegu hoglla boss tantege bandre gottala,medium,Negative,v4,distress,8,0.4437420964241028,0.4388178288936615
Fittest will survive. Ashwath olle actor aadre maganu ange aagbeku andre aagutta? Dr rajakumar tara avr maklu aagalla avr yavattidru avre. So illi acchari pado avashyakate illa.,medium,Mixed feelings,v4,distress,7,0.4466460347175598,0.42470818758010864
Naa innomme e movie naodalla  avanajji eradu dina aytu hale hudgi nenapagi uta illa nidde illa sayotara annistide,medium,Negative,v4,distress,4,0.8869143128395081,0.8680630326271057
Navu matar use madatilla jagatinna yella deshgalu use madatidare.solemagane,medium,Negative,v4,distress,3,0.42164796590805054,0.40437155961990356
Yellar gamnaanu HANDS UP Hatra ne ide. haage gamna ittu nodi.,medium,Positive,v4,not-distress,3,0.40984034538269043,0.41722017526626587
@Yash cult Guru ellaa actors ade halkaa kelsaa maadodu bidappa raaja...,medium,Negative,v4,distress,3,0.3952759802341461,0.44147825241088867
Avlu lofar .....nan sister Diya papa amezon a to z super next relece I m going,medium,Negative,v4,not-distress,4,0.8219864368438721,0.8191463053226471
Super bro nim nice and dialogue bro🤣,medium,Positive,v4,not-distress,3,0.39820191264152527,0.7780571579933167
@Nandi Parthasarathi nin Amman sule magane nin number send gandu,medium,Negative,v4,distress,3,0.510865181684494,0.3964743912220001
Bollywood range nali ide super song🤔,medium,Positive,v4,not-distress,3,0.7716095149517059,0.7710789144039154
Super super super mahithi,medium,Positive,v4,not-distress,3,0.7768721580505371,0.3992023468017578
Bigbossalli  step hakiro controverrsy nodi bandiror yar yarppann like Madi,medium,Negative,v4,distress,3,0.8606772720813751,0.0016094744205474854
Hi....chaina dalli ago product nnu navu madidvi....adre....namma desha davre namage mosa madidru same model nnu chaina kondogi avrege thorise dublicate madbittu dandu...kammi belege elle mariddare....edde karana...navu hinduliyalu....eglu navu...mado ondondu product chaina dinda tharisthidru adre navu automobiles product naavu madthideevi...adre yaaru encarage madalla.....,medium,Positive,v4,distress,10,0.4580570459365845,0.0006561279296875
Yes re release madbeku,medium,Positive,v4,not-distress,3,0.7624906301498413,0.7624906301498413
Bro ha dacchu su..... Maga you are super no 1 roaster,medium,Negative,v4,not-distress,3,0.820497065782547,0.8143715858459473
Simple star fans like madi,medium,Positive,v4,not-distress,3,0.40831080079078674,0.4000210464000702
Life Alli esto movie nodidivi adre diya movie astu yavdu  ista agtilla. Diya nodid mele love madbeku,medium,Positive,v4,not-distress,4,0.7331834733486176,0.7073154747486115
@Dayananda C sir ivaga hagalla belige call maditini heli. Prashne keltini. Political bittu . Abhirudhi bagge keltini heli.,medium,Mixed feelings,v4,distress,4,0.8864462673664093,0.37821975350379944
Neva ado game nema,medium,Positive,v4,not-distress,3,0.7720908224582672,0.7557819187641144
En ugdde guru adru nam janake budi barala bro tiktok elde edre saytivi antare thoo,medium,Negative,v4,distress,4,0.005948543548583984,0.39578568935394287
Barri dabba movie ne unn maado du,medium,Negative,v4,distress,3,0.4418371319770813,0.012919127941131592
@satishnithyanandam nin hesralle comedy ide ..nin antha thika kobbu iro mindri sule makklathrs nangen mathu. Hogo kong boli magane.,medium,Negative,v4,distress,5,0.4404708445072174,0.4200098514556885
Hats off sir nim Swabhimana and karya nishtege thumba Santhosha agutte sir nimg olle arogya success kodli antha devralli bedkothivi Munde niv natiso Ella cinemagalu uttama pradarshana padiyali,medium,Positive,v4,not-distress,7,0.41673383116722107,0.4116854667663574
Sir pakka news edhu prradhana manthrri  modhe noddbeku ashtty sir...,medium,Positive,v4,not-distress,3,0.4072248637676239,0.0018938779830932617
Drivergalu yavttidru king  proud of my job,medium,Positive,v4,not-distress,3,0.7795324623584747,0.012245506048202515
@10 R hogi ballegaarnn tunne unn... Aa balegaaran bhikshe majestic cinema nim dBabes ge .. Nim amma majestic Sule ansuthe adkke isht harkottiddiya bewarsi sulemundemagane... Nin ammana Kellu Nene hege malgisi keydiddini anta ...,medium,Negative,v4,distress,8,0.6526074409484863,0.3668394684791565
Idu idu bekittu actually.....jai rk boss,medium,Positive,v4,not-distress,3,0.46312493085861206,0.34367698431015015
@TROLL MONSTER_KANNADA guru Bari mathadak aste yav sule makligu munde bandu mathadastu dhum Ella BOSS always King,medium,Positive,v4,distress,4,0.45547062158584595,0.3925921320915222
Dboss thara ivnu jana galisoke.. dodda dodda dialogue bidalla media munde rakshit na avnge holisbedi,medium,Negative,v4,distress,4,0.4451832175254822,0.39386674761772156
Jai hind  guru  nimge  ondu     super  agi madidira   Hinta  nanna makkalige nanna  deshada bagge enu gottu Avarige   tiktok Alla nale  avaru  sattu  hogtare alva   tiktok nu baralla tamte hodiyakke  Janru baralla   adannu  tiktok madkondu  Aram agirli anta  tiktok madi kalastare nanna makligennnAll videos  super  guru  nim no send madi,medium,Positive,v4,distress,10,0.45083439350128174,0.43896713852882385
Rakshit yake ista gotha friend's na jote yalli yavagllu ittikondiru thare,medium,Positive,v4,distress,3,0.43843919038772583,0.3830605447292328
Kannadada chanukya namma rakshit shetty bro na yochanegalu...... Dislike madiroru rashmika fans irbeku ......,medium,Negative,v4,not-distress,4,0.40699079632759094,0.7454765439033508
Re release maadi movie na... Super movie,medium,Positive,v4,not-distress,3,0.5414515435695648,0.3838115930557251
@mallikarjun Dhanashetty Elrigoo nimtharane yochne bandre kannada top allirodhu..,medium,Positive,v4,not-distress,3,0.7586475014686584,0.806727796792984
All the best for rocking star fans  song vibinna vagidhe,medium,Positive,v4,not-distress,3,0.4168964624404907,0.37807929515838623
Kannada cinema nimma antha budhijeevi na ullaskollalike agilla antha tumbaa bejaar aagute.,medium,Positive,v4,not-distress,3,0.7980890572071075,0.40987005829811096
Slow poison song annoru like Maadi,medium,Positive,v4,not-distress,3,0.7824952006340027,0.012933582067489624
Yen helda guru super,medium,Positive,v4,not-distress,3,0.7747993767261505,0.7673391103744507
Istu helidru innu tik tok ge support madoru manushyare alla nArta madkoli pls pls,medium,Mixed feelings,v4,distress,4,0.007494509220123291,0.41103488206863403
Yudha mada beku katukara🧟 munde oda ‍baradu bhagavatgethe Who likes this line,medium,Positive,v4,distress,3,0.8520629107952118,0.3858661353588104
Eh Tiktok ela Andre nimanatha troller kooda Mundhe bartirlilia,medium,Negative,v4,distress,3,0.44109633564949036,0.38294264674186707
Varshakke 3 thagadu movie madi industry haal mado hero galu ondh kade adrenn3 Varsha kasta pattu ondhu olle film mado namma Rakshith Shetty haagu Yash innondh kade n,medium,Negative,v4,distress,7,0.8949464857578278,0.41622936725616455
Chinada tiktok CEO helidanante bharatadalli  iruvashtu somarigalu berellu illa anta idarta avara deshadavare aa app annu ashtu use madtilla  bharatadalli koti gattale use madtidare. Banne maadida modi sarkarakke danyavadagalu nnJai JAWAN Jai KISAN nJAI HINDH,medium,Positive,v4,distress,9,0.9056190252304077,0.43067941069602966
Telugu comments copy madbutta 🤦‍,medium,Negative,v4,distress,3,0.44547298550605774,0.402169406414032
Signature steps awesome...pakka...# tag agthe,medium,Positive,v4,not-distress,3,0.8249617516994476,0.41697439551353455
Nodarappa yaro heludrala ban yak madbeku antha,medium,Negative,v4,distress,3,0.8513834178447723,0.40741249918937683
@Thejas Gowda avnu oba uneducated slum sulemaga..adke yaneno bogltane🤣🤣,medium,Negative,v4,distress,3,0.45590871572494507,0.39475777745246887
Lo Anna ninu nijvada hero kanocorrect agi helde,medium,Positive,v4,not-distress,3,0.0,0.35959169268608093
Nange bahala novaytu nannamele yakandre nanu  Diyaa moviena thetoralli nodilla adakke please realise onse again nanu nodtin Mathe janru nodtare please,medium,Negative,v4,distress,5,0.8904476165771484,0.0015394985675811768
@sathish chandra 🤣Naan kelv comment noDidakke heliddu,medium,Mixed feelings,v4,distress,3,0.4642255902290344,0.39021483063697815
avarige belesidorna thuliyodhu gottilla anda star patta bandamele friends na mariyodhu gottilla,medium,Positive,v4,distress,3,0.49649372696876526,0.0
Sir. Movie bagge eradu matilla. Adre ivatu multiplex jasti agi bittive. Rate kooda bhayankara. Ondu nominal price idre hogbahudu. Tumba janru kooda primenalli,medium,Negative,v4,distress,6,0.4433281421661377,0.5903876423835754
Bro navu arvinda tilkotidivi andre navu avrige yenadru kodbeku dodd dodd channel galige hinde dodd vyakti irtare so skip madade nodi avrigu duddu barli  .,medium,Negative,v4,distress,6,0.37195292115211487,0.4143871068954468
Evergreen song listalli idhu yavglu iratthe doudte illa....,medium,Positive,v4,not-distress,3,0.8071459829807281,0.41869935393333435
1st time - chennag illan2nd time - parvagillan3rd time- addicted,medium,Positive,v4,not-distress,3,0.8116911053657532,0.806289792060852
Aga navu yaru TV Alli nododu beda. Suvarna channel avra TRP kammi madsona. Aga avrige buddhi barutte. Olle olle films Nella isht Bega TV Alli hakudre theatre ge yaar hogtare,medium,Mixed feelings,v4,distress,8,0.4518376588821411,0.0012684762477874756
@Nandi Parthasarathi nadiyole sule magane Nam style Nam ista ning yako thika uri,medium,Negative,v4,distress,3,0.4194321930408478,0.3833836615085602
Nanage nambalu sadyavaguttilla ...adakkagi ondu balavada karana athava kuruhu beku next vedio dalli haki I am waiting,medium,Positive,v4,distress,4,0.03713721036911011,0.0
movie was legendary. ninu itihasa baryoke bandirodu maga. kannada indutry history baredre eradu part irutte ondu rakshit baroku munche mattondu rakshit  bandadmele,medium,Positive,v4,not-distress,6,0.8340283930301666,0.8279121816158295
Lo nin d filme odtilla modlu anv film nodro amele bere filmge sprt madu sumne comnt akbitre film odbidutta bari builduppu,medium,Negative,v4,distress,5,0.8774649500846863,0.43315571546554565
Sir yella song video clips release maadi,medium,Positive,v4,not-distress,3,0.7844914197921753,0.7502651810646057
@Doavi samstana movie gellutte nAamele Jana promotion maadthare,medium,Positive,v4,distress,3,0.8687076568603516,0.8242130875587463
Year ge ondu film bandru Chenagide super sir,medium,Positive,v4,not-distress,3,0.3853568732738495,0.38342079520225525
Kannada film  industry avaru sir solpa nodi rii yen madta ididra inta ashvath sir avara maga ondu sanni veshe dalli kalsa Kodi,medium,Mixed feelings,v4,distress,6,0.005766332149505615,0.4204253852367401
Nijawaglu  mai romanchana aaguvantaha video  idu  nija  irabahudu,medium,Positive,v4,not-distress,3,0.41982904076576233,0.002446115016937256
Ade old same story,medium,Negative,v4,distress,3,0.4534865915775299,0.41264888644218445
Tumba kalaavidara gati ide. Kalege bele illa. Ashwath Awara family ge ee thara aagbaardittu.,medium,Negative,v4,distress,4,0.4438307583332062,0.4075107276439667
Chutiyaa Ganesh gintaa olle movie irutthe bidu guru idu. Ganesh ge olle swamake maadoke helu modlu,medium,Negative,v4,distress,4,0.8835512697696686,0.38876011967658997
Promotions madro illa 3 varsha kasta pattiro du waste sgbardu,medium,Negative,v4,distress,3,0.8608348667621613,0.3935863673686981
sory sir teatarali film nodlike agilla tumba bejaride,medium,Negative,v4,distress,3,0.8595482110977173,0.396537721157074
sandalwood ge obba trend setter sikkidaane..n.n.n.n.n.nyaaravnu???n.n.n.n.n.n.nAvane Srimannarayana,medium,Positive,v4,not-distress,3,0.8497727513313293,0.3750231862068176
Bro...nNeen este Roast madudru...China ne beku anthare ivrnella gun thagond shoot madbeku aagadru India dalli eetara Desha virodhi galu sattadru saythare... Nin video nodi actually innondsari tiktok alla mbl muttoku nin permission kelbeku... nInnond strong aagi video madu guru...,medium,Negative,v4,distress,10,0.45117679238319397,0.4265057146549225
Nam kannada songs yavglu super hit,medium,Positive,v4,not-distress,3,0.775295227766037,0.4142303466796875
Song Karnatakadalli ella hero fans film node nodtare but pls bere languages lli promotion madi,medium,Negative,v4,not-distress,4,0.32723626494407654,0.0
Power Star fans like madi,medium,Positive,v4,not-distress,3,0.3983966112136841,0.39785006642341614
@naveen v ninna luccha ige modale kaddi swalpa body madkond baralu helu olle baavali haage eddane mattu omdu hit movie kodoke helu madirodella flop,medium,Negative,v4,distress,6,0.4449074864387512,0.40825724601745605
Ivnu soole maga pakka. Ivnu yash fan bandu hen kelsa madthavne nodro soole maga,medium,Negative,v4,distress,4,0.8860912919044495,0.004930585622787476
Nija helidri sir..! Nimma video nodi admele kuda namma bhatiyaru  badalali antha pray madtini.,medium,Positive,v4,not-distress,4,0.8275352716445923,0.001596003770828247
ಏ ನಂದಿನಿ ರಂಡಿಮಗಳ D Boss Bagge matadadre hudukondu Bandu Hoditini Jaag helu,medium,Negative,v4,distress,3,0.8665190637111664,0.380809485912323
En song guruve I love this song K G F bitre ede super movie guru.......super,medium,Positive,v4,not-distress,4,0.4254339933395386,0.39016902446746826
It's amazing movie.  I think promotion sari agilla anta anista ide,medium,Negative,v4,distress,3,0.0067136287689208984,0.006728410720825195
Unlikers Ella chinos appang huttid sulemaklu irbek,medium,Negative,v4,distress,3,0.8595417737960815,0.39655765891075134
Esta adre mele like button ede kodtare bidapa,medium,Negative,v4,distress,3,0.018008887767791748,0.405204176902771
Boss E nan makluge,medium,Negative,v4,distress,3,0.47280851006507874,0.39048153162002563
Ayyo guru... Yelli tanka jana moodnambke bidalvo alli tanka inta shatnayakru useless videos haktane irrtare guru.nMahabharata tumba olle moral story. Jeevanakke bekagiro tumba paata ide idralli. Adunella use madkondu olle jeevna madbeku aste.,medium,Mixed feelings,v4,distress,8,0.9068532288074493,0.0
Kannada cinema dali osha parvaa . .......,medium,Mixed feelings,v4,not-distress,3,0.7957364916801453,0.5191202163696289
Anna nenu super super Anna,medium,Positive,v4,not-distress,3,0.7768346667289734,0.7628172934055328
Yen guru ulty 1 number,medium,Positive,v4,distress,3,0.812296062707901,0.4132387936115265
Tik tok banu nan kicha Sudeep fanu egide  comment madi,medium,Positive,v4,distress,3,0.7646248936653137,0.0
Modijji avrige gothu aste gothu soldiers value,medium,Positive,v4,distress,3,0.5323478877544403,0.3985610902309418
Eno Anna dool ebsi bitti alla comment boxnalli,medium,Negative,v4,distress,3,0.8429818451404572,0.38450106978416443
@VINOD KALMANI nhu neen iro jagane helu.... naane bandu hoditini.... illa tumkur main road bustop ge bandu partha yaaru antha kelu,medium,Negative,v4,distress,5,0.45480841398239136,0.3826180100440979
Super guru Ella record break made madtira guru nivu i love sir,medium,Positive,v4,not-distress,3,0.4664362072944641,0.37919217348098755
En dailouges guru nsuper gurunYou rocking gurunNin dailouges keludmele nim channel subscribe maadthiddeeni hinge continue maadu gurunInnondibru dingurbilligalu tiktok li buildup kodthidru avrnu ee videodalli topgersidre chanaagirthitthu,medium,Positive,v4,not-distress,7,0.8436261117458344,0.8345048725605011
Rocking star kadi enda all de best,medium,Positive,v4,not-distress,3,0.7858115136623383,0.7733420133590698
@Venu real life llu haage iddidre accept madabahuditthuu alvaa.. !!!nEspecially obba natananna thumbaa abhimaanigalu fallow maadthaare so avru nija jeevanadallu  maadhari aagirabeke vinaha thappu madbaardu alvaa baree film lli maathra hero aagidre saaladuu real life llu kooda hero agirbeku aaga avaru obba nijavaada  manushya aagoke saadhya... !!!,medium,Negative,v4,distress,10,0.9057022631168365,0.5992556512355804
sir deshadali shikshana jotege kwoshliya nu kalisabeku selp udyogada samartya barbeku nnrajakiya vektigalu adikara and hanke ase belde deshavanu munnadasabeku employment ge jobs sigo rieti nodka beku,medium,Positive,v4,distress,7,0.0016501545906066895,0.0
Rite.... Bt avara personal adu.. problems en aitu anta namge gotilla ...yake hudgi mele hig coments mododu brother??? Nam sis ge idu agidre?? Nav en madtidvi??  Aur problems avaru solve modkonda aitu naaav sumne ivele overthinking madta idivi ...,medium,Negative,v4,distress,10,0.44999998807907104,0.4383283853530884
Super guru pakka block buster,medium,Positive,v4,not-distress,3,0.7859989702701569,0.39217409491539
Yelli eddru guru e music director super music ultimate music,medium,Positive,v4,not-distress,3,0.7842925488948822,0.7982394099235535
Nam kannada songs yavglu super hit,medium,Positive,v4,not-distress,3,0.7753349542617798,0.4142303466796875
Song super step ennu super,medium,Positive,v4,not-distress,3,0.770800769329071,0.4452853202819824
🤔🤔🤔 hello thamma navu unity maintain madthivi aithu thorskolo avyashyakathe namgila nin CMT nodid kudle yavan avr fanism bidkodala 🤣🤣 nin kano doddu sede nan maga,medium,Negative,v4,not-distress,6,0.0,0.7804010808467865
igun kaldalli 60 years badkodhe kasta 5000 varsa irtara yakro janara inocentna use madkotira,medium,Negative,v4,distress,4,0.43778547644615173,0.4023037850856781
@Naveen kumar yadav lo thamma nanu copy madidare antha yello helidini.. ratasasan movie bgm inspiration indha idhna madidare andirodhu.. nav yav telugu movie nu nodalla kannadake modala adhyathe namdhu,medium,Negative,v4,distress,7,0.8935307860374451,0.5637540221214294
Bro niu videos dali torso gems name yanu,medium,Mixed feelings,v4,distress,3,0.41906169056892395,0.3918108344078064
Bro aa game  name  heli,medium,Mixed feelings,v4,distress,3,0.43152138590812683,0.40710604190826416
Tik tok alli jagala madtidralla adra baggenu ondu video madi anna super agi ugididdira,medium,Positive,v4,not-distress,4,0.8160336017608643,0.4161643385887146
@#win 12 yello yaavdo beedhi soolege huttironu neenu ansutthe....adakke nin hesru haakolde yavdo no. haakondidya.... leay child chapati nin no. ond kodu saaku nin dove na nin munde ne keaytini...... asht saaku nange....,medium,Negative,v4,distress,8,0.45384442806243896,0.4539892077445984
@Nandi Parthasarathi gaandu Sule magne hogi bucket du gaygf nodu adu bittu illi dboss annnabeda cheeti kalla fan,medium,Negative,v4,distress,4,0.4379899501800537,0.39129287004470825
Super sir yentha mathu nivu sir nijavada tik tok bagge thilekondirodu,medium,Positive,v4,not-distress,3,0.8118276000022888,0.37662431597709656
Namma  desha da bagge abimana ellde eroru ge  adru tik tok use madtha eddre avru tamma mother naa ennobirige bitkotta hage  eddanu odinu tik tok madidre niu muuru bittoru antha artha,medium,Positive,v4,distress,8,0.4454781413078308,0.4231111407279968
IAS IPS madirorigintha politicians  ge value jasti iro namma vishala manassina Indians badlagovargu nnam desha beliyodu kasta ide,medium,Positive,v4,distress,4,0.0,0.34581756591796875
Hats off to u sir...nMosa madi tinno Pizzaginta Niyattagi dudidu tinno ragi nalli eshto aanda erutte jeevandalli..,medium,Negative,v4,distress,4,0.0,0.3900439143180847
Ho guru adu pubg alla  adu yav game antha modlu thilko ninu,medium,Negative,v4,distress,3,0.4085841476917267,0.384775310754776
Rock Siddu yaako gaandu soole magane naanu ninna thangina rape maadidna.. yelo mathannu ole mathanaadu.. nanagu baahi ide.. nanage gothilade thapagide.. Neenu mathado reethi badalisiko ...,medium,Negative,v4,distress,6,0.4382675588130951,0.41395440697669983
@Nandi Parthasarathienu nan amman akkan andidina thu nina modlu nind nodko nan innu odta idini shoki mado yava necessity nu illa nange....nim appa amma na baydu nan en madli....nKelsa madtini antidya taleli buddi idya en ide 🤣nDarshan bagr helak nen yavanu,medium,Negative,v4,distress,10,0.4483635127544403,0.4388923943042755
@Nandi Parthasarathi hogo sulemgne urkondu barbeda illi ninna akkna keya wait for Roberrt,medium,Negative,v4,distress,3,0.4181426763534546,0.38271090388298035
Full gichhh Madi nod anaa mast,medium,Negative,v4,distress,3,0.40222683548927307,0.39666491746902466
En helde guru sakkath.tik tok madorgella super agi heldre,medium,Positive,v4,not-distress,3,0.3999883234500885,0.7991801202297211
Idu idu.. (1.56)actually bekagiddu..osm music,medium,Positive,v4,not-distress,3,0.500680148601532,0.4041658043861389
Youtube channel nalli ASN release promos upload madi sir,medium,Positive,v4,not-distress,3,0.7900349795818329,0.3767552673816681
Howduu actually eee video nodakku munche Indaanu  nange ide reethi tumbaa saari hagu pade pade yeshto baari kansu beeltittu heege obbaa vyakti Shiva devastana hatra irtane naanu devastaaana dinda aache baruvaga nanna hatra idid bilpatre na keltane but duddu maatra eeskolala but hieght agirtare tanned skin tone forehead poorthi gaaya agirutte but full body ashtaag kansalli gottagallaa but ivatt eee video nodid mele mostly avre irbeku antha anstu,medium,Positive,v4,distress,10,0.4519488513469696,0.4420281946659088
6-5=2 nalli nijvadh video antha posteralli nodide but movie nodida mele gotthaythu adu sulu antha,medium,Negative,v4,distress,4,0.444338858127594,0.41655534505844116
Div movie nodi thumba kushi aithu yakandre hen maklu jevanke atharavada movie thumba adbuthavagithu dia ond  sala nodidini bt  nange e movie na mathe mathe nodbeku anthasuthe. Nanganthu yala movie ista bt  dia thumba special yakae hege antha helodik agthila asta aithu sundravada love Thai preethi  2 hero's  obrg ibru kami illa dia nodvag kushi aithu prithi helthare anvaga kalkondru mathe bere  sambanda besadaga hale prethinali priiithi India duragi mathe bandy mathe kalkonda aa  ondu nimsha jeva kaldoithu bt  gene idru I love dia,medium,Positive,v4,distress,10,0.9098804295063019,0.4667045474052429
Avra manelli yavagadru hoddu sayisudre gottagutte kittod nan maklige tik tok yak ban madbeku andorge saryagelidira bro,medium,Negative,v4,distress,4,0.4432719349861145,0.4009495675563812
Sari korona bandare adana guna padisikolalu amount hestu karchu aguthe adu yavayavadake antha solpa maithi kodthira please,medium,Positive,v4,distress,4,0.8763963282108307,0.4013196527957916
ತೊಗರಿ ತಿಪ್ಪ ಸುಪರ್ ಕಾಮಿಡಿ so super thogari thippa comdey,medium,Positive,v4,not-distress,3,0.797029048204422,0.3781404495239258
@Cockpit cock allavuddin mayadeepa annodu Arabian nights stories nalli baruva kaalpanika kathe deepa ujjidare bhootha bandhu ella kelasa maaduthve allavuddin khilji alla,medium,Mixed feelings,v4,distress,6,0.9012872576713562,0.42750367522239685
Avaru badlagabeku ivara badlagabeku annodu tappu modlu nav badlagbeku ekandre vote hakori nave matte avara gedda mele avaranna baioru nave nija ansidre like madi,medium,Positive,v4,not-distress,6,0.4255845248699188,0.7434863150119781
Super sir nim anthoru Nam Kannada industry ge beku namma Kannada industrya kirty patake ellade harabeku belibeku,medium,Positive,v4,not-distress,4,0.40447452664375305,0.39568859338760376
Nam boss supero super,medium,Positive,v4,not-distress,3,0.7706910669803619,0.39902254939079285
Super movie love madabardu guruuu,medium,Positive,v4,not-distress,3,0.7859088778495789,0.7781717479228973
Nice song galli mathina bajaru suddi saridhe sumaru charitre shrustiso avathara,medium,Positive,v4,not-distress,3,0.505315512418747,0.37748077511787415
Super Ann nanagu. Tik tok.banna  agude bekagitu,medium,Positive,v4,not-distress,3,0.8139061331748962,0.40100008249282837
@Karthik Gowda Dacchu hmm aythu dagarge hosa award kodtini bandli star antha helbidu,medium,Negative,v4,distress,3,0.8682836294174194,0.3821406662464142
Ending nalli looti heg sikthu avnge.. movie nalli thorsode illa ..,medium,Negative,v4,distress,3,0.8541587591171265,0.3844793140888214
Lyrics Artha adoru Kay kaal aadsrappa,medium,Positive,v4,distress,3,0.38658902049064636,0.7977798581123352
Pakka mas Nam kannada movie,medium,Positive,v4,not-distress,3,0.765742838382721,0.7617312967777252
Anna e game yavudu,medium,Mixed feelings,v4,distress,3,0.4395041763782501,0.41285303235054016
@prithvi nayak nimma Amman tulla suledeepa movie yavdu hit aagide helu recent aagi bandidralli,medium,Negative,v4,distress,4,0.87209752202034,0.4028531610965729
Rashmika urkoo  rashmika haters like herenRakshith sheety,medium,Negative,v4,distress,3,0.40264999866485596,0.823527991771698
Super avanu helidanalla yelo galate ante avanu sikudre japli yelo togoduu odibeku tuuu.nNivu inu roste madtairi..nJai creative kannadiga..,medium,Positive,v4,not-distress,4,0.4099554121494293,0.8280019164085388
Hi sir supnHasage  eddastu kalu chachu  nAnno gadae evattu nim nudigalu gottyatyu sirnUr grate sir,medium,Positive,v4,not-distress,4,0.8348372578620911,0.39362624287605286
@Madhu Madhu hello bro navu tulunad navru tulu namma matru bashe aste abhimana kannada bashe melu ide,medium,Positive,v4,not-distress,4,0.0,0.7589653432369232
Super gurunJai hind Jai Indian army,medium,Positive,v4,not-distress,3,0.7970925867557526,0.7920925915241241
Mast roast madidi anna,medium,Positive,v4,not-distress,3,0.775664746761322,0.3961341381072998
Neev mado pratiyond videos galu mukake ekda tegdu oddag irutte bidi bro and nim voicenim big fan agbitidivi bro......,medium,Positive,v4,not-distress,5,0.4145975708961487,0.40141749382019043
Lo d gujaalds neev support maadida yaav sinimaagalu succes agilla .. yaakro sumne buildep .. simple example andre ..amar movienu ..fail maadudralo .ambareesh gintha name bekittha...ಮಧ್ಯೆ ನೀವ್ ಹೋಗಿ ಹಾಳ್ ಮಾಡುದ್ರಲೋ ..,medium,Negative,v4,distress,8,0.6164534389972687,0.0016860365867614746
Gurve egle Google nali search madu,medium,Mixed feelings,v4,distress,3,0.45143023133277893,0.3910353183746338
Sathyavaada maathanna nudidri sir Bhagavanthana bagge  Bhagavanthana neevu kondadidri andre neevu saamaanya vyakthiyalla entha olle maathanna nijavaada obba jnaniyu nudithane  aadre neevu nudididdira Andre I r so grate Bhagavantha nimmanna chennagittirli edthare anno nambike ede thanku sirji,medium,Positive,v4,not-distress,9,0.4270828068256378,0.4158528745174408
Chindi guru... tik tok ban agi yar thika urkoltha avree avru hogi Indian army mathe Modhiji naa keli..! Lowda antha tik tok li questions madodala..!!!,medium,Negative,v4,distress,6,0.45155152678489685,0.4276035726070404
Supar hit song anna,medium,Positive,v4,not-distress,3,0.7706659734249115,0.4082408845424652
Nanu eduvaregu tik tok app install kuda madilla nan phone alli. Bro ede tara videos madi tik tok alli saitirorna ennomme tik tok hesar keladre bhaya padbeku aaa tara rost madi bro,medium,Negative,v4,distress,8,0.4553368091583252,0.430646151304245
Jadesh Kumar Anna.. trailer is dashing,medium,Positive,v4,not-distress,3,0.5057776272296906,0.40242820978164673
@Sweekar Gowda Nim mane hatra ಊಟಕ್ಕೆ Jana galige kasta agtideya.nidre Avar place n avar Mobile number send madu.nಇನ್ನೊಂದು ಅರ್ಥ ಮಾಡ್ಕೊ nCorona ilde idaglu ninninda tegalo msg bandidave nOlle ಎಡಬಿಡಂಗಿ ತರ ಆಡಬೇಡಾnProcedure ge hana mukya alvo gottilla ಆ film technician ge avaru innondu chance kodabeku adu mukya nಅರ್ಥ ಮಾಡಿಕೊ ಮೂರ್ಖ ಶಿಕಾಮಣಿ,medium,Negative,v4,distress,10,0.4482867121696472,0.4349571764469147
@VARAPRASAD K K nin Amman thulle shaata bekaadre helu nin chulbort movie hair wig ge . Dagaar boss cutout bekaadre helu dappa  sodane hodkodtivi ondu maatu helu saaku haage shaatad haara redi maadustivi ashtu salalilla Andre helu mettin haara maadustivi dagaar fans nin Amman ganda dagaar soole maga Hale aanti iddange idaanallo avnige kodu bale,medium,Negative,v4,distress,10,0.45621028542518616,0.42955198884010315
E kithu hogi ero Nan makallu na chapalli Alli hodi beku.... Tiktok Ban Madi olle kelsa Madi edare,medium,Positive,v4,distress,4,0.4456954598426819,0.41500166058540344
Thanks ellakade link Sher madi nTukali kushmikage hattiro kobbanna elisi,medium,Negative,v4,distress,3,0.00753745436668396,0.0030885636806488037
Super bro huge video madu Anna,medium,Positive,v4,not-distress,3,0.7831327617168427,0.7753365337848663
Karavali karavali... Itte boda marre?? Film super hit aagbeku. Bere statesnavru nammatha nodbeku aste...,medium,Positive,v4,not-distress,4,0.4034598171710968,0.8292177021503448
@Troll Stupid Fans avre enu heltilla,medium,Mixed feelings,v4,distress,3,0.5612112879753113,0.3896068036556244
Obba amman hatra ninge yav maga ista antha kelidhre. Sandalwood fan,medium,Negative,v4,distress,3,0.40689510107040405,0.3825652599334717
Super hit agodralli yavude dout illa gelayare Jeeva,medium,Positive,v4,not-distress,3,0.8020323216915131,0.7958351671695709
Youtube channel nalli ASN release promos upload madi sir,medium,Positive,v4,not-distress,3,0.7900349795818329,0.3767552673816681
Super agide song maatra Haaands Up  n940 dislikes and still counting,medium,Positive,v4,not-distress,3,0.39262625575065613,0.7908695340156555
@Nandi Parthasarathi nandini anta itkondidya nen hengsa🤣🤣nEllelo hogbeda matter bage matado childe....chanagiro film na chanagila antyala adrale gotagute enta kachda nenu anta bereourna aadre belsu ilwa tepug iru..nim appa amma nu bereourna tulkonde bandirbeku adke nenu hinge,medium,Negative,v4,distress,9,0.4463285803794861,0.43242043256759644
Avane nodri sriman narayan love from belagavi,medium,Positive,v4,not-distress,3,0.7824916839599609,0.4088088870048523
Wwwwso Super rakshit boss nim name nange tumbanee ista hagee nim movinu istanee nnnnnn,medium,Positive,v4,not-distress,4,0.828311026096344,0.3752531111240387
100 times e song keldhe super,medium,Positive,v4,not-distress,3,0.7753329575061798,0.7753329575061798
Nanna prakara badukira bhahudu adare media davari aa cotiyalli ashvattama na bage yake gottaglilla,medium,Negative,v4,distress,4,0.4293016791343689,0.4023132026195526
Anna e game yavadu,medium,Mixed feelings,v4,distress,3,0.44036826491355896,0.4127322733402252
Tik tok  bevarsigalanna chaina   gadiyalli chaddiyalli bomb ettu chaina  kade  odisa beku avaga sari agutte,medium,Negative,v4,distress,4,0.42790451645851135,0.402049720287323
@s s kirik party movie ali heroine name,medium,Mixed feelings,v4,distress,3,0.46260327100753784,0.39885449409484863
Haudu Swami.Neevu helliddu satthyaa.Gadugin Bharat yemba Grantha baredanthaa Kumarvyaasare aa Narayan santharu.Igalu sahaa naavu Veearanarayan temple nodabahudu.Idu Iruvadhu Gadag city yalli.Hubballi yindaa 55 Km antharadalli Ide.,medium,Positive,v4,distress,6,0.4385961890220642,0.40473875403404236
Nijvaaglu sir.olle information kottidiri,medium,Positive,v4,not-distress,3,0.8115043640136719,0.4111560583114624
Tiktok inda nam personal information china avrge gottagtide.... idella avrge gottagtilla bvc galu... ban madidre avrge madok bere kelsa iralvalla adke itara adtidare🤦‍and yar yaru tiktok ban madbardu anta heltaro avr videos nododna  modlu stop madbeku,medium,Negative,v4,distress,9,0.4547109305858612,0.4467705190181732
@Vinay kumar eno bale pan e rangege urkondidiya ninge urdiro ranagge burnol ella agbaralla keralakko kollegalakko hogi nin thikke shaanthi madsu jotege nim balegaran karkond hogi thikke 2 chakkotha katsu next kaddi pileswan ge balance agutte enanthira bale pans now bale pans reaction hakro steppu 🤣,medium,Negative,v4,distress,10,0.45408394932746887,0.4304100573062897
E tara film ge ella kaitaididdu.... Welcooome..... Item song iro,medium,Positive,v4,not-distress,3,0.416180819272995,0.8195013403892517
China govt super fast agi land,medium,Mixed feelings,v4,not-distress,3,0.7718298435211182,0.7718298435211182
rashmika tunnanna nge max 5 years tym bt shetty ge innu 20 ys tym ide RAKSHITH SHETTY belibeku annoru movie nodi .....,medium,Negative,v4,distress,6,0.8202175498008728,0.3910679519176483
Vilan ಬಳಿ ಒಂದು coin urali barhttalla,medium,Mixed feelings,v4,distress,3,0.46696236729621887,0.4025156497955322
Tik tok beku anthideralla kelobbru nim antha thale edukaru bere yaru ella namma arthikathe nela kachhisida country ge nimma support alva nijvada shathrugalu avr alla nam ollgadey ero nivu...,medium,Negative,v4,distress,7,0.002363234758377075,0.000604093074798584
Hee sulli makalla videos beda. Tiktok ban agidhe holli kelsa,medium,Negative,v4,distress,3,0.43503180146217346,0.4104161262512207
Nam boss avru Nam boss ivru antha kachadtirornella onde kade  sersi maja kodone shree mannarayan,medium,Negative,v4,distress,4,0.4466293752193451,0.3947141766548157
Mast aitu tik tok ban maadi evella odo du bare yodu bittu bari tirpe shoki maadi nandu istu talent ankotir wa yalla dabba nan maklige Sari yaagi paata kalisi dange aitu. Study bage awrige Care idde iddilla iga nodona yestu awar talent anta. Taawe tik tok maadi tammanne brilliant anta tilkoluwara Talente,medium,Negative,v4,distress,10,0.45429354906082153,0.4388072192668915
@Dayananda C howda BJP yavaru kadime kallara mate yaddiyuvarappa  yake jailge hogi bandru . 15 minister jailge hogidyake?? nNin first corectagi artha madka first,medium,Negative,v4,distress,6,0.4450923204421997,0.4149183928966522
Anna full wand ayti song,medium,Mixed feelings,v4,not-distress,3,0.39348047971725464,0.3831081986427307
@Kumara Kantirava nSame nInnu eno bekunnKgf song listen nEsto powerfull idennElla languagenna nAttract maadidenBut idu,medium,Positive,v4,not-distress,4,0.4082110524177551,0.4207031726837158
Hands up-_if u like nHands up-_movie superhitnHands up-_record breakern Iddu hosa dakale shrutiso samaya ....,medium,Positive,v4,not-distress,4,0.835044264793396,0.39519762992858887
ASN release in nKannada-Dec 27nTelugu-Jan 1stnTamil& Malayalam-Jan 3rdnHindi-jan16thnnAstaralli Ella mobile nalli nodi Mugsirtaare aaga release Maadi Aden record Create maadtaro?n300 koti Beku anta Tweet maadidre saaladu ondu cinemana Janagalige Yav reethi Talupisodu anta gottirbeku.... Kurukshetra ide reethi Promotion ilde haalagi hoytu...Innoo idunnoo hange maadtidaare,medium,Negative,v4,distress,10,0.4479135274887085,0.44501248002052307
Inta Best Movie na Theatre nalli nodakaglilla ade bejaru,medium,Negative,v4,distress,3,0.3328130841255188,0.38247063755989075
D boss  fans full support. Successful hagli movie,medium,Positive,v4,not-distress,3,0.39435774087905884,0.40669089555740356
Hindi Yalli Distribution madore illa ouda,medium,Negative,v4,distress,3,0.44183382391929626,0.39475762844085693
Comment's nali like madidre illi unlike madi (super song ) nI will coming soon back ..⏳ n100 days super it move pakka.,medium,Positive,v4,not-distress,6,0.8196173310279846,0.8229450285434723
Super Bindu ge Takkar kottidira bro,medium,Positive,v4,not-distress,3,0.7964895069599152,0.7825152277946472
Vijapura distica sindagiya tetaranalli e song cut madiddare yaradaru vicharisabekagi vinanti,medium,Negative,v4,distress,3,0.41988644003868103,0.38976192474365234
@naveen v kudlu elladidre nindu tegedu kodu bvc ninna luccjanige handidu maasa kodu modalu baavali chalpat Singh side actor🤣🤣,medium,Negative,v4,distress,5,0.44520360231399536,0.4008825123310089
Sooper pa Rakshit.  mukali haryanga talent paa nindu,medium,Positive,v4,not-distress,3,0.8006633520126343,0.38609030842781067
Full movie upload madri.. Ofter release pls,medium,Positive,v4,not-distress,3,0.8022138178348541,0.004890710115432739
Game name henu bro,medium,Positive,v4,distress,3,0.45834195613861084,0.4070603549480438
Nan maga ge lali song wake up song ella  nu e song agide,medium,Negative,v4,not-distress,3,0.4151890277862549,0.8004924058914185
ಸೂಳೆಮಗನೇ yengo ediya ಎಲ್ಲಾ ಕಡೆ daagar ankondu promotion madtira gaandu sulemakla daagar kano avnu Darshan alla 🤦‍,medium,Negative,v4,distress,4,0.43703708052635193,0.40133947134017944
Nimma mahithi 100% sathya yavaga etharahada rajakaranigalinda deshakke mukthi sigatho aa devarigu kuda gothilla adare next generation avaru sadane madabahudu,medium,Positive,v4,not-distress,5,0.827991783618927,0.8103256523609161
Nkn en mathgalu guru nindhu ABBA tiktok li thirke shoki madorige Chapli thagond barsidhange super guru,medium,Negative,v4,distress,4,0.0007624626159667969,0.001402050256729126
@sumya kulkarni ನೀವು ಬ್ರಾಹ್ಮಣರಾಗಿ intercast marriage agoke dairya idena ? Never.,medium,Negative,v4,distress,3,0.42964282631874084,0.38449355959892273
@Ŕävîñđŕå_02_GøWđřú ಲೋ boss fan agi ಯಾಕೋ ನೆಗೆಟಿವ್ cmt hakiya loude,medium,Mixed feelings,v4,distress,3,0.8768213391304016,0.838383287191391
Sir nimmannu prathyakshavagi nodalu aaseyagutide sir nimma hattira ondu dina full kaala kaleyalu aase idhe aadre yenu maadudhu sir nimmannu bittu barudhu yochane maaduvaaga manassige bahala bahala kashsta aagutte sir  devaru nimma aasegalanella eederisaly,medium,Positive,v4,not-distress,8,0.691622406244278,0.6676678657531738
@Troll Stupid Fans hudgiru comment madodunne nodok bartiya bevarsi  madak kyaame ilvenoo lofer,medium,Negative,v4,distress,3,0.4358558654785156,0.36957406997680664
All fake bro nija vishaya maatra heli bro ummane janara manasalli sullu nambike yanna huttisa bedi plzzzz,medium,Negative,v4,not-distress,4,0.40609171986579895,0.8062941431999207
Supar anna love you pajuanna....,medium,Positive,v4,not-distress,3,0.45596063137054443,0.783827155828476
@Ambrish Mallad modalu bere hero respect kododu kali amele maathadu gaandu kudlu ella adu Ella andkondu,medium,Negative,v4,distress,4,0.4218255579471588,0.3916205167770386
@Prithvi Vishwanath guruve nav #DBoss fans kannada songs nodoku modle like madovru sumne thika yella matadbedi.,medium,Negative,v4,not-distress,4,0.28382939100265503,0.6660946011543274
E jana thav sathru kuda Tiktok na mathra uninstall madola ansuthe 🤦 kelsa ildhe showoff goskara tiktok madi china davrna belstisdre jothege tham mana maryade na halmadkotidare thu en jananappa ige roast madi bro tiktok madorgella.,medium,Negative,v4,distress,9,0.45391836762428284,0.0006993412971496582
Nim ge esta agiddare like.Comments.madi,medium,Positive,v4,not-distress,3,0.8046579360961914,0.39320650696754456
Thuu nachike annodhe elwa yella vishaya galu bare joke madkonde erthiralla ... loo change aagro ennu time edhe,medium,Negative,v4,distress,4,0.4307573735713959,0.39305993914604187
Neevu varshkke ondu cinema madru supper 1varshkke 34cinema madobadalige intha ondu cinema saku,medium,Negative,v4,not-distress,3,0.4019583761692047,0.4315938353538513
Slow poison song annoru like Maadi,medium,Mixed feelings,v4,not-distress,3,0.788739800453186,0.012933582067489624
@gowtham gowtham Kiccha nimamman oorsoole nimammam thullige bale sigskondu keythivi hushaaru sik sikkid kade thika kodtha edre hardu oorbaglu madthivi amele doctorgu holge jaga erbardu hange keythivi beware bale pans 🤣🤪,medium,Negative,v4,distress,8,0.44781801104545593,0.43004176020622253
Tande yante maga kooda swabhimaani mattu swavalambhi jeevana nadesuthiddare.hats off sir.,medium,Positive,v4,not-distress,3,0.8189015984535217,0.389608770608902
Sari guru nan Rc nodod irli ninu illi bandiro cmnts nodu ninge gotthagutthe,medium,Negative,v4,distress,3,0.4179500341415405,0.3819562792778015
Ivrna nodidre ashwath avrna nodida hange agutte......nVoice antu ade tara ide,medium,Positive,v4,not-distress,3,0.431117981672287,0.4209268093109131
Dboss abhimani aagi nange gotthilla esht sala e song nodidhini antha yarellla jasthi nodidhira like madrappa pls,medium,Positive,v4,not-distress,4,0.8171131014823914,0.38979560136795044
nijvaglu ee movie nodilla Andre nim papa aste,medium,Positive,v4,not-distress,3,0.7993552386760712,0.7786391377449036
Nija. Never support communist party,medium,Mixed feelings,v4,distress,3,0.4039686322212219,0.30833733081817627
Bandiro 3 comment adru avalge andkondre adu ugiyakke madidiralla guru,medium,Negative,v4,distress,3,0.4453614056110382,0.38460686802864075
Anna super anna nivu nivu ondu samajakke seve hagu deshavannu ulisalu ondu sangavannu katti navu nimmannu bembalisuteve,medium,Positive,v4,not-distress,4,0.4089714288711548,0.38451918959617615
Tiktok uninstall madodakku modlu ee changlu nan maklanna modlu desha dinda delete madbeku Guru,medium,Negative,v4,distress,4,0.8725869357585907,0.4016854763031006
D.boss kade inda dodda wel come madtivi,medium,Positive,v4,not-distress,3,0.7989088892936707,0.030375778675079346
Gud job  nim nirdharakke nimma kelasakke Namma gowrava namaskara. kanditha nimge olle role kodo buddi nirdeshakarige  haagu kannda industry ge barabeku...,medium,Positive,v4,not-distress,5,0.42497873306274414,0.8176592290401459
@Nandi Parthasarathi gottu Neenu cheeti tulla fan antha change madbeda,medium,Negative,v4,distress,3,0.4237840473651886,0.3956460952758789
Idappa kannada song andre KFI back on track,medium,Mixed feelings,v4,not-distress,3,0.49378225207328796,0.7774865627288818
First time kannada movie film video song full bittirodu,medium,Positive,v4,not-distress,3,0.4239429235458374,0.3826256990432739
Le Bindu naayi phone all radi togonda aaytha avarge adara laba sikatu aadare tik tok end dinaa avarage laba baratte enna mele yaava vastu Togo beda China vastu ninu Togo beda Naana antu tiragi nodalla Ni ale tuu,medium,Negative,v4,distress,10,0.4524554908275604,0.43493321537971497
Chinndikanna neenu neenu nam tharane madthadthiya. Super,medium,Positive,v4,not-distress,3,0.4999249577522278,0.7978308498859406
Bai rakshith avri nan msg nodudri yargu agllilla aa thukali dagarna madvi madkolak hogbedi,medium,Negative,v4,distress,4,0.4314430058002472,0.4021435081958771
Heliro prati ondu point super brooo adrallu yaro obba yallo eno agidakke tiktok ban madavre anta helidnalla avnige saryagi uttara kottidira super nivu,medium,Negative,v4,distress,6,0.003750711679458618,0.000926673412322998
Pakka movie channagirutte..nN suspense movie for sure,medium,Positive,v4,not-distress,3,0.45365381240844727,0.3840637803077698
2nd time yaar nodtha ideera,medium,Positive,v4,not-distress,3,0.7884107232093811,0.1078648567199707
Super Anna enu ugiri chanagi,medium,Mixed feelings,v4,not-distress,3,0.4132821559906006,0.4132821559906006
Yuddha maadabeku oodabaaradu katukara mundhe Bhagavadgeethe.. Great lines!,medium,Positive,v4,not-distress,3,0.8182589113712311,0.4574858844280243
@Nandi Parthasarathi le nayi ninu slumu navalla nana one day madu kharchu ninu ondu varakke madtiya hagnta nange yava chatnu illa,medium,Negative,v4,distress,5,0.4332544803619385,0.42425888776779175
@TROLL MONSTER_KANNADA nDagar fan modalu tilakonda matado gubal.....nYaramunde aadre ee tara heludre metteli hoditara pa......,medium,Negative,v4,distress,4,0.45861008763313293,0.399850994348526
Idella yake Kannada Films Dodda samrajjya ne katbeku Dodda Charitrene Srusti madbeku anta helu....,medium,Positive,v4,not-distress,4,0.8281441926956177,0.341709703207016
ಕೇಳಿ ಕಾದಿರುವ ಬಾಂಧವರೇnnಭುವಿಯಲ್ಲಿ ಅವನ ಅರಿತವರೆnnಯಾರಿಲ್ಲ ಬಿಡಿ,low,Negative,v4,not-distress,3,0.6610599160194397,0.25050944089889526
ಹಾಡಿನಲ್ಲಿರುವ ಪದಪುಂಜವನ್ನು ಬಳಿಸಿದ ರೀತಿಯೇ ಅತಿ ಅದ್ಭುತ....,low,Positive,v4,not-distress,3,0.4350660741329193,0.37579867243766785
ಕನ್ನಡದ ಅತ್ಯುತ್ತಮ ಚಿತ್ರ ದಿಯಾ ಅಂದರೆ ತಪ್ಪಾಗಲಾರದು..ಪುನಃ ರೀ ರಿಲಿಸ್ ಮಾಡಬೇಕು....,low,Positive,v4,not-distress,3,0.42661169171333313,0.7930803894996643
So good  song,low,Positive,v4,not-distress,3,0.7488523721694946,0.7488523721694946
Super anna super,low,Positive,v4,not-distress,3,0.7490478754043579,0.7490478754043579
ಸಾಂಗ್ ಸೂಪರ್ nಮ್ಯೂಸಿಕ್,low,Positive,v4,not-distress,3,0.7869046330451965,0.7679794132709503
ಉಸಿರ ಕೊನೆ ಕನ್ನಡ ಆಲ್ಬಂ ಸೊಂಗ್nಎಲ್ಲರೂ ನೋಡಿ ಹಾಗೂ ಚಾನೆಲ್ Subscribe ಮಾಡಿn,low,Positive,v4,not-distress,3,0.41500091552734375,0.32138508558273315
supper song,low,Positive,v4,not-distress,3,0.7292944192886353,0.7292944192886353
ಒಂದು ಇಂಗ್ಲೀಷ್ ಪದ ಬಳಸದೆ ಈ ಹಾಡು ಬರೆದಿರುವ ಕಲಾವಿದನಿಗೆ ಒಂದು ಲೈಕ್ ಕೊಡಿ... ಸ್ನೇಹಿತರೇ!!,low,Positive,v4,not-distress,3,0.0052430033683776855,0.44106629490852356
Super my favorite song,low,Positive,v4,not-distress,3,0.7567737102508545,0.7567737102508545
Songs are not needed,low,Mixed feelings,v4,distress,3,0.41492465138435364,0.41492465138435364
ನೀವ್ ಹೇಳೋದ್ರಲ್ಲಿ ಏನು ತಪ್ಪಿಲ್ಲ ಬ್ರದರ್,low,Positive,v4,not-distress,3,0.816032737493515,0.39321961998939514
Kathe heldene nilsbitri,low,Mixed feelings,v4,distress,3,0.8355554342269897,0.39766156673431396
ಆತ ಬರುತ್ತಾ ಅಲ್ಲಾ,low,Mixed feelings,v4,distress,3,0.800093412399292,0.412735253572464
Paaapa. Konegu tik tok hoythu.. nayigal boglod kadme aythu,low,Negative,v4,distress,3,0.48021945357322693,0.40027353167533875
Edu charitre srushtisuva avataara🤨,low,Mixed feelings,v4,not-distress,3,0.7904397547245026,0.7709877192974091
nice kalaa....ncontinue madu...,low,Positive,v4,not-distress,3,0.8293965458869934,0.4169315993785858
ನಮ್ಮ ದೇಶದ ರಾಜಕಾರಣಿಗಳು ಚಿಲ್ಲರೆಗಳು ನಿಜಕ್ಕು ಸತ್ಯ,low,Positive,v4,not-distress,3,0.7825718224048615,0.7818545997142792
@prithvi nayak ನಿಮ್ಮ ಅಮ್ಮ ಆಲ್ಸೋ ಫ್ಲಾಪ್,low,Negative,v4,distress,3,0.43843311071395874,0.40778666734695435
Super  channel super msg,low,Positive,v4,not-distress,3,0.7707409560680389,0.7629786133766174
Idu charitre srustisuva avataranME,low,Positive,v4,not-distress,3,0.80959552526474,0.3908446729183197
Step was awesome,low,Positive,v4,not-distress,3,0.7484214901924133,0.7484214901924133
MY BOSS ANNA  YASH BOSS ANNA  YASH BOSS ANNA,low,Mixed feelings,v4,distress,3,0.519555389881134,0.43487149477005005
SUPER  R  BOSS,low,Positive,v4,not-distress,3,0.786693811416626,0.7756173312664032
ಸರ್ ನಿಮ್ಮ ಪಾದಗಳಿಗೆ ನಮಸ್ಕಾರಗಳು,low,Positive,v4,not-distress,3,0.7815856337547302,0.3936258554458618
OIlle thana.....olleyavrige eegina kaladalli nijwaglu bele illa.....enidru anyaya,low,Mixed feelings,v4,distress,3,0.9000124633312225,0.007330179214477539
Satyana edu devare,low,Positive,v4,not-distress,3,0.7768885493278503,0.02729719877243042
ದಿಸ್ ಐಸ್ ದಿ ಬೇಸ್ ಸನ್ ಎವರ್ ಲವ್ ಉ,low,Positive,v4,not-distress,3,0.7771989405155182,0.7604736089706421
ನಮ್ಮ ದೇಶದಲ್ಲಿ ರಾಜಕೀಯ ದಲ್ಲಿ ಗೆಲ್ಲಲು ಈಗ ದುಡ್ಡು ಬೇಕಾಗಿಲ್ಲ ಪಾಕಿಸ್ತಾನ ಅಥವಾ  ಇಸ್ಲಾಂ ಮೇಲೆ  ಅವಾಜ್ ಹಾಕಿದರೆ ಅವನಿಗೆ ಪ್ರಧಾನಿ ಪಟ್ಟ ಕೊಡುತ್ತಾರೆn ನಮ್ಮ ಮೋರಿಗೆ ಮುಸಲ್ಮಾನರನ್ನು ಸಾಯಿ ಸೋದೆ ಅವರ ಅಭಿವೃದ್ಧಿ,low,Negative,v4,distress,6,0.42634153366088867,0.41286423802375793
ಟಿಕ್ ಟಾಕ್ ಅಲ್ಲಿ ಸಾಂಗ್ ಕೇಳಿರೋರ್ ಲೈಕ್ ಮಾಡಿ,low,Positive,v4,not-distress,3,0.7822127938270569,0.7824268639087677
ಇದು ಚರಿತ್ರೆ ಸೃಷ್ಟಿಸೋ ಅವತಾರ,low,Positive,v4,not-distress,3,0.7707197964191437,0.39828938245773315
ಚಂದನ್ ಶೆಟ್ಟಿ ಟ್ರೊಲ್ ವಿಡಿಯೋ ನೀವು ನೋಡಿ ನೆಗಡ್ಡೆ ಇದ್ರೆ ನಾವ್ ಗ್ಯಾರಂಟಿ,low,Positive,v4,not-distress,3,0.4135187864303589,0.3829725980758667
Adu nambike ashte,low,Negative,v4,distress,3,0.791452944278717,0.015805333852767944
Ganesh Bhat -ಬೆಡುವ ಅವಶ್ಯಕತೆ ನನ್ನಗೆ ಇಲ್ಲಪ್ಪಾ ಬೆಕಾದರೆ ನಿನೆ ಬಾ ಪ್ರಿ ಅಗಿ ಉಟ ಹಾಕತಿನಿ.,low,Negative,v4,distress,3,0.42824089527130127,0.3895944654941559
Yen quality guru,low,Mixed feelings,v4,not-distress,3,0.7630550861358643,0.7557389140129089
ಚೀನೀಯರ ವಿಚಿತ್ರ ಆಚಾರ ಹಾಗೂ ಅದರ ಧುಷ್ಪರಿನಾಮ ತಿಳಿಸಿ. ಉದಾಹರಣೆ,low,Negative,v4,not-distress,3,0.43902695178985596,0.37996333837509155
KilaGade MeleGade  ALU Gadde  Ulli Gadde....🤣🤣🤣,low,Positive,v4,distress,3,0.47719189524650574,0.3829185366630554
Super video,low,Positive,v4,not-distress,3,0.7292220592498779,0.7292220592498779
ನಿಜ ನಾ ಇಷ್ಟು ಚನ್ನಾಗಿ  ಹೇಳಿದಿರ,low,Mixed feelings,v4,not-distress,3,0.7942616641521454,0.392166405916214
ಗುರು ನಿನ್ನ ಪಾದ ಝೆರಾಕ್ಸ್ ಮಾಡಿ ಕೊಟ್ಟ ಬಿಡಪ್ಪ,low,Positive,v4,not-distress,3,0.7841597497463226,0.7981989979743958
movie is song Osam,low,Positive,v4,not-distress,3,0.7526190280914307,0.6950832903385162
ಅವನೇ ಶ್ರೀಮನ್ನಾರಾಯಣ ಅಲ್ಲnnಇವನೆ ನಮ್ಮ ಶ್ರೀಮನ್ನಾರಾಯಣ nಪವರ್ ಸ್ಟಾರ್ ಪುನೀತ್ ರಾಜಕುಮಾರ್ ಅಭಿಮಾನಿಗಳು ಸಪೋರ್ಟ್ ಮಾಡೋರು ಲೈಕ್ ಹೊಡಿರಿ nಜೈ ಪುನೀತ್ ರಾಜಕುಮಾರ್nಜೈ ಕನ್ನಡ ಚಿತ್ರ ರಂಗ,low,Positive,v4,not-distress,5,0.41954100131988525,0.39384201169013977
ಸೂಪರ್ ಅಣ್ಣ,low,Positive,v4,not-distress,3,0.7293553948402405,0.7293553948402405
oba mele hogutidane andre navanige melle hogokke sahay madobadallu avan kalu aledu kelage billisoke nodo janare nammalijas,low,Positive,v4,distress,4,0.429559588432312,0.40160155296325684
ಇದರಲು ಅಂಗ್ಲ ಇದೆ,low,Negative,v4,distress,3,0.8001118898391724,0.41191691160202026
ನಾನು ಕೇಳಿರುವಹಾಗೆ ಪುಟ್ಟಣ್ಣ ಕಣಗಾಲ್ ರವರ ರಂಗನಾಯಕಿ ಚಿತ್ರ ಕೂಡ ಮೊದಲನೇ ಬಾರಿ ತೆರೆಕಂಡಾಗ ಜನರು  ಮಿಶ್ರ ಪ್ರತಿಕ್ರೆಯೆ ನೀಡಿದ್ದರು ಏಕೆ ಎಂಬುವುದು ಯಕ್ಷ ಪ್ರಶ್ನೆ ಆದರೆ ದೇವರ ಮೇಲೆ ಭಾರಹಾಕಿ ಎರಡನೇಸಲ ಬಿಡುಗಡೆ ಮಾಡಿದಾಗ ಅದಕ್ಕೆ ಸಿಕ್ಕ ಪ್ರತಿಕ್ರಿಯೆ ಅಬೂತಪೂರ್ವಕ ನಿರ್ಮಾಪಕರಿಗೆ ತುಕ್ಕಿಡಿದ ಕಬ್ಬಿಣ ವಾಗಿದ್ದ ಸಿನಿಮಾ ಈಗ ಚಿನ್ನದ ಗಟ್ಟಿಯಾಗಿ ಹೊರಹೊಮ್ಮಿತು n ಹೀಗಾಗಿ ನಾನು ಚಿತ್ರತಂಡದಲ್ಲಿ ಮಾಡುವ ಕಳಕಳಿ ವಿನಂತಿ ಧಯಮಾಡಿ ಸಿನಿಮಾವನ್ನು (Corona effect )ಬಳಿಕ Re-Release ಮಾಡಿ nನನ್ನ ಈ ಕೋರಿಕೆಯನ್ನು ಚಿತ್ರತಂಡಕ್ಕೆ ತಿಳಿಸಿ,low,Mixed feelings,v4,distress,10,0.564262330532074,0.0
Banni hagadre matadaskond barona,low,Positive,v4,distress,3,0.48573386669158936,0.8169006407260895
ಬಹಳ ಕ್ಯೂರಿಯಾಸಿಟಿ ಇರೋ ಹಾಗಿದೆ ಚಿತ್ರವನ್ನು ನೋಡಲು ಕಾತರದಿಂದ ಕಾಯುತ್ತಿದ್ದೆನೇ,low,Positive,v4,not-distress,3,0.8129250705242157,0.002696126699447632
ಕನ್ನಡ ಚಿತ್ರರಂಗದ ಡಿಫರೆಂಟ್ ಹುಲಿ,low,Positive,v4,not-distress,3,0.7817122042179108,0.7673642039299011
ಎಸ್ ಸೂಪರ್ ಸಾಂಗ್,low,Positive,v4,not-distress,3,0.7488250136375427,0.7488250136375427
ಡಾ//ಶಂಭು ಬಳಿಗಾರರ ಮಾತು ಹುಗ್ಗಿ ಹಾಲು ಉಂಡಷ್ಟು ರುಚಿ... ನಾನು ಬಾಲ್ಯದಿಂದಲೇ ಅವರ ಈ ಹಾಸ್ಯ ಕಥೆಗಳನ್ನು ಕೇಳುತ್ತ ಬೆಳೆದವನು...,low,Positive,v4,not-distress,4,0.41949668526649475,0.4078077971935272
Best movie in 2020,low,Positive,v4,not-distress,3,0.4908541440963745,0.7542493939399719
Tika hogibeku avlige,low,Negative,v4,distress,3,0.8262038230895996,0.37713438272476196
ದಿಯಾ ಬರಿ ಚಲನಚಿತ್ರ ಮಾತ್ರವಲ್ಲ ನಮ್ಮ ಕನ್ನಡ ಚಲನಚಿತ್ರ ರಂಗದ ಇತಿಹಾಸದಲ್ಲೆ ಎಂದು ಎಂದೆಂದೂ ಮರೆಯಾಲಾಗದ ಅಪರೂಪದ ಅದ್ಭುತವಾದ ಕನ್ನಡ ಚಲನಚಿತ್ರದ ಮಹಾನ್ ಕೃತಿ ಈ ಚಲನಚಿತ್ರವನ್ನ ನೀವುಗಳೆಲ್ಲರೂ ನೋಡಲೆ ಬೇಕು ದಿಯಾ ಚಲನಚಿತ್ರದ ನಿರ್ದೇಶಕನಿಗೆ ನನ್ನದೊಂದು ಪ್ರೀತಿಯ ನಮಸ್ಕಾರಗಳು ನಮ್ಮ ಕನ್ನಡ ಚಲನಚಿತ್ರಕ್ಕೆ ನೀವೊಬ್ಬರು ಮತ್ತೊಬ್ಬ ಪುಟ್ಟಣ್ಣ ಕಣ್ಣಗಾಲ್nn ವಿಲೇಜ್ ರೋಡ್ ಫಿಲಂಸ್,low,Positive,v4,not-distress,10,0.4229317903518677,0.4155837297439575
ಸೂಪರ್ ಸೂಪರ್ ಸೂಪರ್ ಸೂಪರ್ ಸೂಪರ್ ಸೂಪರ್ ಸೂಪರ್ ಗುರು,low,Positive,v4,not-distress,3,0.8016640543937683,0.7981700003147125
Climax Swalpa Change madbekittu...,low,Negative,v4,not-distress,3,0.8183594644069672,0.40426644682884216
I love you RAKSHIT...,low,Positive,v4,not-distress,3,0.8093730211257935,0.4140782058238983
@Nandi Parthasarathi ಎಷ್ಟು ರೇಟು ಒಂದು ರಾತ್ರಿ ಬ ಸಾಕು,low,Negative,v4,distress,3,0.8473047912120819,0.3905019462108612
ಸೂಪರ್ ಏತ ಆಗಿನ ಕಾಲದಲ್ಲಿ ಸೂಪರ್ ಸ್ಟಾರ್ ತೋಗರಿ ತೀಪ,low,Positive,v4,not-distress,3,0.8029398024082184,0.3814147710800171
Hidden detail in  trailer of Avane Srimanarayana....n,low,Mixed feelings,v4,not-distress,3,0.822041392326355,0.41356295347213745
Eddane annodu nanna nambike.aadre ashvataamanige kannadada bartita anodu davtu,low,Positive,v4,not-distress,3,0.8181197643280029,0.42060139775276184
ಅವನೇ ಶ್ರೀಮನ್ ನಾರಾಯಣ ಶೆಟ್ರು,low,Positive,v4,not-distress,3,0.7901062071323395,0.015377342700958252
ರಕ್ಷಿತ್ ಶೆಟ್ಟಿಯವರು ವಷ೯ಕೊಂದು nಮೂವಿ ಮಾಡಿ ಅನ್ನೋರು ಲೈಕ್nಮಾಡಿ,low,Positive,v4,not-distress,3,0.4192039966583252,0.3854449689388275
ಸರ್ ನಿಮ್ಮ ಪ್ರತಿಯೊಂದು ಮಾತು ನೂರಕ್ಕೆ ನೂರು ಸತ್ಯ nನಿಮ್ಮ ನೋಡಿ ಹೆಮ್ಮೆ ಆಗುತ್ತೆ ಸರ್,low,Positive,v4,not-distress,3,0.4000365734100342,0.0017794668674468994
Mass video music link send,low,Mixed feelings,v4,distress,3,0.7804010808467865,0.780686765909195
ಇದು ಚರಿತ್ರೆ ಸೃಸ್ಟಿಸೋ ಅವತಾರ,low,Positive,v4,not-distress,3,0.7983081638813019,0.40720707178115845
@Nandi Parthasarathi ಯಾಕೆ ಹುಡುಕೊಂಡು ಬಂದ್ರೆ ತುಲ್ಲು ಕೊಡ್ತೀಯಾ ಬೇವರ್ಸಿ,low,Negative,v4,distress,3,0.4449656307697296,0.34659311175346375
ರಕ್ಷಿತ್  ನಿಮ್ಮ  ಕೈಯಲ್ಲಿ  ಕನ್ನಡ   nಸುರಕ್ಷಿತ,low,Positive,v4,not-distress,3,0.782039999961853,0.7892158329486847
Super movie sir,low,Positive,v4,not-distress,3,0.7489784955978394,0.7489784955978394
ನಿಜವಾದ ಪ್ಯಾನ್ ಇಂಡಿಯನ್ ಚಲನಚಿತ್ರ ಈ ದಿಯಾ. ಅತ್ಯದ್ಭುತ ಚಿತ್ರ  ಗುರು,low,Positive,v4,not-distress,3,0.41060665249824524,0.3862532377243042
ಚಂದನ್ ಶೆಟ್ಟಿ ಟ್ರೊಲ್ ವಿಡಿಯೋ ನೀವು ನೋಡಿ ನೆಗಡ್ಡೆ ಇದ್ರೆ ನಾವ್ ಗ್ಯಾರಂಟಿ,low,Positive,v4,not-distress,3,0.41792187094688416,0.3829725980758667
ಅತ್ಯುತ್ತಮ ಪ್ರಯತ್ನ ಶುಭವಾಗಲಿ,low,Positive,v4,not-distress,3,0.7644757032394409,0.407368540763855
Gichhh movie,low,Negative,v4,distress,3,0.774878740310669,0.4135726988315582
ನಿಜವಾಗಿಯೂ ಅಣ್ಣ HANDS OFF TO YOU.. ಧನ್ಯವಾದಗಳು...,low,Positive,v4,not-distress,3,0.8252856135368347,0.3777620494365692
Swalpa jasti bildup ayitu annisutte.,low,Negative,v4,distress,3,0.0334700345993042,0.8124349415302277
Superb song,low,Positive,v4,not-distress,3,0.7490368485450745,0.7490368485450745
ನಾನು ಕೂಡಾ.. ಫಿದಾ ಆದೆ..,low,Positive,v4,not-distress,3,0.8037991523742676,0.40694698691368103
ಚಂದನ್ ಶೆಟ್ಟಿ ಟ್ರೊಲ್ ವಿಡಿಯೋ ನೀವು ನೋಡಿ ನೆಗಡ್ಡೆ ಇದ್ರೆ ನಾವ್ ಗ್ಯಾರಂಟಿ,low,Positive,v4,not-distress,3,0.40901604294776917,0.3829725980758667
ಭಾರತದ ಗಡಿಗೆ ಅವನನ್ನೇ ಕಳುಹಿಸಿ ನಿಲ್ಲಿಸಲಿ ಇದ್ದವನು,low,Positive,v4,not-distress,3,0.6900095045566559,0.7802327871322632
ನಮ್ಮ ದೇಶದಲ್ಲಿ ರಾಜಕೀಯ ಮಾಡಿ ಸಾಯಿತಾರೆ ಸೊ ರಾಜಕೀಯ ಇಲ್ಲ ಅಂದ್ರೆ ದೇಶ ಬೇಗ ಉದ್ದಾರ ಆಗುತ್ತೆ ಇಲ್ಲ ಅಂದ್ರೆ ಅಷ್ಟೇ....,low,Negative,v4,distress,4,0.6004098951816559,0.8705917596817017
ವಾವ್ ಅದ್ಭುತ ವಳ್ಳೆದಾಗಲಿ,low,Positive,v4,not-distress,3,0.7949883937835693,0.7719709277153015
ಆಲ್ ದ ಬೆಸ್ಟ್ ಕಿಚ್ಚ ಸುದೀಪ್ ಫ್ಯಾನ್ಸ್,low,Positive,v4,not-distress,3,0.41494664549827576,0.39611610770225525
Love you boss,low,Positive,v4,not-distress,3,0.7487391829490662,0.7487391829490662
ಇದು ಚರಿತ್ರೆ ಸೃಷ್ಟಿಸೋ ಅವತಾರ,low,Positive,v4,not-distress,3,0.7707197964191437,0.39828938245773315
ಜಾನಪದ ಹಾಸ್ಯ ತೊಗರಿ ತಿಪ್ಪ ನಾಟಕ ಸೂಪರ್,low,Positive,v4,not-distress,3,0.5019890367984772,0.41388460993766785
ಕಣ್ಣೀರು ಹಾಕಿರುವ ಕಾರಣ ತಂದೆಯ ನೆನೆಪು ಅವರು ಕಷ್ಟ ಕಾಲದಲ್ಲಿ ಮಗನ ಬೆಂಗಾವಲಾಗಿ ನಿಂತಿದ್ದಕ್ಕೆ.ಇದನ್ನು ಕೆಲವರು ಅಪಾರ್ಥ ಕಲ್ಪಿಸಿಕೊಂಡಿದ್ದಾರೆ.,low,Negative,v4,distress,4,0.8831630051136017,0.3916724622249603
ಚಂದನ್ ಶೆಟ್ಟಿ ಟ್ರೊಲ್ ವಿಡಿಯೋ ನೀವು ನೋಡಿ ನೆಗಡ್ಡೆ ಇದ್ರೆ ನಾವ್ ಗ್ಯಾರಂಟಿ,low,Positive,v4,not-distress,3,0.40896159410476685,0.3829725980758667
ಕನ್ನಡ ಚಿತ್ರರಂಗದ ಜೂನಿಯರ್ ಶಂಕರ್ ನಾಗ್ ರಕ್ಷಿತ್ ಶೆಟ್ಟಿ ಅವರ ಕನ್ನಡ ಚಿತ್ರರಂಗವನ್ನು  ಉನ್ನತ ಮಟ್ಟಕ್ಕೆ ವಯುತಾರೇ,low,Positive,v4,not-distress,3,0.3931400179862976,0.3857681453227997
ಚೇಳ್ ತಿನ್ನೋ ಚಪ್ಪರ್ ನನ್ಮಕ್ಳು🤣,low,Negative,v4,distress,3,0.46770814061164856,0.019752711057662964
Last scene nice guru,low,Positive,v4,not-distress,3,0.7564950883388519,0.7564950883388519
super song ma,low,Positive,v4,not-distress,3,0.7490256428718567,0.7490256428718567
@Nandi Parthasarathi ನಿಮ್ಮ ಅಕ್ಕುನ್ ತುಲ್ಲು,low,Negative,v4,distress,3,0.4734530448913574,0.4093414545059204
ಅಚ್ಚ ಕನ್ನಡದ ಹಾಡು ಕೇಳಿ ಅದ್ಭುತ,low,Positive,v4,not-distress,3,0.41127556562423706,0.7818207144737244
ಚಂದನ್ ಶೆಟ್ಟಿ ಟ್ರೊಲ್ ವಿಡಿಯೋ ನೀವು ನೋಡಿ ನೆಗಡ್ಡೆ ಇದ್ರೆ ನಾವ್ ಗ್ಯಾರಂಟಿ,low,Positive,v4,not-distress,3,0.41792187094688416,0.3829725980758667
@Nandi Parthasarathi Yello erodu ninu lowde,low,Negative,v4,distress,3,0.8564476072788239,0.3871401846408844
Macha neen badukbeka ???,low,Negative,v4,distress,3,0.4837362468242645,0.4074040651321411
@prithvi nayak ನಿಮ್ಮ ಅಕ್ಕುನ್ ಮಿಂಡ ನಾನೆ,low,Negative,v4,distress,3,0.8331979513168335,0.403774231672287
ಚಂದನ್ ಶೆಟ್ಟಿ ಟ್ರೊಲ್ ವಿಡಿಯೋ ನೀವು ನೋಡಿ ನೆಗಡ್ಡೆ ಇದ್ರೆ ನಾವ್ ಗ್ಯಾರಂಟಿ,low,Positive,v4,not-distress,3,0.4136219918727875,0.3829725980758667
ಚಂದನ್ ಶೆಟ್ಟಿ ಟ್ರೊಲ್ ವಿಡಿಯೋ ನೀವು ನೋಡಿ ನೆಗಡ್ಡೆ ಇದ್ರೆ ನಾವ್ ಗ್ಯಾರಂಟಿ,low,Positive,v4,not-distress,3,0.4136219918727875,0.3829725980758667
ಇನ್ನೊಂದು ಚರಿತ್ರೆ ಸೃಷ್ಟಿ ಸೋ ಸರ್ದಾರ,low,Positive,v4,not-distress,3,0.7719337046146393,0.7719337046146393
ಇದು ಚರಿತ್ರೆ ಶ್ರುಷ್ಟಿಸೋ ಅವತಾರ,low,Positive,v4,not-distress,3,0.7983318865299225,0.38666361570358276
ಸಾಂಗ್ ಪ್ರಮೋಷನ್ ಇಲ್ದೆನೆ #1 ಟ್ರೆಂಡಿಂಗ್ ನಲ್ಲಿದೆ ಇದು ಹೇಗ್ ಸಾಧ್ಯ... ?,low,Positive,v4,not-distress,3,0.8243086636066437,0.41833260655403137
ನಾವೇನಾದರು ಸ್ವಾಬಿಮಾನಿಯಾಗಿ ಬದುಕನ್ನು ಕಟ್ಟಿಕೊಳ್ಳಲು ನಿಮ್ಮನ್ನು ನೋಡಿ ಕಲಿಯಬೇಕು ಸಾರ್ ನಮಗೆ ನಿಮ್ಮಂತವರು ಸ್ಪುರ್ತಿ,low,Positive,v4,not-distress,3,0.415044367313385,0.3893294930458069
@Nandi Parthasarathi ನಂದಿನಿ ಅವ್ರೆ ನಿಮ್ಮ ತುಲ್ಲುಗೆ ಗಬ್ಬು ವಾಸ್ನಿ,low,Negative,v4,distress,3,0.44914278388023376,0.392586350440979
ಸ್ವಲ್ಪ ದಿನದ ಹಿಂದೆ ಈ ಮೂವಿ ನೋಡ್ದೆ ನಿಜವಾಗಲೂ ಅದ್ಬುತವಾದ ಮೂವಿ... ಥೀಯೇಟರ್ನಲ್ಲಿ  ನೋಡ್ಲಿಲ್ವಾಲ ಅಂತ ತುಂಬಾ  ಫೀಲ್ ಆಯ್ತು..,low,Positive,v4,not-distress,4,0.8386803865432739,0.0061540305614471436
ನಿಮ್ಮಯಲ್ಲ ವಿಡಿಯೋ ನೋಡೋಕೆ ತುಂಬಾ ಖುಷಿ ಆಗುತ್ತೆ. ಇನ್ನು ಈ ರೀತಿ ವಿಡಿಯೋ ಗಳನು ಮಾಡಿ nThank u,low,Positive,v4,not-distress,4,0.8228690922260284,0.8014890253543854
Super song..nnn Loved it,low,Positive,v4,not-distress,3,0.8045484125614166,0.39889878034591675
ಕೆಲವರು ಡಿಬಾಸ್ ಬಾಸ್ ಅಂತಾರೆnಕೆಲವರು ಯಶ್ ಬಾಸ್ ಅಂತಾರೆnಕೆಲವರು ಕಿಚ್ಚ ಬಾಸ್ ಅಂತಾರೆnಕೆಲವರು ಪುನೀತ್ ಬಾಸ್ ಅಂತಾರೆnಇನ್ನೂ ಕೆಲವರು ಶಿವಣ್ಣ ಬಾಸ್ ಅಂತಾರೆnಆದರೆ ಅವರೆಲ್ಲರೂ ಅವನಿಗಾಗಿ ಕಾಯ್ತಾಇದಾರೆnಯಾರ್ ಅವನು  nಅವನೇ ಶ್ರೀಮನ್ನಾರಾಯಣ,low,Negative,v4,distress,6,0.13639789819717407,0.8506384789943695
ತುಂಬಾ ನಗು ಬಂತು ಗುರು,low,Positive,v4,not-distress,3,0.770654171705246,0.02423033118247986
Super hands up,low,Positive,v4,not-distress,3,0.7487668991088867,0.7487668991088867
Super  song,low,Positive,v4,not-distress,3,0.7292645573616028,0.7292645573616028
ಇಂತಹ ಒಳ್ಳೆಯ ಕನ್ನಡ ಸಿನಿಮಾಗಳನ್ನ ಬೆಳೆಸೋಣ,low,Positive,v4,not-distress,3,0.44013527035713196,0.3850085735321045
ಇಂಡಿಯಾದಲ್ಲಿ ಚೈನಾಗೆ ಹುಟ್ಟಿರೋ ಚಕ್ಕಗಳ ತಿಕದಲ್ಲಿ ಇನ್ನು ಸ್ವಲ್ಪ ಕಾರಪುಡಿ  ಆಕ್ಬೇಕಿತ್ತು ಅನ್ಸುತ್ತೆ ಬ್ರಾ,low,Negative,v4,distress,3,0.008055239915847778,0.8391170799732208
Ur super guru,low,Positive,v4,not-distress,3,0.7643133401870728,0.7641018629074097
ನಿಜnnn ಇದು ಚರಿತ್ರೆ ಸೃಷ್ಟಿಸೊ ಅವತಾರnnnಕೆಜಿಎಫ್ ದಾಖಲೆ ಮುರಿದುಹೋಗುತ್ತದೆnnಕೆಜಿಎಫ್ ಚಾಪ್ಟರ್ 2nಬಂದು ಇದರ ದಾಖಲೆ ಮುರಿಯಬೇಕು ಅಷ್ಟೇ ಅದು ಸಹ ಅನುಮಾನnnಯಾಕೆಂದರೆnಮುಂದೆ ಪುಣ್ಯಕೋಟಿ ಬರ್ತಾ ಇದೆ,low,Negative,v4,distress,5,0.8943214416503906,0.8766419887542725
ಏನ್ ಸಾಂಗ್ ಗುರು ಮಸ್ತ್...,low,Positive,v4,not-distress,3,0.804335355758667,0.41910845041275024
Mastu mastu... Idu Idu bekagirodu...,low,Positive,v4,not-distress,3,0.8326283395290375,0.8151222467422485
ಕೇಳಿ ಕಾದಿರುವ ಭಾಂದವರೇnಭುವಿಯಲ್ಲಿ ಅವನ ಅರಿತವರೆnಯಾರಿಲ್ಲ ಬಿಡಿ ಮುನ್ನುಡಿnಇದ್ದರದೊಂದು ದಂತ ಕಥೆ...nನಾಕು ದಿಕ್ಕಿನಲು ಬೇಕವನುnಬಂದೂಕು ಹಿಡಿದ ಮಾನವನುnತಲೆ ಮೇಲಿದೆ ಕಿರೀಟ...nತೀರ ಹಠ...nಗುರಿ ಬೆನ್ನಟ್ಟೋ ನೇತಾರನು!nಗಾಳಿ ಮಾತಿನ ಬಜಾರುnಸುದ್ದಿ ಸಾರಿದೆ ಸುಮಾರುnಪಾತ್ರದ ಪರಿಚಯ ಇರೋರುnಆ ಬಂದೂಕಿಗೆ ಇದೆ ಘನ ಹೆಸರುnಹ್ಯಾಂಡ್ಸ್ ಅಪ್...nಅದು ಅನವರತ!nಹ್ಯಾಂಡ್ಸ್ ಅಪ್...nನಾ ಅಜ್ಞಾತ!nಹ್ಯಾಂಡ್ಸ್ ಅಪ್...nಇದೆ ವೇದಾಂತ..!nಇದು ಚರಿತ್ರೆ ಸೃಷ್ಟಿಸೋ ಅವತಾರ...nnರಂಗೇರಿದೆ ಮಾಯಾ ಜಾಲnಅನುಭವಿಸು ಓ ಪ್ರೇಕ್ಷಕನೇ!nದೃಷ್ಟಿ ನನ್ನೊಬ್ಬನ ಮೇಲಿಡಿnತಪ್ಪದು ನಿಜ ಮನರಂಜನೆ!nನನ್ನ ಗೆಲ್ಬೋದು ಅನ್ನುತnನಿಂದನು ಓರ್ವ ರಾಕ್ಷಸ!nತಪ್ಪಲ್ಲ ಆದರು ಅದುವೇnಊಹೆಗೂ ಮೀರಿದ ಸಾಹಸ!nಅನಿಸುತ್ತೆ...nಬಂದ ಹಾಗಿದೆ ರಚಿಸಲು ಹೊಸದೇ ಶಾಸನ!nಮೆರಯಲಿ ಗಗನದಲಿ ನಿಮ್ಮದೇ ಲಾಂಛನ...nಯುಧ್ಧ ಮಾಡಬೇಕು,low,Positive,v4,not-distress,10,0.4262423813343048,0.42571887373924255
ನಾವೆಲ್ಲಾ ಕನ್ನಡಿಗರು nPlease nಇಲ್ಲಿ nಗಟ್ಟ ದ ಮೇಲಿನವರು nಗಟ್ಟದ ಕೆಳಗಿನವರು nಕರಾವಳಿಯವರು nಉತ್ತರಕನ್ನಡದವರು nಉತ್ತರಕರ್ನಾಟಕದವರು nಹಳೇಮೈಸೂರಿನವರು nಮಂಡ್ಯದವರುnಬೆಂಗಳೂರಿಗರು nಮೈಸೂರಿನ ವರು nಕೊಡಗಿನವರು nಕುಂದಾಪುರದಕಡೆ ಜನ nಹೀಗೆ nಯಾಕೆ ಇಬ್ಬಾಗ ಮಾಡಿ ನೋಡ್ತೀವಿ nಬೇಡ ಈ ರೀತಿ ನೋಡದೇ nನಾವೆಲ್ಲಾ ಕರುನಾಡುnಕರ್ನಾಟಕದ ಮಕ್ಕಳು ಅಂತ ಯಾಕೆ ನೋಡಬಾರದು nPlease nನಾವೆಲ್ಲಾ ಈ ಮಣ್ಣಿನ ಮಕ್ಕಳು nಅವರೆಲ್ಲಾ ಈ ಮಣ್ಣಿನ ಹಿರಮೆಯನ್ನ ಮೇಲ್ಮಟ್ಟ ಕ್ಕೆ ಕೊಂಡೊಯ್ಯ್ದವರು .nಹಾಗೆ ನಾವ್ ನೀವ್ ಎಲ್ಲಾ ಒಟ್ಟು ಕೂಡಿ ಕರ್ನಾಟಕದ ಗರಿಮೆಯನ್ನ ಇನ್ನ ಎತ್ತರಕ್ಕೆ ಕೊಂಡೋಯ್ಯಣ nನಾವ್ ಕನ್ನಡಿಗರು nನಾವ್ ಭಾರತೀಯ ರು nnನಮಸ್ಕಾರ,low,Positive,v4,not-distress,10,0.4231584668159485,0.44227465987205505
ಎಲ್ಲಾ ಭಾಷೆ ಅಲ್ಲು ಹಾಡು ತುಂಬಾ ಚೆನ್ನಾಗಿದೆ ಅಂತ ಹೇಳುವವರು ಇಲ್ಲಿ,low,Positive,v4,not-distress,3,0.7917539477348328,0.7839111983776093
Hands Upn Tamil Nadu,low,Positive,v4,not-distress,3,0.7699123919010162,0.7762787342071533
Tik tok badebagan   tiktok henda  maklu  uta hodala,low,Negative,v4,distress,3,0.4381769299507141,0.39816421270370483
Super song Anna,low,Positive,v4,not-distress,3,0.7490419149398804,0.7490419149398804
ನನಗೇನೋ ರಕ್ಷಿತ್ ಶೆಟ್ಟಿ ಶಂಕರ್ನಾಗ್ ಸರ್ ತರಾನೇ ಕಾಣಿಸುತ್ತಾರೆ 🤩,low,Positive,v4,not-distress,3,0.39963796734809875,0.06431108713150024
ಸಕ್ಕತಾಗಿ ಹೇಳಿದ್ಯಾ ಗುರು,low,Positive,v4,not-distress,3,0.7868784070014954,0.7679035365581512
Naan sigappu manithan Vishal,low,Positive,v4,not-distress,3,0.7983051240444183,0.4195740222930908
ರಕ್ಷಿತ್ ಶೆಟ್ಟಿ ರವರ ಚಿತ್ರ ಮತ್ತು ಅಜನೀಶ ರವರ ಸಂಗೀತದ ಈ ಹಾಡು ಕೇಳತಾ ಇದ್ರೆ... ಹಂಸಲೇಖ ಹಾಗೂ ರವಿಚಂದ್ರನ್ ರವರ ಹಾಡುಗಳೇ ನೆನಪಾಗುತ್ತೆ... ಚಿತ್ರತಂಡಕ್ಕೆ ಶುಭವಾಗಲಿ...nನಾಗಾರ್ಜುನ ಶರ್ಮಾರವರ ಸಾಹಿತ್ಯ,low,Positive,v4,not-distress,6,0.4283723533153534,0.4034765660762787
Rakshith...Nan yakda dboss dabba Nan Maga,low,Negative,v4,distress,3,0.43844345211982727,0.829171746969223
ಗುರು .. ಉಪೇಂದ್ರ ಅವರ Dialog....  Super,low,Positive,v4,not-distress,3,0.7934717833995819,0.398866206407547
ಸೂಪರ್ ಬ್ರದರ್ ಚನಾಗಿ ಹೇಳಿದಿರ ನಂಗಂತೂ ತುಂಬಾ ಇಷ್ಟ ಆಯಿತು,low,Positive,v4,not-distress,3,0.41032150387763977,0.3785962760448456
ರೀ ನಿಮ್ಮ ತಂದೆಯನ್ನು ನೆನೆದು ನೀವು ಮೊಸಳೆ ಕಣ್ಣೀರು ಹಾಕುತ್ತೀರಾ,low,Negative,v4,distress,3,0.8742063939571381,0.39109909534454346
ನಿಮ್ಮ ಮಾತು ಕೇಳಿದ್ರೆ. ನಾವು ಭಾರತೀಯರು ಬಹಳಾ ಮುಗ್ದ ಜನ ಅನ್ನೋ ಯೋಚನೆ ಬರುತ್ತೆ.what seylusin,low,Positive,v4,not-distress,3,0.3933197557926178,0.4709358513355255
Spr ಜೈ ಡಿ ಬಾಸ್,low,Positive,v4,not-distress,3,0.7809446752071381,0.39549720287323
ಅವನೇ ಶ್ರೀಮನ್ ನಾರಾಯಣ,low,Mixed feelings,v4,not-distress,3,0.7638681530952454,0.7378596365451813
Idhu charitre srushtisuva avataara......,low,Positive,v4,not-distress,3,0.826123058795929,0.39353734254837036
ಇಲ್ಲಿ ನಡೆದಿರೋ ಚರ್ಚೆ ನೋಡಿದ್ರೇ ಗೊತ್ತಾಗುತ್ತೆ ನಮ್ ದೇಶ ಯಾಕ್ ಹಿಂಗಿದೆ,low,Negative,v4,distress,3,0.8625455796718597,0.41064926981925964
tumba olle kathe,low,Positive,v4,not-distress,3,0.78668612241745,0.7636665105819702
ತುಂಬಾ ಚೆನ್ನಾಗಿದೆ ಸಾರ್,low,Positive,v4,not-distress,3,0.7769100069999695,0.7629233598709106
ಚಂದನ್ ಶೆಟ್ಟಿ ಟ್ರೊಲ್ ವಿಡಿಯೋ ನೀವು ನೋಡಿ ನೆಗಡ್ಡೆ ಇದ್ರೆ ನಾವ್ ಗ್ಯಾರಂಟಿ,low,Positive,v4,not-distress,3,0.4136219918727875,0.3829725980758667
@Nandi Parthasarathi ಉಮ್ಮ್ ನಿನ್ ತುಲ್ಲುಗೆ ನನ್ ರಸ,low,Negative,v4,distress,3,0.45070937275886536,0.38522258400917053
Super sir,low,Positive,v4,not-distress,3,0.7291892170906067,0.7291892170906067
ಅವನು ಚಿರಂಜೀವಿ ಅದಕ್ಕೊಸ್ಕರ ಸಾಯದೆ  ದೇಶವನ್ನು ಸುತ್ತಾಡುತ್ತಾ ಇರ್ತಾರೆ,low,Positive,v4,not-distress,3,0.8167994618415833,0.4138824939727783
Keli kadiruva bandhavarenBhuviyalli avana aritavarenYarilla bidi,low,Positive,v4,not-distress,3,0.8323125839233398,0.03347432613372803
ಈ ಫಿಲ್ಮ್ ಯಾವ ಲೆವೆಲ್ಲಿಗೆ Super Hit ಆಗಬೇಕು ಅಂದ್ರೆ ರಶ್ಮಿಕಾ ಮಂದಣ್ಣ ಮುಟ್ಟಿ ನೋಡಿಕೊಳ್ಳುವ ಹಾಗೆ,low,Negative,v4,not-distress,3,0.7937856018543243,0.8015698194503784
ಚನ್ನಾಗಿದೇ ಇದು ತೋಗರಿ ತಿಪ್ಪನ ಕತೆ,low,Positive,v4,not-distress,3,0.4956458806991577,0.3928610384464264
ಪಕ್ಕಾ ಇದು ಚರಿತ್ರೆ ಸೃಷ್ಠಿ ಸೋ ಅವತಾರ,low,Positive,v4,not-distress,3,0.43461114168167114,0.3895401358604431
Ur Insta I'd name bro,low,Positive,v4,not-distress,3,0.7989284992218018,0.4058303236961365
ತೋ ಗರಿ  ತಿಪ್ಪಾ ಸೂಪರ,low,Positive,v4,not-distress,3,0.8068028688430786,0.38517075777053833
ಸೂಪರ್ ತೂಗರಿ ತಿಪ್ಪ,low,Positive,v4,not-distress,3,0.7869006395339966,0.7868962585926056
TREND SETTING SONG,low,Positive,v4,not-distress,3,0.8016518354415894,0.3927476108074188
ಚಂದನ್ ಶೆಟ್ಟಿ ಟ್ರೊಲ್ ವಿಡಿಯೋ ನೀವು ನೋಡಿ ನೆಗಡ್ಡೆ ಇದ್ರೆ ನಾವ್ ಗ್ಯಾರಂಟಿ,low,Positive,v4,not-distress,3,0.41792187094688416,0.3829725980758667
Yappa bhaya agutte,low,Mixed feelings,v4,distress,3,0.8143944144248962,0.4198581576347351
ಗುರು ಉತ್ತರ ಕರ್ನಾಟಕ ಭಾಷೆ ದಾಗ ಗುಮ್ಮಿದಿ ಬ್ರೋ ಸೂಪರ್,low,Positive,v4,not-distress,3,0.7996613681316376,0.7995884418487549
7 ವರ್ಷ ಕಷ್ಟಪಟ್ಟು ಮಾಡಿರೋ ಸಿನಿಮಾವನ್ನು ಸರಿಯಾದ ಸಮಯಕ್ಕೆ ಬಿಡುಗಡೆ ಮಾಡ್ಬೇಕಿತ್ತು ಸರ್... ಕೊರೋನಾ ವೈರಸ್ ಬಗ್ಗೆ ತಿಂಗಳ ಹಿಂದೆ ಮಾಹಿತಿ ಇತ್ತು.. ನನ್ನ ಪ್ರಕಾರ ಸಿನಿಮಾ ಸೋತಿದ್ದೇ ಆಗಿದ್ರೆ ಅದು ನಿಮ್ಮದೇ ತಪ್ಪಿಂದ... ಆದ್ರೆ ಇಂತ ಅದ್ಬುತ ಸಿನಿಮಾವನ್ನು ಇನ್ನೊಮ್ಮೆ ರಿ ರಿಲೀಸ್ ಮಾಡಿ ಸರ್....,low,Negative,v4,distress,8,0.9035651683807373,0.8917259275913239
Krishana  shapa tatteleebeku,low,Negative,v4,distress,3,0.841515302658081,0.38852807879447937
Sachien  karnatakada cinemadalli adbuta nata ivara tande nanu bala ista pado vekti abarigondu nanna abhinandane,low,Positive,v4,not-distress,4,0.4068659245967865,0.40303516387939453
Supper i love my kannada ...,low,Positive,v4,not-distress,3,0.797015905380249,0.3870079219341278
ಅಬ್ಬಾ ಎಂತಹ bgm,low,Positive,v4,distress,3,0.6998161673545837,0.3012455403804779
ಚಂದನ್ ಶೆಟ್ಟಿ ಟ್ರೊಲ್ ವಿಡಿಯೋ ನೀವು ನೋಡಿ ನೆಗಡ್ಡೆ ಇದ್ರೆ ನಾವ್ ಗ್ಯಾರಂಟಿ,low,Positive,v4,not-distress,3,0.4136219918727875,0.3829725980758667
ನಾನು ಈ ಸಿನಿಮಾ ನೋಡಿದೆ.nನೀವೂ ನೋಡಿ.nಇಲ್ಲದಿದ್ದರೆ ಕನ್ನಡದ ಒಂದು ಒಳ್ಳೆಯ ಚಿತ್ರವನ್ನು ಮಿಸ್ ಮಾಡಿಕೊಂಡಂತೆ.nಇದೇ ಚಿತ್ರ ಬೇರೆ ಭಾಷೆಯಲ್ಲಿ ಬಂದಿದ್ದರೆ ಅದರ ಕಥೇನೆ ಬೇರೆ ಇರ್ತಿತ್ತು.,low,Positive,v4,not-distress,5,0.5155119001865387,0.8185095191001892
ನನ್ನ ಪ್ರಕಾರ ಸಿನೆಮಾದ ಹೆಸರಿನ ಬಗ್ಗೆ ಇನ್ನಷ್ಟು ಗಮನ ಹರಿಸಬೇಕಿತ್ತು ಅನ್ನಿಸುತ್ತಿದೆ,low,Negative,v4,not-distress,3,0.7911215722560883,0.4100632965564728
Tugari tippa super...,low,Positive,v4,not-distress,3,0.8016243577003479,0.7752939760684967
ತುಂಬಾ ಅನುಕೂಲ ವಾದ ನಟರಿದ್ದಾರೆ ನಮ್ಮ ಇಂಡಸ್ಟ್ರಿ nallinಸುದೀಪ್sir. ಪುನೀತ್ sir. ಶಿವಣ್ಣ. ಧರ್ಶನ್ ಸರ್ nಇಂತಹ ಹಿರಿಯ ಕಲಾವಿದರಿಗೆ ಬಿಸಿನೆಸ್ ಗೆ nಹೆಲ್ಪ್ ಮಾಡಿದ್ರೆ ಚೆನಾಗಿರೋಧು ಇನ್ಕ್ಲೂಡಿಂಗ್  syedh ಇಂದ್ರಜಿತ್ ಅವರಿಗೂ kooda ಸಹಾಯ ಮಾಡಬಹುಧಾಲ್ಲವೇ,low,Positive,v4,not-distress,7,0.41992291808128357,0.40824824571609497
Nimman kelu adna,low,Negative,v4,distress,3,0.8142741322517395,0.4130725562572479
Good song good making,low,Positive,v4,not-distress,3,0.7565348446369171,0.7565348446369171
Idu charitre srastiso avatara,low,Positive,v4,not-distress,3,0.8041653037071228,0.7853659093379974
ಜೈ ಆಂಜನೇಯ,low,Positive,v4,distress,3,0.6806861758232117,0.6806861758232117
amazing music,low,Positive,v4,not-distress,3,0.7288849949836731,0.7288849949836731
song's1 idena 🤔,low,Mixed feelings,v4,not-distress,3,0.6486659049987793,0.6934129297733307
ದಿಯಾ ತುಂಬಾ ಚೆನ್ನಾಗಿ ಇದೆ ಎಲ್ಲರೂ ನೊಡಿ ಆದರೆ ಚಿತ್ರಕ್ಕೆ ಸರಿಯಾದ climax ಬೆಕಾಗಿತ್ತು,low,Positive,v4,not-distress,3,0.8084204494953156,0.7894802689552307
@Kirankumarkk Gowda muchole sakku dengbeka bagsi,low,Negative,v4,distress,3,0.46440500020980835,0.3952358067035675
ಸೂಪರ್ ಬ್ರೋ,low,Positive,v4,not-distress,3,0.7644462585449219,0.7567296624183655
Rocking Kannada Movie,low,Positive,v4,not-distress,3,0.7642545700073242,0.7676137983798981
ಅತ್ಯುತ್ತಮ ಸಹೋದರ ಹೀಗೆ ಇಂತಹ ದಂಡ ಪಿಂಡಗಳಿಗೆ ಇದೆ ರೀತಿ ಬುದ್ಧಿ ಕಳಿಸು ಯೋಧರ ಜೀವಕ್ಕೆ ಇಂತಹವರಿಂದ ಬೆಲೆ ಇಲ್ಲ ಟಿಕ್ ಟಾಕ್ ಬೇಕಂತ,low,Negative,v4,distress,4,0.4031175374984741,0.39983853697776794
Superb movie i love this movie very much,low,Positive,v4,not-distress,3,0.41111624240875244,0.4761550724506378
@Nandi Parthasarathi ಹಾದರಗಿತ್ತಿ,low,Mixed feelings,v4,distress,3,0.8521024584770203,0.3937961459159851
Fab song...,low,Positive,v4,not-distress,3,0.7866675853729248,0.3933337926864624
ಇದು ನಿಜಾನಾ ಗುರುವೇ,low,Positive,v4,not-distress,3,0.7751616835594177,0.7599876523017883
ಅಣ್ತಮ್ಮ ಸೂಪರ್ ಆಗಿ ಉಗ್ಧಿದಿಯ. ಬೋಲೋ ಮಕ್ಳಿಗೆ. ಬಾರ್ಡರ್ ನಲ್ಲಿ ಅವ್ರ ಅಪ್ಪ ನೋ ಅಣ್ಣ ತಮ್ಮ ಯಾರಾದ್ರೂ ಇದ್ದಿದ್ರೆ ಇತರ matadtirlilla bolimaklu,low,Negative,v4,distress,4,0.4214596152305603,0.0009034872055053711
Evarge tik tok elde kakkasu agola anusutte,low,Negative,v4,distress,3,0.4324454665184021,0.4102673828601837
ತೊಗರಿ ತಿಪ್ಪ ಸೂಪರ್ ಗುರು,low,Positive,v4,not-distress,3,0.7831421792507172,0.7753822207450867
ಮೊಸರು ನನ್ನ ಮಗನ ಫಸ್ಟ್ ಟ್ರೋಲ್ ಮಾಡಿ ಬ್ರೋ ಮತ್ತೆ ಈ ಟಿಕ್ ಟಾಕ್ ಸೂಳೆಮಕ್ಕಳು ನ ತಿಕಹೊಡಿ ಬ್ರೋ,low,Negative,v4,distress,4,0.4288143515586853,0.41041067242622375
Nannaga thubba bajaru sir‍‍‍‍‍‍‍‍‍‍‍‍,low,Negative,v4,not-distress,3,0.42951300740242004,0.7780754864215851
ಅಚ್ಚ ಕನ್ನಡ ಸಾಂಗ್ ಸೂಪರ್,low,Positive,v4,not-distress,3,0.7707858681678772,0.4004042148590088
Odeya  avane srimannarayana nRakshit shetty =likenDarshan = dislikenJai DBoobs dagarshan,low,Mixed feelings,v4,not-distress,3,0.01184701919555664,0.15169939398765564
Shankar Patil ಸುಪ್ಪರ,low,Positive,v4,not-distress,3,0.7769259214401245,0.7629874646663666
ಥಿಯಾ ಸುಂದರವಾದ ರೋಮ್ಯಾಂಟಿಕ್ ಮಹಾಕಾವ್ಯವಾಗಿದ್ದು,low,Positive,v4,not-distress,3,0.8000124096870422,0.48240387439727783
ಕ್ಷಮಿಸಿ ದಿಯಾ ಟೀಮ್ .....,low,Mixed feelings,v4,not-distress,3,0.7969996631145477,0.39872902631759644
ಪ್ರಜ್ವಲ್ ಹೊಸ ತನದ ಸಿನಿಮಾ ಇದೆ ಅನಿಸತ್ತೆ,low,Mixed feelings,v4,not-distress,3,0.8031682968139648,0.38061287999153137
5 days trending,low,Positive,v4,not-distress,3,0.7627982497215271,0.7551714181900024
ನಿಮ್ಮ ತಂದೆ ಸಾಕಷ್ಟು ದುಡ್ಡು ಮಾಡಿದ್ರು ಆದ್ರೆ ಬೇಡಿದರು ಕೆಲಸಗಳ ಅನಕ್ಷ ಕವಾಗಿ ಖರ್ಚು ಮಾಡಿ ಸೋಕಿ ಮಾಡಿ ದುಡ್ಡೆಲ್ಲಾ ನಾಲ್ ಮಾಡಿದ್ದೀರಾ,low,Negative,v4,distress,4,0.43702787160873413,0.0014792680740356445
ಯಾಕಲೇ ಮಗನೆ ಎಲ್ಲಾದ್ರೂ ಕಡಿದಿದೆಯಾ,low,Mixed feelings,v4,distress,3,0.5048879384994507,0.3898487687110901
ಸೋಮಣ್ಣ ಸರ್....... ಮತ್ತೊಮ್ಮೆ ಅಭಿನಂದನೆಗಳು.... ಇವರು ಸಮಾಜಕ್ಕೆ ಒಂದು ಮಾದರಿ..... ತಾನು ಮಾಡುವ ಕಾರ್ಯದಲ್ಲಿ ಇರುವ ಹೆಮ್ಮೆ......,low,Positive,v4,not-distress,3,0.42542922496795654,0.37472495436668396
ನಿಮಗೆ ಒಲೆಯದು ಆಗಲಿ ಸಾರ್,low,Positive,v4,not-distress,3,0.790803998708725,0.3967507779598236
Free fire lover like here,low,Positive,v4,not-distress,3,0.7621650993824005,0.7595261037349701
@Nandi Parthasarathi ಓಹೋ ನಂದಿನಿ ನಿಂದು ಮಿಲ್ಕ್ ಪಾರ್ಲರ್ ಬೇರೆ ಇದಿಯಾ,low,Negative,v4,distress,3,0.4428132176399231,0.3914189636707306
ತಗೋ ಗುರು ನಂದೊಂದು ಲೈಕ್,low,Mixed feelings,v4,distress,3,0.45821651816368103,0.40828776359558105
@ֆաǟʍʏ ɢօաɖǟ ನಿಜ...nnಆದ್ರೆ ಆ ಗೆಲುವು ಇತಿಹಾಸ ಆಗ್ಬೇಕಂದ್ರೆ ಎಲ್ಲಾ ರೀತಿಯ ಪ್ರಯತ್ನಗಳು ಆಗಿರಬೇಕಾಗುತ್ತೆ,low,Positive,v4,not-distress,3,0.0,0.7795301973819733
ನಿಮ್ಮ ಅನಿಸಿಕೆಗೆ ನನ್ನ ನಮನಗಳು,low,Positive,v4,not-distress,3,0.7908309698104858,0.7796780467033386
ಈ ಒಂದು ಸ್ಟೆಪ್ ಸಾಕು ಸಿನೆಮಾ ನೋಡಲು.. ಎಂತ ಮಾರ್ರೆ ಚೆನ್ನಾಗುಂಟು ಐತ ಸ್ಟೆಪ್ಪು,low,Positive,v4,not-distress,3,0.4162040054798126,0.37386491894721985
Super guru,low,Positive,v4,not-distress,3,0.7292558550834656,0.7292558550834656
masto togari tippa,low,Positive,v4,not-distress,3,0.786609947681427,0.7669575810432434
Concentrate on hindi promotion.. sir,low,Negative,v4,not-distress,3,0.7915323972702026,0.4033733308315277
Namma kannada chitra ranga evrge olle avakasha galna kodli antha kelkotini,low,Positive,v4,not-distress,3,0.801596075296402,0.46283185482025146
ಯುದ್ಧ ಮಾಡಬೇಕು ಓದಬಾರದು ಕಟುಕರ ಮುಂದೆ ಭಗವದ್ಗೀತೆ ಎಂತಹ ಸಾಲುಗಳು,low,Mixed feelings,v4,distress,3,0.09404569864273071,0.43273046612739563
ಅದ್ಭುತ ಕನ್ನಡ ಸಿನಿಮಾ,low,Positive,v4,not-distress,3,0.749039351940155,0.749039351940155
ನೀವೇ ಹೇಳಿರುವುದು100 ಪರ್ಸೆಂಟ್ ನಿಜ ಆದರೆ ಅಸಭ್ಯವಾಗಿ ಹೇಳದೆ  ಸಭ್ಯವಾಗಿ ಹೇಳಬಹುದಿತ್ತು,low,Negative,v4,distress,3,0.8655387461185455,0.8306969702243805
ಕಮೂನಿಷ್ಟ ಸರ್ಕಾರವೇ ಒಳ್ಳೆಯದು ಅಲ್ಲಿ ರಾಜಕೀಯ ಇರಲ್ಲ ದೇಶದ ಅಭಿವೃದ್ಧಿ ಒಂದೇ ಗುರಿnನಮ್ಮ ದೇಶದ ಈ ಸ್ಥಿತಿಗೆ ಕಾರಣnn* ರಾಜಕಾರಣಿಯರು(ನೆಹರೂ ವಂಶಸ್ಥರು),low,Mixed feelings,v4,distress,4,0.0033852458000183105,0.3656674325466156
Super song  anna🤓,low,Positive,v4,not-distress,3,0.749031662940979,0.749031662940979
@Nandi Parthasarathi ನಂದಿನಿ ನಂದಿನಿ ನಿನ್ ತುಲ್ಲ್ ಗಲೀಜು,low,Negative,v4,distress,3,0.45069462060928345,0.3849221467971802
ಸೂಪರ್ ಸಾಂಗ್  ಹುಲಿಯ,low,Positive,v4,not-distress,3,0.7645561099052429,0.7568264603614807
Amazing Movie,low,Positive,v4,not-distress,3,0.729116678237915,0.729116678237915
ಬ್ರೋ ಲೈಕ್ appa ಬ್ಯಾನ್ ಆಗಿಲ್ಲ ಯಾವಾಗ ಆಗುತ್ತೆ,low,Mixed feelings,v4,distress,3,0.44749757647514343,0.39958396553993225
ಅವನೇ ಶ್ರೀಮನ್ನಾರಾಯಣ ಚಿತ್ರವು ಶತದಿನ ಆಚರಿಸಲೆಂದು ಅಖಿಲ ಕರ್ನಾಟಕ ಪವರ್ ಸ್ಟಾರ್ ಅಪ್ಪು ಬಾಸ್ ಅಭಿಮಾನಿಗಳ ಕಡೆಯಿಂದ ಶುಭ ಹಾರೈಸುತ್ತೇವೆ...ಕೆ.ಮಂಜು ಆದಿವಾಲ,low,Positive,v4,not-distress,4,0.42734456062316895,0.38316255807876587
Bindu gowdaaaaaa yakamma,low,Negative,v4,distress,3,0.8521100282669067,0.4004482626914978
@Nandi Parthasarathiಲೆ ಹಾದರಗಿತ್ತಿ.... ನಿನ್ ತುಲ್ಲು ಊರು ಬಾಗ್ಲು ಅನ್ಸುತ್ತೆ,low,Negative,v4,distress,3,0.46352410316467285,0.4169890582561493
En kathe kattutiya guru🤣🤣🤣🤣..... . Proof kodu sullu kathe katbeda,low,Negative,v4,distress,3,0.8536919057369232,0.8275899589061737
ಸೂಪರ್ ಟ್ರೈಲರ್nಇಂಟರೆಸ್ಟಿಂಗ್ ಟ್ರೈಲರ್,low,Positive,v4,not-distress,3,0.8194552659988403,0.49571743607521057
ಸಕ್ಕತ್ತಾಗಿ ಉಗಿತಿರ ಅಣ್ಣ 🤮🤮🤮ದೊಡ್ಡ ಸ್ಟಾರ್ ಥರ ಅಡಿತವೇ.....  ಥು........,low,Negative,v4,not-distress,3,0.8227757811546326,0.8365217745304108
ಶಾಸನ ವಿಧಿಸಿದ ಎಚ್ಚರಿಕೆ nಈ ಹಾಡು ನಿಮ್ಮ ಡೇಟಾ ಗೆ ಹಾನಿಕಾರಕ,low,Negative,v4,distress,3,0.7991953492164612,0.38481688499450684
ಇದು ಚರಿತ್ರೆ ಸೃಷ್ಟಿಸೊ ಅವತಾರ,low,Positive,v4,not-distress,3,0.7707122266292572,0.4025862514972687
Waiting #ASN ......,low,Positive,v4,not-distress,3,0.8115277886390686,0.3898284137248993
ಈ ಚಿತ್ರದಲ್ಲಿ ಯಾವ್ ರೇಂಜ್ ಗೆ ಗ್ರಾಫಿಕ್ಸ್ ಮಾಡಿದ್ದಾರೆ ಅಂತ ಮತ್ತೊಬ್ಬ vfx ಆರ್ಟಿಸ್ಟ್ ಗೆ ಗೊತ್ತಾಗೋದು,low,Mixed feelings,v4,not-distress,3,0.8115953207015991,0.3821500539779663
First like,low,Mixed feelings,v4,not-distress,3,0.7250306010246277,0.7250306010246277
Yen film  guru super,low,Positive,v4,not-distress,3,0.7704206109046936,0.7627754807472229
ದರ್ಶನ್ ಅಭಿಮಾನಿಗಳ ಕಡೆಯಿಂದ ಆಲ್ ದ ಬೆಸ್ಟ್ ಆಲ್ ದ ಬೆಸ್ಟ್,low,Positive,v4,not-distress,3,0.7921343147754669,0.4961712062358856
ಅದ್ಬುತವಾಗಿದೆ ಅವನೇ ಶ್ರೀಮನ್ನಾರಾಯಣ ಚಿತ್ರದ ಹಾಡು ಹ್ಯಾಂಡ್ಸಪ್,low,Positive,v4,not-distress,3,0.45765095949172974,0.3811010420322418
Awesome song,low,Positive,v4,not-distress,3,0.7291610836982727,0.7291610836982727
ಸರ್ ಅದು ಗೆದ್ದೇ,low,Positive,v4,distress,3,0.7647402882575989,0.41200700402259827
ಚಂದನ್ ಶೆಟ್ಟಿ ಟ್ರೊಲ್ ವಿಡಿಯೋ ನೀವು ನೋಡಿ ನೆಗಡ್ಡೆ ಇದ್ರೆ ನಾವ್ ಗ್ಯಾರಂಟಿ,low,Positive,v4,not-distress,3,0.41792187094688416,0.3829725980758667
supper  guru,low,Positive,v4,not-distress,3,0.7292369604110718,0.7292369604110718
ಮಗ  ಹೀಗೆ ಮಾಡು ಡ್ಯಾಸ್ ಲೈಕ್ಸ್ ಸಿಗುತ್ತೆ,low,Mixed feelings,v4,not-distress,3,0.6744537949562073,0.7791263163089752
Urkond Sai beku,low,Negative,v4,distress,3,0.8143170475959778,0.4067118167877197
ಯಾರೋ ಚೀನಾ ತು×× ಹುಟ್ಟಿರೋ ಮಕ್ಳು ೬ ದೀಸ್ ಲೈಕ್ ಮಾಡಿದಾರೆ,low,Negative,v4,distress,3,0.4189150631427765,0.8222415745258331
ಏನ್ ತುಕಾಲಿ ಫ್ಯಾನ್ಸ್ ಮರ್ರೆ... ಟ್ರೈಲರ್ ಬಗ್ಗೆ ಕಾಮೆಂಟ್ ಮಾಡೋದು ಬಿಟ್ಟು... ಆ ಫ್ಯಾನ್ಸ್  ಕಡೆಯಿಂದ ಅಲ್ ದಿ ಬೆಸ್ಟ್... ಈ ಫ್ಯಾನ್ ಕಡೆಯಿಂದ ಆಲ್ ದಿ ಬೆಸ್ಟ್... ಥು ಇವ್ರ ಜನ್ಮಕ್ಕೆ,low,Negative,v4,not-distress,6,0.414002001285553,0.7911188900470734
Superb song,low,Positive,v4,not-distress,3,0.7490368485450745,0.7490368485450745
ಎಲ್ಲಾ  ಡಿ ಬಾಸ್ ಅಭಿಮಾನಿಗಳು  ಪ್ರಜ್ವಲ್ ನ ಈ ಸಿನಿಮಾ ನೋಡಿ ಆರೈಸಿ ಪ್ರಜ್ವಲ್ ನ ಈ ಸಿನಿಮಾ ದಾಖಲೆ ಗಳ ಸಿನಿಮಾ  ಸಾಲಿನಲ್ಲಿ  ಸೆರಲಿ,low,Positive,v4,not-distress,5,0.8287050426006317,0.4102264642715454
ಮೂಢ ನಂಬಿಕೆ ಇರುವವರೆಗೂ ನಮ್ಮ ದೇಶ ಉದ್ದಾರ ಹಾಗಲ್ಲ,low,Negative,v4,distress,3,0.4474557042121887,0.43223288655281067
I like song very much,low,Positive,v4,not-distress,3,0.7619108557701111,0.7619108557701111
ಹೌದು ಸರ್ ಅಶ್ವತ್ಥಾಮ ಇನ್ನೂ ಬದುಕಿದ್ದಾನೆ,low,Positive,v4,not-distress,3,0.8153964281082153,0.3883346617221832
ಮುಂದೆ ರೆಕಾರ್ಡ್ ಮಾಡುತ್ತೆ ಈ ಮೂವಿ,low,Positive,v4,not-distress,3,0.7911228835582733,0.050420016050338745
ಅನ್ನ. ನೀಡುವ ಯಾವ ಕೆಲಸವೂ ಕಡಿಮೆಯಲ್ಲ . ಶಂಕರರವರೆ ನಿಮ್ಮn ಸ್ವಾ ಭಿಮಾನಿ ಜೀವನಕ್ಕೆ  nನನ್ನ ದೊಂದು ಸಲಾಂ.,low,Positive,v4,not-distress,4,0.4134668707847595,0.39462578296661377
ಚಂದನ್ ಶೆಟ್ಟಿ ಟ್ರೊಲ್ ವಿಡಿಯೋ ನೀವು ನೋಡಿ ನೆಗಡ್ಡೆ ಇದ್ರೆ ನಾವ್ ಗ್ಯಾರಂಟಿ,low,Positive,v4,not-distress,3,0.4135187864303589,0.3829725980758667
ಬೇವರ್ಸಿ ಚೀನಾ ನನ್ನ ಮಕ್ಕಳು,low,Negative,v4,distress,3,0.5203697681427002,0.41823169589042664
ಇದು ಚರಿತ್ರೆಯನ್ನು ಸೃಷ್ಟಿಸೋ ಅವತಾರ.,low,Positive,v4,not-distress,3,0.7754098773002625,0.3984535336494446
@Kiccha Vitthal ಕಚ್ಚಾ ಸುದೆಪಿ,low,Mixed feelings,v4,distress,3,0.49682512879371643,0.39842313528060913
Ultimate kannada movie super,low,Positive,v4,not-distress,3,0.7568060457706451,0.49501466751098633
ನನ್ನ ಬಂದುಗಳೆ ಒಂದನ್ನು ನಾವು ತಿಳಿಲೇಬೇಕಾದ ಅವಶ್ಯಕತೆ ಇದೆ ಅದು ಏನಂದ್ರೆ ಮೊದಲಿಗೆ ಮನುಷ್ಯನಲ್ಲಿ ಅಥವಾ ಸಮುದಾಯದಲ್ಲಿ ಅಥವಾ ಒಂದು ದೇಶಕ್ಕೆ ನಾನು ದೊಡ್ಡವನು ಎಂಬ ಭಾವನೆ ಬಂದುಬಿಟ್ಟರೆ ಅದು ಕೇವಲ 200 ಅಥವಾ 300 ವರ್ಷಗಳಲ್ಲಿ ತನ್ನ ಸರ್ವನಾಶ ಮಾಡಿಕೊಂಡು ಬಿಡುತ್ತೆ. ಯಾಕೆ ಅಂದ್ರೆ ನೀವು ಇತಿಹಾಸ ನೋಡಿದಾಗ  ಮನುಷ್ಯನಲ್ಲಿ ಒಂದು ಆಸೆ ಬರೋದು ಸಹಜ ನಾನು ಎಲ್ಲರಿಗಿಂತ ದೊಡ್ಡವನಾಗಿ ಇರಬೇಕು ಬೇರೆಯವರಿಗಿಂತ ಎತ್ತರಕ್ಕೆ ಬೇಳಿಬೇಕು ಎಂದು ಇದೆ ಭಾವನೆ 1200 ವರ್ಷಗಳ ಹಿಂದೆ ಅರಬ್ ದೇಶದ ಮುಸ್ಲೀಂ ಧರ್ಮದ ಜನರಲ್ಲಿ ಬಂದು ಅಂದಿನ ಹಿಂದೂಗಳ ದೇಶವಾದಂತ ಭಾರತ,low,Positive,v4,not-distress,10,0.43499329686164856,0.4714449346065521
ಕನ್ನಡದಲ್ಲಿ ಪ್ರತಿಭೆಗಳಿಗೆ ಕೊರತೆಯಿಲ್ಲ,low,Positive,v4,not-distress,3,0.7763692736625671,0.41401195526123047
basavanneyya pujar Howdu huliya,low,Mixed feelings,v4,distress,3,0.48399192094802856,0.4095936417579651
@Nandi Parthasarathi ಅಲಾ ಹಾದರಗಿತ್ತಿ ನಿಮ್ಮದು ದೊಡ್ಡ ತುಲ್ಲು ಬಿಡೆ,low,Negative,v4,distress,3,0.4518955647945404,0.0022581517696380615
Super song bro,low,Positive,v4,not-distress,3,0.7645726203918457,0.7567892968654633
ರಣಧೀರ ನೆನಪಾದ ರಕ್ಷಿತ ಜಾದಲಿnರಣಭೇಟೆಯಾಡುವ ರಾಕ್ಷಸ ದಾರಿಯಲಿnರಕ್ತಚರಿತ್ರೆಯೋ ರಕ್ಕಸನ ಕಥೆಯೋnನಿಗೂಢ ಮನೆಯೊಳಗೆ ನಡುಕ ಹುಟ್ಟಿಸೋnಸಿನೆಮಾ ಪರದೆಯ ಹಳುಗುಣಿಯೊ.....,low,Positive,v4,not-distress,3,0.527038037776947,0.0006132721900939941
Keli kadiruva bandhavarenBhuviyalli avana aritavarenYarilla bidi,low,Negative,v4,not-distress,3,0.83271324634552,0.03347432613372803
NKn idddu ಟ್ರೋಲ್ ಅಂದ್ರೇ...  ಬ್ರೋ ನಾನು ಟಿಕ್ ಟಾಕ್ ಗೆ ಅಡಿಕ್ಟ್ ಆಗಿದ್ದೇ... ಬಟ್ ನಮ್ ದೇಶಕ್ಕಿಂತ ದೊಡ್ದಲ್ಲ  ಈ ಟಿಕ್ ಟಾಕ್... ಅಷ್ಟೇ... ಇನ್ನೋಂದ್ ವಿಷ್ಯ ನಮ್ ದೇಶದ್ ರೊಪೊಸೋ ಡೌನ್ಲೋಡ್ ಮಾಡಿ ಓಪನ್ ಮಾಡಿ ನೊಡುದ್ರು... ಅವ್ನಮ್ಮನ್  ಆ ಕಿತ್ತೋದ್  ಮುಂಡೇ ಬಿಂದು ಗೌಡ... ಅದ್ರಲ್ಲೂ ಸಾಯ್ತಾವ್ಳೇ ಗುರು.... ಅವ್ಳ್ಳಿಗೇ ಏನಾದ್ರು ಮಾಡಿ ಫೋನ್ ಯುೂಸೇ  ಮಾಡ್ಬಾರ್ದು ಆ ತರ ಟ್ರೋಲ್ ಮಾಡಿ ಬ್ರೋ....  ಅವ್ನಮ್ಮನ್ ಹಂದಿ ತಿಕದ್ ತರ ಇರೋ ಮೂತಿನ ನೊಡಕ್ಕಾಕ್ತಿಲ್ಲ....,low,Negative,v4,distress,10,0.4572376310825348,0.4373217523097992
ಎರಡು ಒಳ್ಳೆಯ ವಿಷಯಗಳು ಆಗಬೇಕು ಇವಾಗn1. ದಿಯಾ ಮತ್ತೆ ರಿಲೀಸ್ ಆಗಬೇಕುn2. ಕೊರೋನಾ ನಿಯಂತ್ರಣ ಆಗಬೇಕು.,low,Positive,v4,not-distress,3,0.7776847779750824,0.7633903920650482
ಸೂಪರ್ ಆಗಿ ಹೇಳಿದ್ದೆ ಗುರು,low,Positive,v4,not-distress,3,0.42673859000205994,0.7679365277290344
ಕನ್ನಡ ಚಿತ್ರರಂಗದ ಹೆಮ್ಮೆ ಪಡುವಂತಹ ಕೆಲಸ,low,Positive,v4,not-distress,3,0.4269651174545288,0.38639649748802185
Yaru thuldeepanna 🤣🤪,low,Mixed feelings,v4,distress,3,0.8259991407394409,0.03198254108428955
ರಕ್ಷಿತ್  ಶೆಟ್ಟಿ  ಸೈಲೆಂಟ್  ಕಿಲ್ಲರ್,low,Positive,v4,not-distress,3,0.7983031272888184,0.40082284808158875
One next level movie🤑🤑,low,Positive,v4,not-distress,3,0.7566049098968506,0.7566049098968506
So sad. Sir....,low,Negative,v4,not-distress,3,0.8012693524360657,0.45149660110473633
ಒಬ್ಬ ನಾಯಕನ ಕಥೆಯಲ್ಲಿ ೨ ಯುದ್ದ ಬರುತ್ತೆ ಸಾನ್ವಿ ಬಂದ್ಮೇಲೆ ಒಂದು ಇನೊಂದು ಸಾನ್ವಿ ಹೋದಮೇಲೆ ಅವನೇ ಶ್ರೀಮನಾರಯನ್,low,Positive,v4,not-distress,4,0.8303228318691254,0.38449135422706604
tandhege takka maga,low,Positive,v4,distress,3,0.8261462450027466,0.022037029266357422
ಅನಿಸುತ್ತೆ ಬಂದಹಾಗಿದೆ ರಚಿಸಲು ಹೊಸ ಶಾಸನnಮೆರೆಯಲಿ ಗಗನದಿ ನಿಮ್ಮದೆ ಲಾಂಚನ,low,Positive,v4,not-distress,3,0.4150954782962799,0.2948077321052551
Pakka365 day  percent,low,Positive,v4,distress,3,0.8142555952072144,0.4053400158882141
ಲವ್ ಯು ಬಾಸ್  ಸೂಪರ್,low,Positive,v4,not-distress,3,0.7567678689956665,0.7567179799079895
@Nandi Parthasarathi ಬಂದ್ರೆ ತಿಕಾ ದೆಂಗ್ತಿನಿ ಎಷ್ಟೇ ನಿನ್ ರೇಟು ಹಡ್ಬಿ ಸೂಳೆ.... ಆ ಲುಚ್ಛನ್ ಫ್ಯಾನ್ ಅಂತೇ... ಅವುಂದು ತುಣ್ಣಿ ಉಣ್ಣು ಹೋಗಿ ಲೋಫರ್ ಸೂಳೆ,low,Negative,v4,distress,5,0.4320457875728607,0.39514753222465515
ಅರ್ಜುನ್ ಜನ್ಯ ಅವರೇ ನೋಡಿ ಅಜನೀಶ್ ಲೋಕನಾಥ್ ಅತ್ರ ಹೋಗಿ ಮೂಸಿಕ್ ಮಾಡೋದನ್ನ ಕಲಿಯಿರಿ 🤣n#Odeya movie ಗೆ ಏನ್ ಮ್ಯೂಸಿಕ್ ಕೊಟ್ಟಿದಿಯ ಸ್ವಾಮಿ........... ತೂ 🤭🤭,low,Negative,v4,not-distress,5,0.35946381092071533,0.46143195033073425
ಕ್ಲೈಮಾಕ್ಸ್ ಚೇಂಜ್ ಮಾಡಿ ರೀ ರಿಲೀಸ್ ಮಾಡಿ ಚಿತ್ರ ಸುಪರ್ ಹಿಟ್ ಆಗುತ್ತೆ ಗ್ಯಾರೆಂಟಿ,low,Positive,v4,not-distress,3,0.40667176246643066,0.3754662871360779
Howdu howdu howdu...,low,Mixed feelings,v4,distress,3,0.8445881009101868,0.4714664816856384
ತುಂಬಾ ಚೆನ್ನಾಗಿ ಬೈದ್ರಿ ನಿಮ್ಮ ಒಂದೊಂದು ಮಾತು ಮುತ್ತಿನಂತದ್ದು.......,low,Positive,v4,not-distress,3,0.8297507762908936,0.37821218371391296
ಈ ಚಿತ್ರದಲ್ಲಿ ಯಾವ್ ರೇಂಜ್ ಗೆ ಗ್ರಾಫಿಕ್ಸ್ ಮಾಡಿದ್ದಾರೆ ಅಂತ ಮತ್ತೊಬ್ಬ vfx ಆರ್ಟಿಸ್ಟ್ ಗೆ ಗೊತ್ತಾಗೋದು,low,Positive,v4,not-distress,3,0.397055983543396,0.3821500539779663
ಒಬ್ಬ ನಟ  ಡ್ರೈವಿಂಗ್ ಮಾಡ್ತಿದಾರೆ ಇದು ನೋವಿನ ಸಂಗತಿ ಒಪ್ಪೀ ಕೊಳ್ಳೋಣ.  ಆದ್ರೆ ಒಬ್ಬ ಸಾಮಾನ್ಯ ಮನುಷ್ಯ ಡ್ರೈವಿಂಗ್ ಮಾಡ್ಕೊಂಡೆ ಜೀವ್ನ ಮಾಡ್ತಿರ್ಥನೆ ಅನ್ನೋದನ್ನ ಮರೀಬೇಡಿ ಸ್ನೇಹಿತರೆ,low,Positive,v4,distress,5,0.8950618505477905,0.39557597041130066
ಚಂದನ್ ಶೆಟ್ಟಿ ಟ್ರೊಲ್ ವಿಡಿಯೋ ನೀವು ನೋಡಿ ನೆಗಡ್ಡೆ ಇದ್ರೆ ನಾವ್ ಗ್ಯಾರಂಟಿ,low,Positive,v4,not-distress,3,0.4135187864303589,0.3829725980758667
ವಾವ್ ನೈಸ್ ಸಾಂಗ್,low,Positive,v4,not-distress,3,0.7764477729797363,0.4406968951225281
ನನಗೆ ತುಂಬಾ ಇಷ್ಟವಾದ ಚಿತ್ರ ದಿಯ,low,Positive,v4,not-distress,3,0.7859533727169037,0.3898395299911499
ಚಮಯ್ಯ ಮೇಸ್ಟ್ರು ಅವರ ಆಶೀರ್ವಾದ ಯಾವಾಗಲೂ ಇರುತ್ತೆ ನಿಮ್ಮಲ್ಲಿ ಸ್ವಾಭಿಮಾನ ಇದೆ ಆಗು ನಿಮ್ಮಲ್ಲಿ ಒಂದು ಛಲ ಇದೆ,low,Positive,v4,not-distress,4,0.4129045605659485,0.3892906606197357
ಕಲ್ಪನಾಲೊಕಕ್ಕೆ ಮಿತಿ ಇಲ್ಲ...  ತೊಗರಿ ತಿಪ್ಪ ನಾಟಕ ಮನೆಮಾತಾಗಿತ್ತು....ದನ್ಯವಾದಗಳು,low,Positive,v4,not-distress,3,0.4415280222892761,0.37522369623184204
ನೋವು ನಲಿವಿಗೆ ಕಾರಣ...nಅವನೇ ಶ್ರೀಮನ್ನಾರಾಯಣ,low,Positive,v4,not-distress,3,0.8261403441429138,0.3896661698818207
Thanks for likes,low,Positive,v4,not-distress,3,0.7474150657653809,0.7474150657653809
supar togari tippa,low,Positive,v4,not-distress,3,0.7867035865783691,0.7676811814308167
@Ŕävîñđŕå_02_GøWđřú ನಿನ್ ಹೆಂಡ್ರು ತುಲ್ಲಗೆ ಏನ್ ಇವಾಗ,low,Negative,v4,distress,3,0.4675010144710541,0.3839119076728821
Super energetic song,low,Positive,v4,not-distress,3,0.7490237951278687,0.7490237951278687
ಸಾಂಗ್ ಸೂಪರ್ ಆಗಿ ಆಡಿದಿರ ಅಣ್ಣ,low,Positive,v4,not-distress,3,0.7857102155685425,0.7714149057865143
LOVE FROM KICCHA FANS🥰,low,Positive,v4,not-distress,3,0.775848776102066,0.7509050071239471
ಸಂಪೂರ್ಣ ಮಾಹಿತಿ ಅಣ್ಣಾ ಧನ್ಯವಾದಗಳು,low,Positive,v4,not-distress,3,0.7858085334300995,0.4036475121974945
ಸರ್ ನಿಮಗೂ ನಿಮ್ಮ ಕುಟುಂಬಕ್ಕೂ ತಾಯಿ ಚಾಮುಂಡೇಶ್ವರಿ ಆರೋಗ್ಯ ಆಯುಷ್ಯ ಕೊಟ್ಟು ಕಾಪಾಡಲಿ...,low,Positive,v4,not-distress,3,0.42622897028923035,0.001520305871963501
ಈ ಚಿತ್ರವನ್ನು ಮತ್ತೊಮ್ಮೆ ಚಿತ್ರಮಂದಿರಗಳಿಗೆ ತನ್ನಿ ನಮ್ಮ ಕನ್ನಡಿಗರು ಕೈಬಿಡುವುದಿಲ್ಲ ಮತ್ತೊಮ್ಮೆ ರಿಲೀಸ್ ಮಾಡಿ,low,Positive,v4,not-distress,3,0.0073638856410980225,0.4492381811141968
ಟೀವಿ ನೈನ್ ಕನ್ನಡದಲ್ಲಿ ಈ ವಿಚಾರ ತೋರಿಸಿದ್ದಾರೆ,low,Positive,v4,not-distress,3,0.7855677008628845,0.036284446716308594
Avanilade enu illa ee bhoomimele,low,Positive,v4,distress,3,0.46656668186187744,0.4024820029735565
ಹೌದೋ ಹುಲಿಯಾ,low,Mixed feelings,v4,distress,3,0.7829692959785461,0.42783182859420776
Raksihth settru super..............dooper..,low,Positive,v4,not-distress,3,0.8403893709182739,0.8355691730976105
ಸ್ವಾಭಿಮಾನದಿಂದ ಬದುಕೋದು ಮನುಷ್ಯನ ಅಸಲಿ ಗುಣ ಇದನ್ನು ಎಲ್ರು ಅಳವಡಿಸಿಕೊಳ್ಳಬೇಕು,low,Positive,v4,not-distress,3,0.42117804288864136,0.3772878348827362
ಹೌದು ಸ್ವಾಮಿ ಇಂತ ನನ್ ಮಕ್ಕಳಿಗೆ ಎಷ್ಟು ಉಗಿದರೂ ಬುದ್ಧಿ ಬರಲ್ಲ ನಮ್ಮಲ್ಲೇ ಹೌರೆ ಶತ್ರುಗಳು ಐ ಡೋಂಟ್ ಲೈಕ್ ಚೈನಾ,low,Negative,v4,distress,4,0.4124358296394348,0.4128265380859375
ಹಳೆ ಶಿಕಾರಿ ಸಿನಿಮಾ nodidira yaradru,low,Mixed feelings,v4,distress,3,0.8360120952129364,0.3934469521045685
ಕನ್ನಡ ಚಿತ್ರರಂಗ  ಬೆಳವಣಿಗೆ ಸುರು ಆಯ್ತು ಜೈ ಕನ್ನಡಾಂಬೆ,low,Positive,v4,not-distress,3,0.40060096979141235,0.7963597774505615
Super  songs,low,Positive,v4,not-distress,3,0.7292746305465698,0.7292746305465698
ಎಲ್ಲಿ ಮಂಗಳ ಗ್ರಹದವರು ಅನ್ಕೊಂಡಿದ್ದೆ..,low,Mixed feelings,v4,distress,3,0.8294084966182709,0.7853104174137115
ಎಲ್ಲರಲ್ಲೂ ಡ್ಯಾನ್ಸ್ ಮಾಡುವ ಭಾವನೆ ಹುಟ್ಟಿಸುವ ಹಾಡು ಮತ್ತು ಮ್ಯುಸಿಕ್ - ವಿಜಯ್ ಪ್ರಕಾಶ್ ವೈಸ್ ಸೂಪರ್,low,Positive,v4,not-distress,3,0.40070948004722595,0.39930853247642517
