text,bucket,label,model_version,prediction,lime_confidence_drop,lime_prediction_flipped,lime_confidence_retained,lime_prediction_held,shap_confidence_drop,shap_prediction_flipped,shap_confidence_retained,shap_prediction_held
RAKSHIT ABHIMAANIGALE!! Yaaru yaaru aa signature stepna try maadidiro illi like maadi!!,high,Positive,v4,distress,0.02737802267074585,False,0.0,False,0.005189061164855957,False,0.0,False
Correct agi helidera super 🤣🤣,high,Positive,v4,not-distress,0.8120612502098083,True,0.8120612502098083,True,0.037343382835388184,False,0.0,False
Niv supper boss,high,Positive,v4,not-distress,0.7641380429267883,True,0.7641380429267883,True,0.7641380429267883,True,0.7641380429267883,True
Hing dance madidre ..... mugitu kathe....,high,Negative,v4,distress,0.12669897079467773,False,0.8721107244491577,True,0.04567563533782959,False,0.0,False
Super bro e nayiigulu erodrindane nam desha uddar agilla once again super bro,high,Negative,v4,not-distress,0.837951123714447,True,0.8017578721046448,True,0.1547255516052246,False,0.7868755459785461,True
Ur super sir..but ಒಂದ hit movi kodi sir navu adakoskara kaetidivi....,high,Mixed feelings,v4,not-distress,0.020417094230651855,False,0.8272209763526917,True,0.009996175765991211,False,0.8038390874862671,True
Hands up ಇವ ಚರಿತ್ರೆ ಸೃಷ್ಟಿಸೋ ನಾರಾಯಣ,high,Positive,v4,not-distress,0.8011945486068726,True,0.7864248156547546,True,0.8011945486068726,True,0.7768559455871582,True
super song sir. rakshith shetty sahebara fans ella like madi.,high,Positive,v4,not-distress,0.03446108102798462,False,0.8073281049728394,True,0.015007495880126953,False,0.7869588136672974,True
En helde guru it's true,high,Mixed feelings,v4,distress,0.8322461843490601,True,0.8322461843490601,True,0.07738393545150757,False,0.7829798460006714,True
No.. 1 sec saku summe mnt ella waste madtara,high,Negative,v4,not-distress,0.7900474071502686,True,0.807201623916626,True,0.7900474071502686,True,0.7764638662338257,True
ಸೂಪರ್ ಗುರೂ ಯೆನ್  ಸ್ವರ ಗುರೂ ನಿಂದು   Iam u r big fan  ur thinking  bro,high,Positive,v4,not-distress,0.03502112627029419,False,0.8119084239006042,True,0.025963783264160156,False,0.7868417501449585,True
OLA marma? leay thu OLA na promote maadoke isht dodd message haktyeno? D boooos fans na nodi kalthko.....avrella huttidaagle amman akkan antha pure kannada words kalthu bandirodu......,high,Negative,v4,distress,0.0027163028717041016,False,0.8635667562484741,True,0.0012668371200561523,False,0.8132233023643494,True
en music guru,high,Mixed feelings,v4,distress,0.6629524827003479,True,0.6629524827003479,True,0.6629524827003479,True,0.6629524827003479,True
yen guru nam kannada film industry na yellaru seri bere level ge tagondu hogthaa iddare... superb music,high,Positive,v4,not-distress,0.023059427738189697,False,0.7950019240379333,True,0.004767715930938721,False,0.7766602635383606,True
Super agi roast madidiya guru.,high,Positive,v4,not-distress,0.8073604702949524,True,0.8073604702949524,True,0.8073604702949524,True,0.7769100666046143,True
@Syed Akbar hello srk athava salman khan fan... Ninge race 3 ne sari... nnnnSuper story alvaa race 3,high,Negative,v4,not-distress,0.6524902582168579,True,0.7815338969230652,True,-0.1433088183403015,False,0.0,False
Togari tippa story super,high,Positive,v4,not-distress,0.7868633270263672,True,0.7868633270263672,True,0.7868633270263672,True,0.7769207954406738,True
Super guroonSakkattagittu video. ...,high,Positive,v4,not-distress,0.8251101970672607,True,0.8251101970672607,True,0.01396876573562622,False,0.7768807411193848,True
naavu childhood days valag e story kelidde,high,Positive,v4,not-distress,0.8066219687461853,True,0.7835767865180969,True,0.8066219687461853,True,0.7862042188644409,True
Please intha cinemagalannu     gellisona ......namma hemmeya Kannada cinema,high,Positive,v4,not-distress,0.8367938995361328,True,0.8222894668579102,True,0.01768118143081665,False,0.8066397905349731,True
Bro sorry ond matu nang eetara troll madodu ella ishta agtirlilla first time nimm videos nodi sakkath kushiaytu nd ur video really give a good msg,high,Mixed feelings,v4,distress,0.8235869407653809,True,0.8654089570045471,True,0.8235869407653809,True,0.0,False
Views tumba kadime ide.,high,Negative,v4,distress,0.8138429522514343,True,0.8138429522514343,True,0.1100236177444458,False,0.8001550436019897,True
ಶೇಕಡ 100(%) ರಷ್ಟು viruses na China ಉತ್ಪನ್ನ ಮಾಡುತ್ತೆ.....,high,Negative,v4,distress,0.03919577598571777,False,0.8355274796485901,True,0.09516626596450806,False,0.8440560698509216,True
Super guru hinmele  nanu nimmn Abimani guru,high,Positive,v4,not-distress,0.8195798397064209,True,0.8073729872703552,True,0.1801205277442932,False,0.7950582504272461,True
@Nandi Parthasarathi adu oscar ascar alla..🤣 graphics ge pakka oscar kodtare🤣,high,Negative,v4,distress,0.06698912382125854,False,0.8686215877532959,True,0.0684860348701477,False,0.8140254020690918,True
Olledu ond pan India movie madro sumne yak eneno madkondu...,high,Negative,v4,distress,0.13793140649795532,False,0.8728706240653992,True,0.02133697271347046,False,0.8257427215576172,True
ನೋಡ್ತಾ ಹೋದ್ರೆ ಸಾವಿರಾರು lyrical video ಗಳು,high,Mixed feelings,v4,distress,0.1408461332321167,False,0.8311858177185059,True,0.09164929389953613,False,0.7991980910301208,True
En super movie sir edu....ond ond seen kuda mans mutto tara ede,high,Positive,v4,not-distress,0.8370928764343262,True,0.8223605751991272,True,0.8370928764343262,True,0.7949040532112122,True
Yalla kannadigarugu ansthithu bere bashe movies maddohange yak namma kannada movies maddalla antha.. but evagaaa yak bere bashe movies nodbeku antha ansoke shuruuu agbhitidhe alva Karnataka???,high,Negative,v4,distress,0.1734524965286255,False,0.8583763241767883,True,0.0026692748069763184,False,0.8663079738616943,True
@Ambrish Mallad luccha fans nimma luccha suderpdu movie nodo Ella flop agtive side actor get fit baavali age eddane balegaara correctagi tindu barlike hell baavali🤣🤣,high,Negative,v4,distress,0.009752631187438965,False,0.8798161745071411,True,0.0019378066062927246,False,0.8140526413917542,True
Yav Ree dislike kodoru kannada movies belibek fist kannada next hero's elru nammavare...,high,Positive,v4,not-distress,-0.1872667670249939,False,0.5090628266334534,True,0.628930389881134,True,0.7867032885551453,True
Lo gaandu nan magne d boss fans yake sata tariyoke dislike madtara nBere avru nodi urkolokke en avru bucket and balegara fans he,high,Negative,v4,distress,0.012378275394439697,False,0.8729031682014465,True,0.004753589630126953,False,0.8200947642326355,True
Boli maklu yellaaa mobile ally nodtha edre énna theatre ge bandu yelli nodthaare,high,Negative,v4,distress,0.022821247577667236,False,0.8584105968475342,True,0.01153630018234253,False,0.8257344961166382,True
Yalla hero fans e movie naa support madtini annoru like madi,high,Positive,v4,not-distress,0.8250834941864014,True,0.7767613530158997,True,0.013759732246398926,False,0.0,False
Kaytidde bro Yarana  lyrics aktara anta 🥰🥰tq,high,Positive,v4,not-distress,0.8176047205924988,True,0.81021648645401,True,0.8176047205924988,True,0.0,False
Nim song antu super 🤝,high,Positive,v4,not-distress,0.7868685126304626,True,0.7868685126304626,True,0.7868685126304626,True,0.7768911719322205,True
Insta link ಅಕಿದ್ದೀನಿ ನೋಡಿ bro ಅಲ್ಲಿ ಬಂದು,high,Mixed feelings,v4,distress,0.8682884573936462,True,0.8580812215805054,True,0.032542884349823,False,0.8142637014389038,True
Hats of Shankar Ashvath Sir.nimma e swabimaanada jeevana Sukakarawaagi Saagali.,high,Positive,v4,not-distress,0.8422083854675293,True,0.8224884867668152,True,0.004776477813720703,False,0.7768384218215942,True
E video na unlike madoru nijavaglu kannads davaru ala,high,Negative,v4,distress,0.0654636025428772,False,0.8447776436805725,True,0.8766077756881714,True,0.800140380859375,True
Startup start maadalu capacity growth maadalu tips kodi . Ondu separate video maadi .pls,high,Positive,v4,not-distress,0.01693117618560791,False,0.8119110465049744,True,0.8382927179336548,True,0.7847634553909302,True
Game name yavdu bro...,high,Mixed feelings,v4,distress,0.8436709046363831,True,0.8436709046363831,True,0.10639071464538574,False,0.8253222107887268,True
Ayyo gubalgala only tiktok tiktok antha odkotavre only not tiktok 59 apps ban agirodu,high,Negative,v4,distress,0.0678091049194336,False,0.8936905264854431,True,0.01581519842147827,False,0.8674758672714233,True
Modlu ee chinese apps galna india dalli ban madbeku...,high,Negative,v4,distress,0.03353911638259888,False,0.8350574374198914,True,0.13157367706298828,False,0.7999376058578491,True
Ondu varshakke 1or2 film madodkintha entha ondu olle film madidre kannada industry ellige ogutthe,high,Positive,v4,not-distress,0.04100978374481201,False,0.8119978904724121,True,0.0067462921142578125,False,0.0,False
Yanta jana brother nam deshakkoskara 1 app delete madoke agalva avarige,high,Negative,v4,distress,0.885450005531311,True,0.8520334362983704,True,0.01926290988922119,False,0.8002721071243286,True
Super song.....with dance sakathagide,high,Positive,v4,not-distress,0.8195602893829346,True,0.8195602893829346,True,0.042652904987335205,False,0.8016728758811951,True
Howdu movie Adbhuta..... tumba chennagide..... but ending swalpa disturbing ansatte..... adi and diya ondagiddidre innu chennagirtittu..... Elru tumba chennag act madidare,high,Negative,v4,not-distress,0.8521791100502014,True,0.8441259264945984,True,0.0033196210861206055,False,0.8259977102279663,True
Ayyoo.  Teligram nalli 10 ralli 9 jana nodidaare..n Matte naanu 12 saari nodidini ..what a movie ya... Mother sentiment,high,Positive,v4,not-distress,0.8462928533554077,True,0.8250492215156555,True,0.8462928533554077,True,0.8156009316444397,True
First hog film nodu. Amele yen bekadru comment madu.,high,Mixed feelings,v4,distress,0.13951492309570312,False,0.8687159419059753,True,0.03275328874588013,False,0.8140104413032532,True
Super sir namge thumba istavada kathe nam parents ge kelisbeku aadastu bega idanna,high,Positive,v4,not-distress,0.8397747874259949,True,0.8073491454124451,True,0.01684969663619995,False,0.7868764996528625,True
Nimage aa devaru olledu madali Appaji...nNimma matugalu keli nange 100% Dairya bantu appaji thank you for your inspiration,high,Positive,v4,not-distress,0.01182931661605835,False,0.8312261700630188,True,0.0036770105361938477,False,0.7780182361602783,True
Banda  #AvanesrimannarayananAll the best,high,Positive,v4,not-distress,0.8221698999404907,True,0.8221698999404907,True,0.8221698999404907,True,0.7859261631965637,True
Mr naveen raj Yenu nim Uddesha??n Nanu D BOSS Fan,high,Mixed feelings,v4,not-distress,0.8332409858703613,True,0.8190834522247314,True,0.010397672653198242,False,0.0,False
Nammaneg bandidda mare full party,high,Positive,v4,not-distress,0.8015101552009583,True,0.8015101552009583,True,0.8015101552009583,True,0.7765964269638062,True
Delete hadru nanu downloade made,high,Negative,v4,not-distress,0.7975547909736633,True,0.7975547909736633,True,0.7975547909736633,True,0.0,False
Comedy aggie nodorige comedy nee,high,Negative,v4,not-distress,0.8073155283927917,True,0.8073155283927917,True,0.8073155283927917,True,0.7769336104393005,True
ನನ್ನ ಕಣ್ಣಂಚ್ಚಲಿ ನೀರು ಬಂತು..Sir ur great,high,Positive,v4,not-distress,0.8211876749992371,True,0.8191573619842529,True,0.8211876749992371,True,0.7867998480796814,True
@Creative Kannadiga  le gubald atte Alla magalaganda andangaitu,high,Negative,v4,distress,0.06285285949707031,False,0.7177115082740784,True,0.009566068649291992,False,0.0,False
nim taste gottaythu.. nthaavu dandupalya-5 ge wait maadta idiri alva,high,Mixed feelings,v4,not-distress,0.6238347291946411,True,0.8194559812545776,True,0.6238347291946411,True,0.7667150497436523,True
Neen super guru🤩🤣,high,Positive,v4,not-distress,0.7645326852798462,True,0.7645326852798462,True,0.7645326852798462,True,0.7645326852798462,True
Hamsalekha feel yarige bantu like madi...,high,Positive,v4,not-distress,0.8215295076370239,True,0.8151991367340088,True,0.039338886737823486,False,0.7767514586448669,True
Idu kgf beat madutte annoru like here,high,Positive,v4,not-distress,0.8194459080696106,True,0.8073189854621887,True,0.8194459080696106,True,0.7752887606620789,True
Hands  up annodu heno bosudike,high,Negative,v4,distress,0.8448358178138733,True,0.8448358178138733,True,0.06404262781143188,False,0.8001136779785156,True
@Prasad Raj tulunad and kannada bashe meli abhimana super guru,high,Positive,v4,not-distress,0.02991652488708496,False,0.7944332361221313,True,0.82835853099823,True,0.7769075036048889,True
Kannada ne best adrallu kannada songs adre hen andkondodira,high,Positive,v4,not-distress,0.8272083401679993,True,0.8015707731246948,True,0.8272083401679993,True,0.7763689756393433,True
open song edde agirlli n super music  super stepn         Bharjari gidde SongnnNalle release movie All the best  God bless you nn Dhruva Sarja Abhimanigallindan  Jaiii Anjaneya,high,Positive,v4,not-distress,0.0029692649841308594,False,0.8117270469665527,True,0.001452326774597168,False,0.7763108015060425,True
En guru nin line's galu super agi helidiyaa bidu,high,Positive,v4,not-distress,0.8291766047477722,True,0.8111024498939514,True,0.8291766047477722,True,0.7866888046264648,True
Sir ond compeny yalli kelsa madidra gov employes labor officer bookmadkond laber ge 5000 salry kotre employe mane  est kasta alva. yava gov sarilla sir nav egga comment madkondu saibeku aste,high,Negative,v4,distress,0.0031496286392211914,False,0.8448481559753418,True,0.0023230910301208496,False,0.8257626891136169,True
Anna super agi edit madidiya,high,Positive,v4,not-distress,0.7948958277702332,True,0.7948958277702332,True,0.7948958277702332,True,0.7867614030838013,True
Remake movie ansthe,high,Negative,v4,not-distress,0.7866631746292114,True,0.7866631746292114,True,0.7866631746292114,True,0.7767660021781921,True
ಸೂಪರ್ ಗುರು vp voice ultimate,high,Positive,v4,not-distress,0.7869380116462708,True,0.7869380116462708,True,0.7869380116462708,True,0.776972770690918,True
En song guru fidha agode....Idhu charithre srustiso avatharaaa... Signature step shuruhachkoli inna..,high,Positive,v4,not-distress,0.02089005708694458,False,0.8388171792030334,True,0.003688216209411621,False,0.8095718026161194,True
Nimma customer reactionna video maadi youtube channel open maadi upload madi sir,high,Positive,v4,not-distress,0.05900698900222778,False,0.8072595000267029,True,0.02208024263381958,False,0.7675490379333496,True
Supr bro aadhh yen kannadaa aaadhh yen punch waaaaa supr bro,high,Positive,v4,not-distress,0.03728294372558594,False,0.8272832036018372,True,0.008940339088439941,False,0.80143141746521,True
Sir nivu news helida hage heltiri sir,high,Negative,v4,distress,0.04817700386047363,False,0.0,False,0.04935580492019653,False,0.8009383082389832,True
Genuine information nimdhu,high,Positive,v4,not-distress,0.7948790788650513,True,0.7948790788650513,True,0.7948790788650513,True,0.7766152620315552,True
@chetan kumarab guru ve.... aha comment maddhavn hesru nodo....nanalla kano,high,Mixed feelings,v4,distress,0.11001938581466675,False,0.8797395825386047,True,0.005049645900726318,False,0.7986859679222107,True
jana theatre ge bandilla aadrinda collection kadime aagide,high,Mixed feelings,v4,distress,0.11164426803588867,False,0.8056828379631042,True,0.04573333263397217,False,0.8127688765525818,True
Guru China rajakiya vyavaste bagge video madi,high,Positive,v4,not-distress,0.8084160089492798,True,0.8012022376060486,True,0.8084160089492798,True,0.0,False
D bosss fans kade inda all the best prajju,high,Positive,v4,not-distress,0.1084740161895752,False,0.7949001789093018,True,0.02103245258331299,False,0.7765987515449524,True
Bindu gowda ge super agi ugididdeera,high,Negative,v4,not-distress,0.8250330686569214,True,0.8071964979171753,True,0.8250330686569214,True,0.7642167210578918,True
Yes hange kick kodta hogutte.. ಒಳ್ಳೆ synch ಮಾಡಿದ್ದಾರೆ..,high,Positive,v4,not-distress,0.832745373249054,True,0.8192620277404785,True,0.832745373249054,True,0.8015919327735901,True
Kannada promotion beda.. Kannadigaru nimmana gellistare,high,Positive,v4,not-distress,0.8293684124946594,True,0.8193770051002502,True,0.013441503047943115,False,0.0,False
Modalu prana mukya amele cinema... Plz don't lose hope DIYA chitratanda.... Wait for time,high,Mixed feelings,v4,distress,0.8941312432289124,True,0.8638352155685425,True,0.026037752628326416,False,0.0,False
Hand up bro.... super agide bro Namma Kannada movie adre sumanena,high,Positive,v4,not-distress,0.03027033805847168,False,0.8195497393608093,True,0.00789564847946167,False,0.7767744064331055,True
Supper  p boss... Yar unlike madidhare nodi.. urkondu saytor anta,high,Negative,v4,not-distress,0.6903576850891113,True,0.821941614151001,True,0.6903576850891113,True,0.7947815656661987,True
Bro tik tok tirga bandida bro nijvagluindia dali,high,Mixed feelings,v4,distress,0.881737470626831,True,0.840337872505188,True,0.881737470626831,True,0.0,False
Edu yav game sir..,high,Mixed feelings,v4,distress,0.8106763362884521,True,0.8106763362884521,True,0.15323656797409058,False,0.7986234426498413,True
D boss movie henge irli fans hatrikk maadtare pakka,high,Positive,v4,distress,0.6300188302993774,True,0.0,False,-0.23388773202896118,False,0.0,False
Dina 7-8  sala song kelisikontini.,high,Positive,v4,not-distress,0.8216484189033508,True,0.8216484189033508,True,0.8216484189033508,True,0.7949267625808716,True
ಹತ್ತು ವರ್ಷ strict  president rule ಬರಬೇಕು.,high,Mixed feelings,v4,distress,0.16594558954238892,False,0.8129709362983704,True,0.09161931276321411,False,0.7979956865310669,True
Enta song guru idu super,high,Positive,v4,not-distress,0.7869126200675964,True,0.7869126200675964,True,0.09848916530609131,False,0.7769537568092346,True
Tuu avr sentiment na touch madi kaan neer haksi adana cover photo madi view tagotira,high,Negative,v4,distress,0.01652514934539795,False,0.0,False,0.8845908045768738,True,0.7660143375396729,True
Kannada film industry indialle no 1 agutte,high,Positive,v4,not-distress,0.8098621964454651,True,0.7935885787010193,True,0.8098621964454651,True,0.7752948999404907,True
Guru namaskara ennu chennagi tale dhengu.sonu Gowda bin*** Gowda evarge ennu tale li brain Ella anusutte,high,Positive,v4,not-distress,0.8444983959197998,True,0.8194108605384827,True,0.8444983959197998,True,0.7765840291976929,True
Boss jote yaar chennagirtaro avrigella nam d boss fans yavaglu support made madtare alva bro,high,Positive,v4,not-distress,0.02202242612838745,False,0.82453453540802,True,0.8405160903930664,True,0.7867631316184998,True
10 dubbing movie barudakkintha 1 e thara movie bandare sakku.,high,Positive,v4,distress,0.8852226734161377,True,0.6378228664398193,True,0.8852226734161377,True,0.8357445597648621,True
Well said part 2 madu chinna.. chanagide,high,Positive,v4,not-distress,0.8159695267677307,True,0.8071282505989075,True,0.8159695267677307,True,0.7850137948989868,True
E song Alli dislike mado antadu enide,high,Negative,v4,distress,0.10223263502120972,False,0.8448744416236877,True,0.03767383098602295,False,0.7996009588241577,True
Yarella e hadige edict agidira like Madi,high,Positive,v4,distress,0.8686779141426086,True,0.8521564602851868,True,0.03396964073181152,False,0.8001900315284729,True
Crazy  guru ninu,high,Mixed feelings,v4,not-distress,0.7644185423851013,True,0.7644185423851013,True,0.7644185423851013,True,0.7644185423851013,True
En guru edu song super,high,Positive,v4,not-distress,0.7768892645835876,True,0.7768892645835876,True,0.7768892645835876,True,0.7768892645835876,True
I feel jasti bitta kottri... Bari  lyrical video sakagittu,high,Negative,v4,distress,0.030346453189849854,False,0.0,False,0.005104184150695801,False,0.0,False
Lo gube don't compare anyone yellaru namma kannada super star,high,Negative,v4,distress,-0.04987531900405884,False,0.749011754989624,True,0.25849997997283936,False,0.7750476598739624,True
Bgm super ide ಶೆಟ್ರೇ,high,Positive,v4,not-distress,0.795009970664978,True,0.795009970664978,True,0.795009970664978,True,0.7867527008056641,True
Super agi helidiya guru,high,Positive,v4,not-distress,0.7868747115135193,True,0.7868747115135193,True,0.7868747115135193,True,0.7769376039505005,True
Kannada industry is next level ivaga yaru alladsak agalla Kannada industry na,high,Positive,v4,not-distress,0.8312305212020874,True,0.807220995426178,True,0.8312305212020874,True,0.7948310375213623,True
Waaa Super super Rakshit sir And ajaneesh lokanaath Anna Music super,high,Positive,v4,not-distress,0.05371391773223877,False,0.8195392489433289,True,0.018673598766326904,False,0.7868996858596802,True
Rakshith Shetty fans ondu like kodi nn,high,Positive,v4,not-distress,0.8119722008705139,True,0.8017517328262329,True,0.8119722008705139,True,0.8017474412918091,True
Dia nan recent aagi nodiro moviegalalli Adbutha,high,Positive,v4,distress,0.06334656476974487,False,0.799087643623352,True,-0.021398961544036865,False,0.0,False
Guru super.... Evarige chenaag ittidiyaa,high,Positive,v4,not-distress,0.8274266123771667,True,0.8274266123771667,True,0.8274266123771667,True,0.7867593765258789,True
Please ಇನ್ನೊಂದು ಸಾರಿ re release Maadi.,high,Positive,v4,not-distress,0.8002649545669556,True,0.7945682406425476,True,0.8002649545669556,True,0.7733764052391052,True
Trailer nalle full story gottagbidttu...trailer bere tara try madbekittu,high,Negative,v4,distress,0.1258605718612671,False,0.8765980005264282,True,0.12051677703857422,False,0.0,False
Guru ninge naanu Dodda fan,high,Positive,v4,not-distress,0.7942923903465271,True,0.7942923903465271,True,0.7942923903465271,True,0.7850201725959778,True
Howdu bro app uninstall madudrea avrig amount hogodu kamiagutea plzzzzz uninstall Madi beavarce appp Adu thuuuuu,high,Negative,v4,distress,0.9106485843658447,True,0.8686779737472534,True,0.003299534320831299,False,0.8194607496261597,True
Guru ninu super,high,Positive,v4,not-distress,0.7645626068115234,True,0.7645626068115234,True,0.7645626068115234,True,0.7645626068115234,True
Jeevana banda haage accept madtha sagtidira wish you good luck,high,Positive,v4,not-distress,0.03769218921661377,False,0.8072817921638489,True,0.013488709926605225,False,0.7756519317626953,True
Togari tippa super star,high,Positive,v4,not-distress,0.7867221236228943,True,0.7867221236228943,True,0.7867221236228943,True,0.7768571972846985,True
Ee song ond hava start madutee ansidrey like madi,high,Positive,v4,not-distress,0.8293555378913879,True,0.8014136552810669,True,0.013661682605743408,False,0.0,False
KGF chaffer 2 beda bare baku,high,Positive,v4,distress,0.1568503975868225,False,0.8446215391159058,True,0.052413225173950195,False,0.8002376556396484,True
Offter long back coming see Kannada cinema...........New multitalented shankaranna............kannadada gandu,high,Positive,v4,not-distress,0.8485798239707947,True,0.8460779190063477,True,0.02441251277923584,False,0.8415002226829529,True
sr u r great sr nimage Kannada chitrarangadalli avakashagalu sigalli sr sudeep sr darashan sr mattu yesh sr plz yella Kannada hirogalu nim pilimagalalli avakashagalu  kudri plz plz plz  plz plz,high,Positive,v4,not-distress,0.004001498222351074,False,0.8311761617660522,True,0.0020415782928466797,False,0.811970055103302,True
Super Anna nija anna,high,Positive,v4,not-distress,0.7768970727920532,True,0.7768970727920532,True,0.7768970727920532,True,0.7768970727920532,True
Lo remake alla antha hekde tane,high,Negative,v4,distress,0.14037716388702393,False,0.8363515734672546,True,0.06992733478546143,False,0.8001258969306946,True
Sir nange ashwath sir andre praana..nan appana hage iddru.. avranna kalkonda dukka tumbaa ide nange..and I respect u tooo sir...god bless u sir..,high,Positive,v4,not-distress,0.00580441951751709,False,0.8311711549758911,True,0.003990650177001953,False,0.8253052234649658,True
Super Kannada  song  mach nanu avane   Kannada,high,Positive,v4,not-distress,0.812099039554596,True,0.8017815351486206,True,0.812099039554596,True,0.7869408130645752,True
Bro z news(Hindi) channel Alli nodi,high,Positive,v4,not-distress,0.8096522688865662,True,0.7789739966392517,True,0.8096522688865662,True,0.0,False
Bari prayojanake barada films nododu Facebook YouTube li comments hodiyodu...yaavalo hudugi siktale anta instagram li search madodo ede Indians hanebaraha dhesha uddara hada hage ayyo,high,Negative,v4,distress,0.008796513080596924,False,0.8877992033958435,True,0.002706468105316162,False,0.8256658911705017,True
Rashmika haters like madi,high,Negative,v4,distress,0.8221267461776733,True,0.8221267461776733,True,0.060813724994659424,False,0.8001622557640076,True
An anna nivu super bidi anna nivu,high,Positive,v4,not-distress,0.8017287850379944,True,0.8017287850379944,True,0.8017287850379944,True,0.7868804335594177,True
Nanu 2 weaks ninda huccha agbitidini boss song ge fiddha agbitidini,high,Positive,v4,not-distress,0.8367411494255066,True,0.8272937536239624,True,0.8367411494255066,True,0.0,False
howdu first time keldaga nangu ok anstu bt ega kelbeku anstide and sakkath dance moves,high,Positive,v4,not-distress,0.8420929312705994,True,0.8016110062599182,True,0.008050382137298584,False,0.0,False
ಗುರು ಮೂವಿ ನ re release madri.... Entha kannda film na support madlilla andre. Kannada ದಲ್ಲಿ ಮೀಡಿಯಾ Yak beku. Bhari avru trp koskara... Nam ಭಾಷೆ use madkondu ಬೇರೆ ಭಾಷೆ. ಫಿಲ್ಮ್ ಬಗ್ಗೆ. ತೋರಿಸುತ್ತಾರೆ.... Shame on kannda media..... But this film was. Heart touching,high,Mixed feelings,v4,distress,0.0045403242111206055,False,0.8446811437606812,True,0.0029683709144592285,False,0.0,False
Aa hudgi bandaga iro music nice,high,Positive,v4,not-distress,0.8161007165908813,True,0.8073385953903198,True,0.0667273998260498,False,0.776850700378418,True
@Avinashdada kichcha sari bidu nimamman kalsu keydu ningobba chik balegaran hutsi kalsthivi avnu nim bale serskondu ella ottige Kai thattivranthe signal alli enanthira bale pans now bale pans reaction hakro steppu,high,Negative,v4,distress,0.003554224967956543,False,0.8730519413948059,True,0.000763237476348877,False,0.8001354932785034,True
Idu Fantasy Film tara kantide alva?,high,Negative,v4,distress,-0.13805228471755981,False,0.0,False,-0.2018539309501648,False,0.0,False
@Harshan Maddy  kannada kke  nimma importance idre kushi ne,high,Positive,v4,not-distress,0.7956795692443848,True,0.7998490929603577,True,-0.011965453624725342,False,0.6731624007225037,True
@Royal Rumble story ge ee song relevantag idya...nEe song bekagitta anta...,high,Positive,v4,not-distress,0.02474498748779297,False,0.8273440003395081,True,0.8412600755691528,True,0.7837428450584412,True
@TROLL MONSTER_KANNADA nD boob's beleyodanna nodi urakotidaranDagar fan namma BØSS beleyodanna nodi nimm gandu darshan ne urakondiddu......,high,Negative,v4,distress,0.9151275157928467,True,0.9059539437294006,True,0.002301037311553955,False,0.8228605389595032,True
Hands up anta kottaddu yella language li onde title irli anta...yar opputtiri  illi like madi...,high,Positive,v4,not-distress,0.844471275806427,True,0.8223737478256226,True,0.844471275806427,True,0.8066462278366089,True
Nan yavathu youtube video na like kuda madila but comment madidini so.....,high,Positive,v4,distress,0.02245199680328369,False,0.8143863081932068,True,0.012073159217834473,False,0.7997980713844299,True
Nivu. Helodu sari china app ban agalebeku,high,Positive,v4,not-distress,0.8220071196556091,True,0.8073007464408875,True,0.8220071196556091,True,0.0,False
Nijavaaglu adbhutha film plz encourage Kannada movie,high,Positive,v4,not-distress,0.8224639892578125,True,0.8118938207626343,True,0.021748781204223633,False,0.7867685556411743,True
Erbahudu please support maadi ea rakshit sitting sir genRashmikage hotte uribeku nodi,high,Negative,v4,not-distress,0.021051108837127686,False,0.8224496245384216,True,0.005592644214630127,False,0.7945846915245056,True
First India na America ke compare madtidru alli hangide ingide anta ivaga. India na China compare madtavre nnNav bari compare madtivi vartu namunyaru compare modo hage hogalla,high,Negative,v4,distress,0.006909668445587158,False,0.8630606532096863,True,0.0021882057189941406,False,0.8143728375434875,True
Supper pa ........ Continue the work. ...  Tiktok videos nodi nodi thale kettogithu.............jai modi jai jai modi......,high,Positive,v4,not-distress,0.8484432697296143,True,0.8119214773178101,True,0.8484432697296143,True,0.7767072916030884,True
ತುಂಬಾನೇ feel ಅಗ್ತಿದೆ,high,Positive,v4,not-distress,0.793676495552063,True,0.793676495552063,True,0.793676495552063,True,0.7767613530158997,True
Fan war shuru madbeda guru,high,Negative,v4,distress,0.8260722160339355,True,0.8260722160339355,True,0.1153864860534668,False,0.7997596859931946,True
Hands up kannadigaru🤚,high,Mixed feelings,v4,distress,0.7624239325523376,True,0.7624239325523376,True,0.7624239325523376,True,0.7624239325523376,True
Nijavada hero andre evare,high,Positive,v4,not-distress,0.8008820414543152,True,0.8008820414543152,True,0.8008820414543152,True,0.0,False
javari tippa superb ri,high,Positive,v4,not-distress,0.7868073582649231,True,0.7868073582649231,True,0.7868073582649231,True,0.0,False
Full roast madiddiya e somberigalige,high,Positive,v4,not-distress,0.8119582533836365,True,0.8119582533836365,True,0.8119582533836365,True,0.7774178981781006,True
Idu yava game bro,high,Mixed feelings,v4,not-distress,0.7905699610710144,True,0.7905699610710144,True,0.7905699610710144,True,0.0,False
Chindi Song guru,high,Negative,v4,not-distress,0.762900173664093,True,0.762900173664093,True,0.762900173664093,True,0.762900173664093,True
Boss nin vedio na use madkola roposo nalli post madtini pls bro,high,Positive,v4,distress,0.8878346681594849,True,0.83626788854599,True,0.8878346681594849,True,0.814425528049469,True
@Arun Jaanu summne reply haki yak war madshtiya,high,Mixed feelings,v4,distress,0.11413854360580444,False,0.8639000654220581,True,0.02448415756225586,False,0.7997004389762878,True
By mistakly nimma ondu video nodi subscribe agbitte  keep it up bro,high,Mixed feelings,v4,not-distress,0.8340718150138855,True,0.8159974217414856,True,0.013427972793579102,False,0.7887823581695557,True
Ond ond film ge koti koti togotira.. ellide sir nim manaviyate.. help maadi sir evrige.. samanyadavru alla evru ashwath avr maga. Kannada industry ge hemmeya actor kanri.. punith sir neeve barbeku.. shivanna.. neevadru help maadi. Esht movie li Nim Appa ji avrge appa'n role madiddu evra appa'avr. Marebedi sir,high,Mixed feelings,v4,distress,0.0008134245872497559,False,0.0,False,0.0007464289665222168,False,0.0,False
Pakka full gicchi gilili song... En song pa benki aiti.... Pakka ella record nu muriteti  .... Jai Karnataka,high,Positive,v4,not-distress,0.004987359046936035,False,0.8109964728355408,True,0.0034332275390625,False,0.8072710037231445,True
devare devare devare devare shivane tandheye appane nivu super super duper mind blowing hero forever forever,high,Mixed feelings,v4,not-distress,0.0862690806388855,False,0.8073723912239075,True,0.07026070356369019,False,0.7768993973731995,True
Film suprrrrrr agi ede full clean film,high,Positive,v4,not-distress,0.8194984793663025,True,0.8073245286941528,True,0.8194984793663025,True,0.7868120074272156,True
Shetru birthday party dina haadiro haadu aawaginindaa wait maadtide.....,high,Positive,v4,distress,0.8960266709327698,True,0.885265052318573,True,0.011730551719665527,False,0.7488820552825928,True
D Boss fans ಕಡೆಯಿಂದ ಆಲ್ di best,high,Positive,v4,not-distress,0.7945399284362793,True,0.7767995595932007,True,0.7945399284362793,True,0.776326596736908,True
Movie nodilla andre nimagu “ HANDS UP !!!!!”,high,Negative,v4,not-distress,0.08048504590988159,False,0.6085015535354614,True,0.7038366794586182,True,0.735680341720581,True
Dislike madidavar rashmika fans irbek,high,Negative,v4,distress,0.8639514446258545,True,0.8639514446258545,True,0.041251301765441895,False,0.8002452850341797,True
Tik talkgintha nivu mado roast  best guru,high,Positive,v4,not-distress,0.07006561756134033,False,0.7902763485908508,True,0.8194061517715454,True,0.7864245772361755,True
Instagram fallow back kodi Nev obre alla eradu,high,Negative,v4,distress,0.07026702165603638,False,0.8308589458465576,True,0.8631258606910706,True,0.8142838478088379,True
Varshkond beda pa nidanake ne agli ee tara olle movie kotre saaku,high,Positive,v4,distress,0.8440435528755188,True,0.838543176651001,True,0.0020924806594848633,False,0.7992324829101562,True
Bro na tiktok use madath idila but ivga tiktok installed madi  single star rating kotu uninstall madini,high,Positive,v4,distress,0.021458864212036133,False,0.8584263920783997,True,0.007719755172729492,False,0.0,False
ಯುದ್ಧ ಮಾಡಬೇಕು  ಓದಬಾರದು ಕಟುಕರ ಮುಂದೆ ಭಗವದ್ಗೀತೆ nAnd recently we can relate it to priyankareddycase,high,Negative,v4,distress,0.8649449348449707,True,0.8571286797523499,True,0.8649449348449707,True,0.7597509622573853,True
What a music ... nWhat a lyric...nWhat a choreography.... nWhat a camera working......nTotally awesome ... nನಿಜಕ್ಕೂ ಇದು ಚರಿತ್ರೆ ಸೃಷ್ಟಿಸೋ ಅವತಾರ... nಅಜನೀಶ್ ಗುರುಗಳೇ ನಿಮಗೊಂದು ಸಲಾಂ...nರಕ್ಷಿತ್ ಶೆಟ್ರೆ ಒಳ್ಳೇದಾಗಲಿ ..nಮೂರು ವರ್ಷ ಪಟ್ಟ ಶ್ರಮ ಫಲಕೊಡುವಂತಾಗಲಿ..... All the best to you sir,high,Positive,v4,not-distress,0.0028191208839416504,False,0.8482217788696289,True,0.0008324384689331055,False,0.8116254210472107,True
1.6k people are not liking this....innna en beko maaraya nimga ...,high,Negative,v4,distress,0.22144436836242676,False,0.8799079656600952,True,0.022743284702301025,False,0.8574791550636292,True
Hindi yalli innu song reales madilla yake,high,Negative,v4,not-distress,0.746552050113678,True,0.7861083149909973,True,0.746552050113678,True,0.7863658666610718,True
Sari nivu video na roast madi adre madvaga pubg atava free fire games hakondo madbedi a games kooda Chinese,high,Negative,v4,distress,0.016649961471557617,False,0.8639370799064636,True,0.005048155784606934,False,0.7649496793746948,True
@Manoj Kolya Neenobne heege heltirodna naan Keliddu.. Watch his Trailer and Teasers first,high,Mixed feelings,v4,distress,0.9010671377182007,True,0.8583767414093018,True,0.010241329669952393,False,0.8142021298408508,True
Superb pakka pan India movie aguthe,high,Positive,v4,not-distress,0.812025785446167,True,0.8073189854621887,True,0.812025785446167,True,0.7868402600288391,True
Ondu varshakke 3 movie tegyodu dod'dalla mattu adralli ondu movie li hit kottu innerdu movie li flop adavara  jothe hudugi hodi hogodalla... 3 varshakke ondu super hit kottu avra personality ge dakke tarde hodre adunne success antha helboudu.... That is Rakshit Shetty.... Love u bro... Olle time ittu ansutte innu olle hudugi sigli nimge.... Haagodella holledakkenIndirect yake helodu direct agi Rashmika ge heliddu idu...🤷‍,high,Positive,v4,distress,0.00010865926742553711,False,0.0,False,0.003088057041168213,False,0.8964663743972778,True
Anna game yavdu,high,Mixed feelings,v4,distress,0.7830941081047058,True,0.7830941081047058,True,0.7830941081047058,True,0.7830941081047058,True
ಕಿಚ್ಚ ಸುದೀಪ್ ಅಭಿಮಾನಿಗಳು ವತಿಯಿಂದ  All the best,high,Positive,v4,not-distress,0.8017080426216125,True,0.7868534326553345,True,0.0529596209526062,False,0.7761799693107605,True
Dislike madidavaru dagar rashimka fans,high,Negative,v4,distress,0.858476996421814,True,0.858476996421814,True,0.044469475746154785,False,0.8002889752388,True
Aagle tv li haaaktidaaralla guru.....,high,Negative,v4,distress,0.8796324729919434,True,0.8796324729919434,True,0.02161109447479248,False,0.7992449402809143,True
Super Comedy togari tippa,high,Positive,v4,not-distress,0.7868603467941284,True,0.7868603467941284,True,0.7868603467941284,True,0.7768694758415222,True
Signature stepge kaasu....Adakkentha theatre hogthini...,high,Positive,v4,not-distress,0.8350328207015991,True,0.8350328207015991,True,0.8350328207015991,True,0.8014723062515259,True
Sir albede life enjoy madbedi Mahabharata odi,high,Positive,v4,not-distress,0.8173515200614929,True,0.7946086525917053,True,0.8173515200614929,True,0.7765207290649414,True
@Creative Kannadiga haa bro...nange seetara ista ...avl videos roast maadbedi plzzz,high,Positive,v4,not-distress,0.02037268877029419,False,0.8323310613632202,True,0.01791536808013916,False,0.0,False
Worst movie. artane illa. 1 concept kuda illa.,high,Negative,v4,distress,0.1510496735572815,False,0.8632775545120239,True,0.10586017370223999,False,0.8357934355735779,True
Mumbai alli release madi,high,Mixed feelings,v4,not-distress,0.7561652660369873,True,0.7561652660369873,True,0.7561652660369873,True,0.7561652660369873,True
Sara super Nivu devara tara yallaratara duddide shinamadavaratra nimmatra holleya manasidde sara,high,Positive,v4,not-distress,0.8428816199302673,True,0.8161026239395142,True,0.8428816199302673,True,0.7868877053260803,True
Bro Ten minutes + video madi bro niuo mado video na nodta edre nodtane erbeku anisutte,high,Positive,v4,not-distress,0.8420921564102173,True,0.8069865107536316,True,0.8420921564102173,True,0.7810924053192139,True
Super Film sir account number kodi amount hakabeku nijavgalu,high,Positive,v4,not-distress,0.01862412691116333,False,0.7767414450645447,True,0.8251525163650513,True,0.7950345277786255,True
Hands up  with ಅವನೇ ಶ್ರೀಮನ್ನಾರಾಯಣ,high,Mixed feelings,v4,distress,0.8248539566993713,True,0.8248539566993713,True,0.08805727958679199,False,0.7994112372398376,True
Thandage thakka maga mado kelsa hemmenda madi all the best,high,Positive,v4,not-distress,0.8131017088890076,True,0.8008923530578613,True,0.8131017088890076,True,0.7710739970207214,True
Sir nimna devru yavaglu chenagottirli sir,high,Positive,v4,not-distress,0.8222633600234985,True,0.8119000196456909,True,0.8222633600234985,True,0.0,False
@Dhananjay Kinyaje yen promotion madtare ivaru. Bengaluru bittu yelladru hogtara promotion madakke?nTamil,high,Negative,v4,distress,0.05478084087371826,False,0.8918575644493103,True,0.007634282112121582,False,0.7569555640220642,True
Super bro nim matalli satya ide,high,Positive,v4,not-distress,0.8073372840881348,True,0.7950411438941956,True,0.8073372840881348,True,0.7868461012840271,True
Bro nim editing spr nan nim videos fan e video Dali heliro song matrA spr,high,Positive,v4,not-distress,0.8396198749542236,True,0.819489598274231,True,0.05420476198196411,False,0.0,False
BoLi Maklu ee tara videos nu dislike maadtare,high,Negative,v4,distress,0.11805129051208496,False,0.8687326908111572,True,0.021613717079162598,False,0.8000378608703613,True
@Ashwini CP pls movie nodi. Ondu olle movie na mis madkolbedi.,high,Positive,v4,distress,0.059776127338409424,False,0.8765982389450073,True,0.012496590614318848,False,0.8002426028251648,True
En chindi bgm guru sakkath....Jai ASN... from Appu abhimani,high,Positive,v4,not-distress,0.8397953510284424,True,0.8343390226364136,True,0.014759242534637451,False,0.8159759640693665,True
Chennagide eno suspense ide,high,Positive,v4,not-distress,0.8016971945762634,True,0.8016971945762634,True,0.8016971945762634,True,0.7632845640182495,True
Nijvaglu  bro... Nangu same hange ansbidtu.. Avrdu google pay number iddidre nane ond ticket duddu kotbidana ansbidtu... Nam oor theater alli e film halle illa..,high,Negative,v4,distress,0.9162696599960327,True,0.8765309453010559,True,0.0026255249977111816,False,0.0,False
Benki music..yarappa dislike madirodu.... mostly rasmika mandana fans irbeku...n🤭🤭🤣🤣🤣🤣songe he inge in movie nodudre...aste,high,Negative,v4,distress,0.04292404651641846,False,0.8764227628707886,True,0.0031505227088928223,False,0.0,False
Nannu nimma fan sir,high,Positive,v4,not-distress,0.7867677211761475,True,0.7867677211761475,True,0.2255426049232483,False,0.7768315076828003,True
Asn film nodoru like maadi,high,Positive,v4,not-distress,0.8073444366455078,True,0.8073444366455078,True,0.04335671663284302,False,0.7766168117523193,True
Very nice togari tippa story,high,Positive,v4,not-distress,0.7947386503219604,True,0.7947386503219604,True,0.06684952974319458,False,0.7767316699028015,True
Guru chaines apps yavyavu antha ondhu list kodi avna nam mobile ali instal madala,high,Negative,v4,distress,0.8952811360359192,True,0.8520965576171875,True,0.009933292865753174,False,0.8001094460487366,True
AvaneSrimannarayana du background music BGM release madi sir,high,Positive,v4,not-distress,0.8248746991157532,True,0.8118102550506592,True,0.019685447216033936,False,0.7890295386314392,True
Superbb movie osm evthu movie nodied super,high,Positive,v4,not-distress,0.8195161819458008,True,0.8120906352996826,True,0.02506232261657715,False,0.7950248122215271,True
Song is super.. But innu swalp fast madiddare sakattagirodu,high,Negative,v4,not-distress,0.06284099817276001,False,0.8160560131072998,True,0.8249281048774719,True,0.7765414714813232,True
Sakat  agide song music,high,Positive,v4,not-distress,0.7868779301643372,True,0.7868779301643372,True,0.7868779301643372,True,0.7644897103309631,True
@Its Paramatma lo Gaandu Suvvar sumne iru...neen heldidh takshana nan opinion change agalla...,high,Negative,v4,distress,0.036640822887420654,False,0.8765628337860107,True,0.004993140697479248,False,0.8137531876564026,True
Yelru mobile nalli nodidare theater hogi nodrapoa plz,high,Mixed feelings,v4,distress,0.05223798751831055,False,0.0,False,0.034348368644714355,False,0.7991513609886169,True
Louda cinema director pyscho channagiro cinema ending allii haal mad da,high,Negative,v4,distress,0.8854277729988098,True,0.8498742580413818,True,0.016788482666015625,False,0.0,False
Madolla because promotion asten madilla making kgf ginta dull ede,high,Negative,v4,distress,0.06918191909790039,False,0.8584467768669128,True,0.8828364610671997,True,0.8361759781837463,True
Disappoint agide song keli Ishtu hype kottu song bidbardu,high,Negative,v4,not-distress,0.110714852809906,False,0.8195334076881409,True,0.8327562808990479,True,0.0,False
12 dislikes by gandu nanmakalu,high,Negative,v4,distress,0.8521365523338318,True,0.8521365523338318,True,0.05749785900115967,False,0.8001824021339417,True
Estu sari nodudru samadhana aagthilla.... Awesome song,high,Positive,v4,not-distress,0.831270694732666,True,0.8251428008079529,True,0.012432873249053955,False,0.794752836227417,True
Ee song ge dislike yakro madtira istond chanagide making,high,Mixed feelings,v4,distress,0.06525629758834839,False,0.8462386727333069,True,0.8795787692070007,True,0.8002331256866455,True
Waiting for the film.....ನೋಡಲು ಕಾತುರನಾಗಿದ್ದೇನೆ,high,Positive,v4,not-distress,0.8271284699440002,True,0.8271284699440002,True,0.015503108501434326,False,0.7707714438438416,True
D Boss abimanigala kadeyinda avne srimannarayana chitrakke all the best,high,Positive,v4,not-distress,0.07045775651931763,False,0.7986384034156799,True,0.8355851173400879,True,0.7762084603309631,True
KGF 2 songs bartave with bang bang BGMs.,high,Positive,v4,not-distress,0.8239571452140808,True,0.8012565970420837,True,0.024467527866363525,False,0.7550979852676392,True
Entha movie multi language barbeku,high,Positive,v4,not-distress,0.7949287295341492,True,0.7949287295341492,True,0.07531708478927612,False,0.775324821472168,True
Kelv bvc galu ..nam India dalli eddare Anna...a bvc galu chna ap use madthare anna,high,Negative,v4,distress,-0.14474695920944214,False,0.0,False,-0.1361655592918396,False,0.8484460115432739,True
@Poojari Avinash pls nivelru movie na promote madi. Insta & fb alli promote madi,high,Positive,v4,distress,0.8806005716323853,True,0.719092845916748,True,-0.007162272930145264,False,0.0,False
smile madalu nodi joking vdo,high,Positive,v4,not-distress,0.80122309923172,True,0.80122309923172,True,0.80122309923172,True,0.7766031622886658,True
Yaro guru ninu super,high,Positive,v4,not-distress,0.78681480884552,True,0.78681480884552,True,0.78681480884552,True,0.7763102054595947,True
Yen  comedy guru  gulaab jamunu,high,Positive,v4,not-distress,0.7931921482086182,True,0.7931921482086182,True,0.7931921482086182,True,0.7780137658119202,True
First adu yava app anta tilkolo g m n,high,Negative,v4,distress,0.08491218090057373,False,0.8435447216033936,True,0.3171197772026062,False,0.8000927567481995,True
Na gentleman tiktok banu  super guru,high,Positive,v4,not-distress,0.2388058304786682,False,0.7949637174606323,True,0.8073329329490662,True,0.786780595779419,True
Enu guru song saktha kick kodtha edae..super ASN,high,Positive,v4,not-distress,0.8328953385353088,True,0.825167179107666,True,0.012299656867980957,False,0.7769483327865601,True
Great sir nivu,high,Positive,v4,not-distress,0.7487822771072388,True,0.7487822771072388,True,0.7487822771072388,True,0.7487822771072388,True
Anna nevu super,high,Positive,v4,not-distress,0.7645276784896851,True,0.7645276784896851,True,0.7645276784896851,True,0.7645276784896851,True
One time ge songe artha agolla. . Pakka bt kelbeku ennond sari ansatte. . .,high,Positive,v4,not-distress,0.01432102918624878,False,0.8148471713066101,True,0.00447845458984375,False,0.7496504187583923,True
idu charithre srishtisuva comment guru..,high,Positive,v4,not-distress,0.8194316029548645,True,0.8194316029548645,True,0.018754541873931885,False,0.7850368022918701,True
Move chenagi irli hero ge olledagli  tumbane kasta padta I dareP,high,Positive,v4,not-distress,0.8370160460472107,True,0.8194903135299683,True,0.8370160460472107,True,0.7768844366073608,True
Sir kfi ha kochkondu ogtayda.,high,Negative,v4,distress,0.858058512210846,True,0.858058512210846,True,0.08021944761276245,False,0.8002150654792786,True
Togari tippa keli tumba santosh ayita matte old is gold antaralll adu nija ayita,high,Positive,v4,not-distress,0.837250828742981,True,0.7865229845046997,True,0.837250828742981,True,0.775912880897522,True
Re release madi,high,Positive,v4,not-distress,0.7481517195701599,True,0.7481517195701599,True,0.7481517195701599,True,0.7481517195701599,True
Vijayprakash sir yavagin haage the bestbut malayalam version voice maathra sakkatth ista aythu,high,Negative,v4,not-distress,0.8395675420761108,True,0.812028169631958,True,0.8395675420761108,True,0.7938176989555359,True
Super hero prajval devraj I like I love hero but avara time sari ila adke avara movie hit agtila but ivarige vale director sigbeku benki hero prajval I love boss E cinema adru nimge success tandu kodali..devru idane munde nugta eri boss god bless you,high,Negative,v4,not-distress,0.7389175891876221,True,0.7949637770652771,True,0.7389175891876221,True,0.8120138645172119,True
E film kgf level ig erbhodu annoru like maadi adunnu meersbhodu annoru comment maadi ...,high,Positive,v4,not-distress,0.8439320921897888,True,0.8003792762756348,True,0.8439320921897888,True,0.0,False
Kerala antha helbedi bro. Adu kuda jathi na nodutte. Agi hechagi nodutte nan sutta muttalina example nalli heltha idini... I have many Malli frnds so,high,Positive,v4,not-distress,0.8495042324066162,True,0.0,False,0.8495042324066162,True,0.7750144004821777,True
Namma janagalige taste illa avrige fighting,high,Negative,v4,distress,0.8520594835281372,True,0.836252748966217,True,0.15310364961624146,False,0.8143749833106995,True
@AJITH S SHETTY appreciate madtaidane guru,high,Negative,v4,distress,0.16029489040374756,False,0.8664842247962952,True,0.013616383075714111,False,0.7723920345306396,True
Only d boss ok jai Kannada all movies hmmm kotigobba bittu hehehe,high,Negative,v4,not-distress,0.5208467841148376,True,0.6026047468185425,True,0.5208467841148376,True,0.0,False
Ee song nodtha eroru ennomme trailer nodi.....,high,Positive,v4,not-distress,0.8303407430648804,True,0.824404776096344,True,0.8303407430648804,True,0.8068748116493225,True
Anna nivu comedy agi madila Andru yene madidru entertaining agi eruthe  keep rocking,high,Positive,v4,not-distress,0.5284088253974915,True,0.8012451529502869,True,0.5284088253974915,True,0.7583073973655701,True
Anna thamma janpada super,high,Positive,v4,not-distress,0.7867321372032166,True,0.7867321372032166,True,0.7867321372032166,True,0.7768633961677551,True
Nin  video delete agolla bidu bro ninge nav support madtivi innu e tara videos na mattastu madu chaina bucket galige tale kediskobeda,high,Positive,v4,distress,0.009241700172424316,False,0.0,False,0.006486117839813232,False,0.8349693417549133,True
Chennagi ede song super,high,Positive,v4,not-distress,0.7950389385223389,True,0.7950389385223389,True,0.7950389385223389,True,0.7765173316001892,True
RSS avaru thumba danger. Avara bhagge ondu episode maadi sir,high,Negative,v4,distress,0.8761768341064453,True,0.7794173359870911,True,0.21686094999313354,False,0.8112400770187378,True
Promotion kammi aytu bro,high,Negative,v4,distress,0.8255075812339783,True,0.8255075812339783,True,0.09234148263931274,False,0.7999615669250488,True
Fan war bittu dhayvittu ee movie ge support madrappa nam kannada movie Hollywood level ge barli.,high,Positive,v4,not-distress,0.8395018577575684,True,0.7950149774551392,True,0.8395018577575684,True,0.7854785919189453,True
Wow hand's up 🤟  ಚರಿತ್ರೆ ಸೃಷ್ಟಿಸೊ ಅವತಾರ super,high,Positive,v4,not-distress,0.8160748481750488,True,0.7869359850883484,True,0.04251110553741455,False,0.7769739031791687,True
Dana alla ok,high,Negative,v4,distress,0.7832698822021484,True,0.7832698822021484,True,0.7832698822021484,True,0.7832698822021484,True
Nev helerodu tappe illa sir,high,Mixed feelings,v4,distress,0.8583595752716064,True,0.8583595752716064,True,0.044570863246917725,False,0.7992071509361267,True
super guru idhu actually chennagirodhu,high,Positive,v4,not-distress,0.8073404431343079,True,0.8073404431343079,True,0.8073404431343079,True,0.7768913507461548,True
Kannada industry nintirode Yash,high,Positive,v4,not-distress,0.7866380214691162,True,0.7866380214691162,True,0.7866380214691162,True,0.786736249923706,True
Yavano avnu sade nan maga tiktok eno kitthakide anthane.. Modlu tilkondu maathado... Bro next video aaa sade nan magan mele maadi...its  request plz bro.. And loved ur video,high,Negative,v4,distress,0.0038087964057922363,False,0.8686529994010925,True,0.001506209373474121,False,0.8143459558486938,True
Super guru.........ji kannadiga,high,Positive,v4,not-distress,0.8273338079452515,True,0.8273338079452515,True,0.0552939772605896,False,0.8117972612380981,True
Film hit ahagokai e tharadha song irbaiku,high,Positive,v4,not-distress,0.8224815726280212,True,0.8072644472122192,True,0.8224815726280212,True,0.7743327617645264,True
Thika urkondu dislike madbittidira already..nSuper song   #ASN .nNam Shettru steps anthu 🤩,high,Mixed feelings,v4,distress,-0.054128825664520264,False,0.7563872337341309,True,0.8154841065406799,True,0.8335637450218201,True
Marketing sariyaagi maadrappa istondu olle movie ge ingadre henge very imp marketing,high,Mixed feelings,v4,distress,0.893556535243988,True,0.8520327806472778,True,0.013743340969085693,False,0.8076404929161072,True
Rj naagraj naan bigg fan...neeu prathvi aadru naan nim Rj fan ...aadi age kushi aitu noodi ...film exlnt ee year supr move ...heroin sa acting exlnt . . whole team ....suprb,high,Positive,v4,not-distress,0.003344714641571045,False,0.83564293384552,True,0.004387080669403076,False,0.8392063975334167,True
Upendra tara ideas eroru PM,high,Mixed feelings,v4,distress,0.7761213183403015,True,0.7761213183403015,True,0.040813326835632324,False,0.0,False
@Nandi Parthasarathi nimma yashini boobs gojjekesari acting ge Oscar award fix,high,Negative,v4,distress,0.891506552696228,True,0.8578580617904663,True,0.891506552696228,True,0.80005943775177,True
Kannadada saaalugalu sakkatagiddave all the best natayana...,high,Positive,v4,not-distress,0.8356340527534485,True,0.8272736668586731,True,0.00827878713607788,False,0.7769160270690918,True
ಈ ಹಾಳಾದ ಕೋರೋನ ವೈರಸ್ ಬಂದು ದಿಯಾ ಲವ್ ಮಾಕಟೈಲ್ ಚಿತ್ರಗಳಿಗೆ ತುಂಬಾ ನಷ್ಟ ಉಂಟಾಗಿದೆ...but Don't worry u get best reviews.. All the best for ur nxt movies,high,Positive,v4,not-distress,-0.01616346836090088,False,0.8009005784988403,True,0.12113302946090698,False,0.8115442395210266,True
Sariyaaagi bydidira... Actually Olle Olle kelsa madidare app ban maadi.. I hate tik tok,high,Mixed feelings,v4,distress,0.02549445629119873,False,0.876595139503479,True,0.00774461030960083,False,0.8504258990287781,True
Kannada intha Telugu Alli song Chang idhe,high,Positive,v4,not-distress,0.8115350604057312,True,0.7942848801612854,True,0.8115350604057312,True,0.7863653302192688,True
Neevenu promotion maadilla andru Kannada dalli navu guarantee nodtivi........north Alli promote madrappa .......Valle market idae Alli enta films gae ........madrappa 50 crore plus  min collection agutte,high,Positive,v4,not-distress,0.06375014781951904,False,0.7946813106536865,True,0.008664488792419434,False,0.7849729061126709,True
Mast hadu super,high,Positive,v4,not-distress,0.7768219113349915,True,0.7768219113349915,True,0.7768219113349915,True,0.7768219113349915,True
Superrrrrrrr  agi heliya Anna tq u so mach video,high,Positive,v4,not-distress,0.8302181363105774,True,0.8158903121948242,True,0.8302181363105774,True,0.7769148945808411,True
Nim dhesh bakthi ge Sallut bro I like you,high,Positive,v4,not-distress,0.8273439407348633,True,0.807217538356781,True,0.01644611358642578,False,0.7858781814575195,True
No comments. Kambani kannadi iddanthe,high,Positive,v4,not-distress,0.8160154819488525,True,0.8160154819488525,True,0.03104984760284424,False,0.774639904499054,True
@Kiccha Vitthal papa bidu guru amele athbitre kashta attar flop ago movie ge support madtavre,high,Positive,v4,distress,0.01464623212814331,False,0.8406223058700562,True,0.007344245910644531,False,0.7992591857910156,True
En sir lyrics. Superb,high,Positive,v4,not-distress,0.7868799567222595,True,0.7868799567222595,True,0.7868799567222595,True,0.7768871784210205,True
Editing yar guru 🤩,high,Positive,v4,distress,0.7823938131332397,True,0.7823938131332397,True,0.7823938131332397,True,0.7823938131332397,True
Eli eddeli boss nim time bandide,high,Positive,v4,not-distress,0.8104133605957031,True,0.8068323731422424,True,0.8104133605957031,True,0.7768363356590271,True
15 days inda bari dia movie status akthaedini bro awesome movie bro,high,Positive,v4,not-distress,0.8327996730804443,True,0.8195487260818481,True,0.01748502254486084,False,0.794983446598053,True
Nin voice super anna continue instalgram rost rost,high,Positive,v4,not-distress,0.8224770426750183,True,0.8121128678321838,True,0.8224770426750183,True,0.7867719531059265,True
@ᴍᴏᴠɪᴇs sᴛᴜᴅɪᴏ yen bekaadru baiko....naan yaav hero blind fan alla.... nin thara....,high,Negative,v4,distress,0.13719677925109863,False,0.8878011107444763,True,0.006978332996368408,False,0.7988635897636414,True
Super  jai kiccha sudeep anna,high,Positive,v4,not-distress,0.7950301766395569,True,0.7950301766395569,True,0.09934341907501221,False,0.7769482135772705,True
Bega release madi sir... Hindi and other languages alli MASALA films na nodtidare jana ( actually khaali hoditide  ). E film annu release madi,high,Positive,v4,not-distress,0.8463863730430603,True,0.8073310256004333,True,0.8463863730430603,True,0.8006376624107361,True
super ತೊಗರಿ ತಿಪ್ಪ,high,Positive,v4,not-distress,0.7646105885505676,True,0.7646105885505676,True,0.7646105885505676,True,0.7646105885505676,True
Dislike madiroeu pakka Hollywood heroine fans,high,Negative,v4,distress,0.85835200548172,True,0.8446727395057678,True,0.85835200548172,True,0.8002187013626099,True
My favorite song in 2019 is Taaja samachara   ಸಾಹಿತ್ಯ ಪ್ರಿಯರೇ ಒಮ್ಮೆ ಈ ಹಾಡು ಕೇಳಿದ್ರೆ ಕೇಳ್ತಾನೆ ಇರ್ಬೇಕು ಅನ್ಸುತ್ತೆ....  Everybody watch this,high,Positive,v4,not-distress,0.0077784061431884766,False,0.7868384718894958,True,0.0041620731353759766,False,0.7768009901046753,True
En guru song nHowdoo huliyaaaa,high,Positive,v4,not-distress,0.8192875981330872,True,0.8192875981330872,True,0.8192875981330872,True,0.7764602899551392,True
@Praveen Kumar caste dog spotted bale pan yar nimammana dagar nau thane d boss fans nimammana dagar madiddu husharagi nodkoli thunne asege yar jotenadru odihodaalu 🤣🤪,high,Negative,v4,distress,0.011804342269897461,False,0.8898720145225525,True,0.0027692317962646484,False,0.7769884467124939,True
Nan sigapu manithan remake.,high,Negative,v4,not-distress,0.8052529096603394,True,0.8052529096603394,True,0.8052529096603394,True,0.785426139831543,True
Sir movie nodidini idhu.  Ithara film en chennagide sir..compare to love mocktail,high,Positive,v4,not-distress,0.03284364938735962,False,0.8195700645446777,True,0.00801461935043335,False,0.7949436902999878,True
Nikistark x promotion chennagi idrunu bere language ge jaathi priority kodtare....nam state li kannada movie ge support madalla distributors..,high,Negative,v4,not-distress,0.8464014530181885,True,0.8016988635063171,True,0.0247763991355896,False,0.0,False
YouTube subscriber at list 5lack kooda Ella yelli reach agutte T series nalli bittidre 10m agirodu avraddu tappu,high,Negative,v4,distress,0.0013786554336547852,False,0.5239781737327576,True,-0.002809882164001465,False,0.7923539280891418,True
Hats off bro  ಕರೆಕ್ಟಾಗಿ ಹೇಳಿದ್ದೀರ ಬ್ರೋ,high,Positive,v4,not-distress,0.8250568509101868,True,0.8224357962608337,True,0.026796400547027588,False,0.0,False
Bari telgu tamil movie nodthira ee thara movie nodi,high,Mixed feelings,v4,distress,0.2057669758796692,False,0.0,False,0.8173147439956665,True,0.7946839332580566,True
Booking start  ಮಾಡಿ,high,Positive,v4,not-distress,0.7557553648948669,True,0.7557553648948669,True,0.7557553648948669,True,0.7557553648948669,True
En guru song akkan idu song Andre akkan navgothalla,high,Positive,v4,not-distress,0.8224157691001892,True,0.7867412567138672,True,0.8224157691001892,True,0.7765833139419556,True
Waste of tym tiktok ban madbidbek,high,Negative,v4,distress,0.16098445653915405,False,0.8521407246589661,True,0.04479438066482544,False,0.7998735308647156,True
Sir neev adthidda game yavdu,high,Positive,v4,not-distress,0.8044180274009705,True,0.8044180274009705,True,0.8044180274009705,True,0.0,False
sakath dance performance,high,Positive,v4,not-distress,0.7769209146499634,True,0.7769209146499634,True,0.7769209146499634,True,0.7769209146499634,True
super anna super creative kannadiga,medium,Positive,v4,not-distress,0.795064389705658,True,0.795064389705658,True,0.08671092987060547,False,0.7769489884376526,True
Guru e game name en guru.... Masth eede game,medium,Positive,v4,not-distress,0.8249744176864624,True,0.8157432675361633,True,0.8249744176864624,True,0.8037964105606079,True
Chikki chikki chikkappa nidde indda bega helappa pade pade kelbeku tumbha tumbha tacing padgalu adu sang agiddre innu kushipadtide I love jental man movi,medium,Positive,v4,not-distress,0.003933072090148926,False,0.8195745944976807,True,0.001660466194152832,False,0.7865943312644958,True
@Nandi Parthasarathi hogo ninna akkna tullu ninna tara kelsa ilva nange yenu yavglu comments madkondu tika muchkondu sidege hogo,medium,Negative,v4,distress,0.012445151805877686,False,0.8765411376953125,True,0.004182994365692139,False,0.826245903968811,True
Guru Chinese mobile yen madodu,medium,Negative,v4,distress,0.8262354135513306,True,0.8262354135513306,True,0.08903521299362183,False,0.8002303838729858,True
Yelli tanka jana moodnambke bidalvo alli tanka inta shatnayakru useless videos haktane irrtare guru.nMahabharata tumba olle moral story. Jeevanakke bekagiro tumba paata ide idralli. Adunella use madkondu olle jeevna madbeku aste.,medium,Negative,v4,distress,0.295778751373291,False,0.8584842085838318,True,0.0004997849464416504,False,0.7548193335533142,True
Howdu brother nanu tv nalli nodidde evru elidnella avru elidru,medium,Mixed feelings,v4,distress,0.06630116701126099,False,0.8722434639930725,True,0.00921165943145752,False,0.0,False
Please darshan fans dislike madbedi nim Hero ne great but please Ee movie ge dislike madbedi,medium,Negative,v4,distress,0.8921259045600891,True,0.8673523664474487,True,0.8921259045600891,True,0.0,False
I hate tiktok mobile thagondagindanu install made illa i hate this,medium,Negative,v4,distress,0.08640390634536743,False,0.8687031865119934,True,0.01677560806274414,False,0.7999321222305298,True
Tiktok madorena Chinese ge kalse beku,medium,Negative,v4,distress,0.15945088863372803,False,0.8584690690040588,True,0.03787398338317871,False,0.8142312169075012,True
Thumba vishaya galannu thilisi kotri Amar prasad ravare .thank you,medium,Positive,v4,not-distress,0.8328210115432739,True,0.8160278797149658,True,0.017093300819396973,False,0.0,False
@ಕಿಚ್ಚನ ಹಾವಳಿ book my show Alli pailwan 16cr kurukshetra 28cr madide nodo amele maatadu yavdu jaasti collection madide anta,medium,Mixed feelings,v4,distress,0.01034080982208252,False,0.8686821460723877,True,0.005169928073883057,False,0.8574405312538147,True
Big star agbitte u,medium,Positive,v4,not-distress,0.786775529384613,True,0.786775529384613,True,0.786775529384613,True,0.7768606543540955,True
Super sir..nanantu adella dwnld kuda madirlilla...420china,medium,Positive,v4,not-distress,0.8331401944160461,True,0.8328210115432739,True,0.8331401944160461,True,0.794855535030365,True
Guru nin voice en guru adu ha ha bombat__ series agi ond heltini nanage enadru nim videos inda nakku nakku hotte novu bandre neeve javabdari helidini,medium,Mixed feelings,v4,distress,0.9121133685112,True,0.8672574162483215,True,0.002393364906311035,False,0.7819045186042786,True
Elru Thika muchkond iri nim build up galu nodok agtilla..producer gee enro kashta...??? Kashta irodhu Badavarigee..corona bandhu esht family sayta .idave..uta ildale esht himse agta idee avrige jeevna nadsoke maklige nettagee ondh otthu uta kodok agdale avrige help madi,medium,Negative,v4,distress,0.0012769103050231934,False,0.8766026496887207,True,0.0016971230506896973,False,0.881775975227356,True
Anna nin padha Xerox kodanna,medium,Positive,v4,distress,0.8360190987586975,True,0.8360190987586975,True,0.03643995523452759,False,0.7996553182601929,True
Bro nanu kuda tiktok use madthidae adrae adu ban adaga nang yenu bejar agilla yakandrae namdu ondu sanna contribution irli namma desha kae jai hind,medium,Positive,v4,distress,0.8837844729423523,True,0.8583125472068787,True,-0.02514868974685669,False,0.0,False
@10 R yaar fan adhru agli.. thandhido buddhi yake.. ivaga yela kfi kade nodtha idhare.. kachada galu heeg madthare.. d boss yavathu yelarnu encourage madthare,medium,Positive,v4,distress,0.0028281807899475098,False,0.8447854518890381,True,0.003919482231140137,False,0.5297369360923767,True
Super bro nim song,medium,Positive,v4,not-distress,0.7869129180908203,True,0.7869129180908203,True,0.7869129180908203,True,0.7868750095367432,True
E movie name  enu  paka  hitttt e a,medium,Positive,v4,not-distress,0.8138831853866577,True,0.799036979675293,True,0.8138831853866577,True,0.7727352380752563,True
Sakath guru....  Avan amman innu rost madri broooo nAvarella nam INDIA  dalle erbardu hag rost madri..  Guru,medium,Positive,v4,not-distress,0.7835555076599121,True,0.8190927505493164,True,0.7835555076599121,True,0.8117572665214539,True
Kannadadalli ee Tara cinematography iro movies innu barli,medium,Positive,v4,not-distress,0.8191916942596436,True,0.7939989566802979,True,0.8191916942596436,True,0.7764360904693604,True
Wow exlent verry new dfrent yellu kelilla nodilla danyavadagalu,medium,Mixed feelings,v4,distress,0.8878322839736938,True,0.8448529839515686,True,0.8878322839736938,True,0.8263304829597473,True
Superb chennag heludri frnd🤣🤣Nam hatra tik tok app illa,medium,Positive,v4,not-distress,0.8319754004478455,True,0.8120617270469666,True,0.8319754004478455,True,0.7768934369087219,True
All industries are going hands up.. 27kke avanu bandaga,medium,Positive,v4,not-distress,0.7086007595062256,True,0.7721880674362183,True,0.7086007595062256,True,0.5818802714347839,True
est movie li ede tara ede  same scenes.,medium,Negative,v4,distress,0.8584083914756775,True,0.8447311520576477,True,0.049063920974731445,False,0.7999513149261475,True
Good information sir but ivattu yako parokshavaģi  China desha vanna hogalida hage ittu adru ade nija  satya yavaglu kahiyagi irutte,medium,Mixed feelings,v4,not-distress,0.8037979006767273,True,0.80146324634552,True,0.8037979006767273,True,0.794920027256012,True
Bro nim maath keli China App hogli Indian App nallu video madalla bidi,medium,Positive,v4,distress,0.8854898810386658,True,0.844853937625885,True,0.8854898810386658,True,0.7993209362030029,True
Egina youth's ge spoorthy sir nivu Devaru nimge ayyasu aarogya channagi kodli,medium,Positive,v4,not-distress,0.8403987884521484,True,0.8192451000213623,True,0.8403987884521484,True,0.0,False
@Pradip AR idhu remake all i am editor,medium,Mixed feelings,v4,distress,0.10708212852478027,False,0.8445916175842285,True,0.03745311498641968,False,0.7886532545089722,True
Anna nin super anna,medium,Positive,v4,not-distress,0.7645052075386047,True,0.7645052075386047,True,0.7645052075386047,True,0.7645052075386047,True
Anna nim e vedio nodinu mathe chaina apps use madidre...nijakku avru maryade  swabhiman ildoru bharatha dalli irbardu ....antavrnella nimhange maryade thegibeku.....,medium,Negative,v4,distress,0.0070953369140625,False,0.0,False,0.004793703556060791,False,0.0,False
Namma janakke innu idara liric arta agilla.good music extraordinary liric.,medium,Positive,v4,not-distress,0.08094286918640137,False,0.8013976216316223,True,0.8325827717781067,True,0.807079553604126,True
@twisted formals yake urita edeya nivu dagar fans anta nim culture ende gottu agute modlu sariyagi mat adu magne modle Gulbarga mandi navu start madre ninu eral nin avvun tullu clean madsu,medium,Negative,v4,distress,0.003681957721710205,False,0.8582881689071655,True,0.0014538168907165527,False,0.0,False
Tiktok ban agirodrida tiktok madtidrala avr family avrig kushi agirute tumba deena ivr mada nodi sakagitu,medium,Negative,v4,distress,0.9089891314506531,True,0.8765614628791809,True,0.007629275321960449,False,0.8363104462623596,True
@Kumara Kantirava avn heldange 1st time hange ansodhu..,medium,Positive,v4,distress,0.6758573055267334,True,0.7739748358726501,True,0.6758573055267334,True,0.8246023654937744,True
@Nandi Parthasarathi ille gotta aagta ide ninu yestu urkondu sattidiya anta yenro nimma same balegarna type nayi padu 🤣🤣🤣,medium,Negative,v4,distress,0.010663628578186035,False,0.8584500551223755,True,0.907964825630188,True,0.8000514507293701,True
@prithvi nayak Flop yaavdu antha Karnataka ge gottu bidi...,medium,Negative,v4,distress,0.8899574279785156,True,0.8638917803764343,True,0.021413326263427734,False,0.825283944606781,True
Sir intha cinema madida mele dodda mattadalli prachara madbekittu. nNodi prem avru dabba film madudru hype build-up create madodralli etthida kai.,medium,Negative,v4,distress,0.9110403656959534,True,0.85052490234375,True,0.2606923580169678,False,0.0,False
Nin voice and dialogues ge fidha guru 🤣🤣🤣🤣🤣,medium,Positive,v4,not-distress,0.8104209899902344,True,0.7904706597328186,True,0.8104209899902344,True,0.7752813696861267,True
Super d boss fan's like madi,medium,Mixed feelings,v4,not-distress,0.8016929030418396,True,0.7949698567390442,True,0.8016929030418396,True,0.7768343091011047,True
Super guru neenu tiktak sede galige yeneludru arthagalla,medium,Positive,v4,not-distress,0.829390823841095,True,0.8016871213912964,True,0.829390823841095,True,0.7768781781196594,True
Super movie.yallaru hogi nodi,medium,Positive,v4,not-distress,0.801681399345398,True,0.801681399345398,True,0.801681399345398,True,0.7767842411994934,True
Tik tok Tarane act madidre hana sigutalva edanne etkondu. Nam government mane manege items kottu Products ready madi adanna videshakka marata madbeku matte nam janakke kamishon kotre voledalva. Nam jangala kayyalli yake kelsa madkotilla .,medium,Negative,v4,distress,0.001868903636932373,False,0.8447339534759521,True,0.0013939142227172852,False,0.841353714466095,True
@sathish m nNin kano gaandu sariyagi matadu darshan fans bari kettadagi matadtare troll madtidare idu ninge gottenoley darshan na bitre yargu support madolla antha rumors spread madidare adke nangu ange anusthu helde,medium,Negative,v4,distress,0.002081155776977539,False,0.8233612179756165,True,0.0011955499649047852,False,0.0,False
China copy maadi naawu maadbekilla.. jana alli khushyaagilla.. naadre niw helidralli tumba kelsa aagbeku.. bhaaratadalli adella maadodu janakku bekaagalla,medium,Positive,v4,distress,0.014041543006896973,False,0.8936790823936462,True,0.002328157424926758,False,0.8258557319641113,True
Bro tiktok ban bagge bejar agiro nayi galige innu mut nodkollo hage roast madu bro plzz...aa lofar nayi galige nam desha kinta ade bekagide nayigalige...,medium,Negative,v4,distress,0.007330119609832764,False,0.8827329874038696,True,0.0015839338302612305,False,0.7999541759490967,True
@naveen v nim gandu balegara movie yalla utterflop modlu side acting madudu ಬಿಡು anu modlu,medium,Negative,v4,distress,0.8981356620788574,True,0.8448294997215271,True,0.006256580352783203,False,0.8262278437614441,True
Loo Nim Makha muccha e Video gu Dislike yenro nim Hendti Munde Haga avr character Nodi kaliro life Andre yenu antha thu nanmakla,medium,Negative,v4,distress,0.005887448787689209,False,0.8521536588668823,True,0.003349483013153076,False,0.8002157211303711,True
D boss fans inda full support iden#jaidboss,medium,Positive,v4,not-distress,0.8224116563796997,True,0.8158857822418213,True,0.021342575550079346,False,0.7762253284454346,True
Pruthvi avara acting anthu nanna avarisikondu bittide .nanna friend helidda thayi sentimentalli avara acting nodi ninu emotional agthiya nodu antha.adre nanu nanu aagalla andidde.adre aa scene nodbittu nanu ankonde. evarige national award kodbeku antha.,medium,Positive,v4,not-distress,0.002216517925262451,False,0.8246569037437439,True,0.007114529609680176,False,0.8187264204025269,True
Super creation bro .  Adru nim voice sppppprrrrrr.....,medium,Positive,v4,not-distress,0.8368434906005859,True,0.8311654329299927,True,0.008680343627929688,False,0.776955246925354,True
Super bro.........yen roast madtiya bro ....,medium,Positive,v4,not-distress,0.8388505578041077,True,0.8367612957954407,True,0.8388505578041077,True,0.829250693321228,True
Heroine ge jamba ella,medium,Negative,v4,distress,0.8143049478530884,True,0.8143049478530884,True,0.11252224445343018,False,0.8000364899635315,True
I like it kanta nI like it,medium,Positive,v4,not-distress,0.8070341944694519,True,0.8070341944694519,True,0.8070341944694519,True,0.7862491011619568,True
@Nandi Parthasarathi balegar bale bale 🤣🤣🤣 matte ninna akkna minda kano nanu mindri magne randi maga ninu bere heros bagge kettadagi comments madodu bidu navu yaru tantegu hoglla boss tantege bandre gottala,medium,Negative,v4,distress,0.0026383399963378906,False,0.8584004044532776,True,0.0018045306205749512,False,0.851405918598175,True
Fittest will survive. Ashwath olle actor aadre maganu ange aagbeku andre aagutta? Dr rajakumar tara avr maklu aagalla avr yavattidru avre. So illi acchari pado avashyakate illa.,medium,Mixed feelings,v4,distress,0.00798940658569336,False,0.868716835975647,True,0.004144549369812012,False,0.8361250758171082,True
Naa innomme e movie naodalla  avanajji eradu dina aytu hale hudgi nenapagi uta illa nidde illa sayotara annistide,medium,Negative,v4,distress,0.0769280195236206,False,0.8766205906867981,True,0.9099074602127075,True,0.8517775535583496,True
Navu matar use madatilla jagatinna yella deshgalu use madatidare.solemagane,medium,Negative,v4,distress,0.8936612606048584,True,0.8766048550605774,True,0.01594144105911255,False,0.8142964243888855,True
Yellar gamnaanu HANDS UP Hatra ne ide. haage gamna ittu nodi.,medium,Positive,v4,not-distress,0.057530343532562256,False,0.8109568953514099,True,0.8344403505325317,True,0.775447428226471,True
@Yash cult Guru ellaa actors ade halkaa kelsaa maadodu bidappa raaja...,medium,Negative,v4,distress,0.027976632118225098,False,0.8358609080314636,True,0.0443379282951355,False,0.8137292861938477,True
Avlu lofar .....nan sister Diya papa amezon a to z super next relece I m going,medium,Negative,v4,not-distress,0.8367464542388916,True,0.815913736820221,True,0.8367464542388916,True,0.8015461564064026,True
Super bro nim nice and dialogue bro🤣,medium,Positive,v4,not-distress,0.8073022365570068,True,0.7868038415908813,True,0.8073022365570068,True,0.7768241763114929,True
@Nandi Parthasarathi nin Amman sule magane nin number send gandu,medium,Negative,v4,distress,0.8828304409980774,True,0.8448388576507568,True,0.02439051866531372,False,0.8143628835678101,True
Bollywood range nali ide super song🤔,medium,Positive,v4,not-distress,0.7943635582923889,True,0.7864058017730713,True,0.7943635582923889,True,0.7766237258911133,True
Super super super mahithi,medium,Positive,v4,not-distress,0.7768721580505371,True,0.7768721580505371,True,0.7768721580505371,True,0.7768721580505371,True
Bigbossalli  step hakiro controverrsy nodi bandiror yar yarppann like Madi,medium,Negative,v4,distress,0.8950970768928528,True,0.8636784553527832,True,0.009651005268096924,False,0.0,False
Hi....chaina dalli ago product nnu navu madidvi....adre....namma desha davre namage mosa madidru same model nnu chaina kondogi avrege thorise dublicate madbittu dandu...kammi belege elle mariddare....edde karana...navu hinduliyalu....eglu navu...mado ondondu product chaina dinda tharisthidru adre navu automobiles product naavu madthideevi...adre yaaru encarage madalla.....,medium,Positive,v4,distress,0.0005965232849121094,False,0.9003295302391052,True,0.0008426308631896973,False,0.0,False
Yes re release madbeku,medium,Positive,v4,not-distress,0.7765430808067322,True,0.7765430808067322,True,0.7765430808067322,True,0.7765430808067322,True
Bro ha dacchu su..... Maga you are super no 1 roaster,medium,Negative,v4,not-distress,0.8339180946350098,True,0.8157778978347778,True,0.8339180946350098,True,0.8014844059944153,True
Simple star fans like madi,medium,Positive,v4,not-distress,0.7768613696098328,True,0.7768613696098328,True,0.7768613696098328,True,0.7768613696098328,True
Life Alli esto movie nodidivi adre diya movie astu yavdu  ista agtilla. Diya nodid mele love madbeku,medium,Positive,v4,not-distress,0.6713621020317078,True,0.8160988092422485,True,0.6713621020317078,True,0.7750268578529358,True
@Dayananda C sir ivaga hagalla belige call maditini heli. Prashne keltini. Political bittu . Abhirudhi bagge keltini heli.,medium,Mixed feelings,v4,distress,0.014982223510742188,False,0.868625283241272,True,0.003321349620819092,False,0.0,False
Neva ado game nema,medium,Positive,v4,not-distress,0.7915908098220825,True,0.7915908098220825,True,0.7915908098220825,True,0.0,False
En ugdde guru adru nam janake budi barala bro tiktok elde edre saytivi antare thoo,medium,Negative,v4,distress,0.01737886667251587,False,0.0,False,0.03214430809020996,False,0.8002020120620728,True
Barri dabba movie ne unn maado du,medium,Negative,v4,distress,0.23649001121520996,False,0.8362898826599121,True,0.05189937353134155,False,0.7836259603500366,True
@satishnithyanandam nin hesralle comedy ide ..nin antha thika kobbu iro mindri sule makklathrs nangen mathu. Hogo kong boli magane.,medium,Negative,v4,distress,0.008147180080413818,False,0.872794508934021,True,0.004373788833618164,False,0.8356459140777588,True
Hats off sir nim Swabhimana and karya nishtege thumba Santhosha agutte sir nimg olle arogya success kodli antha devralli bedkothivi Munde niv natiso Ella cinemagalu uttama pradarshana padiyali,medium,Positive,v4,not-distress,0.0035094618797302246,False,0.8160621523857117,True,0.0016412734985351562,False,0.8016972541809082,True
Sir pakka news edhu prradhana manthrri  modhe noddbeku ashtty sir...,medium,Positive,v4,not-distress,0.026983439922332764,False,0.8223514556884766,True,0.006472587585449219,False,0.7759547233581543,True
Drivergalu yavttidru king  proud of my job,medium,Positive,v4,not-distress,0.8114940524101257,True,0.7761925458908081,True,0.8114940524101257,True,0.786113977432251,True
@10 R hogi ballegaarnn tunne unn... Aa balegaaran bhikshe majestic cinema nim dBabes ge .. Nim amma majestic Sule ansuthe adkke isht harkottiddiya bewarsi sulemundemagane... Nin ammana Kellu Nene hege malgisi keydiddini anta ...,medium,Negative,v4,distress,0.003054499626159668,False,0.8873335123062134,True,0.0019931793212890625,False,0.0,False
Idu idu bekittu actually.....jai rk boss,medium,Positive,v4,not-distress,0.8288572430610657,True,0.8246304988861084,True,0.04419595003128052,False,0.7850306034088135,True
@TROLL MONSTER_KANNADA guru Bari mathadak aste yav sule makligu munde bandu mathadastu dhum Ella BOSS always King,medium,Positive,v4,distress,0.028651058673858643,False,0.8919007182121277,True,0.003360569477081299,False,0.8143810033798218,True
Dboss thara ivnu jana galisoke.. dodda dodda dialogue bidalla media munde rakshit na avnge holisbedi,medium,Negative,v4,distress,0.901606023311615,True,0.8687070608139038,True,0.006321549415588379,False,0.7999269366264343,True
Jai hind  guru  nimge  ondu     super  agi madidira   Hinta  nanna makkalige nanna  deshada bagge enu gottu Avarige   tiktok Alla nale  avaru  sattu  hogtare alva   tiktok nu baralla tamte hodiyakke  Janru baralla   adannu  tiktok madkondu  Aram agirli anta  tiktok madi kalastare nanna makligennnAll videos  super  guru  nim no send madi,medium,Positive,v4,distress,0.001959860324859619,False,0.0,False,0.0004159212112426758,False,0.7994413375854492,True
Rakshit yake ista gotha friend's na jote yalli yavagllu ittikondiru thare,medium,Positive,v4,distress,0.8952714204788208,True,0.8686947226524353,True,0.00991123914718628,False,0.7971628904342651,True
Kannadada chanukya namma rakshit shetty bro na yochanegalu...... Dislike madiroru rashmika fans irbeku ......,medium,Negative,v4,not-distress,-0.1285390853881836,False,0.8027158975601196,True,-0.12799251079559326,False,0.7867990732192993,True
Re release maadi movie na... Super movie,medium,Positive,v4,not-distress,0.8160698413848877,True,0.8119914531707764,True,0.8160698413848877,True,0.7950000166893005,True
@mallikarjun Dhanashetty Elrigoo nimtharane yochne bandre kannada top allirodhu..,medium,Positive,v4,not-distress,0.8381277918815613,True,0.817923367023468,True,0.8381277918815613,True,0.7945008277893066,True
All the best for rocking star fans  song vibinna vagidhe,medium,Positive,v4,not-distress,0.05066567659378052,False,0.8119745254516602,True,0.015700578689575195,False,0.7769577503204346,True
Kannada cinema nimma antha budhijeevi na ullaskollalike agilla antha tumbaa bejaar aagute.,medium,Positive,v4,not-distress,-0.007151365280151367,False,0.8219100832939148,True,0.8197401165962219,True,0.7941214442253113,True
Slow poison song annoru like Maadi,medium,Positive,v4,not-distress,0.8014470338821411,True,0.7949478030204773,True,0.8014470338821411,True,0.7766470313072205,True
Yen helda guru super,medium,Positive,v4,not-distress,0.7858735918998718,True,0.7858735918998718,True,0.7858735918998718,True,0.7765812873840332,True
Istu helidru innu tik tok ge support madoru manushyare alla nArta madkoli pls pls,medium,Mixed feelings,v4,distress,0.0205727219581604,False,0.0,False,0.008689522743225098,False,0.824506938457489,True
Yudha mada beku katukara🧟 munde oda ‍baradu bhagavatgethe Who likes this line,medium,Positive,v4,distress,0.889747142791748,True,0.8584450483322144,True,0.048099398612976074,False,0.8142758011817932,True
Eh Tiktok ela Andre nimanatha troller kooda Mundhe bartirlilia,medium,Negative,v4,distress,0.10821294784545898,False,0.8686987161636353,True,0.010872125625610352,False,0.8142405152320862,True
Varshakke 3 thagadu movie madi industry haal mado hero galu ondh kade adrenn3 Varsha kasta pattu ondhu olle film mado namma Rakshith Shetty haagu Yash innondh kade n,medium,Negative,v4,distress,0.018785297870635986,False,0.8585362434387207,True,0.01200801134109497,False,0.0,False
Chinada tiktok CEO helidanante bharatadalli  iruvashtu somarigalu berellu illa anta idarta avara deshadavare aa app annu ashtu use madtilla  bharatadalli koti gattale use madtidare. Banne maadida modi sarkarakke danyavadagalu nnJai JAWAN Jai KISAN nJAI HINDH,medium,Positive,v4,distress,0.012600123882293701,False,0.8729092478752136,True,0.0009780526161193848,False,0.7972888350486755,True
Telugu comments copy madbutta 🤦‍,medium,Negative,v4,distress,0.8259287476539612,True,0.8259287476539612,True,0.08933687210083008,False,0.7999593615531921,True
Signature steps awesome...pakka...# tag agthe,medium,Positive,v4,not-distress,0.8274227380752563,True,0.8274227380752563,True,0.03246098756790161,False,0.8014878034591675,True
Nodarappa yaro heludrala ban yak madbeku antha,medium,Negative,v4,distress,0.11481308937072754,False,0.8639085292816162,True,0.024546921253204346,False,0.8240482211112976,True
@Thejas Gowda avnu oba uneducated slum sulemaga..adke yaneno bogltane🤣🤣,medium,Negative,v4,distress,0.08123230934143066,False,0.8828303217887878,True,0.022397100925445557,False,0.8141772150993347,True
Lo Anna ninu nijvada hero kanocorrect agi helde,medium,Positive,v4,not-distress,0.7191833853721619,True,0.8108266592025757,True,0.7191833853721619,True,0.7768989205360413,True
Nange bahala novaytu nannamele yakandre nanu  Diyaa moviena thetoralli nodilla adakke please realise onse again nanu nodtin Mathe janru nodtare please,medium,Negative,v4,distress,0.9122011065483093,True,0.8686941266059875,True,0.0030789971351623535,False,0.0,False
@sathish chandra 🤣Naan kelv comment noDidakke heliddu,medium,Mixed feelings,v4,distress,0.1431128978729248,False,0.8685184717178345,True,0.01807260513305664,False,0.7962855696678162,True
avarige belesidorna thuliyodhu gottilla anda star patta bandamele friends na mariyodhu gottilla,medium,Positive,v4,distress,0.013693034648895264,False,0.0,False,-0.018124818801879883,False,0.8114890456199646,True
Sir. Movie bagge eradu matilla. Adre ivatu multiplex jasti agi bittive. Rate kooda bhayankara. Ondu nominal price idre hogbahudu. Tumba janru kooda primenalli,medium,Negative,v4,distress,0.007719814777374268,False,0.8415583372116089,True,0.4098089933395386,False,0.7709662914276123,True
Bro navu arvinda tilkotidivi andre navu avrige yenadru kodbeku dodd dodd channel galige hinde dodd vyakti irtare so skip madade nodi avrigu duddu barli  .,medium,Negative,v4,distress,0.005163848400115967,False,0.8638965487480164,True,0.0017862915992736816,False,0.799895703792572,True
Evergreen song listalli idhu yavglu iratthe doudte illa....,medium,Positive,v4,not-distress,0.8373987078666687,True,0.8118858337402344,True,0.8373987078666687,True,0.7768932580947876,True
1st time - chennag illan2nd time - parvagillan3rd time- addicted,medium,Positive,v4,not-distress,0.8366483449935913,True,0.8194471001625061,True,0.8366483449935913,True,0.8060364127159119,True
Aga navu yaru TV Alli nododu beda. Suvarna channel avra TRP kammi madsona. Aga avrige buddhi barutte. Olle olle films Nella isht Bega TV Alli hakudre theatre ge yaar hogtare,medium,Mixed feelings,v4,distress,0.003909468650817871,False,0.8727506399154663,True,0.0016734004020690918,False,0.6987717747688293,True
@Nandi Parthasarathi nadiyole sule magane Nam style Nam ista ning yako thika uri,medium,Negative,v4,distress,0.021619141101837158,False,0.8521296381950378,True,0.01265108585357666,False,0.8262855410575867,True
Nanage nambalu sadyavaguttilla ...adakkagi ondu balavada karana athava kuruhu beku next vedio dalli haki I am waiting,medium,Positive,v4,distress,0.0447920560836792,False,0.0,False,-0.02572917938232422,False,0.0,False
movie was legendary. ninu itihasa baryoke bandirodu maga. kannada indutry history baredre eradu part irutte ondu rakshit baroku munche mattondu rakshit  bandadmele,medium,Positive,v4,not-distress,0.8485981225967407,True,0.8119819164276123,True,0.8485981225967407,True,0.8063760995864868,True
Lo nin d filme odtilla modlu anv film nodro amele bere filmge sprt madu sumne comnt akbitre film odbidutta bari builduppu,medium,Negative,v4,distress,0.9101014733314514,True,0.8448284268379211,True,0.05194932222366333,False,0.814362108707428,True
Sir yella song video clips release maadi,medium,Positive,v4,not-distress,0.8062167763710022,True,0.7949626445770264,True,0.8062167763710022,True,0.6699072122573853,True
@Doavi samstana movie gellutte nAamele Jana promotion maadthare,medium,Positive,v4,distress,0.8869386315345764,True,0.8797292113304138,True,0.8869386315345764,True,0.7971899509429932,True
Year ge ondu film bandru Chenagide super sir,medium,Positive,v4,not-distress,0.8120880722999573,True,0.7869268655776978,True,0.8120880722999573,True,0.786850094795227,True
Kannada film  industry avaru sir solpa nodi rii yen madta ididra inta ashvath sir avara maga ondu sanni veshe dalli kalsa Kodi,medium,Mixed feelings,v4,distress,0.002833843231201172,False,0.0,False,0.013533294200897217,False,0.681511402130127,True
Nijawaglu  mai romanchana aaguvantaha video  idu  nija  irabahudu,medium,Positive,v4,not-distress,0.8342943787574768,True,0.8294125199317932,True,0.009191155433654785,False,0.0,False
Ade old same story,medium,Negative,v4,distress,0.8001577258110046,True,0.8001577258110046,True,0.8001577258110046,True,0.8001577258110046,True
Tumba kalaavidara gati ide. Kalege bele illa. Ashwath Awara family ge ee thara aagbaardittu.,medium,Negative,v4,distress,0.021576106548309326,False,0.8729010820388794,True,0.00883716344833374,False,0.8360079526901245,True
Chutiyaa Ganesh gintaa olle movie irutthe bidu guru idu. Ganesh ge olle swamake maadoke helu modlu,medium,Negative,v4,distress,0.038510680198669434,False,0.8765802979469299,True,0.011180341243743896,False,0.0,False
Promotions madro illa 3 varsha kasta pattiro du waste sgbardu,medium,Negative,v4,distress,0.059632837772369385,False,0.8583280444145203,True,0.8854544758796692,True,0.8258007764816284,True
sory sir teatarali film nodlike agilla tumba bejaride,medium,Negative,v4,distress,0.8828410506248474,True,0.8584263920783997,True,0.025806725025177002,False,0.7997643351554871,True
sandalwood ge obba trend setter sikkidaane..n.n.n.n.n.nyaaravnu???n.n.n.n.n.n.nAvane Srimannarayana,medium,Positive,v4,not-distress,0.850446879863739,True,0.8497222065925598,True,0.0037633776664733887,False,0.7764207124710083,True
Bro...nNeen este Roast madudru...China ne beku anthare ivrnella gun thagond shoot madbeku aagadru India dalli eetara Desha virodhi galu sattadru saythare... Nin video nodi actually innondsari tiktok alla mbl muttoku nin permission kelbeku... nInnond strong aagi video madu guru...,medium,Negative,v4,distress,0.0006964802742004395,False,0.8359962701797485,True,0.0004448890686035156,False,0.7994145750999451,True
Nam kannada songs yavglu super hit,medium,Positive,v4,not-distress,0.8017213940620422,True,0.7949598431587219,True,0.8017213940620422,True,0.7769465446472168,True
Song Karnatakadalli ella hero fans film node nodtare but pls bere languages lli promotion madi,medium,Negative,v4,not-distress,-0.14057177305221558,False,0.0,False,-0.17218947410583496,False,0.0,False
Power Star fans like madi,medium,Positive,v4,not-distress,0.7768683433532715,True,0.7768683433532715,True,0.7768683433532715,True,0.7768683433532715,True
@naveen v ninna luccha ige modale kaddi swalpa body madkond baralu helu olle baavali haage eddane mattu omdu hit movie kodoke helu madirodella flop,medium,Negative,v4,distress,0.009285509586334229,False,0.8728163242340088,True,0.0021657943725585938,False,0.799125075340271,True
Ivnu soole maga pakka. Ivnu yash fan bandu hen kelsa madthavne nodro soole maga,medium,Negative,v4,distress,0.9035018682479858,True,0.8798801302909851,True,0.013554275035858154,False,0.0,False
Nija helidri sir..! Nimma video nodi admele kuda namma bhatiyaru  badalali antha pray madtini.,medium,Positive,v4,not-distress,0.06580358743667603,False,0.8158816695213318,True,0.0036168694496154785,False,0.7428324818611145,True
ಏ ನಂದಿನಿ ರಂಡಿಮಗಳ D Boss Bagge matadadre hudukondu Bandu Hoditini Jaag helu,medium,Negative,v4,distress,0.8967722058296204,True,0.8638734817504883,True,0.009113550186157227,False,0.8000893592834473,True
En song guruve I love this song K G F bitre ede super movie guru.......super,medium,Positive,v4,not-distress,0.038761019706726074,False,0.8250992298126221,True,0.0047318339347839355,False,0.7756062150001526,True
It's amazing movie.  I think promotion sari agilla anta anista ide,medium,Negative,v4,distress,0.8761828541755676,True,0.0,False,0.022633850574493408,False,0.0,False
Unlikers Ella chinos appang huttid sulemaklu irbek,medium,Negative,v4,distress,0.08607620000839233,False,0.8639114499092102,True,0.018947243690490723,False,0.800150990486145,True
Esta adre mele like button ede kodtare bidapa,medium,Negative,v4,distress,0.07200682163238525,False,0.8327822685241699,True,0.8721340298652649,True,0.7998558282852173,True
Boss E nan makluge,medium,Negative,v4,distress,0.8251360058784485,True,0.8251360058784485,True,0.08767062425613403,False,0.0,False
Ayyo guru... Yelli tanka jana moodnambke bidalvo alli tanka inta shatnayakru useless videos haktane irrtare guru.nMahabharata tumba olle moral story. Jeevanakke bekagiro tumba paata ide idralli. Adunella use madkondu olle jeevna madbeku aste.,medium,Mixed feelings,v4,distress,0.004539191722869873,False,0.0,False,-0.001194775104522705,False,0.0,False
Kannada cinema dali osha parvaa . .......,medium,Mixed feelings,v4,not-distress,0.8272262811660767,True,0.8190683126449585,True,0.8272262811660767,True,0.8223121762275696,True
Anna nenu super super Anna,medium,Positive,v4,not-distress,0.7768346667289734,True,0.7768346667289734,True,0.7768346667289734,True,0.7768346667289734,True
Yen guru ulty 1 number,medium,Positive,v4,distress,0.8245830535888672,True,0.8245830535888672,True,0.8245830535888672,True,0.8000090718269348,True
Tik tok banu nan kicha Sudeep fanu egide  comment madi,medium,Positive,v4,distress,0.7151220440864563,True,0.0,False,-0.1482177972793579,False,0.0,False
Modijji avrige gothu aste gothu soldiers value,medium,Positive,v4,distress,0.8639437556266785,True,0.8584647178649902,True,0.03833991289138794,False,0.7988978028297424,True
Eno Anna dool ebsi bitti alla comment boxnalli,medium,Negative,v4,distress,0.8716670274734497,True,0.8272298574447632,True,0.029993176460266113,False,0.7960538268089294,True
@VINOD KALMANI nhu neen iro jagane helu.... naane bandu hoditini.... illa tumkur main road bustop ge bandu partha yaaru antha kelu,medium,Negative,v4,distress,0.01436758041381836,False,0.8952492475509644,True,0.0022177696228027344,False,0.7630182504653931,True
Super guru Ella record break made madtira guru nivu i love sir,medium,Positive,v4,not-distress,0.8251568675041199,True,0.7869390249252319,True,0.01810908317565918,False,0.7768993973731995,True
En dailouges guru nsuper gurunYou rocking gurunNin dailouges keludmele nim channel subscribe maadthiddeeni hinge continue maadu gurunInnondibru dingurbilligalu tiktok li buildup kodthidru avrnu ee videodalli topgersidre chanaagirthitthu,medium,Positive,v4,not-distress,0.8485230803489685,True,0.8306949138641357,True,0.8485230803489685,True,0.0,False
Rocking star kadi enda all de best,medium,Positive,v4,not-distress,0.1346016526222229,False,0.7948521971702576,True,0.8071452975273132,True,0.7768818140029907,True
@Venu real life llu haage iddidre accept madabahuditthuu alvaa.. !!!nEspecially obba natananna thumbaa abhimaanigalu fallow maadthaare so avru nija jeevanadallu  maadhari aagirabeke vinaha thappu madbaardu alvaa baree film lli maathra hero aagidre saaladuu real life llu kooda hero agirbeku aaga avaru obba nijavaada  manushya aagoke saadhya... !!!,medium,Negative,v4,distress,0.9216973185539246,True,0.8765155673027039,True,0.0045209527015686035,False,0.0,False
sir deshadali shikshana jotege kwoshliya nu kalisabeku selp udyogada samartya barbeku nnrajakiya vektigalu adikara and hanke ase belde deshavanu munnadasabeku employment ge jobs sigo rieti nodka beku,medium,Positive,v4,distress,-0.00027954578399658203,False,0.0,False,-0.0031635165214538574,False,0.0,False
Rite.... Bt avara personal adu.. problems en aitu anta namge gotilla ...yake hudgi mele hig coments mododu brother??? Nam sis ge idu agidre?? Nav en madtidvi??  Aur problems avaru solve modkonda aitu naaav sumne ivele overthinking madta idivi ...,medium,Negative,v4,distress,0.001924753189086914,False,0.8750521540641785,True,0.0016526579856872559,False,0.0,False
Super guru pakka block buster,medium,Positive,v4,not-distress,0.7950454950332642,True,0.7950454950332642,True,0.7950454950332642,True,0.7769374847412109,True
Yelli eddru guru e music director super music ultimate music,medium,Positive,v4,not-distress,0.8195629715919495,True,0.7950119376182556,True,0.8195629715919495,True,0.786924421787262,True
Nam kannada songs yavglu super hit,medium,Positive,v4,not-distress,0.8017213940620422,True,0.7769465446472168,True,0.8017213940620422,True,0.7769465446472168,True
Song super step ennu super,medium,Positive,v4,not-distress,0.7770004272460938,True,0.7770004272460938,True,0.7770004272460938,True,0.7770004272460938,True
🤔🤔🤔 hello thamma navu unity maintain madthivi aithu thorskolo avyashyakathe namgila nin CMT nodid kudle yavan avr fanism bidkodala 🤣🤣 nin kano doddu sede nan maga,medium,Negative,v4,not-distress,-0.07892721891403198,False,0.0,False,0.7663354277610779,True,0.7811387181282043,True
igun kaldalli 60 years badkodhe kasta 5000 varsa irtara yakro janara inocentna use madkotira,medium,Negative,v4,distress,0.022679030895233154,False,0.8686696290969849,True,0.005835413932800293,False,0.800233006477356,True
@Naveen kumar yadav lo thamma nanu copy madidare antha yello helidini.. ratasasan movie bgm inspiration indha idhna madidare andirodhu.. nav yav telugu movie nu nodalla kannadake modala adhyathe namdhu,medium,Negative,v4,distress,0.9150477647781372,True,0.8519667983055115,True,0.22048211097717285,False,0.8431420922279358,True
Bro niu videos dali torso gems name yanu,medium,Mixed feelings,v4,distress,0.8637020587921143,True,0.8363268971443176,True,0.03765523433685303,False,0.7996362447738647,True
Bro aa game  name  heli,medium,Mixed feelings,v4,distress,0.8141677379608154,True,0.8141677379608154,True,0.11803370714187622,False,0.8001808524131775,True
Tik tok alli jagala madtidralla adra baggenu ondu video madi anna super agi ugididdira,medium,Positive,v4,not-distress,0.8323286771774292,True,0.8065080642700195,True,0.8323286771774292,True,0.0,False
@#win 12 yello yaavdo beedhi soolege huttironu neenu ansutthe....adakke nin hesru haakolde yavdo no. haakondidya.... leay child chapati nin no. ond kodu saaku nin dove na nin munde ne keaytini...... asht saaku nange....,medium,Negative,v4,distress,0.0025867819786071777,False,0.8918954133987427,True,0.0038500428199768066,False,0.8918179273605347,True
@Nandi Parthasarathi gaandu Sule magne hogi bucket du gaygf nodu adu bittu illi dboss annnabeda cheeti kalla fan,medium,Negative,v4,distress,0.015451490879058838,False,0.8728598952293396,True,0.005738258361816406,False,0.8261585235595703,True
Super sir yentha mathu nivu sir nijavada tik tok bagge thilekondirodu,medium,Positive,v4,not-distress,0.836789608001709,True,0.8017271161079407,True,0.007748126983642578,False,0.7768844366073608,True
Namma  desha da bagge abimana ellde eroru ge  adru tik tok use madtha eddre avru tamma mother naa ennobirige bitkotta hage  eddanu odinu tik tok madidre niu muuru bittoru antha artha,medium,Positive,v4,distress,0.0022305846214294434,False,0.8448567390441895,True,0.0014212727546691895,False,0.5474552512168884,True
IAS IPS madirorigintha politicians  ge value jasti iro namma vishala manassina Indians badlagovargu nnam desha beliyodu kasta ide,medium,Positive,v4,distress,-0.3229193687438965,False,0.0,False,-0.32875657081604004,False,0.0,False
Hats off to u sir...nMosa madi tinno Pizzaginta Niyattagi dudidu tinno ragi nalli eshto aanda erutte jeevandalli..,medium,Negative,v4,distress,-0.005032181739807129,False,0.0,False,-0.01850050687789917,False,0.0,False
Ho guru adu pubg alla  adu yav game antha modlu thilko ninu,medium,Negative,v4,distress,0.8854762315750122,True,0.8448455929756165,True,0.021814703941345215,False,0.8144024014472961,True
Rock Siddu yaako gaandu soole magane naanu ninna thangina rape maadidna.. yelo mathannu ole mathanaadu.. nanagu baahi ide.. nanage gothilade thapagide.. Neenu mathado reethi badalisiko ...,medium,Negative,v4,distress,0.0035172700881958008,False,0.8686869144439697,True,0.0013546943664550781,False,0.814311683177948,True
@Nandi Parthasarathienu nan amman akkan andidina thu nina modlu nind nodko nan innu odta idini shoki mado yava necessity nu illa nange....nim appa amma na baydu nan en madli....nKelsa madtini antidya taleli buddi idya en ide 🤣nDarshan bagr helak nen yavanu,medium,Negative,v4,distress,0.0015732049942016602,False,0.8686904907226562,True,0.0007843375205993652,False,0.8443902134895325,True
@Nandi Parthasarathi hogo sulemgne urkondu barbeda illi ninna akkna keya wait for Roberrt,medium,Negative,v4,distress,0.016117334365844727,False,0.8521180748939514,True,0.004871964454650879,False,0.0,False
Full gichhh Madi nod anaa mast,medium,Negative,v4,distress,0.1108405590057373,False,0.822622537612915,True,0.03291618824005127,False,0.8142624497413635,True
En helde guru sakkath.tik tok madorgella super agi heldre,medium,Positive,v4,not-distress,0.8339641690254211,True,0.825093150138855,True,0.8339641690254211,True,0.7929078936576843,True
Idu idu.. (1.56)actually bekagiddu..osm music,medium,Positive,v4,not-distress,0.8353696465492249,True,0.8353696465492249,True,0.021540522575378418,False,0.807081401348114,True
Youtube channel nalli ASN release promos upload madi sir,medium,Positive,v4,not-distress,0.8155527710914612,True,0.7949880957603455,True,0.043413400650024414,False,0.7760595679283142,True
Howduu actually eee video nodakku munche Indaanu  nange ide reethi tumbaa saari hagu pade pade yeshto baari kansu beeltittu heege obbaa vyakti Shiva devastana hatra irtane naanu devastaaana dinda aache baruvaga nanna hatra idid bilpatre na keltane but duddu maatra eeskolala but hieght agirtare tanned skin tone forehead poorthi gaaya agirutte but full body ashtaag kansalli gottagallaa but ivatt eee video nodid mele mostly avre irbeku antha anstu,medium,Positive,v4,distress,0.0006255507469177246,False,0.8728244304656982,True,0.0007426738739013672,False,0.0,False
6-5=2 nalli nijvadh video antha posteralli nodide but movie nodida mele gotthaythu adu sulu antha,medium,Negative,v4,distress,0.02700173854827881,False,0.876161515712738,True,0.007345438003540039,False,0.8245852589607239,True
Div movie nodi thumba kushi aithu yakandre hen maklu jevanke atharavada movie thumba adbuthavagithu dia ond  sala nodidini bt  nange e movie na mathe mathe nodbeku anthasuthe. Nanganthu yala movie ista bt  dia thumba special yakae hege antha helodik agthila asta aithu sundravada love Thai preethi  2 hero's  obrg ibru kami illa dia nodvag kushi aithu prithi helthare anvaga kalkondru mathe bere  sambanda besadaga hale prethinali priiithi India duragi mathe bandy mathe kalkonda aa  ondu nimsha jeva kaldoithu bt  gene idru I love dia,medium,Positive,v4,distress,0.3828367590904236,False,0.8583091497421265,True,0.0067275166511535645,False,0.880373477935791,True
Avra manelli yavagadru hoddu sayisudre gottagutte kittod nan maklige tik tok yak ban madbeku andorge saryagelidira bro,medium,Negative,v4,distress,0.012155771255493164,False,0.8828442692756653,True,0.0029687881469726562,False,0.8142701387405396,True
Sari korona bandare adana guna padisikolalu amount hestu karchu aguthe adu yavayavadake antha solpa maithi kodthira please,medium,Positive,v4,distress,0.9079960584640503,True,0.8521271347999573,True,0.004461228847503662,False,0.826208233833313,True
ತೊಗರಿ ತಿಪ್ಪ ಸುಪರ್ ಕಾಮಿಡಿ so super thogari thippa comdey,medium,Positive,v4,not-distress,0.8294482231140137,True,0.7950276136398315,True,0.8294482231140137,True,0.7769514918327332,True
@Cockpit cock allavuddin mayadeepa annodu Arabian nights stories nalli baruva kaalpanika kathe deepa ujjidare bhootha bandhu ella kelasa maaduthve allavuddin khilji alla,medium,Mixed feelings,v4,distress,0.9130486249923706,True,0.8813005089759827,True,0.0021640658378601074,False,0.814411461353302,True
Avaru badlagabeku ivara badlagabeku annodu tappu modlu nav badlagbeku ekandre vote hakori nave matte avara gedda mele avaranna baioru nave nija ansidre like madi,medium,Positive,v4,not-distress,0.8429639935493469,True,0.822458803653717,True,0.8429639935493469,True,0.718788743019104,True
Super sir nim anthoru Nam Kannada industry ge beku namma Kannada industrya kirty patake ellade harabeku belibeku,medium,Positive,v4,not-distress,0.011623084545135498,False,0.8160703182220459,True,0.006349086761474609,False,0.7950501441955566,True
Nam boss supero super,medium,Positive,v4,not-distress,0.7768903374671936,True,0.7768903374671936,True,0.7768903374671936,True,0.7768903374671936,True
Super movie love madabardu guruuu,medium,Positive,v4,not-distress,0.807342529296875,True,0.807342529296875,True,0.807342529296875,True,0.7769054174423218,True
Nice song galli mathina bajaru suddi saridhe sumaru charitre shrustiso avathara,medium,Positive,v4,not-distress,0.8367248177528381,True,0.807266891002655,True,0.24066460132598877,False,0.7868819236755371,True
Super Ann nanagu. Tik tok.banna  agude bekagitu,medium,Positive,v4,not-distress,0.8328491449356079,True,0.8120536208152771,True,0.8328491449356079,True,0.7867788076400757,True
@Karthik Gowda Dacchu hmm aythu dagarge hosa award kodtini bandli star antha helbidu,medium,Negative,v4,distress,0.9003124237060547,True,0.8686671853065491,True,0.0066335201263427734,False,0.7808692455291748,True
Ending nalli looti heg sikthu avnge.. movie nalli thorsode illa ..,medium,Negative,v4,distress,0.8939024209976196,True,0.8520501852035522,True,0.08298903703689575,False,0.7816336750984192,True
Lyrics Artha adoru Kay kaal aadsrappa,medium,Positive,v4,distress,0.10865581035614014,False,0.802959144115448,True,0.30842554569244385,False,0.0,False
Pakka mas Nam kannada movie,medium,Positive,v4,not-distress,0.7852180600166321,True,0.7852180600166321,True,0.7852180600166321,True,0.7762309908866882,True
Anna e game yavudu,medium,Mixed feelings,v4,distress,0.8002912402153015,True,0.8002912402153015,True,0.8002912402153015,True,0.8002912402153015,True
@prithvi nayak nimma Amman tulla suledeepa movie yavdu hit aagide helu recent aagi bandidralli,medium,Negative,v4,distress,0.8994016051292419,True,0.858398973941803,True,0.007488846778869629,False,0.8136641979217529,True
Rashmika urkoo  rashmika haters like herenRakshith sheety,medium,Negative,v4,distress,0.07092499732971191,False,0.683148980140686,True,0.8851555585861206,True,0.8001852631568909,True
Super avanu helidanalla yelo galate ante avanu sikudre japli yelo togoduu odibeku tuuu.nNivu inu roste madtairi..nJai creative kannadiga..,medium,Positive,v4,not-distress,0.0021614432334899902,False,0.8223942518234253,True,0.849112331867218,True,0.8158749938011169,True
Hi sir supnHasage  eddastu kalu chachu  nAnno gadae evattu nim nudigalu gottyatyu sirnUr grate sir,medium,Positive,v4,not-distress,0.8471813201904297,True,0.8312404751777649,True,0.8471813201904297,True,0.7939176559448242,True
@Madhu Madhu hello bro navu tulunad navru tulu namma matru bashe aste abhimana kannada bashe melu ide,medium,Positive,v4,not-distress,-0.11324584484100342,False,0.0,False,0.7230322957038879,True,0.7948447465896606,True
Super gurunJai hind Jai Indian army,medium,Positive,v4,not-distress,0.8073161840438843,True,0.8017364740371704,True,0.8073161840438843,True,0.7645140886306763,True
Mast roast madidi anna,medium,Positive,v4,not-distress,0.7922682762145996,True,0.7922682762145996,True,0.7922682762145996,True,0.7759802341461182,True
Neev mado pratiyond videos galu mukake ekda tegdu oddag irutte bidi bro and nim voicenim big fan agbitidivi bro......,medium,Positive,v4,not-distress,0.004578769207000732,False,0.8246163725852966,True,0.007806360721588135,False,0.7950286269187927,True
Lo d gujaalds neev support maadida yaav sinimaagalu succes agilla .. yaakro sumne buildep .. simple example andre ..amar movienu ..fail maadudralo .ambareesh gintha name bekittha...ಮಧ್ಯೆ ನೀವ್ ಹೋಗಿ ಹಾಳ್ ಮಾಡುದ್ರಲೋ ..,medium,Negative,v4,distress,0.008759558200836182,False,0.8580450415611267,True,0.0026748180389404297,False,0.0,False
Gurve egle Google nali search madu,medium,Mixed feelings,v4,distress,0.15703749656677246,False,0.8521744012832642,True,0.04432237148284912,False,0.8000314235687256,True
Sathyavaada maathanna nudidri sir Bhagavanthana bagge  Bhagavanthana neevu kondadidri andre neevu saamaanya vyakthiyalla entha olle maathanna nijavaada obba jnaniyu nudithane  aadre neevu nudididdira Andre I r so grate Bhagavantha nimmanna chennagittirli edthare anno nambike ede thanku sirji,medium,Positive,v4,not-distress,0.002564847469329834,False,0.8420296907424927,True,0.0002637505531311035,False,0.8004931807518005,True
Chindi guru... tik tok ban agi yar thika urkoltha avree avru hogi Indian army mathe Modhiji naa keli..! Lowda antha tik tok li questions madodala..!!!,medium,Negative,v4,distress,0.008092164993286133,False,0.8899143934249878,True,0.002722442150115967,False,0.8362680077552795,True
Supar hit song anna,medium,Positive,v4,not-distress,0.7769191861152649,True,0.7769191861152649,True,0.7769191861152649,True,0.7769191861152649,True
Nanu eduvaregu tik tok app install kuda madilla nan phone alli. Bro ede tara videos madi tik tok alli saitirorna ennomme tik tok hesar keladre bhaya padbeku aaa tara rost madi bro,medium,Negative,v4,distress,0.006489872932434082,False,0.8854368329048157,True,0.0018897056579589844,False,0.8260813355445862,True
Jadesh Kumar Anna.. trailer is dashing,medium,Positive,v4,not-distress,0.8114209771156311,True,0.8065915107727051,True,0.8114209771156311,True,0.7865327596664429,True
@Sweekar Gowda Nim mane hatra ಊಟಕ್ಕೆ Jana galige kasta agtideya.nidre Avar place n avar Mobile number send madu.nಇನ್ನೊಂದು ಅರ್ಥ ಮಾಡ್ಕೊ nCorona ilde idaglu ninninda tegalo msg bandidave nOlle ಎಡಬಿಡಂಗಿ ತರ ಆಡಬೇಡಾnProcedure ge hana mukya alvo gottilla ಆ film technician ge avaru innondu chance kodabeku adu mukya nಅರ್ಥ ಮಾಡಿಕೊ ಮೂರ್ಖ ಶಿಕಾಮಣಿ,medium,Negative,v4,distress,0.0009911060333251953,False,0.0,False,0.0002961158752441406,False,0.7999763488769531,True
@VARAPRASAD K K nin Amman thulle shaata bekaadre helu nin chulbort movie hair wig ge . Dagaar boss cutout bekaadre helu dappa  sodane hodkodtivi ondu maatu helu saaku haage shaatad haara redi maadustivi ashtu salalilla Andre helu mettin haara maadustivi dagaar fans nin Amman ganda dagaar soole maga Hale aanti iddange idaanallo avnige kodu bale,medium,Negative,v4,distress,0.0016588568687438965,False,0.8952216506004333,True,0.00031363964080810547,False,0.7977365255355835,True
E kithu hogi ero Nan makallu na chapalli Alli hodi beku.... Tiktok Ban Madi olle kelsa Madi edare,medium,Positive,v4,distress,0.018581688404083252,False,0.8827738761901855,True,0.005024731159210205,False,0.836241602897644,True
Thanks ellakade link Sher madi nTukali kushmikage hattiro kobbanna elisi,medium,Negative,v4,distress,0.03459388017654419,False,0.8450725674629211,True,0.011741280555725098,False,0.0,False
Super bro huge video madu Anna,medium,Positive,v4,not-distress,0.8017394542694092,True,0.7868676781654358,True,0.8017394542694092,True,0.7768186330795288,True
Karavali karavali... Itte boda marre?? Film super hit aagbeku. Bere statesnavru nammatha nodbeku aste...,medium,Positive,v4,not-distress,0.021141111850738525,False,0.8119707703590393,True,0.8464910984039307,True,0.811944305896759,True
@Troll Stupid Fans avre enu heltilla,medium,Mixed feelings,v4,distress,0.8686745166778564,True,0.8638922572135925,True,0.033872008323669434,False,0.7998821139335632,True
Obba amman hatra ninge yav maga ista antha kelidhre. Sandalwood fan,medium,Negative,v4,distress,0.8936741352081299,True,0.8448296785354614,True,0.01709151268005371,False,0.634223997592926,True
Super hit agodralli yavude dout illa gelayare Jeeva,medium,Positive,v4,not-distress,0.8271172046661377,True,0.8120535612106323,True,0.8271172046661377,True,0.77692049741745,True
Youtube channel nalli ASN release promos upload madi sir,medium,Positive,v4,not-distress,0.8155527710914612,True,0.7949880957603455,True,0.043413400650024414,False,0.7760595679283142,True
Super agide song maatra Haaands Up  n940 dislikes and still counting,medium,Positive,v4,not-distress,0.01801234483718872,False,0.7932409048080444,True,0.832736611366272,True,0.776898980140686,True
@Nandi Parthasarathi nandini anta itkondidya nen hengsa🤣🤣nEllelo hogbeda matter bage matado childe....chanagiro film na chanagila antyala adrale gotagute enta kachda nenu anta bereourna aadre belsu ilwa tepug iru..nim appa amma nu bereourna tulkonde bandirbeku adke nenu hinge,medium,Negative,v4,distress,0.0008774995803833008,False,0.8363031148910522,True,0.0008893013000488281,False,0.8315595984458923,True
Avane nodri sriman narayan love from belagavi,medium,Positive,v4,not-distress,0.8176177740097046,True,0.7945923209190369,True,0.8176177740097046,True,0.0,False
Wwwwso Super rakshit boss nim name nange tumbanee ista hagee nim movinu istanee nnnnnn,medium,Positive,v4,not-distress,0.015194177627563477,False,0.819506049156189,True,0.0043108463287353516,False,0.6920391917228699,True
100 times e song keldhe super,medium,Positive,v4,not-distress,0.8017169237136841,True,0.7949844002723694,True,0.8017169237136841,True,0.7768194675445557,True
Nanna prakara badukira bhahudu adare media davari aa cotiyalli ashvattama na bage yake gottaglilla,medium,Negative,v4,distress,0.025495469570159912,False,0.8687125444412231,True,0.006328940391540527,False,0.7991114258766174,True
Anna e game yavadu,medium,Mixed feelings,v4,distress,0.8003260493278503,True,0.8003260493278503,True,0.8003260493278503,True,0.8003260493278503,True
Tik tok  bevarsigalanna chaina   gadiyalli chaddiyalli bomb ettu chaina  kade  odisa beku avaga sari agutte,medium,Negative,v4,distress,0.9052160382270813,True,0.8521370887756348,True,0.0058171749114990234,False,0.8446161150932312,True
@s s kirik party movie ali heroine name,medium,Mixed feelings,v4,distress,0.8519890308380127,True,0.826225996017456,True,0.03841841220855713,False,0.8083609938621521,True
Haudu Swami.Neevu helliddu satthyaa.Gadugin Bharat yemba Grantha baredanthaa Kumarvyaasare aa Narayan santharu.Igalu sahaa naavu Veearanarayan temple nodabahudu.Idu Iruvadhu Gadag city yalli.Hubballi yindaa 55 Km antharadalli Ide.,medium,Positive,v4,distress,0.0020927786827087402,False,0.860526442527771,True,0.0007979869842529297,False,0.8360249996185303,True
Nijvaaglu sir.olle information kottidiri,medium,Positive,v4,not-distress,0.8223121166229248,True,0.8223121166229248,True,0.8223121166229248,True,0.0,False
Tiktok inda nam personal information china avrge gottagtide.... idella avrge gottagtilla bvc galu... ban madidre avrge madok bere kelsa iralvalla adke itara adtidare🤦‍and yar yaru tiktok ban madbardu anta heltaro avr videos nododna  modlu stop madbeku,medium,Negative,v4,distress,0.0024220943450927734,False,0.8799211978912354,True,0.00152587890625,False,0.858101487159729,True
@Vinay kumar eno bale pan e rangege urkondidiya ninge urdiro ranagge burnol ella agbaralla keralakko kollegalakko hogi nin thikke shaanthi madsu jotege nim balegaran karkond hogi thikke 2 chakkotha katsu next kaddi pileswan ge balance agutte enanthira bale pans now bale pans reaction hakro steppu 🤣,medium,Negative,v4,distress,0.0019702911376953125,False,0.8799017071723938,True,0.001269519329071045,False,0.0,False
E tara film ge ella kaitaididdu.... Welcooome..... Item song iro,medium,Positive,v4,not-distress,0.83236163854599,True,0.0,False,0.83236163854599,True,0.814647376537323,True
China govt super fast agi land,medium,Mixed feelings,v4,not-distress,0.7947815656661987,True,0.7868385910987854,True,0.7947815656661987,True,0.7767956852912903,True
rashmika tunnanna nge max 5 years tym bt shetty ge innu 20 ys tym ide RAKSHITH SHETTY belibeku annoru movie nodi .....,medium,Negative,v4,distress,0.7821359038352966,True,0.834350049495697,True,0.7821359038352966,True,0.8228856921195984,True
Vilan ಬಳಿ ಒಂದು coin urali barhttalla,medium,Mixed feelings,v4,distress,0.1961815357208252,False,0.8521597981452942,True,0.04418015480041504,False,0.7828355431556702,True
Tik tok beku anthideralla kelobbru nim antha thale edukaru bere yaru ella namma arthikathe nela kachhisida country ge nimma support alva nijvada shathrugalu avr alla nam ollgadey ero nivu...,medium,Negative,v4,distress,0.004980027675628662,False,0.8355363011360168,True,0.0011494755744934082,False,0.8001272678375244,True
Hee sulli makalla videos beda. Tiktok ban agidhe holli kelsa,medium,Negative,v4,distress,0.8919169306755066,True,0.8584439754486084,True,0.015314102172851562,False,0.8263019323348999,True
Nam boss avru Nam boss ivru antha kachadtirornella onde kade  sersi maja kodone shree mannarayan,medium,Negative,v4,distress,0.9014995098114014,True,0.8687093257904053,True,0.006509602069854736,False,0.800070583820343,True
Mast aitu tik tok ban maadi evella odo du bare yodu bittu bari tirpe shoki maadi nandu istu talent ankotir wa yalla dabba nan maklige Sari yaagi paata kalisi dange aitu. Study bage awrige Care idde iddilla iga nodona yestu awar talent anta. Taawe tik tok maadi tammanne brilliant anta tilkoluwara Talente,medium,Negative,v4,distress,0.0016334056854248047,False,0.8782720565795898,True,0.0005286931991577148,False,0.0,False
@Dayananda C howda BJP yavaru kadime kallara mate yaddiyuvarappa  yake jailge hogi bandru . 15 minister jailge hogidyake?? nNin first corectagi artha madka first,medium,Negative,v4,distress,0.009748220443725586,False,0.8765836954116821,True,0.002703368663787842,False,0.8138932585716248,True
Anna full wand ayti song,medium,Mixed feelings,v4,not-distress,0.7885521054267883,True,0.7885521054267883,True,0.7885521054267883,True,0.7676118612289429,True
@Kumara Kantirava nSame nInnu eno bekunnKgf song listen nEsto powerfull idennElla languagenna nAttract maadidenBut idu,medium,Positive,v4,not-distress,0.005685150623321533,False,0.8228470683097839,True,0.02327108383178711,False,0.8069382905960083,True
Hands up-_if u like nHands up-_movie superhitnHands up-_record breakern Iddu hosa dakale shrutiso samaya ....,medium,Positive,v4,not-distress,0.010476410388946533,False,0.8272566199302673,True,0.006699860095977783,False,0.8013672828674316,True
ASN release in nKannada-Dec 27nTelugu-Jan 1stnTamil& Malayalam-Jan 3rdnHindi-jan16thnnAstaralli Ella mobile nalli nodi Mugsirtaare aaga release Maadi Aden record Create maadtaro?n300 koti Beku anta Tweet maadidre saaladu ondu cinemana Janagalige Yav reethi Talupisodu anta gottirbeku.... Kurukshetra ide reethi Promotion ilde haalagi hoytu...Innoo idunnoo hange maadtidaare,medium,Negative,v4,distress,0.008279144763946533,False,0.8764793872833252,True,0.0011840462684631348,False,0.860447347164154,True
Inta Best Movie na Theatre nalli nodakaglilla ade bejaru,medium,Negative,v4,distress,0.05761098861694336,False,0.8214090466499329,True,0.8762174844741821,True,0.8232067227363586,True
D boss  fans full support. Successful hagli movie,medium,Positive,v4,not-distress,0.8119673132896423,True,0.7866876721382141,True,0.036234915256500244,False,0.8120477795600891,True
Hindi Yalli Distribution madore illa ouda,medium,Negative,v4,distress,0.2723873257637024,False,0.8448523283004761,True,0.23087215423583984,False,0.8001766800880432,True
Comment's nali like madidre illi unlike madi (super song ) nI will coming soon back ..⏳ n100 days super it move pakka.,medium,Positive,v4,not-distress,0.8442869186401367,True,0.7867981195449829,True,0.8442869186401367,True,0.7949144244194031,True
Super Bindu ge Takkar kottidira bro,medium,Positive,v4,not-distress,0.8160600662231445,True,0.8017211556434631,True,0.8160600662231445,True,0.7768803238868713,True
Vijapura distica sindagiya tetaranalli e song cut madiddare yaradaru vicharisabekagi vinanti,medium,Negative,v4,distress,0.8980816602706909,True,0.8727190494537354,True,0.009489059448242188,False,0.7994193434715271,True
@naveen v kudlu elladidre nindu tegedu kodu bvc ninna luccjanige handidu maasa kodu modalu baavali chalpat Singh side actor🤣🤣,medium,Negative,v4,distress,0.013858377933502197,False,0.8765488266944885,True,0.0031752586364746094,False,0.7985897660255432,True
Sooper pa Rakshit.  mukali haryanga talent paa nindu,medium,Positive,v4,not-distress,0.8246108889579773,True,0.801609456539154,True,0.025514185428619385,False,0.7851400375366211,True
Full movie upload madri.. Ofter release pls,medium,Positive,v4,not-distress,0.8179831504821777,True,0.8067970871925354,True,0.8179831504821777,True,0.7938842177391052,True
Game name henu bro,medium,Positive,v4,distress,0.8137109279632568,True,0.8137109279632568,True,0.11757689714431763,False,0.799107015132904,True
Nan maga ge lali song wake up song ella  nu e song agide,medium,Negative,v4,not-distress,0.8303780555725098,True,0.8067898750305176,True,0.8303780555725098,True,0.7867578864097595,True
ಸೂಳೆಮಗನೇ yengo ediya ಎಲ್ಲಾ ಕಡೆ daagar ankondu promotion madtira gaandu sulemakla daagar kano avnu Darshan alla 🤦‍,medium,Negative,v4,distress,0.04367774724960327,False,0.8686695694923401,True,0.004441797733306885,False,0.8139843940734863,True
Nimma mahithi 100% sathya yavaga etharahada rajakaranigalinda deshakke mukthi sigatho aa devarigu kuda gothilla adare next generation avaru sadane madabahudu,medium,Positive,v4,not-distress,0.8439017534255981,True,0.8120818138122559,True,0.8439017534255981,True,0.7767495512962341,True
Nkn en mathgalu guru nindhu ABBA tiktok li thirke shoki madorige Chapli thagond barsidhange super guru,medium,Negative,v4,distress,0.004660427570343018,False,0.0,False,0.0062860846519470215,False,0.8177003264427185,True
@sumya kulkarni ನೀವು ಬ್ರಾಹ್ಮಣರಾಗಿ intercast marriage agoke dairya idena ? Never.,medium,Negative,v4,distress,0.04764217138290405,False,0.8637799620628357,True,0.012155413627624512,False,0.8002675175666809,True
@Ŕävîñđŕå_02_GøWđřú ಲೋ boss fan agi ಯಾಕೋ ನೆಗೆಟಿವ್ cmt hakiya loude,medium,Mixed feelings,v4,distress,0.8952667117118835,True,0.8727928996086121,True,0.8952667117118835,True,0.814109742641449,True
Sir nimmannu prathyakshavagi nodalu aaseyagutide sir nimma hattira ondu dina full kaala kaleyalu aase idhe aadre yenu maadudhu sir nimmannu bittu barudhu yochane maaduvaaga manassige bahala bahala kashsta aagutte sir  devaru nimma aasegalanella eederisaly,medium,Positive,v4,not-distress,0.5404768586158752,True,0.8312739133834839,True,0.5404768586158752,True,0.7643481492996216,True
@Troll Stupid Fans hudgiru comment madodunne nodok bartiya bevarsi  madak kyaame ilvenoo lofer,medium,Negative,v4,distress,0.025307059288024902,False,0.8798912763595581,True,0.004655778408050537,False,0.7829880118370056,True
All fake bro nija vishaya maatra heli bro ummane janara manasalli sullu nambike yanna huttisa bedi plzzzz,medium,Negative,v4,not-distress,0.030672967433929443,False,0.8154439926147461,True,0.8450886011123657,True,0.7867271304130554,True
Supar anna love you pajuanna....,medium,Positive,v4,not-distress,0.8193947076797485,True,0.8193947076797485,True,0.8193947076797485,True,0.8015317916870117,True
@Ambrish Mallad modalu bere hero respect kododu kali amele maathadu gaandu kudlu ella adu Ella andkondu,medium,Negative,v4,distress,0.016144633293151855,False,0.8507393598556519,True,0.006300747394561768,False,0.794009268283844,True
@Prithvi Vishwanath guruve nav #DBoss fans kannada songs nodoku modle like madovru sumne thika yella matadbedi.,medium,Negative,v4,not-distress,0.5676587820053101,True,0.0,False,0.5676587820053101,True,0.7769266963005066,True
E jana thav sathru kuda Tiktok na mathra uninstall madola ansuthe 🤦 kelsa ildhe showoff goskara tiktok madi china davrna belstisdre jothege tham mana maryade na halmadkotidare thu en jananappa ige roast madi bro tiktok madorgella.,medium,Negative,v4,distress,0.002803623676300049,False,0.8798238039016724,True,0.0007287263870239258,False,0.7621649503707886,True
Nim ge esta agiddare like.Comments.madi,medium,Positive,v4,not-distress,0.8192171454429626,True,0.8192171454429626,True,0.12307578325271606,False,0.7921307682991028,True
Thuu nachike annodhe elwa yella vishaya galu bare joke madkonde erthiralla ... loo change aagro ennu time edhe,medium,Negative,v4,distress,0.012291133403778076,False,0.8639549016952515,True,0.005747973918914795,False,0.8255897164344788,True
Neevu varshkke ondu cinema madru supper 1varshkke 34cinema madobadalige intha ondu cinema saku,medium,Negative,v4,not-distress,0.014873206615447998,False,0.7754390239715576,True,0.8395659327507019,True,0.8015692234039307,True
Slow poison song annoru like Maadi,medium,Mixed feelings,v4,not-distress,0.8014470338821411,True,0.7949478030204773,True,0.8014470338821411,True,0.7766470313072205,True
@gowtham gowtham Kiccha nimamman oorsoole nimammam thullige bale sigskondu keythivi hushaaru sik sikkid kade thika kodtha edre hardu oorbaglu madthivi amele doctorgu holge jaga erbardu hange keythivi beware bale pans 🤣🤪,medium,Negative,v4,distress,0.0022393465042114258,False,0.8575698733329773,True,0.0008481144905090332,False,0.8262410163879395,True
Tande yante maga kooda swabhimaani mattu swavalambhi jeevana nadesuthiddare.hats off sir.,medium,Positive,v4,not-distress,0.8360589146614075,True,0.825092077255249,True,-0.0022510290145874023,False,0.7719016671180725,True
Sari guru nan Rc nodod irli ninu illi bandiro cmnts nodu ninge gotthagutthe,medium,Negative,v4,distress,0.01661020517349243,False,0.8521251678466797,True,0.007916033267974854,False,0.7999882698059082,True
Ivrna nodidre ashwath avrna nodida hange agutte......nVoice antu ade tara ide,medium,Positive,v4,not-distress,0.027503669261932373,False,0.8302038311958313,True,0.16800904273986816,False,0.0,False
Dboss abhimani aagi nange gotthilla esht sala e song nodidhini antha yarellla jasthi nodidhira like madrappa pls,medium,Positive,v4,not-distress,0.8472859859466553,True,0.8073819279670715,True,0.0037868618965148926,False,0.7864627242088318,True
nijvaglu ee movie nodilla Andre nim papa aste,medium,Positive,v4,not-distress,0.811957061290741,True,0.8007771372795105,True,0.811957061290741,True,0.7868444323539734,True
Nija. Never support communist party,medium,Mixed feelings,v4,distress,0.8247092962265015,True,0.8247092962265015,True,0.8247092962265015,True,0.7924455404281616,True
Bandiro 3 comment adru avalge andkondre adu ugiyakke madidiralla guru,medium,Negative,v4,distress,0.07694482803344727,False,0.8729109764099121,True,0.013385474681854248,False,0.7997124791145325,True
Anna super anna nivu nivu ondu samajakke seve hagu deshavannu ulisalu ondu sangavannu katti navu nimmannu bembalisuteve,medium,Positive,v4,not-distress,0.02450692653656006,False,0.8161001205444336,True,0.004536569118499756,False,0.7868825793266296,True
Tiktok uninstall madodakku modlu ee changlu nan maklanna modlu desha dinda delete madbeku Guru,medium,Negative,v4,distress,0.9005395770072937,True,0.8636940121650696,True,0.006854891777038574,False,0.8137753009796143,True
D.boss kade inda dodda wel come madtivi,medium,Positive,v4,not-distress,0.8007699251174927,True,0.7519437670707703,True,0.8007699251174927,True,0.7658417820930481,True
Gud job  nim nirdharakke nimma kelasakke Namma gowrava namaskara. kanditha nimge olle role kodo buddi nirdeshakarige  haagu kannda industry ge barabeku...,medium,Positive,v4,not-distress,0.027443289756774902,False,0.8225141763687134,True,0.8486566543579102,True,0.7866618037223816,True
@Nandi Parthasarathi gottu Neenu cheeti tulla fan antha change madbeda,medium,Negative,v4,distress,0.8918989300727844,True,0.8584144711494446,True,0.015336275100708008,False,0.8142358660697937,True
Idappa kannada song andre KFI back on track,medium,Mixed feelings,v4,not-distress,0.8158131241798401,True,0.7949821352958679,True,0.8158131241798401,True,0.7949055433273315,True
First time kannada movie film video song full bittirodu,medium,Positive,v4,not-distress,0.819323718547821,True,0.801372230052948,True,0.16999346017837524,False,0.7765591740608215,True
Le Bindu naayi phone all radi togonda aaytha avarge adara laba sikatu aadare tik tok end dinaa avarage laba baratte enna mele yaava vastu Togo beda China vastu ninu Togo beda Naana antu tiragi nodalla Ni ale tuu,medium,Negative,v4,distress,0.0030013322830200195,False,0.8728331923484802,True,0.0013109445571899414,False,0.826093852519989,True
Chinndikanna neenu neenu nam tharane madthadthiya. Super,medium,Positive,v4,not-distress,0.831202507019043,True,0.8293470144271851,True,0.831202507019043,True,0.7867797613143921,True
Bai rakshith avri nan msg nodudri yargu agllilla aa thukali dagarna madvi madkolak hogbedi,medium,Negative,v4,distress,0.014232099056243896,False,0.8639259934425354,True,0.005444228649139404,False,0.8144004344940186,True
Heliro prati ondu point super brooo adrallu yaro obba yallo eno agidakke tiktok ban madavre anta helidnalla avnige saryagi uttara kottidira super nivu,medium,Negative,v4,distress,0.00526660680770874,False,0.0,False,0.0014148354530334473,False,0.0,False
Pakka movie channagirutte..nN suspense movie for sure,medium,Positive,v4,not-distress,0.8311999440193176,True,0.8274140357971191,True,0.011939525604248047,False,0.7767047882080078,True
2nd time yaar nodtha ideera,medium,Positive,v4,not-distress,0.8011327385902405,True,0.8011327385902405,True,0.05543041229248047,False,0.7743982672691345,True
Super Anna enu ugiri chanagi,medium,Mixed feelings,v4,not-distress,0.7950122952461243,True,0.7950122952461243,True,0.7950122952461243,True,0.7769101858139038,True
Yuddha maadabeku oodabaaradu katukara mundhe Bhagavadgeethe.. Great lines!,medium,Positive,v4,not-distress,0.0582277774810791,False,0.8224902749061584,True,0.8349973559379578,True,0.7765026688575745,True
@Nandi Parthasarathi le nayi ninu slumu navalla nana one day madu kharchu ninu ondu varakke madtiya hagnta nange yava chatnu illa,medium,Negative,v4,distress,0.008056819438934326,False,0.8584521412849426,True,0.00470423698425293,False,0.8438135385513306,True
@TROLL MONSTER_KANNADA nDagar fan modalu tilakonda matado gubal.....nYaramunde aadre ee tara heludre metteli hoditara pa......,medium,Negative,v4,distress,0.02149862051010132,False,0.9051479697227478,True,0.0014524459838867188,False,0.8133320212364197,True
Idella yake Kannada Films Dodda samrajjya ne katbeku Dodda Charitrene Srusti madbeku anta helu....,medium,Positive,v4,not-distress,0.8442869186401367,True,0.8293032646179199,True,0.8442869186401367,True,0.7767980098724365,True
ಕೇಳಿ ಕಾದಿರುವ ಬಾಂಧವರೇnnಭುವಿಯಲ್ಲಿ ಅವನ ಅರಿತವರೆnnಯಾರಿಲ್ಲ ಬಿಡಿ,low,Negative,v4,not-distress,-0.18109124898910522,False,0.8025136590003967,True,0.5010188817977905,True,0.7724854350090027,True
ಹಾಡಿನಲ್ಲಿರುವ ಪದಪುಂಜವನ್ನು ಬಳಿಸಿದ ರೀತಿಯೇ ಅತಿ ಅದ್ಭುತ....,low,Positive,v4,not-distress,0.8292686343193054,True,0.8248987197875977,True,0.8292686343193054,True,0.7760764360427856,True
ಕನ್ನಡದ ಅತ್ಯುತ್ತಮ ಚಿತ್ರ ದಿಯಾ ಅಂದರೆ ತಪ್ಪಾಗಲಾರದು..ಪುನಃ ರೀ ರಿಲಿಸ್ ಮಾಡಬೇಕು....,low,Positive,v4,not-distress,0.04325151443481445,False,0.8272824287414551,True,0.8378430604934692,True,0.7768736481666565,True
So good  song,low,Positive,v4,not-distress,0.7488523721694946,True,0.7488523721694946,True,0.7488523721694946,True,0.7488523721694946,True
Super anna super,low,Positive,v4,not-distress,0.7490478754043579,True,0.7490478754043579,True,0.7490478754043579,True,0.7490478754043579,True
ಸಾಂಗ್ ಸೂಪರ್ nಮ್ಯೂಸಿಕ್,low,Positive,v4,not-distress,0.7869046330451965,True,0.7869046330451965,True,0.7869046330451965,True,0.7769101858139038,True
ಉಸಿರ ಕೊನೆ ಕನ್ನಡ ಆಲ್ಬಂ ಸೊಂಗ್nಎಲ್ಲರೂ ನೋಡಿ ಹಾಗೂ ಚಾನೆಲ್ Subscribe ಮಾಡಿn,low,Positive,v4,not-distress,0.04985147714614868,False,0.8224725127220154,True,0.0074294209480285645,False,0.7765474915504456,True
supper song,low,Positive,v4,not-distress,0.7292944192886353,True,0.7292944192886353,True,0.7292944192886353,True,0.7292944192886353,True
ಒಂದು ಇಂಗ್ಲೀಷ್ ಪದ ಬಳಸದೆ ಈ ಹಾಡು ಬರೆದಿರುವ ಕಲಾವಿದನಿಗೆ ಒಂದು ಲೈಕ್ ಕೊಡಿ... ಸ್ನೇಹಿತರೇ!!,low,Positive,v4,not-distress,0.8328827619552612,True,0.8205775022506714,True,0.260215699672699,False,0.7948901057243347,True
Super my favorite song,low,Positive,v4,not-distress,0.764509916305542,True,0.764509916305542,True,0.764509916305542,True,0.764509916305542,True
Songs are not needed,low,Mixed feelings,v4,distress,0.7746226787567139,True,0.7746226787567139,True,0.7746226787567139,True,0.7746226787567139,True
ನೀವ್ ಹೇಳೋದ್ರಲ್ಲಿ ಏನು ತಪ್ಪಿಲ್ಲ ಬ್ರದರ್,low,Positive,v4,not-distress,0.824828028678894,True,0.824828028678894,True,0.824828028678894,True,0.7946206331253052,True
Kathe heldene nilsbitri,low,Mixed feelings,v4,distress,0.8355554342269897,True,0.8355554342269897,True,0.07311534881591797,False,0.799926221370697,True
ಆತ ಬರುತ್ತಾ ಅಲ್ಲಾ,low,Mixed feelings,v4,distress,0.800093412399292,True,0.800093412399292,True,0.800093412399292,True,0.800093412399292,True
Paaapa. Konegu tik tok hoythu.. nayigal boglod kadme aythu,low,Negative,v4,distress,0.8993789553642273,True,0.8728943467140198,True,0.01155698299407959,False,0.8068714141845703,True
Edu charitre srushtisuva avataara🤨,low,Mixed feelings,v4,not-distress,0.7946227192878723,True,0.7946227192878723,True,0.7946227192878723,True,0.7763321995735168,True
nice kalaa....ncontinue madu...,low,Positive,v4,not-distress,0.8293965458869934,True,0.8293965458869934,True,0.04280120134353638,False,0.8113734722137451,True
ನಮ್ಮ ದೇಶದ ರಾಜಕಾರಣಿಗಳು ಚಿಲ್ಲರೆಗಳು ನಿಜಕ್ಕು ಸತ್ಯ,low,Positive,v4,not-distress,0.800947368144989,True,0.7941280603408813,True,0.800947368144989,True,0.7822912931442261,True
@prithvi nayak ನಿಮ್ಮ ಅಮ್ಮ ಆಲ್ಸೋ ಫ್ಲಾಪ್,low,Negative,v4,distress,0.8520334362983704,True,0.8447645902633667,True,0.10064142942428589,False,0.8140498399734497,True
Super  channel super msg,low,Positive,v4,not-distress,0.7769222259521484,True,0.7769222259521484,True,0.7769222259521484,True,0.7769222259521484,True
Idu charitre srustisuva avataranME,low,Positive,v4,not-distress,0.8119497895240784,True,0.8119497895240784,True,0.8119497895240784,True,0.7868210673332214,True
Step was awesome,low,Positive,v4,not-distress,0.7484214901924133,True,0.7484214901924133,True,0.7484214901924133,True,0.7484214901924133,True
MY BOSS ANNA  YASH BOSS ANNA  YASH BOSS ANNA,low,Mixed feelings,v4,distress,0.8895783424377441,True,0.8895783424377441,True,0.06562638282775879,False,0.8672828078269958,True
SUPER  R  BOSS,low,Positive,v4,not-distress,0.786693811416626,True,0.786693811416626,True,0.786693811416626,True,0.7768046855926514,True
ಸರ್ ನಿಮ್ಮ ಪಾದಗಳಿಗೆ ನಮಸ್ಕಾರಗಳು,low,Positive,v4,not-distress,0.7866988778114319,True,0.7866988778114319,True,0.7866988778114319,True,0.7766678929328918,True
OIlle thana.....olleyavrige eegina kaladalli nijwaglu bele illa.....enidru anyaya,low,Mixed feelings,v4,distress,0.9065971970558167,True,0.8991961479187012,True,0.018750250339508057,False,0.0,False
Satyana edu devare,low,Positive,v4,not-distress,0.7768885493278503,True,0.7768885493278503,True,0.7768885493278503,True,0.7768885493278503,True
ದಿಸ್ ಐಸ್ ದಿ ಬೇಸ್ ಸನ್ ಎವರ್ ಲವ್ ಉ,low,Positive,v4,not-distress,0.8064684867858887,True,0.7760847806930542,True,0.13048070669174194,False,0.7723692059516907,True
ನಮ್ಮ ದೇಶದಲ್ಲಿ ರಾಜಕೀಯ ದಲ್ಲಿ ಗೆಲ್ಲಲು ಈಗ ದುಡ್ಡು ಬೇಕಾಗಿಲ್ಲ ಪಾಕಿಸ್ತಾನ ಅಥವಾ  ಇಸ್ಲಾಂ ಮೇಲೆ  ಅವಾಜ್ ಹಾಕಿದರೆ ಅವನಿಗೆ ಪ್ರಧಾನಿ ಪಟ್ಟ ಕೊಡುತ್ತಾರೆn ನಮ್ಮ ಮೋರಿಗೆ ಮುಸಲ್ಮಾನರನ್ನು ಸಾಯಿ ಸೋದೆ ಅವರ ಅಭಿವೃದ್ಧಿ,low,Negative,v4,distress,0.0016140937805175781,False,0.8500455021858215,True,-0.0016699433326721191,False,0.8034191131591797,True
ಟಿಕ್ ಟಾಕ್ ಅಲ್ಲಿ ಸಾಂಗ್ ಕೇಳಿರೋರ್ ಲೈಕ್ ಮಾಡಿ,low,Positive,v4,not-distress,0.8159695863723755,True,0.7868101596832275,True,0.8159695863723755,True,0.793464183807373,True
ಇದು ಚರಿತ್ರೆ ಸೃಷ್ಟಿಸೋ ಅವತಾರ,low,Positive,v4,not-distress,0.7768927216529846,True,0.7768927216529846,True,0.7768927216529846,True,0.7768927216529846,True
ಚಂದನ್ ಶೆಟ್ಟಿ ಟ್ರೊಲ್ ವಿಡಿಯೋ ನೀವು ನೋಡಿ ನೆಗಡ್ಡೆ ಇದ್ರೆ ನಾವ್ ಗ್ಯಾರಂಟಿ,low,Positive,v4,not-distress,0.04096829891204834,False,0.8225383758544922,True,0.008344531059265137,False,0.7760906219482422,True
Adu nambike ashte,low,Negative,v4,distress,0.791452944278717,True,0.791452944278717,True,0.08684056997299194,False,0.0,False
Ganesh Bhat -ಬೆಡುವ ಅವಶ್ಯಕತೆ ನನ್ನಗೆ ಇಲ್ಲಪ್ಪಾ ಬೆಕಾದರೆ ನಿನೆ ಬಾ ಪ್ರಿ ಅಗಿ ಉಟ ಹಾಕತಿನಿ.,low,Negative,v4,distress,0.08527112007141113,False,0.8766034841537476,True,0.006309628486633301,False,0.8258401155471802,True
Yen quality guru,low,Mixed feelings,v4,not-distress,0.7630550861358643,True,0.7630550861358643,True,0.7630550861358643,True,0.7630550861358643,True
ಚೀನೀಯರ ವಿಚಿತ್ರ ಆಚಾರ ಹಾಗೂ ಅದರ ಧುಷ್ಪರಿನಾಮ ತಿಳಿಸಿ. ಉದಾಹರಣೆ,low,Negative,v4,not-distress,0.8261904120445251,True,0.8119367957115173,True,0.8261904120445251,True,0.7766129374504089,True
KilaGade MeleGade  ALU Gadde  Ulli Gadde....🤣🤣🤣,low,Positive,v4,distress,0.16106641292572021,False,0.8877608180046082,True,0.17892944812774658,False,0.7996723651885986,True
Super video,low,Positive,v4,not-distress,0.7292220592498779,True,0.7292220592498779,True,0.7292220592498779,True,0.7292220592498779,True
ನಿಜ ನಾ ಇಷ್ಟು ಚನ್ನಾಗಿ  ಹೇಳಿದಿರ,low,Mixed feelings,v4,not-distress,0.8016694188117981,True,0.8016694188117981,True,0.8016694188117981,True,0.7768630981445312,True
ಗುರು ನಿನ್ನ ಪಾದ ಝೆರಾಕ್ಸ್ ಮಾಡಿ ಕೊಟ್ಟ ಬಿಡಪ್ಪ,low,Positive,v4,not-distress,0.8194746375083923,True,0.8120396137237549,True,0.8194746375083923,True,0.7767698764801025,True
movie is song Osam,low,Positive,v4,not-distress,0.7549622058868408,True,0.7549622058868408,True,0.7549622058868408,True,0.7549622058868408,True
ಅವನೇ ಶ್ರೀಮನ್ನಾರಾಯಣ ಅಲ್ಲnnಇವನೆ ನಮ್ಮ ಶ್ರೀಮನ್ನಾರಾಯಣ nಪವರ್ ಸ್ಟಾರ್ ಪುನೀತ್ ರಾಜಕುಮಾರ್ ಅಭಿಮಾನಿಗಳು ಸಪೋರ್ಟ್ ಮಾಡೋರು ಲೈಕ್ ಹೊಡಿರಿ nಜೈ ಪುನೀತ್ ರಾಜಕುಮಾರ್nಜೈ ಕನ್ನಡ ಚಿತ್ರ ರಂಗ,low,Positive,v4,not-distress,0.00784909725189209,False,0.8312329053878784,True,0.0017043352127075195,False,0.785979688167572,True
ಸೂಪರ್ ಅಣ್ಣ,low,Positive,v4,not-distress,0.7293553948402405,True,0.7293553948402405,True,0.7293553948402405,True,0.7293553948402405,True
oba mele hogutidane andre navanige melle hogokke sahay madobadallu avan kalu aledu kelage billisoke nodo janare nammalijas,low,Positive,v4,distress,0.011572837829589844,False,0.8728535771369934,True,0.003703594207763672,False,0.8142886757850647,True
ಇದರಲು ಅಂಗ್ಲ ಇದೆ,low,Negative,v4,distress,0.8001118898391724,True,0.8001118898391724,True,0.8001118898391724,True,0.8001118898391724,True
ನಾನು ಕೇಳಿರುವಹಾಗೆ ಪುಟ್ಟಣ್ಣ ಕಣಗಾಲ್ ರವರ ರಂಗನಾಯಕಿ ಚಿತ್ರ ಕೂಡ ಮೊದಲನೇ ಬಾರಿ ತೆರೆಕಂಡಾಗ ಜನರು  ಮಿಶ್ರ ಪ್ರತಿಕ್ರೆಯೆ ನೀಡಿದ್ದರು ಏಕೆ ಎಂಬುವುದು ಯಕ್ಷ ಪ್ರಶ್ನೆ ಆದರೆ ದೇವರ ಮೇಲೆ ಭಾರಹಾಕಿ ಎರಡನೇಸಲ ಬಿಡುಗಡೆ ಮಾಡಿದಾಗ ಅದಕ್ಕೆ ಸಿಕ್ಕ ಪ್ರತಿಕ್ರಿಯೆ ಅಬೂತಪೂರ್ವಕ ನಿರ್ಮಾಪಕರಿಗೆ ತುಕ್ಕಿಡಿದ ಕಬ್ಬಿಣ ವಾಗಿದ್ದ ಸಿನಿಮಾ ಈಗ ಚಿನ್ನದ ಗಟ್ಟಿಯಾಗಿ ಹೊರಹೊಮ್ಮಿತು n ಹೀಗಾಗಿ ನಾನು ಚಿತ್ರತಂಡದಲ್ಲಿ ಮಾಡುವ ಕಳಕಳಿ ವಿನಂತಿ ಧಯಮಾಡಿ ಸಿನಿಮಾವನ್ನು (Corona effect )ಬಳಿಕ Re-Release ಮಾಡಿ nನನ್ನ ಈ ಕೋರಿಕೆಯನ್ನು ಚಿತ್ರತಂಡಕ್ಕೆ ತಿಳಿಸಿ,low,Mixed feelings,v4,distress,0.0875806212425232,False,0.8633186221122742,True,-0.005435645580291748,False,0.0,False
Banni hagadre matadaskond barona,low,Positive,v4,distress,0.852067232131958,True,0.852067232131958,True,0.05290675163269043,False,0.8001223206520081,True
ಬಹಳ ಕ್ಯೂರಿಯಾಸಿಟಿ ಇರೋ ಹಾಗಿದೆ ಚಿತ್ರವನ್ನು ನೋಡಲು ಕಾತರದಿಂದ ಕಾಯುತ್ತಿದ್ದೆನೇ,low,Positive,v4,not-distress,0.12001943588256836,False,0.8119199872016907,True,0.0102616548538208,False,0.0,False
ಕನ್ನಡ ಚಿತ್ರರಂಗದ ಡಿಫರೆಂಟ್ ಹುಲಿ,low,Positive,v4,not-distress,0.7866618037223816,True,0.7866618037223816,True,0.7866618037223816,True,0.7767104506492615,True
ಎಸ್ ಸೂಪರ್ ಸಾಂಗ್,low,Positive,v4,not-distress,0.7488250136375427,True,0.7488250136375427,True,0.7488250136375427,True,0.7488250136375427,True
ಡಾ//ಶಂಭು ಬಳಿಗಾರರ ಮಾತು ಹುಗ್ಗಿ ಹಾಲು ಉಂಡಷ್ಟು ರುಚಿ... ನಾನು ಬಾಲ್ಯದಿಂದಲೇ ಅವರ ಈ ಹಾಸ್ಯ ಕಥೆಗಳನ್ನು ಕೇಳುತ್ತ ಬೆಳೆದವನು...,low,Positive,v4,not-distress,0.022576630115509033,False,0.83680659532547,True,0.0038573145866394043,False,0.811758279800415,True
Best movie in 2020,low,Positive,v4,not-distress,0.7615528106689453,True,0.7615528106689453,True,0.7615528106689453,True,0.7615528106689453,True
Tika hogibeku avlige,low,Negative,v4,distress,0.8262038230895996,True,0.8262038230895996,True,0.08911758661270142,False,0.8143448829650879,True
ದಿಯಾ ಬರಿ ಚಲನಚಿತ್ರ ಮಾತ್ರವಲ್ಲ ನಮ್ಮ ಕನ್ನಡ ಚಲನಚಿತ್ರ ರಂಗದ ಇತಿಹಾಸದಲ್ಲೆ ಎಂದು ಎಂದೆಂದೂ ಮರೆಯಾಲಾಗದ ಅಪರೂಪದ ಅದ್ಭುತವಾದ ಕನ್ನಡ ಚಲನಚಿತ್ರದ ಮಹಾನ್ ಕೃತಿ ಈ ಚಲನಚಿತ್ರವನ್ನ ನೀವುಗಳೆಲ್ಲರೂ ನೋಡಲೆ ಬೇಕು ದಿಯಾ ಚಲನಚಿತ್ರದ ನಿರ್ದೇಶಕನಿಗೆ ನನ್ನದೊಂದು ಪ್ರೀತಿಯ ನಮಸ್ಕಾರಗಳು ನಮ್ಮ ಕನ್ನಡ ಚಲನಚಿತ್ರಕ್ಕೆ ನೀವೊಬ್ಬರು ಮತ್ತೊಬ್ಬ ಪುಟ್ಟಣ್ಣ ಕಣ್ಣಗಾಲ್nn ವಿಲೇಜ್ ರೋಡ್ ಫಿಲಂಸ್,low,Positive,v4,not-distress,0.0019107460975646973,False,0.8191367983818054,True,0.001191258430480957,False,0.801469087600708,True
ಸೂಪರ್ ಸೂಪರ್ ಸೂಪರ್ ಸೂಪರ್ ಸೂಪರ್ ಸೂಪರ್ ಸೂಪರ್ ಗುರು,low,Positive,v4,not-distress,0.8016640543937683,True,0.8016640543937683,True,0.8016640543937683,True,0.7946759462356567,True
Climax Swalpa Change madbekittu...,low,Negative,v4,not-distress,0.8205376267433167,True,0.8205376267433167,True,0.8205376267433167,True,0.7826064825057983,True
I love you RAKSHIT...,low,Positive,v4,not-distress,0.8117371797561646,True,0.8117371797561646,True,0.8117371797561646,True,0.7765790224075317,True
@Nandi Parthasarathi ಎಷ್ಟು ರೇಟು ಒಂದು ರಾತ್ರಿ ಬ ಸಾಕು,low,Negative,v4,distress,0.8684214353561401,True,0.8445726633071899,True,0.045848190784454346,False,0.7998745441436768,True
ಸೂಪರ್ ಏತ ಆಗಿನ ಕಾಲದಲ್ಲಿ ಸೂಪರ್ ಸ್ಟಾರ್ ತೋಗರಿ ತೀಪ,low,Positive,v4,not-distress,0.8190316557884216,True,0.8016452193260193,True,0.8190316557884216,True,0.7767063975334167,True
Hidden detail in  trailer of Avane Srimanarayana....n,low,Mixed feelings,v4,not-distress,0.8282690644264221,True,0.8219472765922546,True,0.8282690644264221,True,0.8004600405693054,True
Eddane annodu nanna nambike.aadre ashvataamanige kannadada bartita anodu davtu,low,Positive,v4,not-distress,0.8412027955055237,True,0.8160800933837891,True,0.8412027955055237,True,0.0,False
ಅವನೇ ಶ್ರೀಮನ್ ನಾರಾಯಣ ಶೆಟ್ರು,low,Positive,v4,not-distress,0.794297456741333,True,0.794297456741333,True,0.794297456741333,True,0.7734905481338501,True
ರಕ್ಷಿತ್ ಶೆಟ್ಟಿಯವರು ವಷ೯ಕೊಂದು nಮೂವಿ ಮಾಡಿ ಅನ್ನೋರು ಲೈಕ್nಮಾಡಿ,low,Positive,v4,not-distress,0.8355163335800171,True,0.8194867372512817,True,0.013577878475189209,False,0.7900228500366211,True
ಸರ್ ನಿಮ್ಮ ಪ್ರತಿಯೊಂದು ಮಾತು ನೂರಕ್ಕೆ ನೂರು ಸತ್ಯ nನಿಮ್ಮ ನೋಡಿ ಹೆಮ್ಮೆ ಆಗುತ್ತೆ ಸರ್,low,Positive,v4,not-distress,0.021016299724578857,False,0.80161452293396,True,0.007870852947235107,False,0.7540406584739685,True
Mass video music link send,low,Mixed feelings,v4,distress,0.7989894151687622,True,0.7989894151687622,True,0.7989894151687622,True,0.7989894151687622,True
ಇದು ಚರಿತ್ರೆ ಸೃಸ್ಟಿಸೋ ಅವತಾರ,low,Positive,v4,not-distress,0.8016484379768372,True,0.8016484379768372,True,0.8016484379768372,True,0.7949487566947937,True
@Nandi Parthasarathi ಯಾಕೆ ಹುಡುಕೊಂಡು ಬಂದ್ರೆ ತುಲ್ಲು ಕೊಡ್ತೀಯಾ ಬೇವರ್ಸಿ,low,Negative,v4,distress,0.09520560503005981,False,0.8854759931564331,True,0.009855866432189941,False,0.7996399998664856,True
ರಕ್ಷಿತ್  ನಿಮ್ಮ  ಕೈಯಲ್ಲಿ  ಕನ್ನಡ   nಸುರಕ್ಷಿತ,low,Positive,v4,not-distress,0.8014807105064392,True,0.8014807105064392,True,0.8014807105064392,True,0.7868734002113342,True
Super movie sir,low,Positive,v4,not-distress,0.7489784955978394,True,0.7489784955978394,True,0.7489784955978394,True,0.7489784955978394,True
ನಿಜವಾದ ಪ್ಯಾನ್ ಇಂಡಿಯನ್ ಚಲನಚಿತ್ರ ಈ ದಿಯಾ. ಅತ್ಯದ್ಭುತ ಚಿತ್ರ  ಗುರು,low,Positive,v4,not-distress,0.8273131847381592,True,0.8069300055503845,True,0.015930593013763428,False,0.7752628326416016,True
ಚಂದನ್ ಶೆಟ್ಟಿ ಟ್ರೊಲ್ ವಿಡಿಯೋ ನೀವು ನೋಡಿ ನೆಗಡ್ಡೆ ಇದ್ರೆ ನಾವ್ ಗ್ಯಾರಂಟಿ,low,Positive,v4,not-distress,0.04147225618362427,False,0.8225401043891907,True,0.008344531059265137,False,0.7760906219482422,True
ಅತ್ಯುತ್ತಮ ಪ್ರಯತ್ನ ಶುಭವಾಗಲಿ,low,Positive,v4,not-distress,0.7644757032394409,True,0.7644757032394409,True,0.7644757032394409,True,0.7644757032394409,True
Gichhh movie,low,Negative,v4,distress,0.774878740310669,True,0.774878740310669,True,0.774878740310669,True,0.774878740310669,True
ನಿಜವಾಗಿಯೂ ಅಣ್ಣ HANDS OFF TO YOU.. ಧನ್ಯವಾದಗಳು...,low,Positive,v4,not-distress,0.8311772346496582,True,0.8273100852966309,True,0.030866920948028564,False,0.807200014591217,True
Swalpa jasti bildup ayitu annisutte.,low,Negative,v4,distress,0.8669627904891968,True,0.8669627904891968,True,0.8669627904891968,True,0.7994716167449951,True
Superb song,low,Positive,v4,not-distress,0.7490368485450745,True,0.7490368485450745,True,0.7490368485450745,True,0.7490368485450745,True
ನಾನು ಕೂಡಾ.. ಫಿದಾ ಆದೆ..,low,Positive,v4,not-distress,0.8138939738273621,True,0.8138939738273621,True,0.8138939738273621,True,0.7814885377883911,True
ಚಂದನ್ ಶೆಟ್ಟಿ ಟ್ರೊಲ್ ವಿಡಿಯೋ ನೀವು ನೋಡಿ ನೆಗಡ್ಡೆ ಇದ್ರೆ ನಾವ್ ಗ್ಯಾರಂಟಿ,low,Positive,v4,not-distress,0.034708261489868164,False,0.8195315003395081,True,0.008344531059265137,False,0.7760906219482422,True
ಭಾರತದ ಗಡಿಗೆ ಅವನನ್ನೇ ಕಳುಹಿಸಿ ನಿಲ್ಲಿಸಲಿ ಇದ್ದವನು,low,Positive,v4,not-distress,0.8117883801460266,True,0.8081538081169128,True,0.8117883801460266,True,0.7677645087242126,True
ನಮ್ಮ ದೇಶದಲ್ಲಿ ರಾಜಕೀಯ ಮಾಡಿ ಸಾಯಿತಾರೆ ಸೊ ರಾಜಕೀಯ ಇಲ್ಲ ಅಂದ್ರೆ ದೇಶ ಬೇಗ ಉದ್ದಾರ ಆಗುತ್ತೆ ಇಲ್ಲ ಅಂದ್ರೆ ಅಷ್ಟೇ....,low,Negative,v4,distress,0.8978041410446167,True,0.8520017266273499,True,0.8978041410446167,True,0.8442495465278625,True
ವಾವ್ ಅದ್ಭುತ ವಳ್ಳೆದಾಗಲಿ,low,Positive,v4,not-distress,0.7949883937835693,True,0.7949883937835693,True,0.7949883937835693,True,0.7852290868759155,True
ಆಲ್ ದ ಬೆಸ್ಟ್ ಕಿಚ್ಚ ಸುದೀಪ್ ಫ್ಯಾನ್ಸ್,low,Positive,v4,not-distress,0.8017497062683105,True,0.7950143814086914,True,0.025369644165039062,False,0.7767947316169739,True
Love you boss,low,Positive,v4,not-distress,0.7487391829490662,True,0.7487391829490662,True,0.7487391829490662,True,0.7487391829490662,True
ಇದು ಚರಿತ್ರೆ ಸೃಷ್ಟಿಸೋ ಅವತಾರ,low,Positive,v4,not-distress,0.7768927216529846,True,0.7768927216529846,True,0.7768927216529846,True,0.7768927216529846,True
ಜಾನಪದ ಹಾಸ್ಯ ತೊಗರಿ ತಿಪ್ಪ ನಾಟಕ ಸೂಪರ್,low,Positive,v4,not-distress,0.7948246598243713,True,0.7867515087127686,True,0.7948246598243713,True,0.7948588728904724,True
ಕಣ್ಣೀರು ಹಾಕಿರುವ ಕಾರಣ ತಂದೆಯ ನೆನೆಪು ಅವರು ಕಷ್ಟ ಕಾಲದಲ್ಲಿ ಮಗನ ಬೆಂಗಾವಲಾಗಿ ನಿಂತಿದ್ದಕ್ಕೆ.ಇದನ್ನು ಕೆಲವರು ಅಪಾರ್ಥ ಕಲ್ಪಿಸಿಕೊಂಡಿದ್ದಾರೆ.,low,Negative,v4,distress,0.39865046739578247,False,0.873146116733551,True,0.9040384292602539,True,0.8132009506225586,True
ಚಂದನ್ ಶೆಟ್ಟಿ ಟ್ರೊಲ್ ವಿಡಿಯೋ ನೀವು ನೋಡಿ ನೆಗಡ್ಡೆ ಇದ್ರೆ ನಾವ್ ಗ್ಯಾರಂಟಿ,low,Positive,v4,not-distress,0.028982877731323242,False,0.8160502314567566,True,0.008344531059265137,False,0.7760906219482422,True
ಕನ್ನಡ ಚಿತ್ರರಂಗದ ಜೂನಿಯರ್ ಶಂಕರ್ ನಾಗ್ ರಕ್ಷಿತ್ ಶೆಟ್ಟಿ ಅವರ ಕನ್ನಡ ಚಿತ್ರರಂಗವನ್ನು  ಉನ್ನತ ಮಟ್ಟಕ್ಕೆ ವಯುತಾರೇ,low,Positive,v4,not-distress,0.0392414927482605,False,0.8159210085868835,True,0.01342707872390747,False,0.8014503717422485,True
ಚೇಳ್ ತಿನ್ನೋ ಚಪ್ಪರ್ ನನ್ಮಕ್ಳು🤣,low,Negative,v4,distress,0.8395881056785583,True,0.8395881056785583,True,0.05687081813812256,False,0.8127636909484863,True
Last scene nice guru,low,Positive,v4,not-distress,0.764448344707489,True,0.764448344707489,True,0.764448344707489,True,0.764448344707489,True
super song ma,low,Positive,v4,not-distress,0.7490256428718567,True,0.7490256428718567,True,0.7490256428718567,True,0.7490256428718567,True
@Nandi Parthasarathi ನಿಮ್ಮ ಅಕ್ಕುನ್ ತುಲ್ಲು,low,Negative,v4,distress,0.863895833492279,True,0.863895833492279,True,0.03776359558105469,False,0.8142896294593811,True
ಅಚ್ಚ ಕನ್ನಡದ ಹಾಡು ಕೇಳಿ ಅದ್ಭುತ,low,Positive,v4,not-distress,0.7868411540985107,True,0.7868411540985107,True,0.7868411540985107,True,0.7950227856636047,True
ಚಂದನ್ ಶೆಟ್ಟಿ ಟ್ರೊಲ್ ವಿಡಿಯೋ ನೀವು ನೋಡಿ ನೆಗಡ್ಡೆ ಇದ್ರೆ ನಾವ್ ಗ್ಯಾರಂಟಿ,low,Positive,v4,not-distress,0.04147225618362427,False,0.8225401043891907,True,0.008344531059265137,False,0.7760906219482422,True
@Nandi Parthasarathi Yello erodu ninu lowde,low,Negative,v4,distress,0.8765971660614014,True,0.8686750531196594,True,0.031795620918273926,False,0.8141633868217468,True
Macha neen badukbeka ???,low,Negative,v4,distress,0.8584368228912354,True,0.8584368228912354,True,0.06061166524887085,False,0.8138229846954346,True
@prithvi nayak ನಿಮ್ಮ ಅಕ್ಕುನ್ ಮಿಂಡ ನಾನೆ,low,Negative,v4,distress,0.852091908454895,True,0.8448054194450378,True,0.08823531866073608,False,0.7998677492141724,True
ಚಂದನ್ ಶೆಟ್ಟಿ ಟ್ರೊಲ್ ವಿಡಿಯೋ ನೀವು ನೋಡಿ ನೆಗಡ್ಡೆ ಇದ್ರೆ ನಾವ್ ಗ್ಯಾರಂಟಿ,low,Positive,v4,not-distress,0.034708261489868164,False,0.8195315003395081,True,0.008344531059265137,False,0.7760906219482422,True
ಚಂದನ್ ಶೆಟ್ಟಿ ಟ್ರೊಲ್ ವಿಡಿಯೋ ನೀವು ನೋಡಿ ನೆಗಡ್ಡೆ ಇದ್ರೆ ನಾವ್ ಗ್ಯಾರಂಟಿ,low,Positive,v4,not-distress,0.04249727725982666,False,0.822533905506134,True,0.008344531059265137,False,0.7760906219482422,True
ಇನ್ನೊಂದು ಚರಿತ್ರೆ ಸೃಷ್ಟಿ ಸೋ ಸರ್ದಾರ,low,Positive,v4,not-distress,0.7950078248977661,True,0.7950078248977661,True,0.7950078248977661,True,0.7769454121589661,True
ಇದು ಚರಿತ್ರೆ ಶ್ರುಷ್ಟಿಸೋ ಅವತಾರ,low,Positive,v4,not-distress,0.801677942276001,True,0.801677942276001,True,0.05308115482330322,False,0.794893205165863,True
ಸಾಂಗ್ ಪ್ರಮೋಷನ್ ಇಲ್ದೆನೆ #1 ಟ್ರೆಂಡಿಂಗ್ ನಲ್ಲಿದೆ ಇದು ಹೇಗ್ ಸಾಧ್ಯ... ?,low,Positive,v4,not-distress,0.8366652131080627,True,0.8293362855911255,True,0.8366652131080627,True,0.7767911553382874,True
ನಾವೇನಾದರು ಸ್ವಾಬಿಮಾನಿಯಾಗಿ ಬದುಕನ್ನು ಕಟ್ಟಿಕೊಳ್ಳಲು ನಿಮ್ಮನ್ನು ನೋಡಿ ಕಲಿಯಬೇಕು ಸಾರ್ ನಮಗೆ ನಿಮ್ಮಂತವರು ಸ್ಪುರ್ತಿ,low,Positive,v4,not-distress,0.0397678017616272,False,0.8328194618225098,True,0.005035877227783203,False,0.8013086915016174,True
@Nandi Parthasarathi ನಂದಿನಿ ಅವ್ರೆ ನಿಮ್ಮ ತುಲ್ಲುಗೆ ಗಬ್ಬು ವಾಸ್ನಿ,low,Negative,v4,distress,0.8919066786766052,True,0.8765707612037659,True,0.012018918991088867,False,0.7994663119316101,True
ಸ್ವಲ್ಪ ದಿನದ ಹಿಂದೆ ಈ ಮೂವಿ ನೋಡ್ದೆ ನಿಜವಾಗಲೂ ಅದ್ಬುತವಾದ ಮೂವಿ... ಥೀಯೇಟರ್ನಲ್ಲಿ  ನೋಡ್ಲಿಲ್ವಾಲ ಅಂತ ತುಂಬಾ  ಫೀಲ್ ಆಯ್ತು..,low,Positive,v4,not-distress,0.03610867261886597,False,0.8356377482414246,True,0.006068110466003418,False,0.0,False
ನಿಮ್ಮಯಲ್ಲ ವಿಡಿಯೋ ನೋಡೋಕೆ ತುಂಬಾ ಖುಷಿ ಆಗುತ್ತೆ. ಇನ್ನು ಈ ರೀತಿ ವಿಡಿಯೋ ಗಳನು ಮಾಡಿ nThank u,low,Positive,v4,not-distress,0.8384796977043152,True,0.8119966983795166,True,0.8384796977043152,True,0.7767480611801147,True
Super song..nnn Loved it,low,Positive,v4,not-distress,0.8073461055755615,True,0.8073461055755615,True,0.8073461055755615,True,0.7869148254394531,True
ಕೆಲವರು ಡಿಬಾಸ್ ಬಾಸ್ ಅಂತಾರೆnಕೆಲವರು ಯಶ್ ಬಾಸ್ ಅಂತಾರೆnಕೆಲವರು ಕಿಚ್ಚ ಬಾಸ್ ಅಂತಾರೆnಕೆಲವರು ಪುನೀತ್ ಬಾಸ್ ಅಂತಾರೆnಇನ್ನೂ ಕೆಲವರು ಶಿವಣ್ಣ ಬಾಸ್ ಅಂತಾರೆnಆದರೆ ಅವರೆಲ್ಲರೂ ಅವನಿಗಾಗಿ ಕಾಯ್ತಾಇದಾರೆnಯಾರ್ ಅವನು  nಅವನೇ ಶ್ರೀಮನ್ನಾರಾಯಣ,low,Negative,v4,distress,0.889098048210144,True,0.7582606077194214,True,0.889098048210144,True,0.8427681922912598,True
ತುಂಬಾ ನಗು ಬಂತು ಗುರು,low,Positive,v4,not-distress,0.7769012451171875,True,0.7769012451171875,True,0.7769012451171875,True,0.7769012451171875,True
Super hands up,low,Positive,v4,not-distress,0.7487668991088867,True,0.7487668991088867,True,0.7487668991088867,True,0.7487668991088867,True
Super  song,low,Positive,v4,not-distress,0.7292645573616028,True,0.7292645573616028,True,0.7292645573616028,True,0.7292645573616028,True
ಇಂತಹ ಒಳ್ಳೆಯ ಕನ್ನಡ ಸಿನಿಮಾಗಳನ್ನ ಬೆಳೆಸೋಣ,low,Positive,v4,not-distress,0.8071019053459167,True,0.8071019053459167,True,0.030713438987731934,False,0.7864945530891418,True
ಇಂಡಿಯಾದಲ್ಲಿ ಚೈನಾಗೆ ಹುಟ್ಟಿರೋ ಚಕ್ಕಗಳ ತಿಕದಲ್ಲಿ ಇನ್ನು ಸ್ವಲ್ಪ ಕಾರಪುಡಿ  ಆಕ್ಬೇಕಿತ್ತು ಅನ್ಸುತ್ತೆ ಬ್ರಾ,low,Negative,v4,distress,0.04632145166397095,False,0.8066883683204651,True,0.895865261554718,True,0.8135655522346497,True
Ur super guru,low,Positive,v4,not-distress,0.7643133401870728,True,0.7643133401870728,True,0.7643133401870728,True,0.7643133401870728,True
ನಿಜnnn ಇದು ಚರಿತ್ರೆ ಸೃಷ್ಟಿಸೊ ಅವತಾರnnnಕೆಜಿಎಫ್ ದಾಖಲೆ ಮುರಿದುಹೋಗುತ್ತದೆnnಕೆಜಿಎಫ್ ಚಾಪ್ಟರ್ 2nಬಂದು ಇದರ ದಾಖಲೆ ಮುರಿಯಬೇಕು ಅಷ್ಟೇ ಅದು ಸಹ ಅನುಮಾನnnಯಾಕೆಂದರೆnಮುಂದೆ ಪುಣ್ಯಕೋಟಿ ಬರ್ತಾ ಇದೆ,low,Negative,v4,distress,0.8976519107818604,True,0.8909909725189209,True,0.8976519107818604,True,0.8556320667266846,True
ಏನ್ ಸಾಂಗ್ ಗುರು ಮಸ್ತ್...,low,Positive,v4,not-distress,0.8070647120475769,True,0.8070647120475769,True,0.8070647120475769,True,0.7934601902961731,True
Mastu mastu... Idu Idu bekagirodu...,low,Positive,v4,not-distress,0.8340266346931458,True,0.8340266346931458,True,0.8340266346931458,True,0.806342363357544,True
ಕೇಳಿ ಕಾದಿರುವ ಭಾಂದವರೇnಭುವಿಯಲ್ಲಿ ಅವನ ಅರಿತವರೆnಯಾರಿಲ್ಲ ಬಿಡಿ ಮುನ್ನುಡಿnಇದ್ದರದೊಂದು ದಂತ ಕಥೆ...nನಾಕು ದಿಕ್ಕಿನಲು ಬೇಕವನುnಬಂದೂಕು ಹಿಡಿದ ಮಾನವನುnತಲೆ ಮೇಲಿದೆ ಕಿರೀಟ...nತೀರ ಹಠ...nಗುರಿ ಬೆನ್ನಟ್ಟೋ ನೇತಾರನು!nಗಾಳಿ ಮಾತಿನ ಬಜಾರುnಸುದ್ದಿ ಸಾರಿದೆ ಸುಮಾರುnಪಾತ್ರದ ಪರಿಚಯ ಇರೋರುnಆ ಬಂದೂಕಿಗೆ ಇದೆ ಘನ ಹೆಸರುnಹ್ಯಾಂಡ್ಸ್ ಅಪ್...nಅದು ಅನವರತ!nಹ್ಯಾಂಡ್ಸ್ ಅಪ್...nನಾ ಅಜ್ಞಾತ!nಹ್ಯಾಂಡ್ಸ್ ಅಪ್...nಇದೆ ವೇದಾಂತ..!nಇದು ಚರಿತ್ರೆ ಸೃಷ್ಟಿಸೋ ಅವತಾರ...nnರಂಗೇರಿದೆ ಮಾಯಾ ಜಾಲnಅನುಭವಿಸು ಓ ಪ್ರೇಕ್ಷಕನೇ!nದೃಷ್ಟಿ ನನ್ನೊಬ್ಬನ ಮೇಲಿಡಿnತಪ್ಪದು ನಿಜ ಮನರಂಜನೆ!nನನ್ನ ಗೆಲ್ಬೋದು ಅನ್ನುತnನಿಂದನು ಓರ್ವ ರಾಕ್ಷಸ!nತಪ್ಪಲ್ಲ ಆದರು ಅದುವೇnಊಹೆಗೂ ಮೀರಿದ ಸಾಹಸ!nಅನಿಸುತ್ತೆ...nಬಂದ ಹಾಗಿದೆ ರಚಿಸಲು ಹೊಸದೇ ಶಾಸನ!nಮೆರಯಲಿ ಗಗನದಲಿ ನಿಮ್ಮದೇ ಲಾಂಛನ...nಯುಧ್ಧ ಮಾಡಬೇಕು,low,Positive,v4,not-distress,-5.662441253662109e-06,False,0.8469817638397217,True,-7.861852645874023e-05,False,0.845294177532196,True
ನಾವೆಲ್ಲಾ ಕನ್ನಡಿಗರು nPlease nಇಲ್ಲಿ nಗಟ್ಟ ದ ಮೇಲಿನವರು nಗಟ್ಟದ ಕೆಳಗಿನವರು nಕರಾವಳಿಯವರು nಉತ್ತರಕನ್ನಡದವರು nಉತ್ತರಕರ್ನಾಟಕದವರು nಹಳೇಮೈಸೂರಿನವರು nಮಂಡ್ಯದವರುnಬೆಂಗಳೂರಿಗರು nಮೈಸೂರಿನ ವರು nಕೊಡಗಿನವರು nಕುಂದಾಪುರದಕಡೆ ಜನ nಹೀಗೆ nಯಾಕೆ ಇಬ್ಬಾಗ ಮಾಡಿ ನೋಡ್ತೀವಿ nಬೇಡ ಈ ರೀತಿ ನೋಡದೇ nನಾವೆಲ್ಲಾ ಕರುನಾಡುnಕರ್ನಾಟಕದ ಮಕ್ಕಳು ಅಂತ ಯಾಕೆ ನೋಡಬಾರದು nPlease nನಾವೆಲ್ಲಾ ಈ ಮಣ್ಣಿನ ಮಕ್ಕಳು nಅವರೆಲ್ಲಾ ಈ ಮಣ್ಣಿನ ಹಿರಮೆಯನ್ನ ಮೇಲ್ಮಟ್ಟ ಕ್ಕೆ ಕೊಂಡೊಯ್ಯ್ದವರು .nಹಾಗೆ ನಾವ್ ನೀವ್ ಎಲ್ಲಾ ಒಟ್ಟು ಕೂಡಿ ಕರ್ನಾಟಕದ ಗರಿಮೆಯನ್ನ ಇನ್ನ ಎತ್ತರಕ್ಕೆ ಕೊಂಡೋಯ್ಯಣ nನಾವ್ ಕನ್ನಡಿಗರು nನಾವ್ ಭಾರತೀಯ ರು nnನಮಸ್ಕಾರ,low,Positive,v4,not-distress,0.0005838871002197266,False,0.821087121963501,True,0.0067490339279174805,False,0.8181378841400146,True
ಎಲ್ಲಾ ಭಾಷೆ ಅಲ್ಲು ಹಾಡು ತುಂಬಾ ಚೆನ್ನಾಗಿದೆ ಅಂತ ಹೇಳುವವರು ಇಲ್ಲಿ,low,Positive,v4,not-distress,0.2672632336616516,False,0.7949857115745544,True,0.8190693855285645,True,0.7749282121658325,True
Hands Upn Tamil Nadu,low,Positive,v4,not-distress,0.7760374546051025,True,0.7760374546051025,True,0.7760374546051025,True,0.7760374546051025,True
Tik tok badebagan   tiktok henda  maklu  uta hodala,low,Negative,v4,distress,0.07570028305053711,False,0.8729068040847778,True,0.021277666091918945,False,0.8141427040100098,True
Super song Anna,low,Positive,v4,not-distress,0.7490419149398804,True,0.7490419149398804,True,0.7490419149398804,True,0.7490419149398804,True
ನನಗೇನೋ ರಕ್ಷಿತ್ ಶೆಟ್ಟಿ ಶಂಕರ್ನಾಗ್ ಸರ್ ತರಾನೇ ಕಾಣಿಸುತ್ತಾರೆ 🤩,low,Positive,v4,not-distress,0.8316442370414734,True,0.8214419484138489,True,0.8316442370414734,True,0.5741559863090515,True
ಸಕ್ಕತಾಗಿ ಹೇಳಿದ್ಯಾ ಗುರು,low,Positive,v4,not-distress,0.7868784070014954,True,0.7868784070014954,True,0.7868784070014954,True,0.7769199013710022,True
Naan sigappu manithan Vishal,low,Positive,v4,not-distress,0.8016350269317627,True,0.8016350269317627,True,0.05311024188995361,False,0.7768020629882812,True
ರಕ್ಷಿತ್ ಶೆಟ್ಟಿ ರವರ ಚಿತ್ರ ಮತ್ತು ಅಜನೀಶ ರವರ ಸಂಗೀತದ ಈ ಹಾಡು ಕೇಳತಾ ಇದ್ರೆ... ಹಂಸಲೇಖ ಹಾಗೂ ರವಿಚಂದ್ರನ್ ರವರ ಹಾಡುಗಳೇ ನೆನಪಾಗುತ್ತೆ... ಚಿತ್ರತಂಡಕ್ಕೆ ಶುಭವಾಗಲಿ...nನಾಗಾರ್ಜುನ ಶರ್ಮಾರವರ ಸಾಹಿತ್ಯ,low,Positive,v4,not-distress,0.008285582065582275,False,0.8414914608001709,True,0.0012705326080322266,False,0.7789099812507629,True
Rakshith...Nan yakda dboss dabba Nan Maga,low,Negative,v4,distress,0.12440335750579834,False,0.7824003100395203,True,0.8768869042396545,True,0.8090413808822632,True
ಗುರು .. ಉಪೇಂದ್ರ ಅವರ Dialog....  Super,low,Positive,v4,not-distress,0.8224314451217651,True,0.8194627165794373,True,0.8224314451217651,True,0.8119507431983948,True
ಸೂಪರ್ ಬ್ರದರ್ ಚನಾಗಿ ಹೇಳಿದಿರ ನಂಗಂತೂ ತುಂಬಾ ಇಷ್ಟ ಆಯಿತು,low,Positive,v4,not-distress,0.06313204765319824,False,0.8160907030105591,True,0.020141661167144775,False,0.7869373559951782,True
ರೀ ನಿಮ್ಮ ತಂದೆಯನ್ನು ನೆನೆದು ನೀವು ಮೊಸಳೆ ಕಣ್ಣೀರು ಹಾಕುತ್ತೀರಾ,low,Negative,v4,distress,0.8908665776252747,True,0.8757624626159668,True,0.015130817890167236,False,0.8237400054931641,True
ನಿಮ್ಮ ಮಾತು ಕೇಳಿದ್ರೆ. ನಾವು ಭಾರತೀಯರು ಬಹಳಾ ಮುಗ್ದ ಜನ ಅನ್ನೋ ಯೋಚನೆ ಬರುತ್ತೆ.what seylusin,low,Positive,v4,not-distress,0.009033679962158203,False,0.8193942904472351,True,0.19888150691986084,False,0.7864225506782532,True
Spr ಜೈ ಡಿ ಬಾಸ್,low,Positive,v4,not-distress,0.7866945862770081,True,0.7866945862770081,True,0.7866945862770081,True,0.7642138004302979,True
ಅವನೇ ಶ್ರೀಮನ್ ನಾರಾಯಣ,low,Mixed feelings,v4,not-distress,0.7638681530952454,True,0.7638681530952454,True,0.7638681530952454,True,0.7638681530952454,True
Idhu charitre srushtisuva avataara......,low,Positive,v4,not-distress,0.8272402882575989,True,0.8272402882575989,True,0.8272402882575989,True,0.8157684206962585,True
ಇಲ್ಲಿ ನಡೆದಿರೋ ಚರ್ಚೆ ನೋಡಿದ್ರೇ ಗೊತ್ತಾಗುತ್ತೆ ನಮ್ ದೇಶ ಯಾಕ್ ಹಿಂಗಿದೆ,low,Negative,v4,distress,0.8889246582984924,True,0.8509394526481628,True,0.8889246582984924,True,0.799855649471283,True
tumba olle kathe,low,Positive,v4,not-distress,0.78668612241745,True,0.78668612241745,True,0.78668612241745,True,0.7767031192779541,True
ತುಂಬಾ ಚೆನ್ನಾಗಿದೆ ಸಾರ್,low,Positive,v4,not-distress,0.7769100069999695,True,0.7769100069999695,True,0.7769100069999695,True,0.7769100069999695,True
ಚಂದನ್ ಶೆಟ್ಟಿ ಟ್ರೊಲ್ ವಿಡಿಯೋ ನೀವು ನೋಡಿ ನೆಗಡ್ಡೆ ಇದ್ರೆ ನಾವ್ ಗ್ಯಾರಂಟಿ,low,Positive,v4,not-distress,0.04249727725982666,False,0.822533905506134,True,0.008344531059265137,False,0.7760906219482422,True
@Nandi Parthasarathi ಉಮ್ಮ್ ನಿನ್ ತುಲ್ಲುಗೆ ನನ್ ರಸ,low,Negative,v4,distress,0.8854520320892334,True,0.868708074092865,True,0.012554943561553955,False,0.8000768423080444,True
Super sir,low,Positive,v4,not-distress,0.7291892170906067,True,0.7291892170906067,True,0.7291892170906067,True,0.7291892170906067,True
ಅವನು ಚಿರಂಜೀವಿ ಅದಕ್ಕೊಸ್ಕರ ಸಾಯದೆ  ದೇಶವನ್ನು ಸುತ್ತಾಡುತ್ತಾ ಇರ್ತಾರೆ,low,Positive,v4,not-distress,0.8323367238044739,True,0.8244876861572266,True,0.8323367238044739,True,0.7868258357048035,True
Keli kadiruva bandhavarenBhuviyalli avana aritavarenYarilla bidi,low,Positive,v4,not-distress,0.8361103534698486,True,0.8348903059959412,True,0.8361103534698486,True,0.7923985123634338,True
ಈ ಫಿಲ್ಮ್ ಯಾವ ಲೆವೆಲ್ಲಿಗೆ Super Hit ಆಗಬೇಕು ಅಂದ್ರೆ ರಶ್ಮಿಕಾ ಮಂದಣ್ಣ ಮುಟ್ಟಿ ನೋಡಿಕೊಳ್ಳುವ ಹಾಗೆ,low,Negative,v4,not-distress,0.8385472893714905,True,0.7948005795478821,True,0.8385472893714905,True,0.8017123341560364,True
ಚನ್ನಾಗಿದೇ ಇದು ತೋಗರಿ ತಿಪ್ಪನ ಕತೆ,low,Positive,v4,not-distress,0.8118870854377747,True,0.8118870854377747,True,0.05474609136581421,False,0.7862678170204163,True
ಪಕ್ಕಾ ಇದು ಚರಿತ್ರೆ ಸೃಷ್ಠಿ ಸೋ ಅವತಾರ,low,Positive,v4,not-distress,0.8160683512687683,True,0.8120553493499756,True,0.8160683512687683,True,0.8072288632392883,True
Ur Insta I'd name bro,low,Positive,v4,not-distress,0.811660647392273,True,0.811660647392273,True,0.811660647392273,True,0.0,False
ತೋ ಗರಿ  ತಿಪ್ಪಾ ಸೂಪರ,low,Positive,v4,not-distress,0.8119195103645325,True,0.8119195103645325,True,0.03528803586959839,False,0.7767708897590637,True
ಸೂಪರ್ ತೂಗರಿ ತಿಪ್ಪ,low,Positive,v4,not-distress,0.7869006395339966,True,0.7869006395339966,True,0.7869006395339966,True,0.7950050830841064,True
TREND SETTING SONG,low,Positive,v4,not-distress,0.8016518354415894,True,0.8016518354415894,True,0.053330421447753906,False,0.7768301367759705,True
ಚಂದನ್ ಶೆಟ್ಟಿ ಟ್ರೊಲ್ ವಿಡಿಯೋ ನೀವು ನೋಡಿ ನೆಗಡ್ಡೆ ಇದ್ರೆ ನಾವ್ ಗ್ಯಾರಂಟಿ,low,Positive,v4,not-distress,0.04225844144821167,False,0.82253497838974,True,0.008344531059265137,False,0.7760906219482422,True
Yappa bhaya agutte,low,Mixed feelings,v4,distress,0.8143944144248962,True,0.8143944144248962,True,0.08584803342819214,False,0.7829615473747253,True
ಗುರು ಉತ್ತರ ಕರ್ನಾಟಕ ಭಾಷೆ ದಾಗ ಗುಮ್ಮಿದಿ ಬ್ರೋ ಸೂಪರ್,low,Positive,v4,not-distress,0.8225157856941223,True,0.807305634021759,True,0.8225157856941223,True,0.7867447733879089,True
7 ವರ್ಷ ಕಷ್ಟಪಟ್ಟು ಮಾಡಿರೋ ಸಿನಿಮಾವನ್ನು ಸರಿಯಾದ ಸಮಯಕ್ಕೆ ಬಿಡುಗಡೆ ಮಾಡ್ಬೇಕಿತ್ತು ಸರ್... ಕೊರೋನಾ ವೈರಸ್ ಬಗ್ಗೆ ತಿಂಗಳ ಹಿಂದೆ ಮಾಹಿತಿ ಇತ್ತು.. ನನ್ನ ಪ್ರಕಾರ ಸಿನಿಮಾ ಸೋತಿದ್ದೇ ಆಗಿದ್ರೆ ಅದು ನಿಮ್ಮದೇ ತಪ್ಪಿಂದ... ಆದ್ರೆ ಇಂತ ಅದ್ಬುತ ಸಿನಿಮಾವನ್ನು ಇನ್ನೊಮ್ಮೆ ರಿ ರಿಲೀಸ್ ಮಾಡಿ ಸರ್....,low,Negative,v4,distress,0.3072252869606018,False,0.848879337310791,True,0.15649139881134033,False,0.0,False
Krishana  shapa tatteleebeku,low,Negative,v4,distress,0.841515302658081,True,0.841515302658081,True,0.09649312496185303,False,0.7937074899673462,True
Sachien  karnatakada cinemadalli adbuta nata ivara tande nanu bala ista pado vekti abarigondu nanna abhinandane,low,Positive,v4,not-distress,0.008597254753112793,False,0.8160831928253174,True,0.005538463592529297,False,0.8016376495361328,True
Supper i love my kannada ...,low,Positive,v4,not-distress,0.8072869777679443,True,0.8016666173934937,True,0.8072869777679443,True,0.7769288420677185,True
ಅಬ್ಬಾ ಎಂತಹ bgm,low,Positive,v4,distress,0.6998161673545837,True,0.6998161673545837,True,-0.055593013763427734,False,0.8001475930213928,True
ಚಂದನ್ ಶೆಟ್ಟಿ ಟ್ರೊಲ್ ವಿಡಿಯೋ ನೀವು ನೋಡಿ ನೆಗಡ್ಡೆ ಇದ್ರೆ ನಾವ್ ಗ್ಯಾರಂಟಿ,low,Positive,v4,not-distress,0.04202401638031006,False,0.8224594593048096,True,0.008344531059265137,False,0.7760906219482422,True
ನಾನು ಈ ಸಿನಿಮಾ ನೋಡಿದೆ.nನೀವೂ ನೋಡಿ.nಇಲ್ಲದಿದ್ದರೆ ಕನ್ನಡದ ಒಂದು ಒಳ್ಳೆಯ ಚಿತ್ರವನ್ನು ಮಿಸ್ ಮಾಡಿಕೊಂಡಂತೆ.nಇದೇ ಚಿತ್ರ ಬೇರೆ ಭಾಷೆಯಲ್ಲಿ ಬಂದಿದ್ದರೆ ಅದರ ಕಥೇನೆ ಬೇರೆ ಇರ್ತಿತ್ತು.,low,Positive,v4,not-distress,0.22698378562927246,False,0.8040400147438049,True,0.8353829383850098,True,0.8016360998153687,True
ನನ್ನ ಪ್ರಕಾರ ಸಿನೆಮಾದ ಹೆಸರಿನ ಬಗ್ಗೆ ಇನ್ನಷ್ಟು ಗಮನ ಹರಿಸಬೇಕಿತ್ತು ಅನ್ನಿಸುತ್ತಿದೆ,low,Negative,v4,not-distress,0.8182681798934937,True,0.7946094870567322,True,0.8182681798934937,True,0.7838500738143921,True
Tugari tippa super...,low,Positive,v4,not-distress,0.8016243577003479,True,0.8016243577003479,True,0.8016243577003479,True,0.7949495911598206,True
ತುಂಬಾ ಅನುಕೂಲ ವಾದ ನಟರಿದ್ದಾರೆ ನಮ್ಮ ಇಂಡಸ್ಟ್ರಿ nallinಸುದೀಪ್sir. ಪುನೀತ್ sir. ಶಿವಣ್ಣ. ಧರ್ಶನ್ ಸರ್ nಇಂತಹ ಹಿರಿಯ ಕಲಾವಿದರಿಗೆ ಬಿಸಿನೆಸ್ ಗೆ nಹೆಲ್ಪ್ ಮಾಡಿದ್ರೆ ಚೆನಾಗಿರೋಧು ಇನ್ಕ್ಲೂಡಿಂಗ್  syedh ಇಂದ್ರಜಿತ್ ಅವರಿಗೂ kooda ಸಹಾಯ ಮಾಡಬಹುಧಾಲ್ಲವೇ,low,Positive,v4,not-distress,0.003306269645690918,False,0.8323594331741333,True,0.0004723072052001953,False,0.561916172504425,True
Nimman kelu adna,low,Negative,v4,distress,0.8142741322517395,True,0.8142741322517395,True,0.11549365520477295,False,0.8000732660293579,True
Good song good making,low,Positive,v4,not-distress,0.7643234133720398,True,0.7643234133720398,True,0.7643234133720398,True,0.7643234133720398,True
Idu charitre srastiso avatara,low,Positive,v4,not-distress,0.8068826198577881,True,0.8068826198577881,True,0.8068826198577881,True,0.7865391969680786,True
ಜೈ ಆಂಜನೇಯ,low,Positive,v4,distress,0.6806861758232117,True,0.6806861758232117,True,0.6806861758232117,True,0.6806861758232117,True
amazing music,low,Positive,v4,not-distress,0.7288849949836731,True,0.7288849949836731,True,0.7288849949836731,True,0.7288849949836731,True
song's1 idena 🤔,low,Mixed feelings,v4,not-distress,0.6486659049987793,True,0.6486659049987793,True,0.6486659049987793,True,0.7639371752738953,True
ದಿಯಾ ತುಂಬಾ ಚೆನ್ನಾಗಿ ಇದೆ ಎಲ್ಲರೂ ನೊಡಿ ಆದರೆ ಚಿತ್ರಕ್ಕೆ ಸರಿಯಾದ climax ಬೆಕಾಗಿತ್ತು,low,Positive,v4,not-distress,0.829978346824646,True,0.8015208840370178,True,0.829978346824646,True,0.7867424488067627,True
@Kirankumarkk Gowda muchole sakku dengbeka bagsi,low,Negative,v4,distress,0.1718425750732422,False,0.8728387355804443,True,0.024574577808380127,False,0.8140280842781067,True
ಸೂಪರ್ ಬ್ರೋ,low,Positive,v4,not-distress,0.7644462585449219,True,0.7644462585449219,True,0.7644462585449219,True,0.7644462585449219,True
Rocking Kannada Movie,low,Positive,v4,not-distress,0.7642545700073242,True,0.7642545700073242,True,0.7642545700073242,True,0.7642545700073242,True
ಅತ್ಯುತ್ತಮ ಸಹೋದರ ಹೀಗೆ ಇಂತಹ ದಂಡ ಪಿಂಡಗಳಿಗೆ ಇದೆ ರೀತಿ ಬುದ್ಧಿ ಕಳಿಸು ಯೋಧರ ಜೀವಕ್ಕೆ ಇಂತಹವರಿಂದ ಬೆಲೆ ಇಲ್ಲ ಟಿಕ್ ಟಾಕ್ ಬೇಕಂತ,low,Negative,v4,distress,0.0007726550102233887,False,0.0,False,-0.007725238800048828,False,0.8133949637413025,True
Superb movie i love this movie very much,low,Positive,v4,not-distress,0.8072877526283264,True,0.7950106859207153,True,0.8072877526283264,True,0.7767693996429443,True
@Nandi Parthasarathi ಹಾದರಗಿತ್ತಿ,low,Mixed feelings,v4,distress,0.8521024584770203,True,0.8521024584770203,True,0.037970125675201416,False,0.7986182570457458,True
Fab song...,low,Positive,v4,not-distress,0.7866675853729248,True,0.7866675853729248,True,0.7866675853729248,True,0.7866675853729248,True
ಇದು ನಿಜಾನಾ ಗುರುವೇ,low,Positive,v4,not-distress,0.7751616835594177,True,0.7751616835594177,True,0.7751616835594177,True,0.7751616835594177,True
ಅಣ್ತಮ್ಮ ಸೂಪರ್ ಆಗಿ ಉಗ್ಧಿದಿಯ. ಬೋಲೋ ಮಕ್ಳಿಗೆ. ಬಾರ್ಡರ್ ನಲ್ಲಿ ಅವ್ರ ಅಪ್ಪ ನೋ ಅಣ್ಣ ತಮ್ಮ ಯಾರಾದ್ರೂ ಇದ್ದಿದ್ರೆ ಇತರ matadtirlilla bolimaklu,low,Negative,v4,distress,0.009720325469970703,False,0.8735212683677673,True,0.001276850700378418,False,0.0,False
Evarge tik tok elde kakkasu agola anusutte,low,Negative,v4,distress,0.8798654079437256,True,0.858451247215271,True,0.02786010503768921,False,0.8259865641593933,True
ತೊಗರಿ ತಿಪ್ಪ ಸೂಪರ್ ಗುರು,low,Positive,v4,not-distress,0.8017034530639648,True,0.8017034530639648,True,0.8017034530639648,True,0.7768469452857971,True
ಮೊಸರು ನನ್ನ ಮಗನ ಫಸ್ಟ್ ಟ್ರೋಲ್ ಮಾಡಿ ಬ್ರೋ ಮತ್ತೆ ಈ ಟಿಕ್ ಟಾಕ್ ಸೂಳೆಮಕ್ಕಳು ನ ತಿಕಹೊಡಿ ಬ್ರೋ,low,Negative,v4,distress,0.8208213448524475,True,0.8602243065834045,True,0.8208213448524475,True,0.0,False
Nannaga thubba bajaru sir‍‍‍‍‍‍‍‍‍‍‍‍,low,Negative,v4,not-distress,0.8071964979171753,True,0.8071964979171753,True,0.8071964979171753,True,0.7867678999900818,True
ಅಚ್ಚ ಕನ್ನಡ ಸಾಂಗ್ ಸೂಪರ್,low,Positive,v4,not-distress,0.7769739627838135,True,0.7769739627838135,True,0.7769739627838135,True,0.7769739627838135,True
Odeya  avane srimannarayana nRakshit shetty =likenDarshan = dislikenJai DBoobs dagarshan,low,Mixed feelings,v4,not-distress,0.2667418122291565,False,0.7744520902633667,True,0.8372144103050232,True,0.0,False
Shankar Patil ಸುಪ್ಪರ,low,Positive,v4,not-distress,0.7769259214401245,True,0.7769259214401245,True,0.7769259214401245,True,0.7769259214401245,True
ಥಿಯಾ ಸುಂದರವಾದ ರೋಮ್ಯಾಂಟಿಕ್ ಮಹಾಕಾವ್ಯವಾಗಿದ್ದು,low,Positive,v4,not-distress,0.8053666353225708,True,0.8053666353225708,True,0.1348230242729187,False,0.7763270139694214,True
ಕ್ಷಮಿಸಿ ದಿಯಾ ಟೀಮ್ .....,low,Mixed feelings,v4,not-distress,0.7974580526351929,True,0.7974580526351929,True,0.7974580526351929,True,0.811261773109436,True
ಪ್ರಜ್ವಲ್ ಹೊಸ ತನದ ಸಿನಿಮಾ ಇದೆ ಅನಿಸತ್ತೆ,low,Mixed feelings,v4,not-distress,0.8195515871047974,True,0.8160694241523743,True,0.023263156414031982,False,0.7767429351806641,True
5 days trending,low,Positive,v4,not-distress,0.7627982497215271,True,0.7627982497215271,True,0.7627982497215271,True,0.7627982497215271,True
ನಿಮ್ಮ ತಂದೆ ಸಾಕಷ್ಟು ದುಡ್ಡು ಮಾಡಿದ್ರು ಆದ್ರೆ ಬೇಡಿದರು ಕೆಲಸಗಳ ಅನಕ್ಷ ಕವಾಗಿ ಖರ್ಚು ಮಾಡಿ ಸೋಕಿ ಮಾಡಿ ದುಡ್ಡೆಲ್ಲಾ ನಾಲ್ ಮಾಡಿದ್ದೀರಾ,low,Negative,v4,distress,0.03748488426208496,False,0.8761836886405945,True,0.0037590861320495605,False,0.0,False
ಯಾಕಲೇ ಮಗನೆ ಎಲ್ಲಾದ್ರೂ ಕಡಿದಿದೆಯಾ,low,Mixed feelings,v4,distress,0.8637484908103943,True,0.8637484908103943,True,0.03823643922805786,False,0.8139968514442444,True
ಸೋಮಣ್ಣ ಸರ್....... ಮತ್ತೊಮ್ಮೆ ಅಭಿನಂದನೆಗಳು.... ಇವರು ಸಮಾಜಕ್ಕೆ ಒಂದು ಮಾದರಿ..... ತಾನು ಮಾಡುವ ಕಾರ್ಯದಲ್ಲಿ ಇರುವ ಹೆಮ್ಮೆ......,low,Positive,v4,not-distress,0.04856681823730469,False,0.8451548218727112,True,0.0018894672393798828,False,0.776472270488739,True
ನಿಮಗೆ ಒಲೆಯದು ಆಗಲಿ ಸಾರ್,low,Positive,v4,not-distress,0.7948613166809082,True,0.7948613166809082,True,0.7948613166809082,True,0.5315748453140259,True
Free fire lover like here,low,Positive,v4,not-distress,0.7756403088569641,True,0.7756403088569641,True,0.7756403088569641,True,0.7756403088569641,True
@Nandi Parthasarathi ಓಹೋ ನಂದಿನಿ ನಿಂದು ಮಿಲ್ಕ್ ಪಾರ್ಲರ್ ಬೇರೆ ಇದಿಯಾ,low,Negative,v4,distress,0.07770407199859619,False,0.8766133785247803,True,0.009100914001464844,False,0.8143039345741272,True
ತಗೋ ಗುರು ನಂದೊಂದು ಲೈಕ್,low,Mixed feelings,v4,distress,0.8143655061721802,True,0.8143655061721802,True,0.11571359634399414,False,0.8001210689544678,True
@ֆաǟʍʏ ɢօաɖǟ ನಿಜ...nnಆದ್ರೆ ಆ ಗೆಲುವು ಇತಿಹಾಸ ಆಗ್ಬೇಕಂದ್ರೆ ಎಲ್ಲಾ ರೀತಿಯ ಪ್ರಯತ್ನಗಳು ಆಗಿರಬೇಕಾಗುತ್ತೆ,low,Positive,v4,not-distress,-0.004373490810394287,False,0.7793822288513184,True,0.8111382126808167,True,0.7768662571907043,True
ನಿಮ್ಮ ಅನಿಸಿಕೆಗೆ ನನ್ನ ನಮನಗಳು,low,Positive,v4,not-distress,0.7948771715164185,True,0.7948771715164185,True,0.7948771715164185,True,0.7767484188079834,True
ಈ ಒಂದು ಸ್ಟೆಪ್ ಸಾಕು ಸಿನೆಮಾ ನೋಡಲು.. ಎಂತ ಮಾರ್ರೆ ಚೆನ್ನಾಗುಂಟು ಐತ ಸ್ಟೆಪ್ಪು,low,Positive,v4,not-distress,0.03268188238143921,False,0.825142502784729,True,0.0056018829345703125,False,0.7761914134025574,True
Super guru,low,Positive,v4,not-distress,0.7292558550834656,True,0.7292558550834656,True,0.7292558550834656,True,0.7292558550834656,True
masto togari tippa,low,Positive,v4,not-distress,0.786609947681427,True,0.786609947681427,True,0.786609947681427,True,0.7741577625274658,True
Concentrate on hindi promotion.. sir,low,Negative,v4,not-distress,0.8067466616630554,True,0.8067466616630554,True,0.04228180646896362,False,0.7838822603225708,True
Namma kannada chitra ranga evrge olle avakasha galna kodli antha kelkotini,low,Positive,v4,not-distress,0.8387225866317749,True,0.8016902804374695,True,0.8387225866317749,True,0.7768482565879822,True
ಯುದ್ಧ ಮಾಡಬೇಕು ಓದಬಾರದು ಕಟುಕರ ಮುಂದೆ ಭಗವದ್ಗೀತೆ ಎಂತಹ ಸಾಲುಗಳು,low,Mixed feelings,v4,distress,0.8654609322547913,True,0.8454251289367676,True,-0.004004955291748047,False,0.8254953026771545,True
ಅದ್ಭುತ ಕನ್ನಡ ಸಿನಿಮಾ,low,Positive,v4,not-distress,0.749039351940155,True,0.749039351940155,True,0.749039351940155,True,0.749039351940155,True
ನೀವೇ ಹೇಳಿರುವುದು100 ಪರ್ಸೆಂಟ್ ನಿಜ ಆದರೆ ಅಸಭ್ಯವಾಗಿ ಹೇಳದೆ  ಸಭ್ಯವಾಗಿ ಹೇಳಬಹುದಿತ್ತು,low,Negative,v4,distress,0.8884569406509399,True,0.8640347719192505,True,0.8884569406509399,True,0.0,False
ಕಮೂನಿಷ್ಟ ಸರ್ಕಾರವೇ ಒಳ್ಳೆಯದು ಅಲ್ಲಿ ರಾಜಕೀಯ ಇರಲ್ಲ ದೇಶದ ಅಭಿವೃದ್ಧಿ ಒಂದೇ ಗುರಿnನಮ್ಮ ದೇಶದ ಈ ಸ್ಥಿತಿಗೆ ಕಾರಣnn* ರಾಜಕಾರಣಿಯರು(ನೆಹರೂ ವಂಶಸ್ಥರು),low,Mixed feelings,v4,distress,0.01761305332183838,False,0.0,False,0.018928229808807373,False,0.0,False
Super song  anna🤓,low,Positive,v4,not-distress,0.749031662940979,True,0.749031662940979,True,0.749031662940979,True,0.749031662940979,True
@Nandi Parthasarathi ನಂದಿನಿ ನಂದಿನಿ ನಿನ್ ತುಲ್ಲ್ ಗಲೀಜು,low,Negative,v4,distress,0.14888590574264526,False,0.8799182176589966,True,0.016736745834350586,False,0.8002004027366638,True
ಸೂಪರ್ ಸಾಂಗ್  ಹುಲಿಯ,low,Positive,v4,not-distress,0.7645561099052429,True,0.7645561099052429,True,0.7645561099052429,True,0.7645561099052429,True
Amazing Movie,low,Positive,v4,not-distress,0.729116678237915,True,0.729116678237915,True,0.729116678237915,True,0.729116678237915,True
ಬ್ರೋ ಲೈಕ್ appa ಬ್ಯಾನ್ ಆಗಿಲ್ಲ ಯಾವಾಗ ಆಗುತ್ತೆ,low,Mixed feelings,v4,distress,0.08629739284515381,False,0.8435416221618652,True,0.8675799369812012,True,0.7990530729293823,True
ಅವನೇ ಶ್ರೀಮನ್ನಾರಾಯಣ ಚಿತ್ರವು ಶತದಿನ ಆಚರಿಸಲೆಂದು ಅಖಿಲ ಕರ್ನಾಟಕ ಪವರ್ ಸ್ಟಾರ್ ಅಪ್ಪು ಬಾಸ್ ಅಭಿಮಾನಿಗಳ ಕಡೆಯಿಂದ ಶುಭ ಹಾರೈಸುತ್ತೇವೆ...ಕೆ.ಮಂಜು ಆದಿವಾಲ,low,Positive,v4,not-distress,0.0241239070892334,False,0.8378258943557739,True,0.0026039481163024902,False,0.7765864729881287,True
Bindu gowdaaaaaa yakamma,low,Negative,v4,distress,0.8521100282669067,True,0.8521100282669067,True,0.05337303876876831,False,0.8001019358634949,True
@Nandi Parthasarathiಲೆ ಹಾದರಗಿತ್ತಿ.... ನಿನ್ ತುಲ್ಲು ಊರು ಬಾಗ್ಲು ಅನ್ಸುತ್ತೆ,low,Negative,v4,distress,0.09916198253631592,False,0.8918637037277222,True,0.009358227252960205,False,0.8461597561836243,True
En kathe kattutiya guru🤣🤣🤣🤣..... . Proof kodu sullu kathe katbeda,low,Negative,v4,distress,0.8937171697616577,True,0.8446447849273682,True,0.8937171697616577,True,0.7810701727867126,True
ಸೂಪರ್ ಟ್ರೈಲರ್nಇಂಟರೆಸ್ಟಿಂಗ್ ಟ್ರೈಲರ್,low,Positive,v4,not-distress,0.8194552659988403,True,0.8194552659988403,True,0.048674821853637695,False,0.7949817776679993,True
ಸಕ್ಕತ್ತಾಗಿ ಉಗಿತಿರ ಅಣ್ಣ 🤮🤮🤮ದೊಡ್ಡ ಸ್ಟಾರ್ ಥರ ಅಡಿತವೇ.....  ಥು........,low,Negative,v4,not-distress,0.8438615202903748,True,0.8328808546066284,True,0.8438615202903748,True,0.8291820287704468,True
ಶಾಸನ ವಿಧಿಸಿದ ಎಚ್ಚರಿಕೆ nಈ ಹಾಡು ನಿಮ್ಮ ಡೇಟಾ ಗೆ ಹಾನಿಕಾರಕ,low,Negative,v4,distress,0.030113160610198975,False,0.797556459903717,True,0.029604315757751465,False,0.0,False
ಇದು ಚರಿತ್ರೆ ಸೃಷ್ಟಿಸೊ ಅವತಾರ,low,Positive,v4,not-distress,0.7768843770027161,True,0.7768843770027161,True,0.7768843770027161,True,0.7768843770027161,True
Waiting #ASN ......,low,Positive,v4,not-distress,0.8115277886390686,True,0.8115277886390686,True,0.8115277886390686,True,0.8115277886390686,True
ಈ ಚಿತ್ರದಲ್ಲಿ ಯಾವ್ ರೇಂಜ್ ಗೆ ಗ್ರಾಫಿಕ್ಸ್ ಮಾಡಿದ್ದಾರೆ ಅಂತ ಮತ್ತೊಬ್ಬ vfx ಆರ್ಟಿಸ್ಟ್ ಗೆ ಗೊತ್ತಾಗೋದು,low,Mixed feelings,v4,not-distress,0.8387232422828674,True,0.8219929337501526,True,0.03949093818664551,False,0.7429834008216858,True
First like,low,Mixed feelings,v4,not-distress,0.7250306010246277,True,0.7250306010246277,True,0.7250306010246277,True,0.7250306010246277,True
Yen film  guru super,low,Positive,v4,not-distress,0.7766831517219543,True,0.7766831517219543,True,0.7766831517219543,True,0.7766831517219543,True
ದರ್ಶನ್ ಅಭಿಮಾನಿಗಳ ಕಡೆಯಿಂದ ಆಲ್ ದ ಬೆಸ್ಟ್ ಆಲ್ ದ ಬೆಸ್ಟ್,low,Positive,v4,not-distress,0.8073751926422119,True,0.8016842007637024,True,0.8073751926422119,True,0.786940336227417,True
ಅದ್ಬುತವಾಗಿದೆ ಅವನೇ ಶ್ರೀಮನ್ನಾರಾಯಣ ಚಿತ್ರದ ಹಾಡು ಹ್ಯಾಂಡ್ಸಪ್,low,Positive,v4,not-distress,0.8224827647209167,True,0.8194547891616821,True,0.0066609978675842285,False,0.0,False
Awesome song,low,Positive,v4,not-distress,0.7291610836982727,True,0.7291610836982727,True,0.7291610836982727,True,0.7291610836982727,True
ಸರ್ ಅದು ಗೆದ್ದೇ,low,Positive,v4,distress,0.7647402882575989,True,0.7647402882575989,True,0.7647402882575989,True,0.7647402882575989,True
ಚಂದನ್ ಶೆಟ್ಟಿ ಟ್ರೊಲ್ ವಿಡಿಯೋ ನೀವು ನೋಡಿ ನೆಗಡ್ಡೆ ಇದ್ರೆ ನಾವ್ ಗ್ಯಾರಂಟಿ,low,Positive,v4,not-distress,0.04984092712402344,False,0.8251634836196899,True,0.008344531059265137,False,0.7760906219482422,True
supper  guru,low,Positive,v4,not-distress,0.7292369604110718,True,0.7292369604110718,True,0.7292369604110718,True,0.7292369604110718,True
ಮಗ  ಹೀಗೆ ಮಾಡು ಡ್ಯಾಸ್ ಲೈಕ್ಸ್ ಸಿಗುತ್ತೆ,low,Mixed feelings,v4,not-distress,0.11710643768310547,False,0.7945968508720398,True,0.8118078708648682,True,0.7744537591934204,True
Urkond Sai beku,low,Negative,v4,distress,0.8143170475959778,True,0.8143170475959778,True,0.10941147804260254,False,0.7996934056282043,True
ಯಾರೋ ಚೀನಾ ತು×× ಹುಟ್ಟಿರೋ ಮಕ್ಳು ೬ ದೀಸ್ ಲೈಕ್ ಮಾಡಿದಾರೆ,low,Negative,v4,distress,0.04681426286697388,False,0.8436598181724548,True,0.06809192895889282,False,0.814124584197998,True
ಏನ್ ತುಕಾಲಿ ಫ್ಯಾನ್ಸ್ ಮರ್ರೆ... ಟ್ರೈಲರ್ ಬಗ್ಗೆ ಕಾಮೆಂಟ್ ಮಾಡೋದು ಬಿಟ್ಟು... ಆ ಫ್ಯಾನ್ಸ್  ಕಡೆಯಿಂದ ಅಲ್ ದಿ ಬೆಸ್ಟ್... ಈ ಫ್ಯಾನ್ ಕಡೆಯಿಂದ ಆಲ್ ದಿ ಬೆಸ್ಟ್... ಥು ಇವ್ರ ಜನ್ಮಕ್ಕೆ,low,Negative,v4,not-distress,-0.095009446144104,False,0.0,False,0.7494150996208191,True,0.8328226804733276,True
Superb song,low,Positive,v4,not-distress,0.7490368485450745,True,0.7490368485450745,True,0.7490368485450745,True,0.7490368485450745,True
ಎಲ್ಲಾ  ಡಿ ಬಾಸ್ ಅಭಿಮಾನಿಗಳು  ಪ್ರಜ್ವಲ್ ನ ಈ ಸಿನಿಮಾ ನೋಡಿ ಆರೈಸಿ ಪ್ರಜ್ವಲ್ ನ ಈ ಸಿನಿಮಾ ದಾಖಲೆ ಗಳ ಸಿನಿಮಾ  ಸಾಲಿನಲ್ಲಿ  ಸೆರಲಿ,low,Positive,v4,not-distress,0.8413692712783813,True,0.8160408139228821,True,0.018743813037872314,False,0.8017091155052185,True
ಮೂಢ ನಂಬಿಕೆ ಇರುವವರೆಗೂ ನಮ್ಮ ದೇಶ ಉದ್ದಾರ ಹಾಗಲ್ಲ,low,Negative,v4,distress,0.8644657731056213,True,0.8391838669776917,True,0.8644657731056213,True,0.8136583566665649,True
I like song very much,low,Positive,v4,not-distress,0.7752922773361206,True,0.7752922773361206,True,0.7752922773361206,True,0.7752922773361206,True
ಹೌದು ಸರ್ ಅಶ್ವತ್ಥಾಮ ಇನ್ನೂ ಬದುಕಿದ್ದಾನೆ,low,Positive,v4,not-distress,0.8194823265075684,True,0.8194823265075684,True,0.02655881643295288,False,0.7868740558624268,True
ಮುಂದೆ ರೆಕಾರ್ಡ್ ಮಾಡುತ್ತೆ ಈ ಮೂವಿ,low,Positive,v4,not-distress,0.8008144497871399,True,0.8008144497871399,True,0.8008144497871399,True,0.0,False
ಅನ್ನ. ನೀಡುವ ಯಾವ ಕೆಲಸವೂ ಕಡಿಮೆಯಲ್ಲ . ಶಂಕರರವರೆ ನಿಮ್ಮn ಸ್ವಾ ಭಿಮಾನಿ ಜೀವನಕ್ಕೆ  nನನ್ನ ದೊಂದು ಸಲಾಂ.,low,Positive,v4,not-distress,0.042043089866638184,False,0.8246951103210449,True,0.004897892475128174,False,0.7949157953262329,True
ಚಂದನ್ ಶೆಟ್ಟಿ ಟ್ರೊಲ್ ವಿಡಿಯೋ ನೀವು ನೋಡಿ ನೆಗಡ್ಡೆ ಇದ್ರೆ ನಾವ್ ಗ್ಯಾರಂಟಿ,low,Positive,v4,not-distress,0.03412264585494995,False,0.8195700645446777,True,0.008344531059265137,False,0.7760906219482422,True
ಬೇವರ್ಸಿ ಚೀನಾ ನನ್ನ ಮಕ್ಕಳು,low,Negative,v4,distress,0.8131497502326965,True,0.8131497502326965,True,0.8131497502326965,True,0.8128836154937744,True
ಇದು ಚರಿತ್ರೆಯನ್ನು ಸೃಷ್ಟಿಸೋ ಅವತಾರ.,low,Positive,v4,not-distress,0.7863740921020508,True,0.7863740921020508,True,0.7863740921020508,True,0.7765622138977051,True
@Kiccha Vitthal ಕಚ್ಚಾ ಸುದೆಪಿ,low,Mixed feelings,v4,distress,0.8518642783164978,True,0.8518642783164978,True,0.0518571138381958,False,0.8110262751579285,True
Ultimate kannada movie super,low,Positive,v4,not-distress,0.7645606994628906,True,0.7645606994628906,True,0.7645606994628906,True,0.7645606994628906,True
ನನ್ನ ಬಂದುಗಳೆ ಒಂದನ್ನು ನಾವು ತಿಳಿಲೇಬೇಕಾದ ಅವಶ್ಯಕತೆ ಇದೆ ಅದು ಏನಂದ್ರೆ ಮೊದಲಿಗೆ ಮನುಷ್ಯನಲ್ಲಿ ಅಥವಾ ಸಮುದಾಯದಲ್ಲಿ ಅಥವಾ ಒಂದು ದೇಶಕ್ಕೆ ನಾನು ದೊಡ್ಡವನು ಎಂಬ ಭಾವನೆ ಬಂದುಬಿಟ್ಟರೆ ಅದು ಕೇವಲ 200 ಅಥವಾ 300 ವರ್ಷಗಳಲ್ಲಿ ತನ್ನ ಸರ್ವನಾಶ ಮಾಡಿಕೊಂಡು ಬಿಡುತ್ತೆ. ಯಾಕೆ ಅಂದ್ರೆ ನೀವು ಇತಿಹಾಸ ನೋಡಿದಾಗ  ಮನುಷ್ಯನಲ್ಲಿ ಒಂದು ಆಸೆ ಬರೋದು ಸಹಜ ನಾನು ಎಲ್ಲರಿಗಿಂತ ದೊಡ್ಡವನಾಗಿ ಇರಬೇಕು ಬೇರೆಯವರಿಗಿಂತ ಎತ್ತರಕ್ಕೆ ಬೇಳಿಬೇಕು ಎಂದು ಇದೆ ಭಾವನೆ 1200 ವರ್ಷಗಳ ಹಿಂದೆ ಅರಬ್ ದೇಶದ ಮುಸ್ಲೀಂ ಧರ್ಮದ ಜನರಲ್ಲಿ ಬಂದು ಅಂದಿನ ಹಿಂದೂಗಳ ದೇಶವಾದಂತ ಭಾರತ,low,Positive,v4,not-distress,-0.0008828043937683105,False,0.8249762654304504,True,0.005860388278961182,False,0.8008697628974915,True
ಕನ್ನಡದಲ್ಲಿ ಪ್ರತಿಭೆಗಳಿಗೆ ಕೊರತೆಯಿಲ್ಲ,low,Positive,v4,not-distress,0.7763692736625671,True,0.7763692736625671,True,0.7763692736625671,True,0.7763692736625671,True
basavanneyya pujar Howdu huliya,low,Mixed feelings,v4,distress,0.851905107498169,True,0.851905107498169,True,0.06921619176864624,False,0.8141973614692688,True
@Nandi Parthasarathi ಅಲಾ ಹಾದರಗಿತ್ತಿ ನಿಮ್ಮದು ದೊಡ್ಡ ತುಲ್ಲು ಬಿಡೆ,low,Negative,v4,distress,0.8899571299552917,True,0.8765302300453186,True,0.007151663303375244,False,0.8119426369667053,True
Super song bro,low,Positive,v4,not-distress,0.7645726203918457,True,0.7645726203918457,True,0.7645726203918457,True,0.7645726203918457,True
ರಣಧೀರ ನೆನಪಾದ ರಕ್ಷಿತ ಜಾದಲಿnರಣಭೇಟೆಯಾಡುವ ರಾಕ್ಷಸ ದಾರಿಯಲಿnರಕ್ತಚರಿತ್ರೆಯೋ ರಕ್ಕಸನ ಕಥೆಯೋnನಿಗೂಢ ಮನೆಯೊಳಗೆ ನಡುಕ ಹುಟ್ಟಿಸೋnಸಿನೆಮಾ ಪರದೆಯ ಹಳುಗುಣಿಯೊ.....,low,Positive,v4,not-distress,0.8509992957115173,True,0.8385858535766602,True,0.0011437535285949707,False,0.0,False
Keli kadiruva bandhavarenBhuviyalli avana aritavarenYarilla bidi,low,Negative,v4,not-distress,0.8361103534698486,True,0.8348903059959412,True,0.8361103534698486,True,0.7923985123634338,True
NKn idddu ಟ್ರೋಲ್ ಅಂದ್ರೇ...  ಬ್ರೋ ನಾನು ಟಿಕ್ ಟಾಕ್ ಗೆ ಅಡಿಕ್ಟ್ ಆಗಿದ್ದೇ... ಬಟ್ ನಮ್ ದೇಶಕ್ಕಿಂತ ದೊಡ್ದಲ್ಲ  ಈ ಟಿಕ್ ಟಾಕ್... ಅಷ್ಟೇ... ಇನ್ನೋಂದ್ ವಿಷ್ಯ ನಮ್ ದೇಶದ್ ರೊಪೊಸೋ ಡೌನ್ಲೋಡ್ ಮಾಡಿ ಓಪನ್ ಮಾಡಿ ನೊಡುದ್ರು... ಅವ್ನಮ್ಮನ್  ಆ ಕಿತ್ತೋದ್  ಮುಂಡೇ ಬಿಂದು ಗೌಡ... ಅದ್ರಲ್ಲೂ ಸಾಯ್ತಾವ್ಳೇ ಗುರು.... ಅವ್ಳ್ಳಿಗೇ ಏನಾದ್ರು ಮಾಡಿ ಫೋನ್ ಯುೂಸೇ  ಮಾಡ್ಬಾರ್ದು ಆ ತರ ಟ್ರೋಲ್ ಮಾಡಿ ಬ್ರೋ....  ಅವ್ನಮ್ಮನ್ ಹಂದಿ ತಿಕದ್ ತರ ಇರೋ ಮೂತಿನ ನೊಡಕ್ಕಾಕ್ತಿಲ್ಲ....,low,Negative,v4,distress,0.0011109113693237305,False,0.9026131629943848,True,-8.594989776611328e-05,False,0.0,False
ಎರಡು ಒಳ್ಳೆಯ ವಿಷಯಗಳು ಆಗಬೇಕು ಇವಾಗn1. ದಿಯಾ ಮತ್ತೆ ರಿಲೀಸ್ ಆಗಬೇಕುn2. ಕೊರೋನಾ ನಿಯಂತ್ರಣ ಆಗಬೇಕು.,low,Positive,v4,not-distress,0.7696007490158081,True,0.510741114616394,True,0.7696007490158081,True,0.7994742393493652,True
ಸೂಪರ್ ಆಗಿ ಹೇಳಿದ್ದೆ ಗುರು,low,Positive,v4,not-distress,0.786894679069519,True,0.786894679069519,True,0.786894679069519,True,0.7768571972846985,True
ಕನ್ನಡ ಚಿತ್ರರಂಗದ ಹೆಮ್ಮೆ ಪಡುವಂತಹ ಕೆಲಸ,low,Positive,v4,not-distress,0.7949603796005249,True,0.7949603796005249,True,0.0334932804107666,False,0.7868033647537231,True
Yaru thuldeepanna 🤣🤪,low,Mixed feelings,v4,distress,0.8259991407394409,True,0.8259991407394409,True,0.14617681503295898,False,0.7993946075439453,True
ರಕ್ಷಿತ್  ಶೆಟ್ಟಿ  ಸೈಲೆಂಟ್  ಕಿಲ್ಲರ್,low,Positive,v4,not-distress,0.8016456961631775,True,0.8016456961631775,True,0.0988229513168335,False,0.7843003273010254,True
One next level movie🤑🤑,low,Positive,v4,not-distress,0.7643336057662964,True,0.7643336057662964,True,0.7643336057662964,True,0.7643336057662964,True
So sad. Sir....,low,Negative,v4,not-distress,0.8012693524360657,True,0.8012693524360657,True,0.8012693524360657,True,0.8012693524360657,True
ಒಬ್ಬ ನಾಯಕನ ಕಥೆಯಲ್ಲಿ ೨ ಯುದ್ದ ಬರುತ್ತೆ ಸಾನ್ವಿ ಬಂದ್ಮೇಲೆ ಒಂದು ಇನೊಂದು ಸಾನ್ವಿ ಹೋದಮೇಲೆ ಅವನೇ ಶ್ರೀಮನಾರಯನ್,low,Positive,v4,not-distress,0.8412186503410339,True,0.8273371458053589,True,0.009920001029968262,False,0.7763360142707825,True
tandhege takka maga,low,Positive,v4,distress,0.8261462450027466,True,0.8261462450027466,True,0.0919753909111023,False,0.7997002601623535,True
ಅನಿಸುತ್ತೆ ಬಂದಹಾಗಿದೆ ರಚಿಸಲು ಹೊಸ ಶಾಸನnಮೆರೆಯಲಿ ಗಗನದಿ ನಿಮ್ಮದೆ ಲಾಂಚನ,low,Positive,v4,not-distress,0.8377794027328491,True,0.8250361084938049,True,0.02583402395248413,False,0.7643536925315857,True
Pakka365 day  percent,low,Positive,v4,distress,0.8142555952072144,True,0.8142555952072144,True,0.15382099151611328,False,0.8000527024269104,True
ಲವ್ ಯು ಬಾಸ್  ಸೂಪರ್,low,Positive,v4,not-distress,0.7645213007926941,True,0.7645213007926941,True,0.7645213007926941,True,0.7645213007926941,True
@Nandi Parthasarathi ಬಂದ್ರೆ ತಿಕಾ ದೆಂಗ್ತಿನಿ ಎಷ್ಟೇ ನಿನ್ ರೇಟು ಹಡ್ಬಿ ಸೂಳೆ.... ಆ ಲುಚ್ಛನ್ ಫ್ಯಾನ್ ಅಂತೇ... ಅವುಂದು ತುಣ್ಣಿ ಉಣ್ಣು ಹೋಗಿ ಲೋಫರ್ ಸೂಳೆ,low,Negative,v4,distress,0.0041953325271606445,False,0.8598962426185608,True,0.0010387897491455078,False,0.7892562747001648,True
ಅರ್ಜುನ್ ಜನ್ಯ ಅವರೇ ನೋಡಿ ಅಜನೀಶ್ ಲೋಕನಾಥ್ ಅತ್ರ ಹೋಗಿ ಮೂಸಿಕ್ ಮಾಡೋದನ್ನ ಕಲಿಯಿರಿ 🤣n#Odeya movie ಗೆ ಏನ್ ಮ್ಯೂಸಿಕ್ ಕೊಟ್ಟಿದಿಯ ಸ್ವಾಮಿ........... ತೂ 🤭🤭,low,Negative,v4,not-distress,0.7189276218414307,True,0.0,False,0.17325866222381592,False,0.7496052384376526,True
ಕ್ಲೈಮಾಕ್ಸ್ ಚೇಂಜ್ ಮಾಡಿ ರೀ ರಿಲೀಸ್ ಮಾಡಿ ಚಿತ್ರ ಸುಪರ್ ಹಿಟ್ ಆಗುತ್ತೆ ಗ್ಯಾರೆಂಟಿ,low,Positive,v4,not-distress,0.019458234310150146,False,0.8160480856895447,True,0.006332993507385254,False,0.7769127488136292,True
Howdu howdu howdu...,low,Mixed feelings,v4,distress,0.8445881009101868,True,0.8445881009101868,True,0.8445881009101868,True,0.8445881009101868,True
ತುಂಬಾ ಚೆನ್ನಾಗಿ ಬೈದ್ರಿ ನಿಮ್ಮ ಒಂದೊಂದು ಮಾತು ಮುತ್ತಿನಂತದ್ದು.......,low,Positive,v4,not-distress,0.8343621492385864,True,0.8294879198074341,True,0.035729825496673584,False,0.8160377144813538,True
ಈ ಚಿತ್ರದಲ್ಲಿ ಯಾವ್ ರೇಂಜ್ ಗೆ ಗ್ರಾಫಿಕ್ಸ್ ಮಾಡಿದ್ದಾರೆ ಅಂತ ಮತ್ತೊಬ್ಬ vfx ಆರ್ಟಿಸ್ಟ್ ಗೆ ಗೊತ್ತಾಗೋದು,low,Positive,v4,not-distress,0.8387232422828674,True,0.8070818781852722,True,0.03949093818664551,False,0.7429834008216858,True
ಒಬ್ಬ ನಟ  ಡ್ರೈವಿಂಗ್ ಮಾಡ್ತಿದಾರೆ ಇದು ನೋವಿನ ಸಂಗತಿ ಒಪ್ಪೀ ಕೊಳ್ಳೋಣ.  ಆದ್ರೆ ಒಬ್ಬ ಸಾಮಾನ್ಯ ಮನುಷ್ಯ ಡ್ರೈವಿಂಗ್ ಮಾಡ್ಕೊಂಡೆ ಜೀವ್ನ ಮಾಡ್ತಿರ್ಥನೆ ಅನ್ನೋದನ್ನ ಮರೀಬೇಡಿ ಸ್ನೇಹಿತರೆ,low,Positive,v4,distress,0.9103965759277344,True,0.8797271251678467,True,0.0003892183303833008,False,0.790762722492218,True
ಚಂದನ್ ಶೆಟ್ಟಿ ಟ್ರೊಲ್ ವಿಡಿಯೋ ನೀವು ನೋಡಿ ನೆಗಡ್ಡೆ ಇದ್ರೆ ನಾವ್ ಗ್ಯಾರಂಟಿ,low,Positive,v4,not-distress,0.031101524829864502,False,0.8160994648933411,True,0.008344531059265137,False,0.7760906219482422,True
ವಾವ್ ನೈಸ್ ಸಾಂಗ್,low,Positive,v4,not-distress,0.7764477729797363,True,0.7764477729797363,True,0.7764477729797363,True,0.7764477729797363,True
ನನಗೆ ತುಂಬಾ ಇಷ್ಟವಾದ ಚಿತ್ರ ದಿಯ,low,Positive,v4,not-distress,0.7950227856636047,True,0.7950227856636047,True,0.7950227856636047,True,0.7769194841384888,True
ಚಮಯ್ಯ ಮೇಸ್ಟ್ರು ಅವರ ಆಶೀರ್ವಾದ ಯಾವಾಗಲೂ ಇರುತ್ತೆ ನಿಮ್ಮಲ್ಲಿ ಸ್ವಾಭಿಮಾನ ಇದೆ ಆಗು ನಿಮ್ಮಲ್ಲಿ ಒಂದು ಛಲ ಇದೆ,low,Positive,v4,not-distress,0.8441062569618225,True,0.8250415325164795,True,0.00340348482131958,False,0.7864031195640564,True
ಕಲ್ಪನಾಲೊಕಕ್ಕೆ ಮಿತಿ ಇಲ್ಲ...  ತೊಗರಿ ತಿಪ್ಪ ನಾಟಕ ಮನೆಮಾತಾಗಿತ್ತು....ದನ್ಯವಾದಗಳು,low,Positive,v4,not-distress,0.8406341075897217,True,0.8352739810943604,True,0.0039095282554626465,False,0.7763814926147461,True
ನೋವು ನಲಿವಿಗೆ ಕಾರಣ...nಅವನೇ ಶ್ರೀಮನ್ನಾರಾಯಣ,low,Positive,v4,not-distress,0.8271800875663757,True,0.8271800875663757,True,0.03964513540267944,False,0.776085615158081,True
Thanks for likes,low,Positive,v4,not-distress,0.7474150657653809,True,0.7474150657653809,True,0.7474150657653809,True,0.7474150657653809,True
supar togari tippa,low,Positive,v4,not-distress,0.7867035865783691,True,0.7867035865783691,True,0.7867035865783691,True,0.7767154574394226,True
@Ŕävîñđŕå_02_GøWđřú ನಿನ್ ಹೆಂಡ್ರು ತುಲ್ಲಗೆ ಏನ್ ಇವಾಗ,low,Negative,v4,distress,0.16159981489181519,False,0.8798631429672241,True,0.016750752925872803,False,0.7999895215034485,True
Super energetic song,low,Positive,v4,not-distress,0.7490237951278687,True,0.7490237951278687,True,0.7490237951278687,True,0.7490237951278687,True
ಸಾಂಗ್ ಸೂಪರ್ ಆಗಿ ಆಡಿದಿರ ಅಣ್ಣ,low,Positive,v4,not-distress,0.794550895690918,True,0.794550895690918,True,0.794550895690918,True,0.7865453958511353,True
LOVE FROM KICCHA FANS🥰,low,Positive,v4,not-distress,0.7737296223640442,True,0.7737296223640442,True,0.7737296223640442,True,0.0,False
ಸಂಪೂರ್ಣ ಮಾಹಿತಿ ಅಣ್ಣಾ ಧನ್ಯವಾದಗಳು,low,Positive,v4,not-distress,0.7949007153511047,True,0.7949007153511047,True,0.07521545886993408,False,0.7765575647354126,True
ಸರ್ ನಿಮಗೂ ನಿಮ್ಮ ಕುಟುಂಬಕ್ಕೂ ತಾಯಿ ಚಾಮುಂಡೇಶ್ವರಿ ಆರೋಗ್ಯ ಆಯುಷ್ಯ ಕೊಟ್ಟು ಕಾಪಾಡಲಿ...,low,Positive,v4,not-distress,0.06318169832229614,False,0.8323162794113159,True,0.005684792995452881,False,0.8013409972190857,True
ಈ ಚಿತ್ರವನ್ನು ಮತ್ತೊಮ್ಮೆ ಚಿತ್ರಮಂದಿರಗಳಿಗೆ ತನ್ನಿ ನಮ್ಮ ಕನ್ನಡಿಗರು ಕೈಬಿಡುವುದಿಲ್ಲ ಮತ್ತೊಮ್ಮೆ ರಿಲೀಸ್ ಮಾಡಿ,low,Positive,v4,not-distress,0.029283761978149414,False,0.8020315766334534,True,0.8306683897972107,True,0.7867406606674194,True
ಟೀವಿ ನೈನ್ ಕನ್ನಡದಲ್ಲಿ ಈ ವಿಚಾರ ತೋರಿಸಿದ್ದಾರೆ,low,Positive,v4,not-distress,0.08077234029769897,False,0.7945897579193115,True,0.07121020555496216,False,0.5618777871131897,True
Avanilade enu illa ee bhoomimele,low,Positive,v4,distress,0.8584210276603699,True,0.8584210276603699,True,0.05837172269821167,False,0.826131284236908,True
ಹೌದೋ ಹುಲಿಯಾ,low,Mixed feelings,v4,distress,0.7829692959785461,True,0.7829692959785461,True,0.7829692959785461,True,0.7829692959785461,True
Raksihth settru super..............dooper..,low,Positive,v4,not-distress,0.8403893709182739,True,0.8403893709182739,True,0.8403893709182739,True,0.8302502632141113,True
ಸ್ವಾಭಿಮಾನದಿಂದ ಬದುಕೋದು ಮನುಷ್ಯನ ಅಸಲಿ ಗುಣ ಇದನ್ನು ಎಲ್ರು ಅಳವಡಿಸಿಕೊಳ್ಳಬೇಕು,low,Positive,v4,not-distress,0.8321853280067444,True,0.8240564465522766,True,0.009870350360870361,False,0.7741870284080505,True
ಹೌದು ಸ್ವಾಮಿ ಇಂತ ನನ್ ಮಕ್ಕಳಿಗೆ ಎಷ್ಟು ಉಗಿದರೂ ಬುದ್ಧಿ ಬರಲ್ಲ ನಮ್ಮಲ್ಲೇ ಹೌರೆ ಶತ್ರುಗಳು ಐ ಡೋಂಟ್ ಲೈಕ್ ಚೈನಾ,low,Negative,v4,distress,0.029860734939575195,False,0.8231196403503418,True,0.0056525468826293945,False,0.8257371187210083,True
ಹಳೆ ಶಿಕಾರಿ ಸಿನಿಮಾ nodidira yaradru,low,Mixed feelings,v4,distress,0.8496975898742676,True,0.8496975898742676,True,0.05080413818359375,False,0.7978581786155701,True
ಕನ್ನಡ ಚಿತ್ರರಂಗ  ಬೆಳವಣಿಗೆ ಸುರು ಆಯ್ತು ಜೈ ಕನ್ನಡಾಂಬೆ,low,Positive,v4,not-distress,0.22775167226791382,False,0.8016317486763,True,0.8160781264305115,True,0.7867512702941895,True
Super  songs,low,Positive,v4,not-distress,0.7292746305465698,True,0.7292746305465698,True,0.7292746305465698,True,0.7292746305465698,True
ಎಲ್ಲಿ ಮಂಗಳ ಗ್ರಹದವರು ಅನ್ಕೊಂಡಿದ್ದೆ..,low,Mixed feelings,v4,distress,0.8245092034339905,True,0.8245092034339905,True,0.046439945697784424,False,0.0,False
ಎಲ್ಲರಲ್ಲೂ ಡ್ಯಾನ್ಸ್ ಮಾಡುವ ಭಾವನೆ ಹುಟ್ಟಿಸುವ ಹಾಡು ಮತ್ತು ಮ್ಯುಸಿಕ್ - ವಿಜಯ್ ಪ್ರಕಾಶ್ ವೈಸ್ ಸೂಪರ್,low,Positive,v4,not-distress,0.029797255992889404,False,0.8072943091392517,True,0.003834664821624756,False,0.8017011284828186,True
