text,bucket,label,model_version,prediction,lime_faithfulness_score,shap_faithfulness_score
RAKSHIT ABHIMAANIGALE!! Yaaru yaaru aa signature stepna try maadidiro illi like maadi!!,high,Positive,v4,distress,0.013689011335372925,0.0025945305824279785
Correct agi helidera super 🤣🤣,high,Positive,v4,not-distress,0.8120612502098083,0.018671691417694092
Niv supper boss,high,Positive,v4,not-distress,0.7641380429267883,0.7641380429267883
Hing dance madidre ..... mugitu kathe....,high,Negative,v4,distress,0.4994048476219177,0.022837817668914795
Super bro e nayiigulu erodrindane nam desha uddar agilla once again super bro,high,Negative,v4,not-distress,0.8198544979095459,0.4708005487918854
Ur super sir..but ಒಂದ hit movi kodi sir navu adakoskara kaetidivi....,high,Mixed feelings,v4,not-distress,0.42381903529167175,0.40691763162612915
Hands up ಇವ ಚರಿತ್ರೆ ಸೃಷ್ಟಿಸೋ ನಾರಾಯಣ,high,Positive,v4,not-distress,0.7938096821308136,0.7890252470970154
super song sir. rakshith shetty sahebara fans ella like madi.,high,Positive,v4,not-distress,0.420894593000412,0.40098315477371216
En helde guru it's true,high,Mixed feelings,v4,distress,0.8322461843490601,0.4301818907260895
No.. 1 sec saku summe mnt ella waste madtara,high,Negative,v4,not-distress,0.7986245155334473,0.7832556366920471
ಸೂಪರ್ ಗುರೂ ಯೆನ್  ಸ್ವರ ಗುರೂ ನಿಂದು   Iam u r big fan  ur thinking  bro,high,Positive,v4,not-distress,0.4234647750854492,0.4064027667045593
OLA marma? leay thu OLA na promote maadoke isht dodd message haktyeno? D boooos fans na nodi kalthko.....avrella huttidaagle amman akkan antha pure kannada words kalthu bandirodu......,high,Negative,v4,distress,0.4331415295600891,0.40724506974220276
en music guru,high,Mixed feelings,v4,distress,0.6629524827003479,0.6629524827003479
yen guru nam kannada film industry na yellaru seri bere level ge tagondu hogthaa iddare... superb music,high,Positive,v4,not-distress,0.4090306758880615,0.39071398973464966
Super agi roast madidiya guru.,high,Positive,v4,not-distress,0.8073604702949524,0.7921352684497833
@Syed Akbar hello srk athava salman khan fan... Ninge race 3 ne sari... nnnnSuper story alvaa race 3,high,Negative,v4,not-distress,0.7170120775699615,0.0
Togari tippa story super,high,Positive,v4,not-distress,0.7868633270263672,0.7818920612335205
Super guroonSakkattagittu video. ...,high,Positive,v4,not-distress,0.8251101970672607,0.3954247534275055
naavu childhood days valag e story kelidde,high,Positive,v4,not-distress,0.7950993776321411,0.7964130938053131
Please intha cinemagalannu     gellisona ......namma hemmeya Kannada cinema,high,Positive,v4,not-distress,0.8295416831970215,0.4121604859828949
Bro sorry ond matu nang eetara troll madodu ella ishta agtirlilla first time nimm videos nodi sakkath kushiaytu nd ur video really give a good msg,high,Mixed feelings,v4,distress,0.844497948884964,0.41179347038269043
Views tumba kadime ide.,high,Negative,v4,distress,0.8138429522514343,0.4550893306732178
ಶೇಕಡ 100(%) ರಷ್ಟು viruses na China ಉತ್ಪನ್ನ ಮಾಡುತ್ತೆ.....,high,Negative,v4,distress,0.43736162781715393,0.46961116790771484
Super guru hinmele  nanu nimmn Abimani guru,high,Positive,v4,not-distress,0.8134764134883881,0.48758938908576965
@Nandi Parthasarathi adu oscar ascar alla..🤣 graphics ge pakka oscar kodtare🤣,high,Negative,v4,distress,0.4678053557872772,0.44125571846961975
Olledu ond pan India movie madro sumne yak eneno madkondu...,high,Negative,v4,distress,0.5054010152816772,0.4235398471355438
ನೋಡ್ತಾ ಹೋದ್ರೆ ಸಾವಿರಾರು lyrical video ಗಳು,high,Mixed feelings,v4,distress,0.4860159754753113,0.4454236924648285
En super movie sir edu....ond ond seen kuda mans mutto tara ede,high,Positive,v4,not-distress,0.8297267258167267,0.8159984648227692
Yalla kannadigarugu ansthithu bere bashe movies maddohange yak namma kannada movies maddalla antha.. but evagaaa yak bere bashe movies nodbeku antha ansoke shuruuu agbhitidhe alva Karnataka???,high,Negative,v4,distress,0.5159144103527069,0.4344886243343353
@Ambrish Mallad luccha fans nimma luccha suderpdu movie nodo Ella flop agtive side actor get fit baavali age eddane balegaara correctagi tindu barlike hell baavali🤣🤣,high,Negative,v4,distress,0.44478440284729004,0.40799522399902344
Yav Ree dislike kodoru kannada movies belibek fist kannada next hero's elru nammavare...,high,Positive,v4,not-distress,0.2545314133167267,0.7078168392181396
Lo gaandu nan magne d boss fans yake sata tariyoke dislike madtara nBere avru nodi urkolokke en avru bucket and balegara fans he,high,Negative,v4,distress,0.4426407217979431,0.4124241769313812
Boli maklu yellaaa mobile ally nodtha edre énna theatre ge bandu yelli nodthaare,high,Negative,v4,distress,0.4406159222126007,0.41863539814949036
Yalla hero fans e movie naa support madtini annoru like madi,high,Positive,v4,not-distress,0.8009224236011505,0.006879866123199463
Kaytidde bro Yarana  lyrics aktara anta 🥰🥰tq,high,Positive,v4,not-distress,0.8139106035232544,0.4088023602962494
Nim song antu super 🤝,high,Positive,v4,not-distress,0.7868685126304626,0.7818798422813416
Insta link ಅಕಿದ್ದೀನಿ ನೋಡಿ bro ಅಲ್ಲಿ ಬಂದು,high,Mixed feelings,v4,distress,0.8631848394870758,0.4234032928943634
Hats of Shankar Ashvath Sir.nimma e swabimaanada jeevana Sukakarawaagi Saagali.,high,Positive,v4,not-distress,0.8323484361171722,0.39080744981765747
E video na unlike madoru nijavaglu kannads davaru ala,high,Negative,v4,distress,0.45512062311172485,0.8383740782737732
Startup start maadalu capacity growth maadalu tips kodi . Ondu separate video maadi .pls,high,Positive,v4,not-distress,0.41442111134529114,0.8115280866622925
Game name yavdu bro...,high,Mixed feelings,v4,distress,0.8436709046363831,0.4658564627170563
Ayyo gubalgala only tiktok tiktok antha odkotavre only not tiktok 59 apps ban agirodu,high,Negative,v4,distress,0.48074981570243835,0.4416455328464508
Modlu ee chinese apps galna india dalli ban madbeku...,high,Negative,v4,distress,0.4342982769012451,0.4657556414604187
Ondu varshakke 1or2 film madodkintha entha ondu olle film madidre kannada industry ellige ogutthe,high,Positive,v4,not-distress,0.42650383710861206,0.0033731460571289062
Yanta jana brother nam deshakkoskara 1 app delete madoke agalva avarige,high,Negative,v4,distress,0.8687417209148407,0.4097675085067749
Super song.....with dance sakathagide,high,Positive,v4,not-distress,0.8195602893829346,0.42216289043426514
Howdu movie Adbhuta..... tumba chennagide..... but ending swalpa disturbing ansatte..... adi and diya ondagiddidre innu chennagirtittu..... Elru tumba chennag act madidare,high,Negative,v4,not-distress,0.8481525182723999,0.41465866565704346
Ayyoo.  Teligram nalli 10 ralli 9 jana nodidaare..n Matte naanu 12 saari nodidini ..what a movie ya... Mother sentiment,high,Positive,v4,not-distress,0.8356710374355316,0.8309468924999237
First hog film nodu. Amele yen bekadru comment madu.,high,Mixed feelings,v4,distress,0.5041154325008392,0.42338186502456665
Super sir namge thumba istavada kathe nam parents ge kelisbeku aadastu bega idanna,high,Positive,v4,not-distress,0.82356196641922,0.40186309814453125
Nimage aa devaru olledu madali Appaji...nNimma matugalu keli nange 100% Dairya bantu appaji thank you for your inspiration,high,Positive,v4,not-distress,0.4215277433395386,0.3908476233482361
Banda  #AvanesrimannarayananAll the best,high,Positive,v4,not-distress,0.8221698999404907,0.8040480315685272
Mr naveen raj Yenu nim Uddesha??n Nanu D BOSS Fan,high,Mixed feelings,v4,not-distress,0.8261622190475464,0.005198836326599121
Nammaneg bandidda mare full party,high,Positive,v4,not-distress,0.8015101552009583,0.7890532910823822
Delete hadru nanu downloade made,high,Negative,v4,not-distress,0.7975547909736633,0.39877739548683167
Comedy aggie nodorige comedy nee,high,Negative,v4,not-distress,0.8073155283927917,0.7921245694160461
ನನ್ನ ಕಣ್ಣಂಚ್ಚಲಿ ನೀರು ಬಂತು..Sir ur great,high,Positive,v4,not-distress,0.820172518491745,0.8039937615394592
@Creative Kannadiga  le gubald atte Alla magalaganda andangaitu,high,Negative,v4,distress,0.39028218388557434,0.004783034324645996
nim taste gottaythu.. nthaavu dandupalya-5 ge wait maadta idiri alva,high,Mixed feelings,v4,not-distress,0.7216453552246094,0.6952748894691467
Neen super guru🤩🤣,high,Positive,v4,not-distress,0.7645326852798462,0.7645326852798462
Hamsalekha feel yarige bantu like madi...,high,Positive,v4,not-distress,0.8183643221855164,0.4080451726913452
Idu kgf beat madutte annoru like here,high,Positive,v4,not-distress,0.8133824467658997,0.7973673343658447
Hands  up annodu heno bosudike,high,Negative,v4,distress,0.8448358178138733,0.43207815289497375
@Prasad Raj tulunad and kannada bashe meli abhimana super guru,high,Positive,v4,not-distress,0.41217488050460815,0.8026330173015594
Kannada ne best adrallu kannada songs adre hen andkondodira,high,Positive,v4,not-distress,0.814389556646347,0.8017886579036713
open song edde agirlli n super music  super stepn         Bharjari gidde SongnnNalle release movie All the best  God bless you nn Dhruva Sarja Abhimanigallindan  Jaiii Anjaneya,high,Positive,v4,not-distress,0.4073481559753418,0.3888815641403198
En guru nin line's galu super agi helidiyaa bidu,high,Positive,v4,not-distress,0.8201395273208618,0.8079327046871185
Sir ond compeny yalli kelsa madidra gov employes labor officer bookmadkond laber ge 5000 salry kotre employe mane  est kasta alva. yava gov sarilla sir nav egga comment madkondu saibeku aste,high,Negative,v4,distress,0.4239988923072815,0.4140428900718689
Anna super agi edit madidiya,high,Positive,v4,not-distress,0.7948958277702332,0.7908286154270172
Remake movie ansthe,high,Negative,v4,not-distress,0.7866631746292114,0.7817145884037018
ಸೂಪರ್ ಗುರು vp voice ultimate,high,Positive,v4,not-distress,0.7869380116462708,0.7819553911685944
En song guru fidha agode....Idhu charithre srustiso avatharaaa... Signature step shuruhachkoli inna..,high,Positive,v4,not-distress,0.429853618144989,0.4066300094127655
Nimma customer reactionna video maadi youtube channel open maadi upload madi sir,high,Positive,v4,not-distress,0.43313324451446533,0.3948146402835846
Supr bro aadhh yen kannadaa aaadhh yen punch waaaaa supr bro,high,Positive,v4,not-distress,0.43228307366371155,0.40518587827682495
Sir nivu news helida hage heltiri sir,high,Negative,v4,distress,0.024088501930236816,0.42514705657958984
Genuine information nimdhu,high,Positive,v4,not-distress,0.7948790788650513,0.7857471704483032
@chetan kumarab guru ve.... aha comment maddhavn hesru nodo....nanalla kano,high,Mixed feelings,v4,distress,0.49487948417663574,0.4018678069114685
jana theatre ge bandilla aadrinda collection kadime aagide,high,Mixed feelings,v4,distress,0.45866355299949646,0.429251104593277
Guru China rajakiya vyavaste bagge video madi,high,Positive,v4,not-distress,0.8048091232776642,0.4042080044746399
D bosss fans kade inda all the best prajju,high,Positive,v4,not-distress,0.4516870975494385,0.3988156020641327
Bindu gowda ge super agi ugididdeera,high,Negative,v4,not-distress,0.8161147832870483,0.7946248948574066
Yes hange kick kodta hogutte.. ಒಳ್ಳೆ synch ಮಾಡಿದ್ದಾರೆ..,high,Positive,v4,not-distress,0.8260037004947662,0.817168653011322
Kannada promotion beda.. Kannadigaru nimmana gellistare,high,Positive,v4,not-distress,0.8243727087974548,0.006720751523971558
Modalu prana mukya amele cinema... Plz don't lose hope DIYA chitratanda.... Wait for time,high,Mixed feelings,v4,distress,0.8789832293987274,0.013018876314163208
Hand up bro.... super agide bro Namma Kannada movie adre sumanena,high,Positive,v4,not-distress,0.4249100387096405,0.39233502745628357
Supper  p boss... Yar unlike madidhare nodi.. urkondu saytor anta,high,Negative,v4,not-distress,0.7561496496200562,0.742569625377655
Bro tik tok tirga bandida bro nijvagluindia dali,high,Mixed feelings,v4,distress,0.8610376715660095,0.4408687353134155
Edu yav game sir..,high,Mixed feelings,v4,distress,0.8106763362884521,0.47593000531196594
D boss movie henge irli fans hatrikk maadtare pakka,high,Positive,v4,distress,0.3150094151496887,0.0
Dina 7-8  sala song kelisikontini.,high,Positive,v4,not-distress,0.8216484189033508,0.8082875907421112
ಹತ್ತು ವರ್ಷ strict  president rule ಬರಬೇಕು.,high,Mixed feelings,v4,distress,0.48945826292037964,0.4448074996471405
Enta song guru idu super,high,Positive,v4,not-distress,0.7869126200675964,0.43772146105766296
Tuu avr sentiment na touch madi kaan neer haksi adana cover photo madi view tagotira,high,Negative,v4,distress,0.008262574672698975,0.8253025710582733
Kannada film industry indialle no 1 agutte,high,Positive,v4,not-distress,0.8017253875732422,0.7925785481929779
Guru namaskara ennu chennagi tale dhengu.sonu Gowda bin*** Gowda evarge ennu tale li brain Ella anusutte,high,Positive,v4,not-distress,0.8319546282291412,0.8105412125587463
Boss jote yaar chennagirtaro avrigella nam d boss fans yavaglu support made madtare alva bro,high,Positive,v4,not-distress,0.42327848076820374,0.8136396110057831
10 dubbing movie barudakkintha 1 e thara movie bandare sakku.,high,Positive,v4,distress,0.7615227699279785,0.8604836165904999
Well said part 2 madu chinna.. chanagide,high,Positive,v4,not-distress,0.8115488886833191,0.8004916608333588
E song Alli dislike mado antadu enide,high,Negative,v4,distress,0.47355353832244873,0.41863739490509033
Yarella e hadige edict agidira like Madi,high,Positive,v4,distress,0.8604171872138977,0.4170798361301422
Crazy  guru ninu,high,Mixed feelings,v4,not-distress,0.7644185423851013,0.7644185423851013
En guru edu song super,high,Positive,v4,not-distress,0.7768892645835876,0.7768892645835876
I feel jasti bitta kottri... Bari  lyrical video sakagittu,high,Negative,v4,distress,0.015173226594924927,0.0025520920753479004
Lo gube don't compare anyone yellaru namma kannada super star,high,Negative,v4,distress,0.374505877494812,0.5167738199234009
Bgm super ide ಶೆಟ್ರೇ,high,Positive,v4,not-distress,0.795009970664978,0.790881335735321
Super agi helidiya guru,high,Positive,v4,not-distress,0.7868747115135193,0.7819061577320099
Kannada industry is next level ivaga yaru alladsak agalla Kannada industry na,high,Positive,v4,not-distress,0.8192257583141327,0.8130307793617249
Waaa Super super Rakshit sir And ajaneesh lokanaath Anna Music super,high,Positive,v4,not-distress,0.4366265833377838,0.40278664231300354
Rakshith Shetty fans ondu like kodi nn,high,Positive,v4,not-distress,0.8068619668483734,0.8068598210811615
Dia nan recent aagi nodiro moviegalalli Adbutha,high,Positive,v4,distress,0.43121710419654846,0.0
Guru super.... Evarige chenaag ittidiyaa,high,Positive,v4,not-distress,0.8274266123771667,0.8070929944515228
Please ಇನ್ನೊಂದು ಸಾರಿ re release Maadi.,high,Positive,v4,not-distress,0.7974165976047516,0.7868206799030304
Trailer nalle full story gottagbidttu...trailer bere tara try madbekittu,high,Negative,v4,distress,0.5012292861938477,0.06025838851928711
Guru ninge naanu Dodda fan,high,Positive,v4,not-distress,0.7942923903465271,0.7896562814712524
Howdu bro app uninstall madudrea avrig amount hogodu kamiagutea plzzzzz uninstall Madi beavarce appp Adu thuuuuu,high,Negative,v4,distress,0.8896632790565491,0.4113801419734955
Guru ninu super,high,Positive,v4,not-distress,0.7645626068115234,0.7645626068115234
Jeevana banda haage accept madtha sagtidira wish you good luck,high,Positive,v4,not-distress,0.4224869906902313,0.39457032084465027
Togari tippa super star,high,Positive,v4,not-distress,0.7867221236228943,0.7817896604537964
Ee song ond hava start madutee ansidrey like madi,high,Positive,v4,not-distress,0.8153845965862274,0.006830841302871704
KGF chaffer 2 beda bare baku,high,Positive,v4,distress,0.5007359683513641,0.4263254404067993
Offter long back coming see Kannada cinema...........New multitalented shankaranna............kannadada gandu,high,Positive,v4,not-distress,0.8473288714885712,0.43295636773109436
sr u r great sr nimage Kannada chitrarangadalli avakashagalu sigalli sr sudeep sr darashan sr mattu yesh sr plz yella Kannada hirogalu nim pilimagalalli avakashagalu  kudri plz plz plz  plz plz,high,Positive,v4,not-distress,0.41758882999420166,0.40700581669807434
Super Anna nija anna,high,Positive,v4,not-distress,0.7768970727920532,0.7768970727920532
Lo remake alla antha hekde tane,high,Negative,v4,distress,0.4883643686771393,0.435026615858078
Sir nange ashwath sir andre praana..nan appana hage iddru.. avranna kalkonda dukka tumbaa ide nange..and I respect u tooo sir...god bless u sir..,high,Positive,v4,not-distress,0.4184877872467041,0.4146479368209839
Super Kannada  song  mach nanu avane   Kannada,high,Positive,v4,not-distress,0.8069402873516083,0.7995199263095856
Bro z news(Hindi) channel Alli nodi,high,Positive,v4,not-distress,0.7943131327629089,0.4048261344432831
Bari prayojanake barada films nododu Facebook YouTube li comments hodiyodu...yaavalo hudugi siktale anta instagram li search madodo ede Indians hanebaraha dhesha uddara hada hage ayyo,high,Negative,v4,distress,0.4482978582382202,0.41418617963790894
Rashmika haters like madi,high,Negative,v4,distress,0.8221267461776733,0.4304879903793335
An anna nivu super bidi anna nivu,high,Positive,v4,not-distress,0.8017287850379944,0.794304609298706
Nanu 2 weaks ninda huccha agbitidini boss song ge fiddha agbitidini,high,Positive,v4,not-distress,0.8320174515247345,0.4183705747127533
howdu first time keldaga nangu ok anstu bt ega kelbeku anstide and sakkath dance moves,high,Positive,v4,not-distress,0.8218519687652588,0.004025191068649292
ಗುರು ಮೂವಿ ನ re release madri.... Entha kannda film na support madlilla andre. Kannada ದಲ್ಲಿ ಮೀಡಿಯಾ Yak beku. Bhari avru trp koskara... Nam ಭಾಷೆ use madkondu ಬೇರೆ ಭಾಷೆ. ಫಿಲ್ಮ್ ಬಗ್ಗೆ. ತೋರಿಸುತ್ತಾರೆ.... Shame on kannda media..... But this film was. Heart touching,high,Mixed feelings,v4,distress,0.4246107339859009,0.0014841854572296143
Aa hudgi bandaga iro music nice,high,Positive,v4,not-distress,0.8117196559906006,0.4217890501022339
@Avinashdada kichcha sari bidu nimamman kalsu keydu ningobba chik balegaran hutsi kalsthivi avnu nim bale serskondu ella ottige Kai thattivranthe signal alli enanthira bale pans now bale pans reaction hakro steppu,high,Negative,v4,distress,0.4383030831813812,0.40044936537742615
Idu Fantasy Film tara kantide alva?,high,Negative,v4,distress,0.0,0.0
@Harshan Maddy  kannada kke  nimma importance idre kushi ne,high,Positive,v4,not-distress,0.7977643311023712,0.33658120036125183
@Royal Rumble story ge ee song relevantag idya...nEe song bekagitta anta...,high,Positive,v4,not-distress,0.4260444939136505,0.812501460313797
@TROLL MONSTER_KANNADA nD boob's beleyodanna nodi urakotidaranDagar fan namma BØSS beleyodanna nodi nimm gandu darshan ne urakondiddu......,high,Negative,v4,distress,0.9105407297611237,0.41258078813552856
Hands up anta kottaddu yella language li onde title irli anta...yar opputtiri  illi like madi...,high,Positive,v4,not-distress,0.8334225118160248,0.8255587518215179
Nan yavathu youtube video na like kuda madila but comment madidini so.....,high,Positive,v4,distress,0.41841915249824524,0.4059356153011322
Nivu. Helodu sari china app ban agalebeku,high,Positive,v4,not-distress,0.8146539330482483,0.41100355982780457
Nijavaaglu adbhutha film plz encourage Kannada movie,high,Positive,v4,not-distress,0.8171789050102234,0.404258668422699
Erbahudu please support maadi ea rakshit sitting sir genRashmikage hotte uribeku nodi,high,Negative,v4,not-distress,0.42175036668777466,0.40008866786956787
First India na America ke compare madtidru alli hangide ingide anta ivaga. India na China compare madtavre nnNav bari compare madtivi vartu namunyaru compare modo hage hogalla,high,Negative,v4,distress,0.4349851608276367,0.40828052163124084
Supper pa ........ Continue the work. ...  Tiktok videos nodi nodi thale kettogithu.............jai modi jai jai modi......,high,Positive,v4,not-distress,0.8301823735237122,0.8125752806663513
ತುಂಬಾನೇ feel ಅಗ್ತಿದೆ,high,Positive,v4,not-distress,0.793676495552063,0.7852189242839813
Fan war shuru madbeda guru,high,Negative,v4,distress,0.8260722160339355,0.4575730860233307
Hands up kannadigaru🤚,high,Mixed feelings,v4,distress,0.7624239325523376,0.7624239325523376
Nijavada hero andre evare,high,Positive,v4,not-distress,0.8008820414543152,0.4004410207271576
javari tippa superb ri,high,Positive,v4,not-distress,0.7868073582649231,0.39340367913246155
Full roast madiddiya e somberigalige,high,Positive,v4,not-distress,0.8119582533836365,0.7946880757808685
Idu yava game bro,high,Mixed feelings,v4,not-distress,0.7905699610710144,0.3952849805355072
Chindi Song guru,high,Negative,v4,not-distress,0.762900173664093,0.762900173664093
Boss nin vedio na use madkola roposo nalli post madtini pls bro,high,Positive,v4,distress,0.8620512783527374,0.8511300981044769
@Arun Jaanu summne reply haki yak war madshtiya,high,Mixed feelings,v4,distress,0.4890193045139313,0.41209229826927185
By mistakly nimma ondu video nodi subscribe agbitte  keep it up bro,high,Mixed feelings,v4,not-distress,0.8250346183776855,0.4011051654815674
Ond ond film ge koti koti togotira.. ellide sir nim manaviyate.. help maadi sir evrige.. samanyadavru alla evru ashwath avr maga. Kannada industry ge hemmeya actor kanri.. punith sir neeve barbeku.. shivanna.. neevadru help maadi. Esht movie li Nim Appa ji avrge appa'n role madiddu evra appa'avr. Marebedi sir,high,Mixed feelings,v4,distress,0.00040671229362487793,0.0003732144832611084
Pakka full gicchi gilili song... En song pa benki aiti.... Pakka ella record nu muriteti  .... Jai Karnataka,high,Positive,v4,not-distress,0.4079919159412384,0.4053521156311035
devare devare devare devare shivane tandheye appane nivu super super duper mind blowing hero forever forever,high,Mixed feelings,v4,not-distress,0.4468207359313965,0.4235800504684448
Film suprrrrrr agi ede full clean film,high,Positive,v4,not-distress,0.8134115040302277,0.803155243396759
Shetru birthday party dina haadiro haadu aawaginindaa wait maadtide.....,high,Positive,v4,distress,0.8906458616256714,0.38030630350112915
D Boss fans ಕಡೆಯಿಂದ ಆಲ್ di best,high,Positive,v4,not-distress,0.78566974401474,0.7854332625865936
Movie nodilla andre nimagu “ HANDS UP !!!!!”,high,Negative,v4,not-distress,0.3444932997226715,0.7197585105895996
Dislike madidavar rashmika fans irbek,high,Negative,v4,distress,0.8639514446258545,0.4207482933998108
Tik talkgintha nivu mado roast  best guru,high,Positive,v4,not-distress,0.4301709830760956,0.8029153645038605
Instagram fallow back kodi Nev obre alla eradu,high,Negative,v4,distress,0.450562983751297,0.8387048542499542
Varshkond beda pa nidanake ne agli ee tara olle movie kotre saaku,high,Positive,v4,distress,0.8412933647632599,0.40066248178482056
Bro na tiktok use madath idila but ivga tiktok installed madi  single star rating kotu uninstall madini,high,Positive,v4,distress,0.4399426281452179,0.003859877586364746
ಯುದ್ಧ ಮಾಡಬೇಕು  ಓದಬಾರದು ಕಟುಕರ ಮುಂದೆ ಭಗವದ್ಗೀತೆ nAnd recently we can relate it to priyankareddycase,high,Negative,v4,distress,0.8610368072986603,0.812347948551178
What a music ... nWhat a lyric...nWhat a choreography.... nWhat a camera working......nTotally awesome ... nನಿಜಕ್ಕೂ ಇದು ಚರಿತ್ರೆ ಸೃಷ್ಟಿಸೋ ಅವತಾರ... nಅಜನೀಶ್ ಗುರುಗಳೇ ನಿಮಗೊಂದು ಸಲಾಂ...nರಕ್ಷಿತ್ ಶೆಟ್ರೆ ಒಳ್ಳೇದಾಗಲಿ ..nಮೂರು ವರ್ಷ ಪಟ್ಟ ಶ್ರಮ ಫಲಕೊಡುವಂತಾಗಲಿ..... All the best to you sir,high,Positive,v4,not-distress,0.4255204498767853,0.4062289297580719
1.6k people are not liking this....innna en beko maaraya nimga ...,high,Negative,v4,distress,0.550676167011261,0.4401112198829651
Hindi yalli innu song reales madilla yake,high,Negative,v4,not-distress,0.7663301825523376,0.7664589583873749
Sari nivu video na roast madi adre madvaga pubg atava free fire games hakondo madbedi a games kooda Chinese,high,Negative,v4,distress,0.4402935206890106,0.3849989175796509
@Manoj Kolya Neenobne heege heltirodna naan Keliddu.. Watch his Trailer and Teasers first,high,Mixed feelings,v4,distress,0.8797219395637512,0.4122217297554016
Superb pakka pan India movie aguthe,high,Positive,v4,not-distress,0.8096723854541779,0.799433022737503
Ondu varshakke 3 movie tegyodu dod'dalla mattu adralli ondu movie li hit kottu innerdu movie li flop adavara  jothe hudugi hodi hogodalla... 3 varshakke ondu super hit kottu avra personality ge dakke tarde hodre adunne success antha helboudu.... That is Rakshit Shetty.... Love u bro... Olle time ittu ansutte innu olle hudugi sigli nimge.... Haagodella holledakkenIndirect yake helodu direct agi Rashmika ge heliddu idu...🤷‍,high,Positive,v4,distress,5.4329633712768555e-05,0.449777215719223
Anna game yavdu,high,Mixed feelings,v4,distress,0.7830941081047058,0.7830941081047058
ಕಿಚ್ಚ ಸುದೀಪ್ ಅಭಿಮಾನಿಗಳು ವತಿಯಿಂದ  All the best,high,Positive,v4,not-distress,0.7942807376384735,0.41456979513168335
Dislike madidavaru dagar rashimka fans,high,Negative,v4,distress,0.858476996421814,0.4223792254924774
Aagle tv li haaaktidaaralla guru.....,high,Negative,v4,distress,0.8796324729919434,0.4104280173778534
Super Comedy togari tippa,high,Positive,v4,not-distress,0.7868603467941284,0.7818649113178253
Signature stepge kaasu....Adakkentha theatre hogthini...,high,Positive,v4,not-distress,0.8350328207015991,0.8182525634765625
Sir albede life enjoy madbedi Mahabharata odi,high,Positive,v4,not-distress,0.8059800863265991,0.7969361245632172
@Creative Kannadiga haa bro...nange seetara ista ...avl videos roast maadbedi plzzz,high,Positive,v4,not-distress,0.4263518750667572,0.00895768404006958
Worst movie. artane illa. 1 concept kuda illa.,high,Negative,v4,distress,0.5071636140346527,0.47082680463790894
Mumbai alli release madi,high,Mixed feelings,v4,not-distress,0.7561652660369873,0.7561652660369873
Sara super Nivu devara tara yallaratara duddide shinamadavaratra nimmatra holleya manasidde sara,high,Positive,v4,not-distress,0.8294921219348907,0.8148846626281738
Bro Ten minutes + video madi bro niuo mado video na nodta edre nodtane erbeku anisutte,high,Positive,v4,not-distress,0.8245393335819244,0.8115922808647156
Super Film sir account number kodi amount hakabeku nijavgalu,high,Positive,v4,not-distress,0.397682785987854,0.8100935220718384
Hands up  with ಅವನೇ ಶ್ರೀಮನ್ನಾರಾಯಣ,high,Mixed feelings,v4,distress,0.8248539566993713,0.4437342584133148
Thandage thakka maga mado kelsa hemmenda madi all the best,high,Positive,v4,not-distress,0.8069970309734344,0.7920878529548645
Sir nimna devru yavaglu chenagottirli sir,high,Positive,v4,not-distress,0.8170816898345947,0.41113168001174927
@Dhananjay Kinyaje yen promotion madtare ivaru. Bengaluru bittu yelladru hogtara promotion madakke?nTamil,high,Negative,v4,distress,0.4733192026615143,0.3822949230670929
Super bro nim matalli satya ide,high,Positive,v4,not-distress,0.8011892139911652,0.7970916926860809
Bro nim editing spr nan nim videos fan e video Dali heliro song matrA spr,high,Positive,v4,not-distress,0.8295547366142273,0.027102380990982056
BoLi Maklu ee tara videos nu dislike maadtare,high,Negative,v4,distress,0.4933919906616211,0.41082578897476196
@Ashwini CP pls movie nodi. Ondu olle movie na mis madkolbedi.,high,Positive,v4,distress,0.4681871831417084,0.4063695967197418
En chindi bgm guru sakkath....Jai ASN... from Appu abhimani,high,Positive,v4,not-distress,0.837067186832428,0.41536760330200195
Chennagide eno suspense ide,high,Positive,v4,not-distress,0.8016971945762634,0.7824908792972565
Nijvaglu  bro... Nangu same hange ansbidtu.. Avrdu google pay number iddidre nane ond ticket duddu kotbidana ansbidtu... Nam oor theater alli e film halle illa..,high,Negative,v4,distress,0.8964003026485443,0.0013127624988555908
Benki music..yarappa dislike madirodu.... mostly rasmika mandana fans irbeku...n🤭🤭🤣🤣🤣🤣songe he inge in movie nodudre...aste,high,Negative,v4,distress,0.4596734046936035,0.0015752613544464111
Nannu nimma fan sir,high,Positive,v4,not-distress,0.7867677211761475,0.5011870563030243
Asn film nodoru like maadi,high,Positive,v4,not-distress,0.8073444366455078,0.4099867641925812
Very nice togari tippa story,high,Positive,v4,not-distress,0.7947386503219604,0.42179059982299805
Guru chaines apps yavyavu antha ondhu list kodi avna nam mobile ali instal madala,high,Negative,v4,distress,0.8736888468265533,0.4050213694572449
AvaneSrimannarayana du background music BGM release madi sir,high,Positive,v4,not-distress,0.8183424770832062,0.4043574929237366
Superbb movie osm evthu movie nodied super,high,Positive,v4,not-distress,0.8158034086227417,0.4100435674190521
Song is super.. But innu swalp fast madiddare sakattagirodu,high,Negative,v4,not-distress,0.4394485056400299,0.8007347881793976
Sakat  agide song music,high,Positive,v4,not-distress,0.7868779301643372,0.7756838202476501
@Its Paramatma lo Gaandu Suvvar sumne iru...neen heldidh takshana nan opinion change agalla...,high,Negative,v4,distress,0.4566018283367157,0.4093731641769409
Yelru mobile nalli nodidare theater hogi nodrapoa plz,high,Mixed feelings,v4,distress,0.026118993759155273,0.41674986481666565
Louda cinema director pyscho channagiro cinema ending allii haal mad da,high,Negative,v4,distress,0.8676510155200958,0.008394241333007812
Madolla because promotion asten madilla making kgf ginta dull ede,high,Negative,v4,distress,0.4638143479824066,0.859506219625473
Disappoint agide song keli Ishtu hype kottu song bidbardu,high,Negative,v4,not-distress,0.46512413024902344,0.4163781404495239
12 dislikes by gandu nanmakalu,high,Negative,v4,distress,0.8521365523338318,0.42884013056755066
Estu sari nodudru samadhana aagthilla.... Awesome song,high,Positive,v4,not-distress,0.8282067477703094,0.4035928547382355
Ee song ge dislike yakro madtira istond chanagide making,high,Mixed feelings,v4,distress,0.45574748516082764,0.8399059474468231
Waiting for the film.....ನೋಡಲು ಕಾತುರನಾಗಿದ್ದೇನೆ,high,Positive,v4,not-distress,0.8271284699440002,0.39313727617263794
D Boss abimanigala kadeyinda avne srimannarayana chitrakke all the best,high,Positive,v4,not-distress,0.4345480799674988,0.8058967888355255
KGF 2 songs bartave with bang bang BGMs.,high,Positive,v4,not-distress,0.8126068711280823,0.38978275656700134
Entha movie multi language barbeku,high,Positive,v4,not-distress,0.7949287295341492,0.42532095313072205
Kelv bvc galu ..nam India dalli eddare Anna...a bvc galu chna ap use madthare anna,high,Negative,v4,distress,0.0,0.42422300577163696
@Poojari Avinash pls nivelru movie na promote madi. Insta & fb alli promote madi,high,Positive,v4,distress,0.7998467087745667,0.0
smile madalu nodi joking vdo,high,Positive,v4,not-distress,0.80122309923172,0.7889131307601929
Yaro guru ninu super,high,Positive,v4,not-distress,0.78681480884552,0.7815625071525574
Yen  comedy guru  gulaab jamunu,high,Positive,v4,not-distress,0.7931921482086182,0.7856029570102692
First adu yava app anta tilkolo g m n,high,Negative,v4,distress,0.46422845125198364,0.5586062669754028
Na gentleman tiktok banu  super guru,high,Positive,v4,not-distress,0.5168847739696503,0.7970567643642426
Enu guru song saktha kick kodtha edae..super ASN,high,Positive,v4,not-distress,0.8290312588214874,0.3946239948272705
Great sir nivu,high,Positive,v4,not-distress,0.7487822771072388,0.7487822771072388
Anna nevu super,high,Positive,v4,not-distress,0.7645276784896851,0.7645276784896851
One time ge songe artha agolla. . Pakka bt kelbeku ennond sari ansatte. . .,high,Positive,v4,not-distress,0.41458410024642944,0.37706443667411804
idu charithre srishtisuva comment guru..,high,Positive,v4,not-distress,0.8194316029548645,0.401895672082901
Move chenagi irli hero ge olledagli  tumbane kasta padta I dareP,high,Positive,v4,not-distress,0.8282531797885895,0.8069502413272858
Sir kfi ha kochkondu ogtayda.,high,Negative,v4,distress,0.858058512210846,0.4402172565460205
Togari tippa keli tumba santosh ayita matte old is gold antaralll adu nija ayita,high,Positive,v4,not-distress,0.8118869066238403,0.8065818548202515
Re release madi,high,Positive,v4,not-distress,0.7481517195701599,0.7481517195701599
Vijayprakash sir yavagin haage the bestbut malayalam version voice maathra sakkatth ista aythu,high,Negative,v4,not-distress,0.8257978558540344,0.8166926205158234
Super hero prajval devraj I like I love hero but avara time sari ila adke avara movie hit agtila but ivarige vale director sigbeku benki hero prajval I love boss E cinema adru nimge success tandu kodali..devru idane munde nugta eri boss god bless you,high,Negative,v4,not-distress,0.7669406831264496,0.775465726852417
E film kgf level ig erbhodu annoru like maadi adunnu meersbhodu annoru comment maadi ...,high,Positive,v4,not-distress,0.8221556842327118,0.4219660460948944
Kerala antha helbedi bro. Adu kuda jathi na nodutte. Agi hechagi nodutte nan sutta muttalina example nalli heltha idini... I have many Malli frnds so,high,Positive,v4,not-distress,0.4247521162033081,0.812259316444397
Namma janagalige taste illa avrige fighting,high,Negative,v4,distress,0.8441561162471771,0.48373931646347046
@AJITH S SHETTY appreciate madtaidane guru,high,Negative,v4,distress,0.5133895576000214,0.3930042088031769
Only d boss ok jai Kannada all movies hmmm kotigobba bittu hehehe,high,Negative,v4,not-distress,0.5617257654666901,0.2604233920574188
Ee song nodtha eroru ennomme trailer nodi.....,high,Positive,v4,not-distress,0.8273727595806122,0.8186077773571014
Anna nivu comedy agi madila Andru yene madidru entertaining agi eruthe  keep rocking,high,Positive,v4,not-distress,0.6648269891738892,0.6433581113815308
Anna thamma janpada super,high,Positive,v4,not-distress,0.7867321372032166,0.7817977666854858
Nin  video delete agolla bidu bro ninge nav support madtivi innu e tara videos na mattastu madu chaina bucket galige tale kediskobeda,high,Positive,v4,distress,0.004620850086212158,0.4207277297973633
Chennagi ede song super,high,Positive,v4,not-distress,0.7950389385223389,0.785778135061264
RSS avaru thumba danger. Avara bhagge ondu episode maadi sir,high,Negative,v4,distress,0.8277970850467682,0.5140505135059357
Promotion kammi aytu bro,high,Negative,v4,distress,0.8255075812339783,0.4461515247821808
Fan war bittu dhayvittu ee movie ge support madrappa nam kannada movie Hollywood level ge barli.,high,Positive,v4,not-distress,0.8172584176063538,0.8124902248382568
Wow hand's up 🤟  ಚರಿತ್ರೆ ಸೃಷ್ಟಿಸೊ ಅವತಾರ super,high,Positive,v4,not-distress,0.8015054166316986,0.4097425043582916
Dana alla ok,high,Negative,v4,distress,0.7832698822021484,0.7832698822021484
Nev helerodu tappe illa sir,high,Mixed feelings,v4,distress,0.8583595752716064,0.4218890070915222
super guru idhu actually chennagirodhu,high,Positive,v4,not-distress,0.8073404431343079,0.7921158969402313
Kannada industry nintirode Yash,high,Positive,v4,not-distress,0.7866380214691162,0.7866871356964111
Yavano avnu sade nan maga tiktok eno kitthakide anthane.. Modlu tilkondu maathado... Bro next video aaa sade nan magan mele maadi...its  request plz bro.. And loved ur video,high,Negative,v4,distress,0.4362308979034424,0.407926082611084
Super guru.........ji kannadiga,high,Positive,v4,not-distress,0.8273338079452515,0.43354561924934387
Film hit ahagokai e tharadha song irbaiku,high,Positive,v4,not-distress,0.8148730099201202,0.7984071671962738
Thika urkondu dislike madbittidira already..nSuper song   #ASN .nNam Shettru steps anthu 🤩,high,Mixed feelings,v4,distress,0.37819361686706543,0.82452392578125
Marketing sariyaagi maadrappa istondu olle movie ge ingadre henge very imp marketing,high,Mixed feelings,v4,distress,0.8727946579456329,0.41069191694259644
Rj naagraj naan bigg fan...neeu prathvi aadru naan nim Rj fan ...aadi age kushi aitu noodi ...film exlnt ee year supr move ...heroin sa acting exlnt . . whole team ....suprb,high,Positive,v4,not-distress,0.41949382424354553,0.4217967391014099
Upendra tara ideas eroru PM,high,Mixed feelings,v4,distress,0.7761213183403015,0.020406663417816162
@Nandi Parthasarathi nimma yashini boobs gojjekesari acting ge Oscar award fix,high,Negative,v4,distress,0.8746823072433472,0.845782995223999
Kannadada saaalugalu sakkatagiddave all the best natayana...,high,Positive,v4,not-distress,0.8314538598060608,0.39259740710258484
ಈ ಹಾಳಾದ ಕೋರೋನ ವೈರಸ್ ಬಂದು ದಿಯಾ ಲವ್ ಮಾಕಟೈಲ್ ಚಿತ್ರಗಳಿಗೆ ತುಂಬಾ ನಷ್ಟ ಉಂಟಾಗಿದೆ...but Don't worry u get best reviews.. All the best for ur nxt movies,high,Positive,v4,not-distress,0.40045028924942017,0.4663386344909668
Sariyaaagi bydidira... Actually Olle Olle kelsa madidare app ban maadi.. I hate tik tok,high,Mixed feelings,v4,distress,0.45104479789733887,0.42908525466918945
Kannada intha Telugu Alli song Chang idhe,high,Positive,v4,not-distress,0.8029099702835083,0.7989501953125
Neevenu promotion maadilla andru Kannada dalli navu guarantee nodtivi........north Alli promote madrappa .......Valle market idae Alli enta films gae ........madrappa 50 crore plus  min collection agutte,high,Positive,v4,not-distress,0.4292157292366028,0.39681869745254517
Mast hadu super,high,Positive,v4,not-distress,0.7768219113349915,0.7768219113349915
Superrrrrrrr  agi heliya Anna tq u so mach video,high,Positive,v4,not-distress,0.8230542242527008,0.8035665154457092
Nim dhesh bakthi ge Sallut bro I like you,high,Positive,v4,not-distress,0.8172807395458221,0.40116214752197266
No comments. Kambani kannadi iddanthe,high,Positive,v4,not-distress,0.8160154819488525,0.4028448760509491
@Kiccha Vitthal papa bidu guru amele athbitre kashta attar flop ago movie ge support madtavre,high,Positive,v4,distress,0.42763426899909973,0.4033017158508301
En sir lyrics. Superb,high,Positive,v4,not-distress,0.7868799567222595,0.78188356757164
Editing yar guru 🤩,high,Positive,v4,distress,0.7823938131332397,0.7823938131332397
Eli eddeli boss nim time bandide,high,Positive,v4,not-distress,0.8086228668689728,0.7936248481273651
15 days inda bari dia movie status akthaedini bro awesome movie bro,high,Positive,v4,not-distress,0.8261741995811462,0.4062342345714569
Nin voice super anna continue instalgram rost rost,high,Positive,v4,not-distress,0.8172949552536011,0.8046244978904724
@ᴍᴏᴠɪᴇs sᴛᴜᴅɪᴏ yen bekaadru baiko....naan yaav hero blind fan alla.... nin thara....,high,Negative,v4,distress,0.5124989449977875,0.4029209613800049
Super  jai kiccha sudeep anna,high,Positive,v4,not-distress,0.7950301766395569,0.43814581632614136
Bega release madi sir... Hindi and other languages alli MASALA films na nodtidare jana ( actually khaali hoditide  ). E film annu release madi,high,Positive,v4,not-distress,0.8268586993217468,0.8235120177268982
super ತೊಗರಿ ತಿಪ್ಪ,high,Positive,v4,not-distress,0.7646105885505676,0.7646105885505676
Dislike madiroeu pakka Hollywood heroine fans,high,Negative,v4,distress,0.8515123724937439,0.8292853534221649
My favorite song in 2019 is Taaja samachara   ಸಾಹಿತ್ಯ ಪ್ರಿಯರೇ ಒಮ್ಮೆ ಈ ಹಾಡು ಕೇಳಿದ್ರೆ ಕೇಳ್ತಾನೆ ಇರ್ಬೇಕು ಅನ್ಸುತ್ತೆ....  Everybody watch this,high,Positive,v4,not-distress,0.39730843901634216,0.39048153162002563
En guru song nHowdoo huliyaaaa,high,Positive,v4,not-distress,0.8192875981330872,0.7978739440441132
@Praveen Kumar caste dog spotted bale pan yar nimammana dagar nau thane d boss fans nimammana dagar madiddu husharagi nodkoli thunne asege yar jotenadru odihodaalu 🤣🤪,high,Negative,v4,distress,0.450838178396225,0.3898788392543793
Nan sigapu manithan remake.,high,Negative,v4,not-distress,0.8052529096603394,0.7953395247459412
Sir movie nodidini idhu.  Ithara film en chennagide sir..compare to love mocktail,high,Positive,v4,not-distress,0.4262068569660187,0.40147915482521057
Nikistark x promotion chennagi idrunu bere language ge jaathi priority kodtare....nam state li kannada movie ge support madalla distributors..,high,Negative,v4,not-distress,0.8240501582622528,0.0123881995677948
YouTube subscriber at list 5lack kooda Ella yelli reach agutte T series nalli bittidre 10m agirodu avraddu tappu,high,Negative,v4,distress,0.2626784145832062,0.3961769640445709
Hats off bro  ಕರೆಕ್ಟಾಗಿ ಹೇಳಿದ್ದೀರ ಬ್ರೋ,high,Positive,v4,not-distress,0.8237463235855103,0.013398200273513794
Bari telgu tamil movie nodthira ee thara movie nodi,high,Mixed feelings,v4,distress,0.1028834879398346,0.8059993386268616
Booking start  ಮಾಡಿ,high,Positive,v4,not-distress,0.7557553648948669,0.7557553648948669
En guru song akkan idu song Andre akkan navgothalla,high,Positive,v4,not-distress,0.8045785129070282,0.7994995415210724
Waste of tym tiktok ban madbidbek,high,Negative,v4,distress,0.5065625905990601,0.4223339557647705
Sir neev adthidda game yavdu,high,Positive,v4,not-distress,0.8044180274009705,0.40220901370048523
sakath dance performance,high,Positive,v4,not-distress,0.7769209146499634,0.7769209146499634
super anna super creative kannadiga,medium,Positive,v4,not-distress,0.795064389705658,0.43182995915412903
Guru e game name en guru.... Masth eede game,medium,Positive,v4,not-distress,0.8203588426113129,0.8143854141235352
Chikki chikki chikkappa nidde indda bega helappa pade pade kelbeku tumbha tumbha tacing padgalu adu sang agiddre innu kushipadtide I love jental man movi,medium,Positive,v4,not-distress,0.4117538332939148,0.39412739872932434
@Nandi Parthasarathi hogo ninna akkna tullu ninna tara kelsa ilva nange yenu yavglu comments madkondu tika muchkondu sidege hogo,medium,Negative,v4,distress,0.4444931447505951,0.4152144491672516
Guru Chinese mobile yen madodu,medium,Negative,v4,distress,0.8262354135513306,0.44463279843330383
Yelli tanka jana moodnambke bidalvo alli tanka inta shatnayakru useless videos haktane irrtare guru.nMahabharata tumba olle moral story. Jeevanakke bekagiro tumba paata ide idralli. Adunella use madkondu olle jeevna madbeku aste.,medium,Negative,v4,distress,0.5771314799785614,0.37765955924987793
Howdu brother nanu tv nalli nodidde evru elidnella avru elidru,medium,Mixed feelings,v4,distress,0.46927231550216675,0.00460582971572876
Please darshan fans dislike madbedi nim Hero ne great but please Ee movie ge dislike madbedi,medium,Negative,v4,distress,0.8797391355037689,0.44606295228004456
I hate tiktok mobile thagondagindanu install made illa i hate this,medium,Negative,v4,distress,0.4775535464286804,0.40835386514663696
Tiktok madorena Chinese ge kalse beku,medium,Negative,v4,distress,0.5089599788188934,0.42605260014533997
Thumba vishaya galannu thilisi kotri Amar prasad ravare .thank you,medium,Positive,v4,not-distress,0.8244244456291199,0.008546650409698486
@ಕಿಚ್ಚನ ಹಾವಳಿ book my show Alli pailwan 16cr kurukshetra 28cr madide nodo amele maatadu yavdu jaasti collection madide anta,medium,Mixed feelings,v4,distress,0.4395114779472351,0.4313052296638489
Big star agbitte u,medium,Positive,v4,not-distress,0.786775529384613,0.7818180918693542
Super sir..nanantu adella dwnld kuda madirlilla...420china,medium,Positive,v4,not-distress,0.83298060297966,0.8139978647232056
Guru nin voice en guru adu ha ha bombat__ series agi ond heltini nanage enadru nim videos inda nakku nakku hotte novu bandre neeve javabdari helidini,medium,Mixed feelings,v4,distress,0.8896853923797607,0.3921489417552948
Elru Thika muchkond iri nim build up galu nodok agtilla..producer gee enro kashta...??? Kashta irodhu Badavarigee..corona bandhu esht family sayta .idave..uta ildale esht himse agta idee avrige jeevna nadsoke maklige nettagee ondh otthu uta kodok agdale avrige help madi,medium,Negative,v4,distress,0.43893977999687195,0.4417365491390228
Anna nin padha Xerox kodanna,medium,Positive,v4,distress,0.8360190987586975,0.41804763674736023
Bro nanu kuda tiktok use madthidae adrae adu ban adaga nang yenu bejar agilla yakandrae namdu ondu sanna contribution irli namma desha kae jai hind,medium,Positive,v4,distress,0.8710485100746155,0.0
@10 R yaar fan adhru agli.. thandhido buddhi yake.. ivaga yela kfi kade nodtha idhare.. kachada galu heeg madthare.. d boss yavathu yelarnu encourage madthare,medium,Positive,v4,distress,0.4238068163394928,0.2668282091617584
Super bro nim song,medium,Positive,v4,not-distress,0.7869129180908203,0.7868939638137817
E movie name  enu  paka  hitttt e a,medium,Positive,v4,not-distress,0.8064600825309753,0.793309211730957
Sakath guru....  Avan amman innu rost madri broooo nAvarella nam INDIA  dalle erbardu hag rost madri..  Guru,medium,Positive,v4,not-distress,0.8013241291046143,0.797656387090683
Kannadadalli ee Tara cinematography iro movies innu barli,medium,Positive,v4,not-distress,0.8065953254699707,0.797813892364502
Wow exlent verry new dfrent yellu kelilla nodilla danyavadagalu,medium,Mixed feelings,v4,distress,0.8663426339626312,0.8570813834667206
Superb chennag heludri frnd🤣🤣Nam hatra tik tok app illa,medium,Positive,v4,not-distress,0.822018563747406,0.8044344186782837
All industries are going hands up.. 27kke avanu bandaga,medium,Positive,v4,not-distress,0.7403944134712219,0.6452405154705048
est movie li ede tara ede  same scenes.,medium,Negative,v4,distress,0.8515697717666626,0.42450761795043945
Good information sir but ivattu yako parokshavaģi  China desha vanna hogalida hage ittu adru ade nija  satya yavaglu kahiyagi irutte,medium,Mixed feelings,v4,not-distress,0.8026305735111237,0.7993589639663696
Bro nim maath keli China App hogli Indian App nallu video madalla bidi,medium,Positive,v4,distress,0.8651719093322754,0.8424054086208344
Egina youth's ge spoorthy sir nivu Devaru nimge ayyasu aarogya channagi kodli,medium,Positive,v4,not-distress,0.8298219442367554,0.4201993942260742
@Pradip AR idhu remake all i am editor,medium,Mixed feelings,v4,distress,0.4758368730545044,0.4130531847476959
Anna nin super anna,medium,Positive,v4,not-distress,0.7645052075386047,0.7645052075386047
Anna nim e vedio nodinu mathe chaina apps use madidre...nijakku avru maryade  swabhiman ildoru bharatha dalli irbardu ....antavrnella nimhange maryade thegibeku.....,medium,Negative,v4,distress,0.00354766845703125,0.0023968517780303955
Namma janakke innu idara liric arta agilla.good music extraordinary liric.,medium,Positive,v4,not-distress,0.44117024540901184,0.8198311626911163
@twisted formals yake urita edeya nivu dagar fans anta nim culture ende gottu agute modlu sariyagi mat adu magne modle Gulbarga mandi navu start madre ninu eral nin avvun tullu clean madsu,medium,Negative,v4,distress,0.43098506331443787,0.0007269084453582764
Tiktok ban agirodrida tiktok madtidrala avr family avrig kushi agirute tumba deena ivr mada nodi sakagitu,medium,Negative,v4,distress,0.892775297164917,0.42196986079216003
@Kumara Kantirava avn heldange 1st time hange ansodhu..,medium,Positive,v4,distress,0.7249160706996918,0.7502298355102539
@Nandi Parthasarathi ille gotta aagta ide ninu yestu urkondu sattidiya anta yenro nimma same balegarna type nayi padu 🤣🤣🤣,medium,Negative,v4,distress,0.43455684185028076,0.854008138179779
@prithvi nayak Flop yaavdu antha Karnataka ge gottu bidi...,medium,Negative,v4,distress,0.876924604177475,0.42334863543510437
Sir intha cinema madida mele dodda mattadalli prachara madbekittu. nNodi prem avru dabba film madudru hype build-up create madodralli etthida kai.,medium,Negative,v4,distress,0.8807826340198517,0.1303461790084839
Nin voice and dialogues ge fidha guru 🤣🤣🤣🤣🤣,medium,Positive,v4,not-distress,0.8004458248615265,0.7928511798381805
Super d boss fan's like madi,medium,Mixed feelings,v4,not-distress,0.7983313798904419,0.7892636060714722
Super guru neenu tiktak sede galige yeneludru arthagalla,medium,Positive,v4,not-distress,0.8155389726161957,0.8031345009803772
Super movie.yallaru hogi nodi,medium,Positive,v4,not-distress,0.801681399345398,0.7892328202724457
Tik tok Tarane act madidre hana sigutalva edanne etkondu. Nam government mane manege items kottu Products ready madi adanna videshakka marata madbeku matte nam janakke kamishon kotre voledalva. Nam jangala kayyalli yake kelsa madkotilla .,medium,Negative,v4,distress,0.42330142855644226,0.42137381434440613
@sathish m nNin kano gaandu sariyagi matadu darshan fans bari kettadagi matadtare troll madtidare idu ninge gottenoley darshan na bitre yargu support madolla antha rumors spread madidare adke nangu ange anusthu helde,medium,Negative,v4,distress,0.412721186876297,0.0005977749824523926
China copy maadi naawu maadbekilla.. jana alli khushyaagilla.. naadre niw helidralli tumba kelsa aagbeku.. bhaaratadalli adella maadodu janakku bekaagalla,medium,Positive,v4,distress,0.4538603127002716,0.41409194469451904
Bro tiktok ban bagge bejar agiro nayi galige innu mut nodkollo hage roast madu bro plzz...aa lofar nayi galige nam desha kinta ade bekagide nayigalige...,medium,Negative,v4,distress,0.4450315535068512,0.40076905488967896
@naveen v nim gandu balegara movie yalla utterflop modlu side acting madudu ಬಿಡು anu modlu,medium,Negative,v4,distress,0.8714825809001923,0.41624221205711365
Loo Nim Makha muccha e Video gu Dislike yenro nim Hendti Munde Haga avr character Nodi kaliro life Andre yenu antha thu nanmakla,medium,Negative,v4,distress,0.42902055382728577,0.4017826020717621
D boss fans inda full support iden#jaidboss,medium,Positive,v4,not-distress,0.8191487193107605,0.39878395199775696
Pruthvi avara acting anthu nanna avarisikondu bittide .nanna friend helidda thayi sentimentalli avara acting nodi ninu emotional agthiya nodu antha.adre nanu nanu aagalla andidde.adre aa scene nodbittu nanu ankonde. evarige national award kodbeku antha.,medium,Positive,v4,not-distress,0.4134367108345032,0.4129204750061035
Super creation bro .  Adru nim voice sppppprrrrrr.....,medium,Positive,v4,not-distress,0.8340044617652893,0.39281779527664185
Super bro.........yen roast madtiya bro ....,medium,Positive,v4,not-distress,0.8378059267997742,0.8340506255626678
Heroine ge jamba ella,medium,Negative,v4,distress,0.8143049478530884,0.45627936720848083
I like it kanta nI like it,medium,Positive,v4,not-distress,0.8070341944694519,0.7966416478157043
@Nandi Parthasarathi balegar bale bale 🤣🤣🤣 matte ninna akkna minda kano nanu mindri magne randi maga ninu bere heros bagge kettadagi comments madodu bidu navu yaru tantegu hoglla boss tantege bandre gottala,medium,Negative,v4,distress,0.43051937222480774,0.426605224609375
Fittest will survive. Ashwath olle actor aadre maganu ange aagbeku andre aagutta? Dr rajakumar tara avr maklu aagalla avr yavattidru avre. So illi acchari pado avashyakate illa.,medium,Mixed feelings,v4,distress,0.43835312128067017,0.4201348125934601
Naa innomme e movie naodalla  avanajji eradu dina aytu hale hudgi nenapagi uta illa nidde illa sayotara annistide,medium,Negative,v4,distress,0.47677430510520935,0.8808425068855286
Navu matar use madatilla jagatinna yella deshgalu use madatidare.solemagane,medium,Negative,v4,distress,0.8851330578327179,0.415118932723999
Yellar gamnaanu HANDS UP Hatra ne ide. haage gamna ittu nodi.,medium,Positive,v4,not-distress,0.4342436194419861,0.8049438893795013
@Yash cult Guru ellaa actors ade halkaa kelsaa maadodu bidappa raaja...,medium,Negative,v4,distress,0.43191877007484436,0.4290336072444916
Avlu lofar .....nan sister Diya papa amezon a to z super next relece I m going,medium,Negative,v4,not-distress,0.8263300955295563,0.8191463053226471
Super bro nim nice and dialogue bro🤣,medium,Positive,v4,not-distress,0.7970530390739441,0.7920632064342499
@Nandi Parthasarathi nin Amman sule magane nin number send gandu,medium,Negative,v4,distress,0.8638346493244171,0.4193767011165619
Bollywood range nali ide super song🤔,medium,Positive,v4,not-distress,0.7903846800327301,0.7854936420917511
Super super super mahithi,medium,Positive,v4,not-distress,0.7768721580505371,0.7768721580505371
Bigbossalli  step hakiro controverrsy nodi bandiror yar yarppann like Madi,medium,Negative,v4,distress,0.879387766122818,0.004825502634048462
Hi....chaina dalli ago product nnu navu madidvi....adre....namma desha davre namage mosa madidru same model nnu chaina kondogi avrege thorise dublicate madbittu dandu...kammi belege elle mariddare....edde karana...navu hinduliyalu....eglu navu...mado ondondu product chaina dinda tharisthidru adre navu automobiles product naavu madthideevi...adre yaaru encarage madalla.....,medium,Positive,v4,distress,0.45046302676200867,0.00042131543159484863
Yes re release madbeku,medium,Positive,v4,not-distress,0.7765430808067322,0.7765430808067322
Bro ha dacchu su..... Maga you are super no 1 roaster,medium,Negative,v4,not-distress,0.8248479962348938,0.8177012503147125
Simple star fans like madi,medium,Positive,v4,not-distress,0.7768613696098328,0.7768613696098328
Life Alli esto movie nodidivi adre diya movie astu yavdu  ista agtilla. Diya nodid mele love madbeku,medium,Positive,v4,not-distress,0.7437304556369781,0.7231944799423218
@Dayananda C sir ivaga hagalla belige call maditini heli. Prashne keltini. Political bittu . Abhirudhi bagge keltini heli.,medium,Mixed feelings,v4,distress,0.4418037533760071,0.001660674810409546
Neva ado game nema,medium,Positive,v4,not-distress,0.7915908098220825,0.39579540491104126
En ugdde guru adru nam janake budi barala bro tiktok elde edre saytivi antare thoo,medium,Negative,v4,distress,0.008689433336257935,0.41617316007614136
Barri dabba movie ne unn maado du,medium,Negative,v4,distress,0.536389946937561,0.4177626669406891
@satishnithyanandam nin hesralle comedy ide ..nin antha thika kobbu iro mindri sule makklathrs nangen mathu. Hogo kong boli magane.,medium,Negative,v4,distress,0.4404708445072174,0.4200098514556885
Hats off sir nim Swabhimana and karya nishtege thumba Santhosha agutte sir nimg olle arogya success kodli antha devralli bedkothivi Munde niv natiso Ella cinemagalu uttama pradarshana padiyali,medium,Positive,v4,not-distress,0.40978580713272095,0.4016692638397217
Sir pakka news edhu prradhana manthrri  modhe noddbeku ashtty sir...,medium,Positive,v4,not-distress,0.42466744780540466,0.39121365547180176
Drivergalu yavttidru king  proud of my job,medium,Positive,v4,not-distress,0.7938432991504669,0.7988040149211884
@10 R hogi ballegaarnn tunne unn... Aa balegaaran bhikshe majestic cinema nim dBabes ge .. Nim amma majestic Sule ansuthe adkke isht harkottiddiya bewarsi sulemundemagane... Nin ammana Kellu Nene hege malgisi keydiddini anta ...,medium,Negative,v4,distress,0.4451940059661865,0.0009965896606445312
Idu idu bekittu actually.....jai rk boss,medium,Positive,v4,not-distress,0.826743870973587,0.414613276720047
@TROLL MONSTER_KANNADA guru Bari mathadak aste yav sule makligu munde bandu mathadastu dhum Ella BOSS always King,medium,Positive,v4,distress,0.46027588844299316,0.40887078642845154
Dboss thara ivnu jana galisoke.. dodda dodda dialogue bidalla media munde rakshit na avnge holisbedi,medium,Negative,v4,distress,0.8851565420627594,0.40312424302101135
Jai hind  guru  nimge  ondu     super  agi madidira   Hinta  nanna makkalige nanna  deshada bagge enu gottu Avarige   tiktok Alla nale  avaru  sattu  hogtare alva   tiktok nu baralla tamte hodiyakke  Janru baralla   adannu  tiktok madkondu  Aram agirli anta  tiktok madi kalastare nanna makligennnAll videos  super  guru  nim no send madi,medium,Positive,v4,distress,0.0009799301624298096,0.39992862939834595
Rakshit yake ista gotha friend's na jote yalli yavagllu ittikondiru thare,medium,Positive,v4,distress,0.881983071565628,0.4035370647907257
Kannadada chanukya namma rakshit shetty bro na yochanegalu...... Dislike madiroru rashmika fans irbeku ......,medium,Negative,v4,not-distress,0.4013579487800598,0.39339953660964966
Re release maadi movie na... Super movie,medium,Positive,v4,not-distress,0.814030647277832,0.8055349290370941
@mallikarjun Dhanashetty Elrigoo nimtharane yochne bandre kannada top allirodhu..,medium,Positive,v4,not-distress,0.8280255794525146,0.816314309835434
All the best for rocking star fans  song vibinna vagidhe,medium,Positive,v4,not-distress,0.43132010102272034,0.3963291645050049
Kannada cinema nimma antha budhijeevi na ullaskollalike agilla antha tumbaa bejaar aagute.,medium,Positive,v4,not-distress,0.4109550416469574,0.8069307804107666
Slow poison song annoru like Maadi,medium,Positive,v4,not-distress,0.7981974184513092,0.7890470325946808
Yen helda guru super,medium,Positive,v4,not-distress,0.7858735918998718,0.7812274396419525
Istu helidru innu tik tok ge support madoru manushyare alla nArta madkoli pls pls,medium,Mixed feelings,v4,distress,0.0102863609790802,0.41659823060035706
Yudha mada beku katukara🧟 munde oda ‍baradu bhagavatgethe Who likes this line,medium,Positive,v4,distress,0.8740960955619812,0.43118759989738464
Eh Tiktok ela Andre nimanatha troller kooda Mundhe bartirlilia,medium,Negative,v4,distress,0.4884558320045471,0.41255632042884827
Varshakke 3 thagadu movie madi industry haal mado hero galu ondh kade adrenn3 Varsha kasta pattu ondhu olle film mado namma Rakshith Shetty haagu Yash innondh kade n,medium,Negative,v4,distress,0.43866077065467834,0.006004005670547485
Chinada tiktok CEO helidanante bharatadalli  iruvashtu somarigalu berellu illa anta idarta avara deshadavare aa app annu ashtu use madtilla  bharatadalli koti gattale use madtidare. Banne maadida modi sarkarakke danyavadagalu nnJai JAWAN Jai KISAN nJAI HINDH,medium,Positive,v4,distress,0.44275468587875366,0.39913344383239746
Telugu comments copy madbutta 🤦‍,medium,Negative,v4,distress,0.8259287476539612,0.4446481168270111
Signature steps awesome...pakka...# tag agthe,medium,Positive,v4,not-distress,0.8274227380752563,0.41697439551353455
Nodarappa yaro heludrala ban yak madbeku antha,medium,Negative,v4,distress,0.4893608093261719,0.424297571182251
@Thejas Gowda avnu oba uneducated slum sulemaga..adke yaneno bogltane🤣🤣,medium,Negative,v4,distress,0.48203131556510925,0.41828715801239014
Lo Anna ninu nijvada hero kanocorrect agi helde,medium,Positive,v4,not-distress,0.7650050222873688,0.7480411529541016
Nange bahala novaytu nannamele yakandre nanu  Diyaa moviena thetoralli nodilla adakke please realise onse again nanu nodtin Mathe janru nodtare please,medium,Negative,v4,distress,0.8904476165771484,0.0015394985675811768
@sathish chandra 🤣Naan kelv comment noDidakke heliddu,medium,Mixed feelings,v4,distress,0.5058156847953796,0.4071790874004364
avarige belesidorna thuliyodhu gottilla anda star patta bandamele friends na mariyodhu gottilla,medium,Positive,v4,distress,0.006846517324447632,0.4057445228099823
Sir. Movie bagge eradu matilla. Adre ivatu multiplex jasti agi bittive. Rate kooda bhayankara. Ondu nominal price idre hogbahudu. Tumba janru kooda primenalli,medium,Negative,v4,distress,0.4246390759944916,0.5903876423835754
Bro navu arvinda tilkotidivi andre navu avrige yenadru kodbeku dodd dodd channel galige hinde dodd vyakti irtare so skip madade nodi avrigu duddu barli  .,medium,Negative,v4,distress,0.43453019857406616,0.40084099769592285
Evergreen song listalli idhu yavglu iratthe doudte illa....,medium,Positive,v4,not-distress,0.8246422708034515,0.8071459829807281
1st time - chennag illan2nd time - parvagillan3rd time- addicted,medium,Positive,v4,not-distress,0.8280477225780487,0.8213423788547516
Aga navu yaru TV Alli nododu beda. Suvarna channel avra TRP kammi madsona. Aga avrige buddhi barutte. Olle olle films Nella isht Bega TV Alli hakudre theatre ge yaar hogtare,medium,Mixed feelings,v4,distress,0.4383300542831421,0.3502225875854492
@Nandi Parthasarathi nadiyole sule magane Nam style Nam ista ning yako thika uri,medium,Negative,v4,distress,0.4368743896484375,0.41946831345558167
Nanage nambalu sadyavaguttilla ...adakkagi ondu balavada karana athava kuruhu beku next vedio dalli haki I am waiting,medium,Positive,v4,distress,0.0223960280418396,0.0
movie was legendary. ninu itihasa baryoke bandirodu maga. kannada indutry history baredre eradu part irutte ondu rakshit baroku munche mattondu rakshit  bandadmele,medium,Positive,v4,not-distress,0.8302900195121765,0.8274871110916138
Lo nin d filme odtilla modlu anv film nodro amele bere filmge sprt madu sumne comnt akbitre film odbidutta bari builduppu,medium,Negative,v4,distress,0.8774649500846863,0.43315571546554565
Sir yella song video clips release maadi,medium,Positive,v4,not-distress,0.8005897104740143,0.7380619943141937
@Doavi samstana movie gellutte nAamele Jana promotion maadthare,medium,Positive,v4,distress,0.8833339214324951,0.8420642912387848
Year ge ondu film bandru Chenagide super sir,medium,Positive,v4,not-distress,0.7995074689388275,0.7994690835475922
Kannada film  industry avaru sir solpa nodi rii yen madta ididra inta ashvath sir avara maga ondu sanni veshe dalli kalsa Kodi,medium,Mixed feelings,v4,distress,0.001416921615600586,0.3475223481655121
Nijawaglu  mai romanchana aaguvantaha video  idu  nija  irabahudu,medium,Positive,v4,not-distress,0.831853449344635,0.004595577716827393
Ade old same story,medium,Negative,v4,distress,0.8001577258110046,0.8001577258110046
Tumba kalaavidara gati ide. Kalege bele illa. Ashwath Awara family ge ee thara aagbaardittu.,medium,Negative,v4,distress,0.44723859429359436,0.4224225580692291
Chutiyaa Ganesh gintaa olle movie irutthe bidu guru idu. Ganesh ge olle swamake maadoke helu modlu,medium,Negative,v4,distress,0.4575454890727997,0.005590170621871948
Promotions madro illa 3 varsha kasta pattiro du waste sgbardu,medium,Negative,v4,distress,0.4589804410934448,0.8556276261806488
sory sir teatarali film nodlike agilla tumba bejaride,medium,Negative,v4,distress,0.8706337213516235,0.41278553009033203
sandalwood ge obba trend setter sikkidaane..n.n.n.n.n.nyaaravnu???n.n.n.n.n.n.nAvane Srimannarayana,medium,Positive,v4,not-distress,0.8500845432281494,0.39009204506874084
Bro...nNeen este Roast madudru...China ne beku anthare ivrnella gun thagond shoot madbeku aagadru India dalli eetara Desha virodhi galu sattadru saythare... Nin video nodi actually innondsari tiktok alla mbl muttoku nin permission kelbeku... nInnond strong aagi video madu guru...,medium,Negative,v4,distress,0.4183463752269745,0.3999297320842743
Nam kannada songs yavglu super hit,medium,Positive,v4,not-distress,0.7983406186103821,0.7893339693546295
Song Karnatakadalli ella hero fans film node nodtare but pls bere languages lli promotion madi,medium,Negative,v4,not-distress,0.0,0.0
Power Star fans like madi,medium,Positive,v4,not-distress,0.7768683433532715,0.7768683433532715
@naveen v ninna luccha ige modale kaddi swalpa body madkond baralu helu olle baavali haage eddane mattu omdu hit movie kodoke helu madirodella flop,medium,Negative,v4,distress,0.4410509169101715,0.4006454348564148
Ivnu soole maga pakka. Ivnu yash fan bandu hen kelsa madthavne nodro soole maga,medium,Negative,v4,distress,0.8916909992694855,0.006777137517929077
Nija helidri sir..! Nimma video nodi admele kuda namma bhatiyaru  badalali antha pray madtini.,medium,Positive,v4,not-distress,0.4408426284790039,0.373224675655365
ಏ ನಂದಿನಿ ರಂಡಿಮಗಳ D Boss Bagge matadadre hudukondu Bandu Hoditini Jaag helu,medium,Negative,v4,distress,0.8803228437900543,0.40460145473480225
En song guruve I love this song K G F bitre ede super movie guru.......super,medium,Positive,v4,not-distress,0.4319301247596741,0.39016902446746826
It's amazing movie.  I think promotion sari agilla anta anista ide,medium,Negative,v4,distress,0.4380914270877838,0.011316925287246704
Unlikers Ella chinos appang huttid sulemaklu irbek,medium,Negative,v4,distress,0.47499382495880127,0.40954911708831787
Esta adre mele like button ede kodtare bidapa,medium,Negative,v4,distress,0.4523945450782776,0.8359949290752411
Boss E nan makluge,medium,Negative,v4,distress,0.8251360058784485,0.04383531212806702
Ayyo guru... Yelli tanka jana moodnambke bidalvo alli tanka inta shatnayakru useless videos haktane irrtare guru.nMahabharata tumba olle moral story. Jeevanakke bekagiro tumba paata ide idralli. Adunella use madkondu olle jeevna madbeku aste.,medium,Mixed feelings,v4,distress,0.0022695958614349365,0.0
Kannada cinema dali osha parvaa . .......,medium,Mixed feelings,v4,not-distress,0.8231472969055176,0.8247692286968231
Anna nenu super super Anna,medium,Positive,v4,not-distress,0.7768346667289734,0.7768346667289734
Yen guru ulty 1 number,medium,Positive,v4,distress,0.8245830535888672,0.812296062707901
Tik tok banu nan kicha Sudeep fanu egide  comment madi,medium,Positive,v4,distress,0.35756102204322815,0.0
Modijji avrige gothu aste gothu soldiers value,medium,Positive,v4,distress,0.8612042367458344,0.4186188578605652
Eno Anna dool ebsi bitti alla comment boxnalli,medium,Negative,v4,distress,0.8494484424591064,0.4130235016345978
@VINOD KALMANI nhu neen iro jagane helu.... naane bandu hoditini.... illa tumkur main road bustop ge bandu partha yaaru antha kelu,medium,Negative,v4,distress,0.45480841398239136,0.3826180100440979
Super guru Ella record break made madtira guru nivu i love sir,medium,Positive,v4,not-distress,0.8060479462146759,0.3975042402744293
En dailouges guru nsuper gurunYou rocking gurunNin dailouges keludmele nim channel subscribe maadthiddeeni hinge continue maadu gurunInnondibru dingurbilligalu tiktok li buildup kodthidru avrnu ee videodalli topgersidre chanaagirthitthu,medium,Positive,v4,not-distress,0.8396089971065521,0.42426154017448425
Rocking star kadi enda all de best,medium,Positive,v4,not-distress,0.46472692489624023,0.792013555765152
@Venu real life llu haage iddidre accept madabahuditthuu alvaa.. !!!nEspecially obba natananna thumbaa abhimaanigalu fallow maadthaare so avru nija jeevanadallu  maadhari aagirabeke vinaha thappu madbaardu alvaa baree film lli maathra hero aagidre saaladuu real life llu kooda hero agirbeku aaga avaru obba nijavaada  manushya aagoke saadhya... !!!,medium,Negative,v4,distress,0.8991064429283142,0.0022604763507843018
sir deshadali shikshana jotege kwoshliya nu kalisabeku selp udyogada samartya barbeku nnrajakiya vektigalu adikara and hanke ase belde deshavanu munnadasabeku employment ge jobs sigo rieti nodka beku,medium,Positive,v4,distress,0.0,0.0
Rite.... Bt avara personal adu.. problems en aitu anta namge gotilla ...yake hudgi mele hig coments mododu brother??? Nam sis ge idu agidre?? Nav en madtidvi??  Aur problems avaru solve modkonda aitu naaav sumne ivele overthinking madta idivi ...,medium,Negative,v4,distress,0.4384884536266327,0.0008263289928436279
Super guru pakka block buster,medium,Positive,v4,not-distress,0.7950454950332642,0.7859914898872375
Yelli eddru guru e music director super music ultimate music,medium,Positive,v4,not-distress,0.8072874546051025,0.8032436966896057
Nam kannada songs yavglu super hit,medium,Positive,v4,not-distress,0.7893339693546295,0.7893339693546295
Song super step ennu super,medium,Positive,v4,not-distress,0.7770004272460938,0.7770004272460938
🤔🤔🤔 hello thamma navu unity maintain madthivi aithu thorskolo avyashyakathe namgila nin CMT nodid kudle yavan avr fanism bidkodala 🤣🤣 nin kano doddu sede nan maga,medium,Negative,v4,not-distress,0.0,0.7737370729446411
igun kaldalli 60 years badkodhe kasta 5000 varsa irtara yakro janara inocentna use madkotira,medium,Negative,v4,distress,0.445674329996109,0.4030342102050781
@Naveen kumar yadav lo thamma nanu copy madidare antha yello helidini.. ratasasan movie bgm inspiration indha idhna madidare andirodhu.. nav yav telugu movie nu nodalla kannadake modala adhyathe namdhu,medium,Negative,v4,distress,0.8835072815418243,0.5318121016025543
Bro niu videos dali torso gems name yanu,medium,Mixed feelings,v4,distress,0.8500144779682159,0.4186457395553589
Bro aa game  name  heli,medium,Mixed feelings,v4,distress,0.8141677379608154,0.45910727977752686
Tik tok alli jagala madtidralla adra baggenu ondu video madi anna super agi ugididdira,medium,Positive,v4,not-distress,0.8194183707237244,0.4161643385887146
@#win 12 yello yaavdo beedhi soolege huttironu neenu ansutthe....adakke nin hesru haakolde yavdo no. haakondidya.... leay child chapati nin no. ond kodu saaku nin dove na nin munde ne keaytini...... asht saaku nange....,medium,Negative,v4,distress,0.4472410976886749,0.44783398509025574
@Nandi Parthasarathi gaandu Sule magne hogi bucket du gaygf nodu adu bittu illi dboss annnabeda cheeti kalla fan,medium,Negative,v4,distress,0.4441556930541992,0.41594839096069336
Super sir yentha mathu nivu sir nijavada tik tok bagge thilekondirodu,medium,Positive,v4,not-distress,0.8192583620548248,0.3923162817955017
Namma  desha da bagge abimana ellde eroru ge  adru tik tok use madtha eddre avru tamma mother naa ennobirige bitkotta hage  eddanu odinu tik tok madidre niu muuru bittoru antha artha,medium,Positive,v4,distress,0.42354366183280945,0.2744382619857788
IAS IPS madirorigintha politicians  ge value jasti iro namma vishala manassina Indians badlagovargu nnam desha beliyodu kasta ide,medium,Positive,v4,distress,0.0,0.0
Hats off to u sir...nMosa madi tinno Pizzaginta Niyattagi dudidu tinno ragi nalli eshto aanda erutte jeevandalli..,medium,Negative,v4,distress,0.0,0.0
Ho guru adu pubg alla  adu yav game antha modlu thilko ninu,medium,Negative,v4,distress,0.8651609122753143,0.4181085526943207
Rock Siddu yaako gaandu soole magane naanu ninna thangina rape maadidna.. yelo mathannu ole mathanaadu.. nanagu baahi ide.. nanage gothilade thapagide.. Neenu mathado reethi badalisiko ...,medium,Negative,v4,distress,0.43610209226608276,0.40783318877220154
@Nandi Parthasarathienu nan amman akkan andidina thu nina modlu nind nodko nan innu odta idini shoki mado yava necessity nu illa nange....nim appa amma na baydu nan en madli....nKelsa madtini antidya taleli buddi idya en ide 🤣nDarshan bagr helak nen yavanu,medium,Negative,v4,distress,0.43513184785842896,0.4225872755050659
@Nandi Parthasarathi hogo sulemgne urkondu barbeda illi ninna akkna keya wait for Roberrt,medium,Negative,v4,distress,0.43411770462989807,0.0024359822273254395
Full gichhh Madi nod anaa mast,medium,Negative,v4,distress,0.46673154830932617,0.4235893189907074
En helde guru sakkath.tik tok madorgella super agi heldre,medium,Positive,v4,not-distress,0.8295286595821381,0.8134360313415527
Idu idu.. (1.56)actually bekagiddu..osm music,medium,Positive,v4,not-distress,0.8353696465492249,0.4143109619617462
Youtube channel nalli ASN release promos upload madi sir,medium,Positive,v4,not-distress,0.8052704334259033,0.4097364842891693
Howduu actually eee video nodakku munche Indaanu  nange ide reethi tumbaa saari hagu pade pade yeshto baari kansu beeltittu heege obbaa vyakti Shiva devastana hatra irtane naanu devastaaana dinda aache baruvaga nanna hatra idid bilpatre na keltane but duddu maatra eeskolala but hieght agirtare tanned skin tone forehead poorthi gaaya agirutte but full body ashtaag kansalli gottagallaa but ivatt eee video nodid mele mostly avre irbeku antha anstu,medium,Positive,v4,distress,0.436724990606308,0.0003713369369506836
6-5=2 nalli nijvadh video antha posteralli nodide but movie nodida mele gotthaythu adu sulu antha,medium,Negative,v4,distress,0.4515816271305084,0.41596534848213196
Div movie nodi thumba kushi aithu yakandre hen maklu jevanke atharavada movie thumba adbuthavagithu dia ond  sala nodidini bt  nange e movie na mathe mathe nodbeku anthasuthe. Nanganthu yala movie ista bt  dia thumba special yakae hege antha helodik agthila asta aithu sundravada love Thai preethi  2 hero's  obrg ibru kami illa dia nodvag kushi aithu prithi helthare anvaga kalkondru mathe bere  sambanda besadaga hale prethinali priiithi India duragi mathe bandy mathe kalkonda aa  ondu nimsha jeva kaldoithu bt  gene idru I love dia,medium,Positive,v4,distress,0.620572954416275,0.4435504972934723
Avra manelli yavagadru hoddu sayisudre gottagutte kittod nan maklige tik tok yak ban madbeku andorge saryagelidira bro,medium,Negative,v4,distress,0.4475000202655792,0.4086194634437561
Sari korona bandare adana guna padisikolalu amount hestu karchu aguthe adu yavayavadake antha solpa maithi kodthira please,medium,Positive,v4,distress,0.8800615966320038,0.4153347313404083
ತೊಗರಿ ತಿಪ್ಪ ಸುಪರ್ ಕಾಮಿಡಿ so super thogari thippa comdey,medium,Positive,v4,not-distress,0.8122379183769226,0.8031998574733734
@Cockpit cock allavuddin mayadeepa annodu Arabian nights stories nalli baruva kaalpanika kathe deepa ujjidare bhootha bandhu ella kelasa maaduthve allavuddin khilji alla,medium,Mixed feelings,v4,distress,0.8971745669841766,0.40828776359558105
Avaru badlagabeku ivara badlagabeku annodu tappu modlu nav badlagbeku ekandre vote hakori nave matte avara gedda mele avaranna baioru nave nija ansidre like madi,medium,Positive,v4,not-distress,0.832711398601532,0.7808763682842255
Super sir nim anthoru Nam Kannada industry ge beku namma Kannada industrya kirty patake ellade harabeku belibeku,medium,Positive,v4,not-distress,0.4138467013835907,0.4006996154785156
Nam boss supero super,medium,Positive,v4,not-distress,0.7768903374671936,0.7768903374671936
Super movie love madabardu guruuu,medium,Positive,v4,not-distress,0.807342529296875,0.7921239733695984
Nice song galli mathina bajaru suddi saridhe sumaru charitre shrustiso avathara,medium,Positive,v4,not-distress,0.8219958543777466,0.5137732625007629
Super Ann nanagu. Tik tok.banna  agude bekagitu,medium,Positive,v4,not-distress,0.8224513828754425,0.8098139762878418
@Karthik Gowda Dacchu hmm aythu dagarge hosa award kodtini bandli star antha helbidu,medium,Negative,v4,distress,0.8844898045063019,0.3937513828277588
Ending nalli looti heg sikthu avnge.. movie nalli thorsode illa ..,medium,Negative,v4,distress,0.8729763031005859,0.43231135606765747
Lyrics Artha adoru Kay kaal aadsrappa,medium,Positive,v4,distress,0.45580747723579407,0.15421277284622192
Pakka mas Nam kannada movie,medium,Positive,v4,not-distress,0.7852180600166321,0.7807245254516602
Anna e game yavudu,medium,Mixed feelings,v4,distress,0.8002912402153015,0.8002912402153015
@prithvi nayak nimma Amman tulla suledeepa movie yavdu hit aagide helu recent aagi bandidralli,medium,Negative,v4,distress,0.8789002895355225,0.4105765223503113
Rashmika urkoo  rashmika haters like herenRakshith sheety,medium,Negative,v4,distress,0.377036988735199,0.8426704108715057
Super avanu helidanalla yelo galate ante avanu sikudre japli yelo togoduu odibeku tuuu.nNivu inu roste madtairi..nJai creative kannadiga..,medium,Positive,v4,not-distress,0.41227784752845764,0.8324936628341675
Hi sir supnHasage  eddastu kalu chachu  nAnno gadae evattu nim nudigalu gottyatyu sirnUr grate sir,medium,Positive,v4,not-distress,0.8392108976840973,0.820549488067627
@Madhu Madhu hello bro navu tulunad navru tulu namma matru bashe aste abhimana kannada bashe melu ide,medium,Positive,v4,not-distress,0.0,0.7589385211467743
Super gurunJai hind Jai Indian army,medium,Positive,v4,not-distress,0.8045263290405273,0.7859151363372803
Mast roast madidi anna,medium,Positive,v4,not-distress,0.7922682762145996,0.7841242551803589
Neev mado pratiyond videos galu mukake ekda tegdu oddag irutte bidi bro and nim voicenim big fan agbitidivi bro......,medium,Positive,v4,not-distress,0.4145975708961487,0.40141749382019043
Lo d gujaalds neev support maadida yaav sinimaagalu succes agilla .. yaakro sumne buildep .. simple example andre ..amar movienu ..fail maadudralo .ambareesh gintha name bekittha...ಮಧ್ಯೆ ನೀವ್ ಹೋಗಿ ಹಾಳ್ ಮಾಡುದ್ರಲೋ ..,medium,Negative,v4,distress,0.43340229988098145,0.0013374090194702148
Gurve egle Google nali search madu,medium,Mixed feelings,v4,distress,0.5046059489250183,0.42217689752578735
Sathyavaada maathanna nudidri sir Bhagavanthana bagge  Bhagavanthana neevu kondadidri andre neevu saamaanya vyakthiyalla entha olle maathanna nijavaada obba jnaniyu nudithane  aadre neevu nudididdira Andre I r so grate Bhagavantha nimmanna chennagittirli edthare anno nambike ede thanku sirji,medium,Positive,v4,not-distress,0.42229726910591125,0.4003784656524658
Chindi guru... tik tok ban agi yar thika urkoltha avree avru hogi Indian army mathe Modhiji naa keli..! Lowda antha tik tok li questions madodala..!!!,medium,Negative,v4,distress,0.44900327920913696,0.41949522495269775
Supar hit song anna,medium,Positive,v4,not-distress,0.7769191861152649,0.7769191861152649
Nanu eduvaregu tik tok app install kuda madilla nan phone alli. Bro ede tara videos madi tik tok alli saitirorna ennomme tik tok hesar keladre bhaya padbeku aaa tara rost madi bro,medium,Negative,v4,distress,0.4459633529186249,0.4139855206012726
Jadesh Kumar Anna.. trailer is dashing,medium,Positive,v4,not-distress,0.8090062439441681,0.798976868391037
@Sweekar Gowda Nim mane hatra ಊಟಕ್ಕೆ Jana galige kasta agtideya.nidre Avar place n avar Mobile number send madu.nಇನ್ನೊಂದು ಅರ್ಥ ಮಾಡ್ಕೊ nCorona ilde idaglu ninninda tegalo msg bandidave nOlle ಎಡಬಿಡಂಗಿ ತರ ಆಡಬೇಡಾnProcedure ge hana mukya alvo gottilla ಆ film technician ge avaru innondu chance kodabeku adu mukya nಅರ್ಥ ಮಾಡಿಕೊ ಮೂರ್ಖ ಶಿಕಾಮಣಿ,medium,Negative,v4,distress,0.0004955530166625977,0.40013623237609863
@VARAPRASAD K K nin Amman thulle shaata bekaadre helu nin chulbort movie hair wig ge . Dagaar boss cutout bekaadre helu dappa  sodane hodkodtivi ondu maatu helu saaku haage shaatad haara redi maadustivi ashtu salalilla Andre helu mettin haara maadustivi dagaar fans nin Amman ganda dagaar soole maga Hale aanti iddange idaanallo avnige kodu bale,medium,Negative,v4,distress,0.4484402537345886,0.3990250825881958
E kithu hogi ero Nan makallu na chapalli Alli hodi beku.... Tiktok Ban Madi olle kelsa Madi edare,medium,Positive,v4,distress,0.4506777822971344,0.4206331670284271
Thanks ellakade link Sher madi nTukali kushmikage hattiro kobbanna elisi,medium,Negative,v4,distress,0.43983322381973267,0.005870640277862549
Super bro huge video madu Anna,medium,Positive,v4,not-distress,0.7943035662174225,0.789279043674469
Karavali karavali... Itte boda marre?? Film super hit aagbeku. Bere statesnavru nammatha nodbeku aste...,medium,Positive,v4,not-distress,0.4165559411048889,0.8292177021503448
@Troll Stupid Fans avre enu heltilla,medium,Mixed feelings,v4,distress,0.8662833869457245,0.41687706112861633
Obba amman hatra ninge yav maga ista antha kelidhre. Sandalwood fan,medium,Negative,v4,distress,0.8692519068717957,0.32565775513648987
Super hit agodralli yavude dout illa gelayare Jeeva,medium,Positive,v4,not-distress,0.819585382938385,0.8020188510417938
Youtube channel nalli ASN release promos upload madi sir,medium,Positive,v4,not-distress,0.8052704334259033,0.4097364842891693
Super agide song maatra Haaands Up  n940 dislikes and still counting,medium,Positive,v4,not-distress,0.4056266248226166,0.804817795753479
@Nandi Parthasarathi nandini anta itkondidya nen hengsa🤣🤣nEllelo hogbeda matter bage matado childe....chanagiro film na chanagila antyala adrale gotagute enta kachda nenu anta bereourna aadre belsu ilwa tepug iru..nim appa amma nu bereourna tulkonde bandirbeku adke nenu hinge,medium,Negative,v4,distress,0.4185903072357178,0.4162244498729706
Avane nodri sriman narayan love from belagavi,medium,Positive,v4,not-distress,0.8061050474643707,0.4088088870048523
Wwwwso Super rakshit boss nim name nange tumbanee ista hagee nim movinu istanee nnnnnn,medium,Positive,v4,not-distress,0.4173501133918762,0.3481750190258026
100 times e song keldhe super,medium,Positive,v4,not-distress,0.7983506619930267,0.7892681956291199
Nanna prakara badukira bhahudu adare media davari aa cotiyalli ashvattama na bage yake gottaglilla,medium,Negative,v4,distress,0.44710400700569153,0.402720183134079
Anna e game yavadu,medium,Mixed feelings,v4,distress,0.8003260493278503,0.8003260493278503
Tik tok  bevarsigalanna chaina   gadiyalli chaddiyalli bomb ettu chaina  kade  odisa beku avaga sari agutte,medium,Negative,v4,distress,0.878676563501358,0.4252166450023651
@s s kirik party movie ali heroine name,medium,Mixed feelings,v4,distress,0.8391075134277344,0.4233897030353546
Haudu Swami.Neevu helliddu satthyaa.Gadugin Bharat yemba Grantha baredanthaa Kumarvyaasare aa Narayan santharu.Igalu sahaa naavu Veearanarayan temple nodabahudu.Idu Iruvadhu Gadag city yalli.Hubballi yindaa 55 Km antharadalli Ide.,medium,Positive,v4,distress,0.43130961060523987,0.4184114933013916
Nijvaaglu sir.olle information kottidiri,medium,Positive,v4,not-distress,0.8223121166229248,0.4111560583114624
Tiktok inda nam personal information china avrge gottagtide.... idella avrge gottagtilla bvc galu... ban madidre avrge madok bere kelsa iralvalla adke itara adtidare🤦‍and yar yaru tiktok ban madbardu anta heltaro avr videos nododna  modlu stop madbeku,medium,Negative,v4,distress,0.44117164611816406,0.4298136830329895
@Vinay kumar eno bale pan e rangege urkondidiya ninge urdiro ranagge burnol ella agbaralla keralakko kollegalakko hogi nin thikke shaanthi madsu jotege nim balegaran karkond hogi thikke 2 chakkotha katsu next kaddi pileswan ge balance agutte enanthira bale pans now bale pans reaction hakro steppu 🤣,medium,Negative,v4,distress,0.44093599915504456,0.0006347596645355225
E tara film ge ella kaitaididdu.... Welcooome..... Item song iro,medium,Positive,v4,not-distress,0.416180819272995,0.8235045075416565
China govt super fast agi land,medium,Mixed feelings,v4,not-distress,0.7908100783824921,0.7857886254787445
rashmika tunnanna nge max 5 years tym bt shetty ge innu 20 ys tym ide RAKSHITH SHETTY belibeku annoru movie nodi .....,medium,Negative,v4,distress,0.8082429766654968,0.8025107979774475
Vilan ಬಳಿ ಒಂದು coin urali barhttalla,medium,Mixed feelings,v4,distress,0.5241706669330597,0.4135078489780426
Tik tok beku anthideralla kelobbru nim antha thale edukaru bere yaru ella namma arthikathe nela kachhisida country ge nimma support alva nijvada shathrugalu avr alla nam ollgadey ero nivu...,medium,Negative,v4,distress,0.42025816440582275,0.4006383717060089
Hee sulli makalla videos beda. Tiktok ban agidhe holli kelsa,medium,Negative,v4,distress,0.8751804530620575,0.42080801725387573
Nam boss avru Nam boss ivru antha kachadtirornella onde kade  sersi maja kodone shree mannarayan,medium,Negative,v4,distress,0.8851044178009033,0.4032900929450989
Mast aitu tik tok ban maadi evella odo du bare yodu bittu bari tirpe shoki maadi nandu istu talent ankotir wa yalla dabba nan maklige Sari yaagi paata kalisi dange aitu. Study bage awrige Care idde iddilla iga nodona yestu awar talent anta. Taawe tik tok maadi tammanne brilliant anta tilkoluwara Talente,medium,Negative,v4,distress,0.4399527311325073,0.0002643465995788574
@Dayananda C howda BJP yavaru kadime kallara mate yaddiyuvarappa  yake jailge hogi bandru . 15 minister jailge hogidyake?? nNin first corectagi artha madka first,medium,Negative,v4,distress,0.44316595792770386,0.4082983136177063
Anna full wand ayti song,medium,Mixed feelings,v4,not-distress,0.7885521054267883,0.7780819833278656
@Kumara Kantirava nSame nInnu eno bekunnKgf song listen nEsto powerfull idennElla languagenna nAttract maadidenBut idu,medium,Positive,v4,not-distress,0.41426610946655273,0.4151046872138977
Hands up-_if u like nHands up-_movie superhitnHands up-_record breakern Iddu hosa dakale shrutiso samaya ....,medium,Positive,v4,not-distress,0.41886651515960693,0.4040335714817047
ASN release in nKannada-Dec 27nTelugu-Jan 1stnTamil& Malayalam-Jan 3rdnHindi-jan16thnnAstaralli Ella mobile nalli nodi Mugsirtaare aaga release Maadi Aden record Create maadtaro?n300 koti Beku anta Tweet maadidre saaladu ondu cinemana Janagalige Yav reethi Talupisodu anta gottirbeku.... Kurukshetra ide reethi Promotion ilde haalagi hoytu...Innoo idunnoo hange maadtidaare,medium,Negative,v4,distress,0.44237926602363586,0.4308156967163086
Inta Best Movie na Theatre nalli nodakaglilla ade bejaru,medium,Negative,v4,distress,0.4395100176334381,0.8497121036052704
D boss  fans full support. Successful hagli movie,medium,Positive,v4,not-distress,0.7993274927139282,0.4241413474082947
Hindi Yalli Distribution madore illa ouda,medium,Negative,v4,distress,0.5586198270320892,0.5155244171619415
Comment's nali like madidre illi unlike madi (super song ) nI will coming soon back ..⏳ n100 days super it move pakka.,medium,Positive,v4,not-distress,0.8155425190925598,0.8196006715297699
Super Bindu ge Takkar kottidira bro,medium,Positive,v4,not-distress,0.8088906109333038,0.7964701950550079
Vijapura distica sindagiya tetaranalli e song cut madiddare yaradaru vicharisabekagi vinanti,medium,Negative,v4,distress,0.8854003548622131,0.40445420145988464
@naveen v kudlu elladidre nindu tegedu kodu bvc ninna luccjanige handidu maasa kodu modalu baavali chalpat Singh side actor🤣🤣,medium,Negative,v4,distress,0.44520360231399536,0.4008825123310089
Sooper pa Rakshit.  mukali haryanga talent paa nindu,medium,Positive,v4,not-distress,0.8131101727485657,0.40532711148262024
Full movie upload madri.. Ofter release pls,medium,Positive,v4,not-distress,0.8123901188373566,0.8059336841106415
Game name henu bro,medium,Positive,v4,distress,0.8137109279632568,0.45834195613861084
Nan maga ge lali song wake up song ella  nu e song agide,medium,Negative,v4,not-distress,0.8185839653015137,0.8085679709911346
ಸೂಳೆಮಗನೇ yengo ediya ಎಲ್ಲಾ ಕಡೆ daagar ankondu promotion madtira gaandu sulemakla daagar kano avnu Darshan alla 🤦‍,medium,Negative,v4,distress,0.4561736583709717,0.4092130959033966
Nimma mahithi 100% sathya yavaga etharahada rajakaranigalinda deshakke mukthi sigatho aa devarigu kuda gothilla adare next generation avaru sadane madabahudu,medium,Positive,v4,not-distress,0.827991783618927,0.8103256523609161
Nkn en mathgalu guru nindhu ABBA tiktok li thirke shoki madorige Chapli thagond barsidhange super guru,medium,Negative,v4,distress,0.002330213785171509,0.41199320554733276
@sumya kulkarni ನೀವು ಬ್ರಾಹ್ಮಣರಾಗಿ intercast marriage agoke dairya idena ? Never.,medium,Negative,v4,distress,0.4557110667228699,0.4062114655971527
@Ŕävîñđŕå_02_GøWđřú ಲೋ boss fan agi ಯಾಕೋ ನೆಗೆಟಿವ್ cmt hakiya loude,medium,Mixed feelings,v4,distress,0.8840298056602478,0.8546882271766663
Sir nimmannu prathyakshavagi nodalu aaseyagutide sir nimma hattira ondu dina full kaala kaleyalu aase idhe aadre yenu maadudhu sir nimmannu bittu barudhu yochane maaduvaaga manassige bahala bahala kashsta aagutte sir  devaru nimma aasegalanella eederisaly,medium,Positive,v4,not-distress,0.6858753859996796,0.6524125039577484
@Troll Stupid Fans hudgiru comment madodunne nodok bartiya bevarsi  madak kyaame ilvenoo lofer,medium,Negative,v4,distress,0.4525991678237915,0.3938218951225281
All fake bro nija vishaya maatra heli bro ummane janara manasalli sullu nambike yanna huttisa bedi plzzzz,medium,Negative,v4,not-distress,0.42305848002433777,0.8159078657627106
Supar anna love you pajuanna....,medium,Positive,v4,not-distress,0.8193947076797485,0.8104632496833801
@Ambrish Mallad modalu bere hero respect kododu kali amele maathadu gaandu kudlu ella adu Ella andkondu,medium,Negative,v4,distress,0.43344199657440186,0.4001550078392029
@Prithvi Vishwanath guruve nav #DBoss fans kannada songs nodoku modle like madovru sumne thika yella matadbedi.,medium,Negative,v4,not-distress,0.28382939100265503,0.6722927391529083
E jana thav sathru kuda Tiktok na mathra uninstall madola ansuthe 🤦 kelsa ildhe showoff goskara tiktok madi china davrna belstisdre jothege tham mana maryade na halmadkotidare thu en jananappa ige roast madi bro tiktok madorgella.,medium,Negative,v4,distress,0.4413137137889862,0.38144683837890625
Nim ge esta agiddare like.Comments.madi,medium,Positive,v4,not-distress,0.8192171454429626,0.4576032757759094
Thuu nachike annodhe elwa yella vishaya galu bare joke madkonde erthiralla ... loo change aagro ennu time edhe,medium,Negative,v4,distress,0.43812301754951477,0.4156688451766968
Neevu varshkke ondu cinema madru supper 1varshkke 34cinema madobadalige intha ondu cinema saku,medium,Negative,v4,not-distress,0.3951561152935028,0.8205675780773163
Slow poison song annoru like Maadi,medium,Mixed feelings,v4,not-distress,0.7981974184513092,0.7890470325946808
@gowtham gowtham Kiccha nimamman oorsoole nimammam thullige bale sigskondu keythivi hushaaru sik sikkid kade thika kodtha edre hardu oorbaglu madthivi amele doctorgu holge jaga erbardu hange keythivi beware bale pans 🤣🤪,medium,Negative,v4,distress,0.42990460991859436,0.41354456543922424
Tande yante maga kooda swabhimaani mattu swavalambhi jeevana nadesuthiddare.hats off sir.,medium,Positive,v4,not-distress,0.8305754959583282,0.38595083355903625
Sari guru nan Rc nodod irli ninu illi bandiro cmnts nodu ninge gotthagutthe,medium,Negative,v4,distress,0.43436768651008606,0.40395215153694153
Ivrna nodidre ashwath avrna nodida hange agutte......nVoice antu ade tara ide,medium,Positive,v4,not-distress,0.42885375022888184,0.08400452136993408
Dboss abhimani aagi nange gotthilla esht sala e song nodidhini antha yarellla jasthi nodidhira like madrappa pls,medium,Positive,v4,not-distress,0.8273339569568634,0.39512479305267334
nijvaglu ee movie nodilla Andre nim papa aste,medium,Positive,v4,not-distress,0.8063670992851257,0.7994007468223572
Nija. Never support communist party,medium,Mixed feelings,v4,distress,0.8247092962265015,0.8085774183273315
Bandiro 3 comment adru avalge andkondre adu ugiyakke madidiralla guru,medium,Negative,v4,distress,0.4749279022216797,0.40654897689819336
Anna super anna nivu nivu ondu samajakke seve hagu deshavannu ulisalu ondu sangavannu katti navu nimmannu bembalisuteve,medium,Positive,v4,not-distress,0.4203035235404968,0.3957095742225647
Tiktok uninstall madodakku modlu ee changlu nan maklanna modlu desha dinda delete madbeku Guru,medium,Negative,v4,distress,0.8821167945861816,0.4103150963783264
D.boss kade inda dodda wel come madtivi,medium,Positive,v4,not-distress,0.7763568460941315,0.7833058536052704
Gud job  nim nirdharakke nimma kelasakke Namma gowrava namaskara. kanditha nimge olle role kodo buddi nirdeshakarige  haagu kannda industry ge barabeku...,medium,Positive,v4,not-distress,0.42497873306274414,0.8176592290401459
@Nandi Parthasarathi gottu Neenu cheeti tulla fan antha change madbeda,medium,Negative,v4,distress,0.8751567006111145,0.41478607058525085
Idappa kannada song andre KFI back on track,medium,Mixed feelings,v4,not-distress,0.805397629737854,0.8053593337535858
First time kannada movie film video song full bittirodu,medium,Positive,v4,not-distress,0.8103479743003845,0.4732763171195984
Le Bindu naayi phone all radi togonda aaytha avarge adara laba sikatu aadare tik tok end dinaa avarage laba baratte enna mele yaava vastu Togo beda China vastu ninu Togo beda Naana antu tiragi nodalla Ni ale tuu,medium,Negative,v4,distress,0.4379172623157501,0.4137023985385895
Chinndikanna neenu neenu nam tharane madthadthiya. Super,medium,Positive,v4,not-distress,0.830274760723114,0.8089911341667175
Bai rakshith avri nan msg nodudri yargu agllilla aa thukali dagarna madvi madkolak hogbedi,medium,Negative,v4,distress,0.43907904624938965,0.409922331571579
Heliro prati ondu point super brooo adrallu yaro obba yallo eno agidakke tiktok ban madavre anta helidnalla avnige saryagi uttara kottidira super nivu,medium,Negative,v4,distress,0.00263330340385437,0.0007074177265167236
Pakka movie channagirutte..nN suspense movie for sure,medium,Positive,v4,not-distress,0.8293069899082184,0.39432215690612793
2nd time yaar nodtha ideera,medium,Positive,v4,not-distress,0.8011327385902405,0.4149143397808075
Super Anna enu ugiri chanagi,medium,Mixed feelings,v4,not-distress,0.7950122952461243,0.785961240530014
Yuddha maadabeku oodabaaradu katukara mundhe Bhagavadgeethe.. Great lines!,medium,Positive,v4,not-distress,0.4403590261936188,0.8057500123977661
@Nandi Parthasarathi le nayi ninu slumu navalla nana one day madu kharchu ninu ondu varakke madtiya hagnta nange yava chatnu illa,medium,Negative,v4,distress,0.4332544803619385,0.42425888776779175
@TROLL MONSTER_KANNADA nDagar fan modalu tilakonda matado gubal.....nYaramunde aadre ee tara heludre metteli hoditara pa......,medium,Negative,v4,distress,0.46332329511642456,0.4073922336101532
Idella yake Kannada Films Dodda samrajjya ne katbeku Dodda Charitrene Srusti madbeku anta helu....,medium,Positive,v4,not-distress,0.8367950916290283,0.8105424642562866
ಕೇಳಿ ಕಾದಿರುವ ಬಾಂಧವರೇnnಭುವಿಯಲ್ಲಿ ಅವನ ಅರಿತವರೆnnಯಾರಿಲ್ಲ ಬಿಡಿ,low,Negative,v4,not-distress,0.40125682950019836,0.6367521584033966
ಹಾಡಿನಲ್ಲಿರುವ ಪದಪುಂಜವನ್ನು ಬಳಿಸಿದ ರೀತಿಯೇ ಅತಿ ಅದ್ಭುತ....,low,Positive,v4,not-distress,0.8270836770534515,0.8026725351810455
ಕನ್ನಡದ ಅತ್ಯುತ್ತಮ ಚಿತ್ರ ದಿಯಾ ಅಂದರೆ ತಪ್ಪಾಗಲಾರದು..ಪುನಃ ರೀ ರಿಲಿಸ್ ಮಾಡಬೇಕು....,low,Positive,v4,not-distress,0.43526697158813477,0.8073583543300629
So good  song,low,Positive,v4,not-distress,0.7488523721694946,0.7488523721694946
Super anna super,low,Positive,v4,not-distress,0.7490478754043579,0.7490478754043579
ಸಾಂಗ್ ಸೂಪರ್ nಮ್ಯೂಸಿಕ್,low,Positive,v4,not-distress,0.7869046330451965,0.7819074094295502
ಉಸಿರ ಕೊನೆ ಕನ್ನಡ ಆಲ್ಬಂ ಸೊಂಗ್nಎಲ್ಲರೂ ನೋಡಿ ಹಾಗೂ ಚಾನೆಲ್ Subscribe ಮಾಡಿn,low,Positive,v4,not-distress,0.43616199493408203,0.39198845624923706
supper song,low,Positive,v4,not-distress,0.7292944192886353,0.7292944192886353
ಒಂದು ಇಂಗ್ಲೀಷ್ ಪದ ಬಳಸದೆ ಈ ಹಾಡು ಬರೆದಿರುವ ಕಲಾವಿದನಿಗೆ ಒಂದು ಲೈಕ್ ಕೊಡಿ... ಸ್ನೇಹಿತರೇ!!,low,Positive,v4,not-distress,0.8267301321029663,0.5275529026985168
Super my favorite song,low,Positive,v4,not-distress,0.764509916305542,0.764509916305542
Songs are not needed,low,Mixed feelings,v4,distress,0.7746226787567139,0.7746226787567139
ನೀವ್ ಹೇಳೋದ್ರಲ್ಲಿ ಏನು ತಪ್ಪಿಲ್ಲ ಬ್ರದರ್,low,Positive,v4,not-distress,0.824828028678894,0.8097243309020996
Kathe heldene nilsbitri,low,Mixed feelings,v4,distress,0.8355554342269897,0.4365207850933075
ಆತ ಬರುತ್ತಾ ಅಲ್ಲಾ,low,Mixed feelings,v4,distress,0.800093412399292,0.800093412399292
Paaapa. Konegu tik tok hoythu.. nayigal boglod kadme aythu,low,Negative,v4,distress,0.8861366510391235,0.40921419858932495
Edu charitre srushtisuva avataara🤨,low,Mixed feelings,v4,not-distress,0.7946227192878723,0.7854774594306946
nice kalaa....ncontinue madu...,low,Positive,v4,not-distress,0.8293965458869934,0.42708733677864075
ನಮ್ಮ ದೇಶದ ರಾಜಕಾರಣಿಗಳು ಚಿಲ್ಲರೆಗಳು ನಿಜಕ್ಕು ಸತ್ಯ,low,Positive,v4,not-distress,0.7975377142429352,0.7916193306446075
@prithvi nayak ನಿಮ್ಮ ಅಮ್ಮ ಆಲ್ಸೋ ಫ್ಲಾಪ್,low,Negative,v4,distress,0.8483990132808685,0.4573456346988678
Super  channel super msg,low,Positive,v4,not-distress,0.7769222259521484,0.7769222259521484
Idu charitre srustisuva avataranME,low,Positive,v4,not-distress,0.8119497895240784,0.7993854284286499
Step was awesome,low,Positive,v4,not-distress,0.7484214901924133,0.7484214901924133
MY BOSS ANNA  YASH BOSS ANNA  YASH BOSS ANNA,low,Mixed feelings,v4,distress,0.8895783424377441,0.4664545953273773
SUPER  R  BOSS,low,Positive,v4,not-distress,0.786693811416626,0.7817492485046387
ಸರ್ ನಿಮ್ಮ ಪಾದಗಳಿಗೆ ನಮಸ್ಕಾರಗಳು,low,Positive,v4,not-distress,0.7866988778114319,0.7816833853721619
OIlle thana.....olleyavrige eegina kaladalli nijwaglu bele illa.....enidru anyaya,low,Mixed feelings,v4,distress,0.9028966724872589,0.009375125169754028
Satyana edu devare,low,Positive,v4,not-distress,0.7768885493278503,0.7768885493278503
ದಿಸ್ ಐಸ್ ದಿ ಬೇಸ್ ಸನ್ ಎವರ್ ಲವ್ ಉ,low,Positive,v4,not-distress,0.7912766337394714,0.4514249563217163
ನಮ್ಮ ದೇಶದಲ್ಲಿ ರಾಜಕೀಯ ದಲ್ಲಿ ಗೆಲ್ಲಲು ಈಗ ದುಡ್ಡು ಬೇಕಾಗಿಲ್ಲ ಪಾಕಿಸ್ತಾನ ಅಥವಾ  ಇಸ್ಲಾಂ ಮೇಲೆ  ಅವಾಜ್ ಹಾಕಿದರೆ ಅವನಿಗೆ ಪ್ರಧಾನಿ ಪಟ್ಟ ಕೊಡುತ್ತಾರೆn ನಮ್ಮ ಮೋರಿಗೆ ಮುಸಲ್ಮಾನರನ್ನು ಸಾಯಿ ಸೋದೆ ಅವರ ಅಭಿವೃದ್ಧಿ,low,Negative,v4,distress,0.42582979798316956,0.40170955657958984
ಟಿಕ್ ಟಾಕ್ ಅಲ್ಲಿ ಸಾಂಗ್ ಕೇಳಿರೋರ್ ಲೈಕ್ ಮಾಡಿ,low,Positive,v4,not-distress,0.8013898730278015,0.8047168850898743
ಇದು ಚರಿತ್ರೆ ಸೃಷ್ಟಿಸೋ ಅವತಾರ,low,Positive,v4,not-distress,0.7768927216529846,0.7768927216529846
ಚಂದನ್ ಶೆಟ್ಟಿ ಟ್ರೊಲ್ ವಿಡಿಯೋ ನೀವು ನೋಡಿ ನೆಗಡ್ಡೆ ಇದ್ರೆ ನಾವ್ ಗ್ಯಾರಂಟಿ,low,Positive,v4,not-distress,0.43175333738327026,0.39221757650375366
Adu nambike ashte,low,Negative,v4,distress,0.791452944278717,0.04342028498649597
Ganesh Bhat -ಬೆಡುವ ಅವಶ್ಯಕತೆ ನನ್ನಗೆ ಇಲ್ಲಪ್ಪಾ ಬೆಕಾದರೆ ನಿನೆ ಬಾ ಪ್ರಿ ಅಗಿ ಉಟ ಹಾಕತಿನಿ.,low,Negative,v4,distress,0.48093730211257935,0.41607487201690674
Yen quality guru,low,Mixed feelings,v4,not-distress,0.7630550861358643,0.7630550861358643
ಚೀನೀಯರ ವಿಚಿತ್ರ ಆಚಾರ ಹಾಗೂ ಅದರ ಧುಷ್ಪರಿನಾಮ ತಿಳಿಸಿ. ಉದಾಹರಣೆ,low,Negative,v4,not-distress,0.8190636038780212,0.801401674747467
KilaGade MeleGade  ALU Gadde  Ulli Gadde....🤣🤣🤣,low,Positive,v4,distress,0.5244136154651642,0.4893009066581726
Super video,low,Positive,v4,not-distress,0.7292220592498779,0.7292220592498779
ನಿಜ ನಾ ಇಷ್ಟು ಚನ್ನಾಗಿ  ಹೇಳಿದಿರ,low,Mixed feelings,v4,not-distress,0.8016694188117981,0.7892662584781647
ಗುರು ನಿನ್ನ ಪಾದ ಝೆರಾಕ್ಸ್ ಮಾಡಿ ಕೊಟ್ಟ ಬಿಡಪ್ಪ,low,Positive,v4,not-distress,0.8157571256160736,0.7981222569942474
movie is song Osam,low,Positive,v4,not-distress,0.7549622058868408,0.7549622058868408
ಅವನೇ ಶ್ರೀಮನ್ನಾರಾಯಣ ಅಲ್ಲnnಇವನೆ ನಮ್ಮ ಶ್ರೀಮನ್ನಾರಾಯಣ nಪವರ್ ಸ್ಟಾರ್ ಪುನೀತ್ ರಾಜಕುಮಾರ್ ಅಭಿಮಾನಿಗಳು ಸಪೋರ್ಟ್ ಮಾಡೋರು ಲೈಕ್ ಹೊಡಿರಿ nಜೈ ಪುನೀತ್ ರಾಜಕುಮಾರ್nಜೈ ಕನ್ನಡ ಚಿತ್ರ ರಂಗ,low,Positive,v4,not-distress,0.41954100131988525,0.39384201169013977
ಸೂಪರ್ ಅಣ್ಣ,low,Positive,v4,not-distress,0.7293553948402405,0.7293553948402405
oba mele hogutidane andre navanige melle hogokke sahay madobadallu avan kalu aledu kelage billisoke nodo janare nammalijas,low,Positive,v4,distress,0.4422132074832916,0.4089961349964142
ಇದರಲು ಅಂಗ್ಲ ಇದೆ,low,Negative,v4,distress,0.8001118898391724,0.8001118898391724
ನಾನು ಕೇಳಿರುವಹಾಗೆ ಪುಟ್ಟಣ್ಣ ಕಣಗಾಲ್ ರವರ ರಂಗನಾಯಕಿ ಚಿತ್ರ ಕೂಡ ಮೊದಲನೇ ಬಾರಿ ತೆರೆಕಂಡಾಗ ಜನರು  ಮಿಶ್ರ ಪ್ರತಿಕ್ರೆಯೆ ನೀಡಿದ್ದರು ಏಕೆ ಎಂಬುವುದು ಯಕ್ಷ ಪ್ರಶ್ನೆ ಆದರೆ ದೇವರ ಮೇಲೆ ಭಾರಹಾಕಿ ಎರಡನೇಸಲ ಬಿಡುಗಡೆ ಮಾಡಿದಾಗ ಅದಕ್ಕೆ ಸಿಕ್ಕ ಪ್ರತಿಕ್ರಿಯೆ ಅಬೂತಪೂರ್ವಕ ನಿರ್ಮಾಪಕರಿಗೆ ತುಕ್ಕಿಡಿದ ಕಬ್ಬಿಣ ವಾಗಿದ್ದ ಸಿನಿಮಾ ಈಗ ಚಿನ್ನದ ಗಟ್ಟಿಯಾಗಿ ಹೊರಹೊಮ್ಮಿತು n ಹೀಗಾಗಿ ನಾನು ಚಿತ್ರತಂಡದಲ್ಲಿ ಮಾಡುವ ಕಳಕಳಿ ವಿನಂತಿ ಧಯಮಾಡಿ ಸಿನಿಮಾವನ್ನು (Corona effect )ಬಳಿಕ Re-Release ಮಾಡಿ nನನ್ನ ಈ ಕೋರಿಕೆಯನ್ನು ಚಿತ್ರತಂಡಕ್ಕೆ ತಿಳಿಸಿ,low,Mixed feelings,v4,distress,0.4754496216773987,0.0
Banni hagadre matadaskond barona,low,Positive,v4,distress,0.852067232131958,0.42651453614234924
ಬಹಳ ಕ್ಯೂರಿಯಾಸಿಟಿ ಇರೋ ಹಾಗಿದೆ ಚಿತ್ರವನ್ನು ನೋಡಲು ಕಾತರದಿಂದ ಕಾಯುತ್ತಿದ್ದೆನೇ,low,Positive,v4,not-distress,0.4659697115421295,0.0051308274269104
ಕನ್ನಡ ಚಿತ್ರರಂಗದ ಡಿಫರೆಂಟ್ ಹುಲಿ,low,Positive,v4,not-distress,0.7866618037223816,0.7816861271858215
ಎಸ್ ಸೂಪರ್ ಸಾಂಗ್,low,Positive,v4,not-distress,0.7488250136375427,0.7488250136375427
ಡಾ//ಶಂಭು ಬಳಿಗಾರರ ಮಾತು ಹುಗ್ಗಿ ಹಾಲು ಉಂಡಷ್ಟು ರುಚಿ... ನಾನು ಬಾಲ್ಯದಿಂದಲೇ ಅವರ ಈ ಹಾಸ್ಯ ಕಥೆಗಳನ್ನು ಕೇಳುತ್ತ ಬೆಳೆದವನು...,low,Positive,v4,not-distress,0.4296916127204895,0.4078077971935272
Best movie in 2020,low,Positive,v4,not-distress,0.7615528106689453,0.7615528106689453
Tika hogibeku avlige,low,Negative,v4,distress,0.8262038230895996,0.45173123478889465
ದಿಯಾ ಬರಿ ಚಲನಚಿತ್ರ ಮಾತ್ರವಲ್ಲ ನಮ್ಮ ಕನ್ನಡ ಚಲನಚಿತ್ರ ರಂಗದ ಇತಿಹಾಸದಲ್ಲೆ ಎಂದು ಎಂದೆಂದೂ ಮರೆಯಾಲಾಗದ ಅಪರೂಪದ ಅದ್ಭುತವಾದ ಕನ್ನಡ ಚಲನಚಿತ್ರದ ಮಹಾನ್ ಕೃತಿ ಈ ಚಲನಚಿತ್ರವನ್ನ ನೀವುಗಳೆಲ್ಲರೂ ನೋಡಲೆ ಬೇಕು ದಿಯಾ ಚಲನಚಿತ್ರದ ನಿರ್ದೇಶಕನಿಗೆ ನನ್ನದೊಂದು ಪ್ರೀತಿಯ ನಮಸ್ಕಾರಗಳು ನಮ್ಮ ಕನ್ನಡ ಚಲನಚಿತ್ರಕ್ಕೆ ನೀವೊಬ್ಬರು ಮತ್ತೊಬ್ಬ ಪುಟ್ಟಣ್ಣ ಕಣ್ಣಗಾಲ್nn ವಿಲೇಜ್ ರೋಡ್ ಫಿಲಂಸ್,low,Positive,v4,not-distress,0.41052377223968506,0.4013301730155945
ಸೂಪರ್ ಸೂಪರ್ ಸೂಪರ್ ಸೂಪರ್ ಸೂಪರ್ ಸೂಪರ್ ಸೂಪರ್ ಗುರು,low,Positive,v4,not-distress,0.8016640543937683,0.7981700003147125
Climax Swalpa Change madbekittu...,low,Negative,v4,not-distress,0.8205376267433167,0.8015720546245575
I love you RAKSHIT...,low,Positive,v4,not-distress,0.8117371797561646,0.7941581010818481
@Nandi Parthasarathi ಎಷ್ಟು ರೇಟು ಒಂದು ರಾತ್ರಿ ಬ ಸಾಕು,low,Negative,v4,distress,0.856497049331665,0.42286136746406555
ಸೂಪರ್ ಏತ ಆಗಿನ ಕಾಲದಲ್ಲಿ ಸೂಪರ್ ಸ್ಟಾರ್ ತೋಗರಿ ತೀಪ,low,Positive,v4,not-distress,0.8103384375572205,0.7978690266609192
Hidden detail in  trailer of Avane Srimanarayana....n,low,Mixed feelings,v4,not-distress,0.8251081705093384,0.8143645524978638
Eddane annodu nanna nambike.aadre ashvataamanige kannadada bartita anodu davtu,low,Positive,v4,not-distress,0.8286414444446564,0.42060139775276184
ಅವನೇ ಶ್ರೀಮನ್ ನಾರಾಯಣ ಶೆಟ್ರು,low,Positive,v4,not-distress,0.794297456741333,0.7838940024375916
ರಕ್ಷಿತ್ ಶೆಟ್ಟಿಯವರು ವಷ೯ಕೊಂದು nಮೂವಿ ಮಾಡಿ ಅನ್ನೋರು ಲೈಕ್nಮಾಡಿ,low,Positive,v4,not-distress,0.8275015354156494,0.40180036425590515
ಸರ್ ನಿಮ್ಮ ಪ್ರತಿಯೊಂದು ಮಾತು ನೂರಕ್ಕೆ ನೂರು ಸತ್ಯ nನಿಮ್ಮ ನೋಡಿ ಹೆಮ್ಮೆ ಆಗುತ್ತೆ ಸರ್,low,Positive,v4,not-distress,0.4113154113292694,0.3809557557106018
Mass video music link send,low,Mixed feelings,v4,distress,0.7989894151687622,0.7989894151687622
ಇದು ಚರಿತ್ರೆ ಸೃಸ್ಟಿಸೋ ಅವತಾರ,low,Positive,v4,not-distress,0.8016484379768372,0.7982985973358154
@Nandi Parthasarathi ಯಾಕೆ ಹುಡುಕೊಂಡು ಬಂದ್ರೆ ತುಲ್ಲು ಕೊಡ್ತೀಯಾ ಬೇವರ್ಸಿ,low,Negative,v4,distress,0.49034079909324646,0.40474793314933777
ರಕ್ಷಿತ್  ನಿಮ್ಮ  ಕೈಯಲ್ಲಿ  ಕನ್ನಡ   nಸುರಕ್ಷಿತ,low,Positive,v4,not-distress,0.8014807105064392,0.7941770553588867
Super movie sir,low,Positive,v4,not-distress,0.7489784955978394,0.7489784955978394
ನಿಜವಾದ ಪ್ಯಾನ್ ಇಂಡಿಯನ್ ಚಲನಚಿತ್ರ ಈ ದಿಯಾ. ಅತ್ಯದ್ಭುತ ಚಿತ್ರ  ಗುರು,low,Positive,v4,not-distress,0.8171215951442719,0.3955967128276825
ಚಂದನ್ ಶೆಟ್ಟಿ ಟ್ರೊಲ್ ವಿಡಿಯೋ ನೀವು ನೋಡಿ ನೆಗಡ್ಡೆ ಇದ್ರೆ ನಾವ್ ಗ್ಯಾರಂಟಿ,low,Positive,v4,not-distress,0.43200618028640747,0.39221757650375366
ಅತ್ಯುತ್ತಮ ಪ್ರಯತ್ನ ಶುಭವಾಗಲಿ,low,Positive,v4,not-distress,0.7644757032394409,0.7644757032394409
Gichhh movie,low,Negative,v4,distress,0.774878740310669,0.774878740310669
ನಿಜವಾಗಿಯೂ ಅಣ್ಣ HANDS OFF TO YOU.. ಧನ್ಯವಾದಗಳು...,low,Positive,v4,not-distress,0.8292436599731445,0.4190334677696228
Swalpa jasti bildup ayitu annisutte.,low,Negative,v4,distress,0.8669627904891968,0.833217203617096
Superb song,low,Positive,v4,not-distress,0.7490368485450745,0.7490368485450745
ನಾನು ಕೂಡಾ.. ಫಿದಾ ಆದೆ..,low,Positive,v4,not-distress,0.8138939738273621,0.7976912558078766
ಚಂದನ್ ಶೆಟ್ಟಿ ಟ್ರೊಲ್ ವಿಡಿಯೋ ನೀವು ನೋಡಿ ನೆಗಡ್ಡೆ ಇದ್ರೆ ನಾವ್ ಗ್ಯಾರಂಟಿ,low,Positive,v4,not-distress,0.4271198809146881,0.39221757650375366
ಭಾರತದ ಗಡಿಗೆ ಅವನನ್ನೇ ಕಳುಹಿಸಿ ನಿಲ್ಲಿಸಲಿ ಇದ್ದವನು,low,Positive,v4,not-distress,0.8099710941314697,0.7897764444351196
ನಮ್ಮ ದೇಶದಲ್ಲಿ ರಾಜಕೀಯ ಮಾಡಿ ಸಾಯಿತಾರೆ ಸೊ ರಾಜಕೀಯ ಇಲ್ಲ ಅಂದ್ರೆ ದೇಶ ಬೇಗ ಉದ್ದಾರ ಆಗುತ್ತೆ ಇಲ್ಲ ಅಂದ್ರೆ ಅಷ್ಟೇ....,low,Negative,v4,distress,0.8749029338359833,0.8710268437862396
ವಾವ್ ಅದ್ಭುತ ವಳ್ಳೆದಾಗಲಿ,low,Positive,v4,not-distress,0.7949883937835693,0.7901087403297424
ಆಲ್ ದ ಬೆಸ್ಟ್ ಕಿಚ್ಚ ಸುದೀಪ್ ಫ್ಯಾನ್ಸ್,low,Positive,v4,not-distress,0.798382043838501,0.40108218789100647
Love you boss,low,Positive,v4,not-distress,0.7487391829490662,0.7487391829490662
ಇದು ಚರಿತ್ರೆ ಸೃಷ್ಟಿಸೋ ಅವತಾರ,low,Positive,v4,not-distress,0.7768927216529846,0.7768927216529846
ಜಾನಪದ ಹಾಸ್ಯ ತೊಗರಿ ತಿಪ್ಪ ನಾಟಕ ಸೂಪರ್,low,Positive,v4,not-distress,0.79078808426857,0.7948417663574219
ಕಣ್ಣೀರು ಹಾಕಿರುವ ಕಾರಣ ತಂದೆಯ ನೆನೆಪು ಅವರು ಕಷ್ಟ ಕಾಲದಲ್ಲಿ ಮಗನ ಬೆಂಗಾವಲಾಗಿ ನಿಂತಿದ್ದಕ್ಕೆ.ಇದನ್ನು ಕೆಲವರು ಅಪಾರ್ಥ ಕಲ್ಪಿಸಿಕೊಂಡಿದ್ದಾರೆ.,low,Negative,v4,distress,0.6358982920646667,0.8586196899414062
ಚಂದನ್ ಶೆಟ್ಟಿ ಟ್ರೊಲ್ ವಿಡಿಯೋ ನೀವು ನೋಡಿ ನೆಗಡ್ಡೆ ಇದ್ರೆ ನಾವ್ ಗ್ಯಾರಂಟಿ,low,Positive,v4,not-distress,0.4225165545940399,0.39221757650375366
ಕನ್ನಡ ಚಿತ್ರರಂಗದ ಜೂನಿಯರ್ ಶಂಕರ್ ನಾಗ್ ರಕ್ಷಿತ್ ಶೆಟ್ಟಿ ಅವರ ಕನ್ನಡ ಚಿತ್ರರಂಗವನ್ನು  ಉನ್ನತ ಮಟ್ಟಕ್ಕೆ ವಯುತಾರೇ,low,Positive,v4,not-distress,0.427581250667572,0.407438725233078
ಚೇಳ್ ತಿನ್ನೋ ಚಪ್ಪರ್ ನನ್ಮಕ್ಳು🤣,low,Negative,v4,distress,0.8395881056785583,0.43481725454330444
Last scene nice guru,low,Positive,v4,not-distress,0.764448344707489,0.764448344707489
super song ma,low,Positive,v4,not-distress,0.7490256428718567,0.7490256428718567
@Nandi Parthasarathi ನಿಮ್ಮ ಅಕ್ಕುನ್ ತುಲ್ಲು,low,Negative,v4,distress,0.863895833492279,0.4260266125202179
ಅಚ್ಚ ಕನ್ನಡದ ಹಾಡು ಕೇಳಿ ಅದ್ಭುತ,low,Positive,v4,not-distress,0.7868411540985107,0.7909319698810577
ಚಂದನ್ ಶೆಟ್ಟಿ ಟ್ರೊಲ್ ವಿಡಿಯೋ ನೀವು ನೋಡಿ ನೆಗಡ್ಡೆ ಇದ್ರೆ ನಾವ್ ಗ್ಯಾರಂಟಿ,low,Positive,v4,not-distress,0.43200618028640747,0.39221757650375366
@Nandi Parthasarathi Yello erodu ninu lowde,low,Negative,v4,distress,0.8726361095905304,0.4229795038700104
Macha neen badukbeka ???,low,Negative,v4,distress,0.8584368228912354,0.4372173249721527
@prithvi nayak ನಿಮ್ಮ ಅಕ್ಕುನ್ ಮಿಂಡ ನಾನೆ,low,Negative,v4,distress,0.8484486639499664,0.4440515339374542
ಚಂದನ್ ಶೆಟ್ಟಿ ಟ್ರೊಲ್ ವಿಡಿಯೋ ನೀವು ನೋಡಿ ನೆಗಡ್ಡೆ ಇದ್ರೆ ನಾವ್ ಗ್ಯಾರಂಟಿ,low,Positive,v4,not-distress,0.4271198809146881,0.39221757650375366
ಚಂದನ್ ಶೆಟ್ಟಿ ಟ್ರೊಲ್ ವಿಡಿಯೋ ನೀವು ನೋಡಿ ನೆಗಡ್ಡೆ ಇದ್ರೆ ನಾವ್ ಗ್ಯಾರಂಟಿ,low,Positive,v4,not-distress,0.43251559138298035,0.39221757650375366
ಇನ್ನೊಂದು ಚರಿತ್ರೆ ಸೃಷ್ಟಿ ಸೋ ಸರ್ದಾರ,low,Positive,v4,not-distress,0.7950078248977661,0.7859766185283661
ಇದು ಚರಿತ್ರೆ ಶ್ರುಷ್ಟಿಸೋ ಅವತಾರ,low,Positive,v4,not-distress,0.801677942276001,0.42398717999458313
ಸಾಂಗ್ ಪ್ರಮೋಷನ್ ಇಲ್ದೆನೆ #1 ಟ್ರೆಂಡಿಂಗ್ ನಲ್ಲಿದೆ ಇದು ಹೇಗ್ ಸಾಧ್ಯ... ?,low,Positive,v4,not-distress,0.8330007493495941,0.806728184223175
ನಾವೇನಾದರು ಸ್ವಾಬಿಮಾನಿಯಾಗಿ ಬದುಕನ್ನು ಕಟ್ಟಿಕೊಳ್ಳಲು ನಿಮ್ಮನ್ನು ನೋಡಿ ಕಲಿಯಬೇಕು ಸಾರ್ ನಮಗೆ ನಿಮ್ಮಂತವರು ಸ್ಪುರ್ತಿ,low,Positive,v4,not-distress,0.4362936317920685,0.4031722843647003
@Nandi Parthasarathi ನಂದಿನಿ ಅವ್ರೆ ನಿಮ್ಮ ತುಲ್ಲುಗೆ ಗಬ್ಬು ವಾಸ್ನಿ,low,Negative,v4,distress,0.8842387199401855,0.4057426154613495
ಸ್ವಲ್ಪ ದಿನದ ಹಿಂದೆ ಈ ಮೂವಿ ನೋಡ್ದೆ ನಿಜವಾಗಲೂ ಅದ್ಬುತವಾದ ಮೂವಿ... ಥೀಯೇಟರ್ನಲ್ಲಿ  ನೋಡ್ಲಿಲ್ವಾಲ ಅಂತ ತುಂಬಾ  ಫೀಲ್ ಆಯ್ತು..,low,Positive,v4,not-distress,0.43587321043014526,0.003034055233001709
ನಿಮ್ಮಯಲ್ಲ ವಿಡಿಯೋ ನೋಡೋಕೆ ತುಂಬಾ ಖುಷಿ ಆಗುತ್ತೆ. ಇನ್ನು ಈ ರೀತಿ ವಿಡಿಯೋ ಗಳನು ಮಾಡಿ nThank u,low,Positive,v4,not-distress,0.8252381980419159,0.807613879442215
Super song..nnn Loved it,low,Positive,v4,not-distress,0.8073461055755615,0.7971304655075073
ಕೆಲವರು ಡಿಬಾಸ್ ಬಾಸ್ ಅಂತಾರೆnಕೆಲವರು ಯಶ್ ಬಾಸ್ ಅಂತಾರೆnಕೆಲವರು ಕಿಚ್ಚ ಬಾಸ್ ಅಂತಾರೆnಕೆಲವರು ಪುನೀತ್ ಬಾಸ್ ಅಂತಾರೆnಇನ್ನೂ ಕೆಲವರು ಶಿವಣ್ಣ ಬಾಸ್ ಅಂತಾರೆnಆದರೆ ಅವರೆಲ್ಲರೂ ಅವನಿಗಾಗಿ ಕಾಯ್ತಾಇದಾರೆnಯಾರ್ ಅವನು  nಅವನೇ ಶ್ರೀಮನ್ನಾರಾಯಣ,low,Negative,v4,distress,0.8236793279647827,0.8659331202507019
ತುಂಬಾ ನಗು ಬಂತು ಗುರು,low,Positive,v4,not-distress,0.7769012451171875,0.7769012451171875
Super hands up,low,Positive,v4,not-distress,0.7487668991088867,0.7487668991088867
Super  song,low,Positive,v4,not-distress,0.7292645573616028,0.7292645573616028
ಇಂತಹ ಒಳ್ಳೆಯ ಕನ್ನಡ ಸಿನಿಮಾಗಳನ್ನ ಬೆಳೆಸೋಣ,low,Positive,v4,not-distress,0.8071019053459167,0.4086039960384369
ಇಂಡಿಯಾದಲ್ಲಿ ಚೈನಾಗೆ ಹುಟ್ಟಿರೋ ಚಕ್ಕಗಳ ತಿಕದಲ್ಲಿ ಇನ್ನು ಸ್ವಲ್ಪ ಕಾರಪುಡಿ  ಆಕ್ಬೇಕಿತ್ತು ಅನ್ಸುತ್ತೆ ಬ್ರಾ,low,Negative,v4,distress,0.426504909992218,0.8547154068946838
Ur super guru,low,Positive,v4,not-distress,0.7643133401870728,0.7643133401870728
ನಿಜnnn ಇದು ಚರಿತ್ರೆ ಸೃಷ್ಟಿಸೊ ಅವತಾರnnnಕೆಜಿಎಫ್ ದಾಖಲೆ ಮುರಿದುಹೋಗುತ್ತದೆnnಕೆಜಿಎಫ್ ಚಾಪ್ಟರ್ 2nಬಂದು ಇದರ ದಾಖಲೆ ಮುರಿಯಬೇಕು ಅಷ್ಟೇ ಅದು ಸಹ ಅನುಮಾನnnಯಾಕೆಂದರೆnಮುಂದೆ ಪುಣ್ಯಕೋಟಿ ಬರ್ತಾ ಇದೆ,low,Negative,v4,distress,0.8943214416503906,0.8766419887542725
ಏನ್ ಸಾಂಗ್ ಗುರು ಮಸ್ತ್...,low,Positive,v4,not-distress,0.8070647120475769,0.800262451171875
Mastu mastu... Idu Idu bekagirodu...,low,Positive,v4,not-distress,0.8340266346931458,0.8201844990253448
ಕೇಳಿ ಕಾದಿರುವ ಭಾಂದವರೇnಭುವಿಯಲ್ಲಿ ಅವನ ಅರಿತವರೆnಯಾರಿಲ್ಲ ಬಿಡಿ ಮುನ್ನುಡಿnಇದ್ದರದೊಂದು ದಂತ ಕಥೆ...nನಾಕು ದಿಕ್ಕಿನಲು ಬೇಕವನುnಬಂದೂಕು ಹಿಡಿದ ಮಾನವನುnತಲೆ ಮೇಲಿದೆ ಕಿರೀಟ...nತೀರ ಹಠ...nಗುರಿ ಬೆನ್ನಟ್ಟೋ ನೇತಾರನು!nಗಾಳಿ ಮಾತಿನ ಬಜಾರುnಸುದ್ದಿ ಸಾರಿದೆ ಸುಮಾರುnಪಾತ್ರದ ಪರಿಚಯ ಇರೋರುnಆ ಬಂದೂಕಿಗೆ ಇದೆ ಘನ ಹೆಸರುnಹ್ಯಾಂಡ್ಸ್ ಅಪ್...nಅದು ಅನವರತ!nಹ್ಯಾಂಡ್ಸ್ ಅಪ್...nನಾ ಅಜ್ಞಾತ!nಹ್ಯಾಂಡ್ಸ್ ಅಪ್...nಇದೆ ವೇದಾಂತ..!nಇದು ಚರಿತ್ರೆ ಸೃಷ್ಟಿಸೋ ಅವತಾರ...nnರಂಗೇರಿದೆ ಮಾಯಾ ಜಾಲnಅನುಭವಿಸು ಓ ಪ್ರೇಕ್ಷಕನೇ!nದೃಷ್ಟಿ ನನ್ನೊಬ್ಬನ ಮೇಲಿಡಿnತಪ್ಪದು ನಿಜ ಮನರಂಜನೆ!nನನ್ನ ಗೆಲ್ಬೋದು ಅನ್ನುತnನಿಂದನು ಓರ್ವ ರಾಕ್ಷಸ!nತಪ್ಪಲ್ಲ ಆದರು ಅದುವೇnಊಹೆಗೂ ಮೀರಿದ ಸಾಹಸ!nಅನಿಸುತ್ತೆ...nಬಂದ ಹಾಗಿದೆ ರಚಿಸಲು ಹೊಸದೇ ಶಾಸನ!nಮೆರಯಲಿ ಗಗನದಲಿ ನಿಮ್ಮದೇ ಲಾಂಛನ...nಯುಧ್ಧ ಮಾಡಬೇಕು,low,Positive,v4,not-distress,0.42349088191986084,0.422647088766098
ನಾವೆಲ್ಲಾ ಕನ್ನಡಿಗರು nPlease nಇಲ್ಲಿ nಗಟ್ಟ ದ ಮೇಲಿನವರು nಗಟ್ಟದ ಕೆಳಗಿನವರು nಕರಾವಳಿಯವರು nಉತ್ತರಕನ್ನಡದವರು nಉತ್ತರಕರ್ನಾಟಕದವರು nಹಳೇಮೈಸೂರಿನವರು nಮಂಡ್ಯದವರುnಬೆಂಗಳೂರಿಗರು nಮೈಸೂರಿನ ವರು nಕೊಡಗಿನವರು nಕುಂದಾಪುರದಕಡೆ ಜನ nಹೀಗೆ nಯಾಕೆ ಇಬ್ಬಾಗ ಮಾಡಿ ನೋಡ್ತೀವಿ nಬೇಡ ಈ ರೀತಿ ನೋಡದೇ nನಾವೆಲ್ಲಾ ಕರುನಾಡುnಕರ್ನಾಟಕದ ಮಕ್ಕಳು ಅಂತ ಯಾಕೆ ನೋಡಬಾರದು nPlease nನಾವೆಲ್ಲಾ ಈ ಮಣ್ಣಿನ ಮಕ್ಕಳು nಅವರೆಲ್ಲಾ ಈ ಮಣ್ಣಿನ ಹಿರಮೆಯನ್ನ ಮೇಲ್ಮಟ್ಟ ಕ್ಕೆ ಕೊಂಡೊಯ್ಯ್ದವರು .nಹಾಗೆ ನಾವ್ ನೀವ್ ಎಲ್ಲಾ ಒಟ್ಟು ಕೂಡಿ ಕರ್ನಾಟಕದ ಗರಿಮೆಯನ್ನ ಇನ್ನ ಎತ್ತರಕ್ಕೆ ಕೊಂಡೋಯ್ಯಣ nನಾವ್ ಕನ್ನಡಿಗರು nನಾವ್ ಭಾರತೀಯ ರು nnನಮಸ್ಕಾರ,low,Positive,v4,not-distress,0.41083550453186035,0.41244345903396606
ಎಲ್ಲಾ ಭಾಷೆ ಅಲ್ಲು ಹಾಡು ತುಂಬಾ ಚೆನ್ನಾಗಿದೆ ಅಂತ ಹೇಳುವವರು ಇಲ್ಲಿ,low,Positive,v4,not-distress,0.531124472618103,0.7969987988471985
Hands Upn Tamil Nadu,low,Positive,v4,not-distress,0.7760374546051025,0.7760374546051025
Tik tok badebagan   tiktok henda  maklu  uta hodala,low,Negative,v4,distress,0.47430354356765747,0.41771018505096436
Super song Anna,low,Positive,v4,not-distress,0.7490419149398804,0.7490419149398804
ನನಗೇನೋ ರಕ್ಷಿತ್ ಶೆಟ್ಟಿ ಶಂಕರ್ನಾಗ್ ಸರ್ ತರಾನೇ ಕಾಣಿಸುತ್ತಾರೆ 🤩,low,Positive,v4,not-distress,0.8265430927276611,0.7029001116752625
ಸಕ್ಕತಾಗಿ ಹೇಳಿದ್ಯಾ ಗುರು,low,Positive,v4,not-distress,0.7868784070014954,0.7818991541862488
Naan sigappu manithan Vishal,low,Positive,v4,not-distress,0.8016350269317627,0.41495615243911743
ರಕ್ಷಿತ್ ಶೆಟ್ಟಿ ರವರ ಚಿತ್ರ ಮತ್ತು ಅಜನೀಶ ರವರ ಸಂಗೀತದ ಈ ಹಾಡು ಕೇಳತಾ ಇದ್ರೆ... ಹಂಸಲೇಖ ಹಾಗೂ ರವಿಚಂದ್ರನ್ ರವರ ಹಾಡುಗಳೇ ನೆನಪಾಗುತ್ತೆ... ಚಿತ್ರತಂಡಕ್ಕೆ ಶುಭವಾಗಲಿ...nನಾಗಾರ್ಜುನ ಶರ್ಮಾರವರ ಸಾಹಿತ್ಯ,low,Positive,v4,not-distress,0.4248885214328766,0.3900902569293976
Rakshith...Nan yakda dboss dabba Nan Maga,low,Negative,v4,distress,0.4534018337726593,0.8429641425609589
ಗುರು .. ಉಪೇಂದ್ರ ಅವರ Dialog....  Super,low,Positive,v4,not-distress,0.8209470808506012,0.81719109416008
ಸೂಪರ್ ಬ್ರದರ್ ಚನಾಗಿ ಹೇಳಿದಿರ ನಂಗಂತೂ ತುಂಬಾ ಇಷ್ಟ ಆಯಿತು,low,Positive,v4,not-distress,0.43961137533187866,0.4035395085811615
ರೀ ನಿಮ್ಮ ತಂದೆಯನ್ನು ನೆನೆದು ನೀವು ಮೊಸಳೆ ಕಣ್ಣೀರು ಹಾಕುತ್ತೀರಾ,low,Negative,v4,distress,0.8833145201206207,0.41943541169166565
ನಿಮ್ಮ ಮಾತು ಕೇಳಿದ್ರೆ. ನಾವು ಭಾರತೀಯರು ಬಹಳಾ ಮುಗ್ದ ಜನ ಅನ್ನೋ ಯೋಚನೆ ಬರುತ್ತೆ.what seylusin,low,Positive,v4,not-distress,0.41421398520469666,0.492652028799057
Spr ಜೈ ಡಿ ಬಾಸ್,low,Positive,v4,not-distress,0.7866945862770081,0.775454193353653
ಅವನೇ ಶ್ರೀಮನ್ ನಾರಾಯಣ,low,Mixed feelings,v4,not-distress,0.7638681530952454,0.7638681530952454
Idhu charitre srushtisuva avataara......,low,Positive,v4,not-distress,0.8272402882575989,0.8215043544769287
ಇಲ್ಲಿ ನಡೆದಿರೋ ಚರ್ಚೆ ನೋಡಿದ್ರೇ ಗೊತ್ತಾಗುತ್ತೆ ನಮ್ ದೇಶ ಯಾಕ್ ಹಿಂಗಿದೆ,low,Negative,v4,distress,0.8699320554733276,0.8443901538848877
tumba olle kathe,low,Positive,v4,not-distress,0.78668612241745,0.781694620847702
ತುಂಬಾ ಚೆನ್ನಾಗಿದೆ ಸಾರ್,low,Positive,v4,not-distress,0.7769100069999695,0.7769100069999695
ಚಂದನ್ ಶೆಟ್ಟಿ ಟ್ರೊಲ್ ವಿಡಿಯೋ ನೀವು ನೋಡಿ ನೆಗಡ್ಡೆ ಇದ್ರೆ ನಾವ್ ಗ್ಯಾರಂಟಿ,low,Positive,v4,not-distress,0.43251559138298035,0.39221757650375366
@Nandi Parthasarathi ಉಮ್ಮ್ ನಿನ್ ತುಲ್ಲುಗೆ ನನ್ ರಸ,low,Negative,v4,distress,0.8770800530910492,0.4063158929347992
Super sir,low,Positive,v4,not-distress,0.7291892170906067,0.7291892170906067
ಅವನು ಚಿರಂಜೀವಿ ಅದಕ್ಕೊಸ್ಕರ ಸಾಯದೆ  ದೇಶವನ್ನು ಸುತ್ತಾಡುತ್ತಾ ಇರ್ತಾರೆ,low,Positive,v4,not-distress,0.8284122049808502,0.8095812797546387
Keli kadiruva bandhavarenBhuviyalli avana aritavarenYarilla bidi,low,Positive,v4,not-distress,0.8355003297328949,0.8142544329166412
ಈ ಫಿಲ್ಮ್ ಯಾವ ಲೆವೆಲ್ಲಿಗೆ Super Hit ಆಗಬೇಕು ಅಂದ್ರೆ ರಶ್ಮಿಕಾ ಮಂದಣ್ಣ ಮುಟ್ಟಿ ನೋಡಿಕೊಳ್ಳುವ ಹಾಗೆ,low,Negative,v4,not-distress,0.8166739344596863,0.8201298117637634
ಚನ್ನಾಗಿದೇ ಇದು ತೋಗರಿ ತಿಪ್ಪನ ಕತೆ,low,Positive,v4,not-distress,0.8118870854377747,0.42050695419311523
ಪಕ್ಕಾ ಇದು ಚರಿತ್ರೆ ಸೃಷ್ಠಿ ಸೋ ಅವತಾರ,low,Positive,v4,not-distress,0.814061850309372,0.8116486072540283
Ur Insta I'd name bro,low,Positive,v4,not-distress,0.811660647392273,0.4058303236961365
ತೋ ಗರಿ  ತಿಪ್ಪಾ ಸೂಪರ,low,Positive,v4,not-distress,0.8119195103645325,0.40602946281433105
ಸೂಪರ್ ತೂಗರಿ ತಿಪ್ಪ,low,Positive,v4,not-distress,0.7869006395339966,0.7909528613090515
TREND SETTING SONG,low,Positive,v4,not-distress,0.8016518354415894,0.4150802791118622
ಚಂದನ್ ಶೆಟ್ಟಿ ಟ್ರೊಲ್ ವಿಡಿಯೋ ನೀವು ನೋಡಿ ನೆಗಡ್ಡೆ ಇದ್ರೆ ನಾವ್ ಗ್ಯಾರಂಟಿ,low,Positive,v4,not-distress,0.43239670991897583,0.39221757650375366
Yappa bhaya agutte,low,Mixed feelings,v4,distress,0.8143944144248962,0.43440479040145874
ಗುರು ಉತ್ತರ ಕರ್ನಾಟಕ ಭಾಷೆ ದಾಗ ಗುಮ್ಮಿದಿ ಬ್ರೋ ಸೂಪರ್,low,Positive,v4,not-distress,0.8149107098579407,0.8046302795410156
7 ವರ್ಷ ಕಷ್ಟಪಟ್ಟು ಮಾಡಿರೋ ಸಿನಿಮಾವನ್ನು ಸರಿಯಾದ ಸಮಯಕ್ಕೆ ಬಿಡುಗಡೆ ಮಾಡ್ಬೇಕಿತ್ತು ಸರ್... ಕೊರೋನಾ ವೈರಸ್ ಬಗ್ಗೆ ತಿಂಗಳ ಹಿಂದೆ ಮಾಹಿತಿ ಇತ್ತು.. ನನ್ನ ಪ್ರಕಾರ ಸಿನಿಮಾ ಸೋತಿದ್ದೇ ಆಗಿದ್ರೆ ಅದು ನಿಮ್ಮದೇ ತಪ್ಪಿಂದ... ಆದ್ರೆ ಇಂತ ಅದ್ಬುತ ಸಿನಿಮಾವನ್ನು ಇನ್ನೊಮ್ಮೆ ರಿ ರಿಲೀಸ್ ಮಾಡಿ ಸರ್....,low,Negative,v4,distress,0.5780523121356964,0.07824569940567017
Krishana  shapa tatteleebeku,low,Negative,v4,distress,0.841515302658081,0.4451003074645996
Sachien  karnatakada cinemadalli adbuta nata ivara tande nanu bala ista pado vekti abarigondu nanna abhinandane,low,Positive,v4,not-distress,0.4123402237892151,0.40358805656433105
Supper i love my kannada ...,low,Positive,v4,not-distress,0.804476797580719,0.7921079099178314
ಅಬ್ಬಾ ಎಂತಹ bgm,low,Positive,v4,distress,0.6998161673545837,0.4000737965106964
ಚಂದನ್ ಶೆಟ್ಟಿ ಟ್ರೊಲ್ ವಿಡಿಯೋ ನೀವು ನೋಡಿ ನೆಗಡ್ಡೆ ಇದ್ರೆ ನಾವ್ ಗ್ಯಾರಂಟಿ,low,Positive,v4,not-distress,0.4322417378425598,0.39221757650375366
ನಾನು ಈ ಸಿನಿಮಾ ನೋಡಿದೆ.nನೀವೂ ನೋಡಿ.nಇಲ್ಲದಿದ್ದರೆ ಕನ್ನಡದ ಒಂದು ಒಳ್ಳೆಯ ಚಿತ್ರವನ್ನು ಮಿಸ್ ಮಾಡಿಕೊಂಡಂತೆ.nಇದೇ ಚಿತ್ರ ಬೇರೆ ಭಾಷೆಯಲ್ಲಿ ಬಂದಿದ್ದರೆ ಅದರ ಕಥೇನೆ ಬೇರೆ ಇರ್ತಿತ್ತು.,low,Positive,v4,not-distress,0.5155119001865387,0.8185095191001892
ನನ್ನ ಪ್ರಕಾರ ಸಿನೆಮಾದ ಹೆಸರಿನ ಬಗ್ಗೆ ಇನ್ನಷ್ಟು ಗಮನ ಹರಿಸಬೇಕಿತ್ತು ಅನ್ನಿಸುತ್ತಿದೆ,low,Negative,v4,not-distress,0.8064388334751129,0.8010591268539429
Tugari tippa super...,low,Positive,v4,not-distress,0.8016243577003479,0.7982869744300842
ತುಂಬಾ ಅನುಕೂಲ ವಾದ ನಟರಿದ್ದಾರೆ ನಮ್ಮ ಇಂಡಸ್ಟ್ರಿ nallinಸುದೀಪ್sir. ಪುನೀತ್ sir. ಶಿವಣ್ಣ. ಧರ್ಶನ್ ಸರ್ nಇಂತಹ ಹಿರಿಯ ಕಲಾವಿದರಿಗೆ ಬಿಸಿನೆಸ್ ಗೆ nಹೆಲ್ಪ್ ಮಾಡಿದ್ರೆ ಚೆನಾಗಿರೋಧು ಇನ್ಕ್ಲೂಡಿಂಗ್  syedh ಇಂದ್ರಜಿತ್ ಅವರಿಗೂ kooda ಸಹಾಯ ಮಾಡಬಹುಧಾಲ್ಲವೇ,low,Positive,v4,not-distress,0.4178328514099121,0.2811942398548126
Nimman kelu adna,low,Negative,v4,distress,0.8142741322517395,0.45778346061706543
Good song good making,low,Positive,v4,not-distress,0.7643234133720398,0.7643234133720398
Idu charitre srastiso avatara,low,Positive,v4,not-distress,0.8068826198577881,0.7967109084129333
ಜೈ ಆಂಜನೇಯ,low,Positive,v4,distress,0.6806861758232117,0.6806861758232117
amazing music,low,Positive,v4,not-distress,0.7288849949836731,0.7288849949836731
song's1 idena 🤔,low,Mixed feelings,v4,not-distress,0.6486659049987793,0.7063015401363373
ದಿಯಾ ತುಂಬಾ ಚೆನ್ನಾಗಿ ಇದೆ ಎಲ್ಲರೂ ನೊಡಿ ಆದರೆ ಚಿತ್ರಕ್ಕೆ ಸರಿಯಾದ climax ಬೆಕಾಗಿತ್ತು,low,Positive,v4,not-distress,0.8157496154308319,0.8083603978157043
@Kirankumarkk Gowda muchole sakku dengbeka bagsi,low,Negative,v4,distress,0.5223406553268433,0.4193013310432434
ಸೂಪರ್ ಬ್ರೋ,low,Positive,v4,not-distress,0.7644462585449219,0.7644462585449219
Rocking Kannada Movie,low,Positive,v4,not-distress,0.7642545700073242,0.7642545700073242
ಅತ್ಯುತ್ತಮ ಸಹೋದರ ಹೀಗೆ ಇಂತಹ ದಂಡ ಪಿಂಡಗಳಿಗೆ ಇದೆ ರೀತಿ ಬುದ್ಧಿ ಕಳಿಸು ಯೋಧರ ಜೀವಕ್ಕೆ ಇಂತಹವರಿಂದ ಬೆಲೆ ಇಲ್ಲ ಟಿಕ್ ಟಾಕ್ ಬೇಕಂತ,low,Negative,v4,distress,0.00038632750511169434,0.40669748187065125
Superb movie i love this movie very much,low,Positive,v4,not-distress,0.8011492192745209,0.7920285761356354
@Nandi Parthasarathi ಹಾದರಗಿತ್ತಿ,low,Mixed feelings,v4,distress,0.8521024584770203,0.41829419136047363
Fab song...,low,Positive,v4,not-distress,0.7866675853729248,0.7866675853729248
ಇದು ನಿಜಾನಾ ಗುರುವೇ,low,Positive,v4,not-distress,0.7751616835594177,0.7751616835594177
ಅಣ್ತಮ್ಮ ಸೂಪರ್ ಆಗಿ ಉಗ್ಧಿದಿಯ. ಬೋಲೋ ಮಕ್ಳಿಗೆ. ಬಾರ್ಡರ್ ನಲ್ಲಿ ಅವ್ರ ಅಪ್ಪ ನೋ ಅಣ್ಣ ತಮ್ಮ ಯಾರಾದ್ರೂ ಇದ್ದಿದ್ರೆ ಇತರ matadtirlilla bolimaklu,low,Negative,v4,distress,0.441620796918869,0.000638425350189209
Evarge tik tok elde kakkasu agola anusutte,low,Negative,v4,distress,0.8691583275794983,0.42692333459854126
ತೊಗರಿ ತಿಪ್ಪ ಸೂಪರ್ ಗುರು,low,Positive,v4,not-distress,0.8017034530639648,0.789275199174881
ಮೊಸರು ನನ್ನ ಮಗನ ಫಸ್ಟ್ ಟ್ರೋಲ್ ಮಾಡಿ ಬ್ರೋ ಮತ್ತೆ ಈ ಟಿಕ್ ಟಾಕ್ ಸೂಳೆಮಕ್ಕಳು ನ ತಿಕಹೊಡಿ ಬ್ರೋ,low,Negative,v4,distress,0.840522825717926,0.41041067242622375
Nannaga thubba bajaru sir‍‍‍‍‍‍‍‍‍‍‍‍,low,Negative,v4,not-distress,0.8071964979171753,0.7969821989536285
ಅಚ್ಚ ಕನ್ನಡ ಸಾಂಗ್ ಸೂಪರ್,low,Positive,v4,not-distress,0.7769739627838135,0.7769739627838135
Odeya  avane srimannarayana nRakshit shetty =likenDarshan = dislikenJai DBoobs dagarshan,low,Mixed feelings,v4,not-distress,0.5205969512462616,0.4186072051525116
Shankar Patil ಸುಪ್ಪರ,low,Positive,v4,not-distress,0.7769259214401245,0.7769259214401245
ಥಿಯಾ ಸುಂದರವಾದ ರೋಮ್ಯಾಂಟಿಕ್ ಮಹಾಕಾವ್ಯವಾಗಿದ್ದು,low,Positive,v4,not-distress,0.8053666353225708,0.45557501912117004
ಕ್ಷಮಿಸಿ ದಿಯಾ ಟೀಮ್ .....,low,Mixed feelings,v4,not-distress,0.7974580526351929,0.8043599128723145
ಪ್ರಜ್ವಲ್ ಹೊಸ ತನದ ಸಿನಿಮಾ ಇದೆ ಅನಿಸತ್ತೆ,low,Mixed feelings,v4,not-distress,0.8178105056285858,0.400003045797348
5 days trending,low,Positive,v4,not-distress,0.7627982497215271,0.7627982497215271
ನಿಮ್ಮ ತಂದೆ ಸಾಕಷ್ಟು ದುಡ್ಡು ಮಾಡಿದ್ರು ಆದ್ರೆ ಬೇಡಿದರು ಕೆಲಸಗಳ ಅನಕ್ಷ ಕವಾಗಿ ಖರ್ಚು ಮಾಡಿ ಸೋಕಿ ಮಾಡಿ ದುಡ್ಡೆಲ್ಲಾ ನಾಲ್ ಮಾಡಿದ್ದೀರಾ,low,Negative,v4,distress,0.4568342864513397,0.0018795430660247803
ಯಾಕಲೇ ಮಗನೆ ಎಲ್ಲಾದ್ರೂ ಕಡಿದಿದೆಯಾ,low,Mixed feelings,v4,distress,0.8637484908103943,0.4261166453361511
ಸೋಮಣ್ಣ ಸರ್....... ಮತ್ತೊಮ್ಮೆ ಅಭಿನಂದನೆಗಳು.... ಇವರು ಸಮಾಜಕ್ಕೆ ಒಂದು ಮಾದರಿ..... ತಾನು ಮಾಡುವ ಕಾರ್ಯದಲ್ಲಿ ಇರುವ ಹೆಮ್ಮೆ......,low,Positive,v4,not-distress,0.44686082005500793,0.38918086886405945
ನಿಮಗೆ ಒಲೆಯದು ಆಗಲಿ ಸಾರ್,low,Positive,v4,not-distress,0.7948613166809082,0.663218080997467
Free fire lover like here,low,Positive,v4,not-distress,0.7756403088569641,0.7756403088569641
@Nandi Parthasarathi ಓಹೋ ನಂದಿನಿ ನಿಂದು ಮಿಲ್ಕ್ ಪಾರ್ಲರ್ ಬೇರೆ ಇದಿಯಾ,low,Negative,v4,distress,0.47715872526168823,0.411702424287796
ತಗೋ ಗುರು ನಂದೊಂದು ಲೈಕ್,low,Mixed feelings,v4,distress,0.8143655061721802,0.45791733264923096
@ֆաǟʍʏ ɢօաɖǟ ನಿಜ...nnಆದ್ರೆ ಆ ಗೆಲುವು ಇತಿಹಾಸ ಆಗ್ಬೇಕಂದ್ರೆ ಎಲ್ಲಾ ರೀತಿಯ ಪ್ರಯತ್ನಗಳು ಆಗಿರಬೇಕಾಗುತ್ತೆ,low,Positive,v4,not-distress,0.3896911144256592,0.7940022349357605
ನಿಮ್ಮ ಅನಿಸಿಕೆಗೆ ನನ್ನ ನಮನಗಳು,low,Positive,v4,not-distress,0.7948771715164185,0.7858127951622009
ಈ ಒಂದು ಸ್ಟೆಪ್ ಸಾಕು ಸಿನೆಮಾ ನೋಡಲು.. ಎಂತ ಮಾರ್ರೆ ಚೆನ್ನಾಗುಂಟು ಐತ ಸ್ಟೆಪ್ಪು,low,Positive,v4,not-distress,0.4289121925830841,0.39089664816856384
Super guru,low,Positive,v4,not-distress,0.7292558550834656,0.7292558550834656
masto togari tippa,low,Positive,v4,not-distress,0.786609947681427,0.7803838551044464
Concentrate on hindi promotion.. sir,low,Negative,v4,not-distress,0.8067466616630554,0.4130820333957672
Namma kannada chitra ranga evrge olle avakasha galna kodli antha kelkotini,low,Positive,v4,not-distress,0.8202064335346222,0.8077854216098785
ಯುದ್ಧ ಮಾಡಬೇಕು ಓದಬಾರದು ಕಟುಕರ ಮುಂದೆ ಭಗವದ್ಗೀತೆ ಎಂತಹ ಸಾಲುಗಳು,low,Mixed feelings,v4,distress,0.8554430305957794,0.41274765133857727
ಅದ್ಭುತ ಕನ್ನಡ ಸಿನಿಮಾ,low,Positive,v4,not-distress,0.749039351940155,0.749039351940155
ನೀವೇ ಹೇಳಿರುವುದು100 ಪರ್ಸೆಂಟ್ ನಿಜ ಆದರೆ ಅಸಭ್ಯವಾಗಿ ಹೇಳದೆ  ಸಭ್ಯವಾಗಿ ಹೇಳಬಹುದಿತ್ತು,low,Negative,v4,distress,0.8762458562850952,0.44422847032546997
ಕಮೂನಿಷ್ಟ ಸರ್ಕಾರವೇ ಒಳ್ಳೆಯದು ಅಲ್ಲಿ ರಾಜಕೀಯ ಇರಲ್ಲ ದೇಶದ ಅಭಿವೃದ್ಧಿ ಒಂದೇ ಗುರಿnನಮ್ಮ ದೇಶದ ಈ ಸ್ಥಿತಿಗೆ ಕಾರಣnn* ರಾಜಕಾರಣಿಯರು(ನೆಹರೂ ವಂಶಸ್ಥರು),low,Mixed feelings,v4,distress,0.00880652666091919,0.009464114904403687
Super song  anna🤓,low,Positive,v4,not-distress,0.749031662940979,0.749031662940979
@Nandi Parthasarathi ನಂದಿನಿ ನಂದಿನಿ ನಿನ್ ತುಲ್ಲ್ ಗಲೀಜು,low,Negative,v4,distress,0.5144020617008209,0.4084685742855072
ಸೂಪರ್ ಸಾಂಗ್  ಹುಲಿಯ,low,Positive,v4,not-distress,0.7645561099052429,0.7645561099052429
Amazing Movie,low,Positive,v4,not-distress,0.729116678237915,0.729116678237915
ಬ್ರೋ ಲೈಕ್ appa ಬ್ಯಾನ್ ಆಗಿಲ್ಲ ಯಾವಾಗ ಆಗುತ್ತೆ,low,Mixed feelings,v4,distress,0.4649195075035095,0.8333165049552917
ಅವನೇ ಶ್ರೀಮನ್ನಾರಾಯಣ ಚಿತ್ರವು ಶತದಿನ ಆಚರಿಸಲೆಂದು ಅಖಿಲ ಕರ್ನಾಟಕ ಪವರ್ ಸ್ಟಾರ್ ಅಪ್ಪು ಬಾಸ್ ಅಭಿಮಾನಿಗಳ ಕಡೆಯಿಂದ ಶುಭ ಹಾರೈಸುತ್ತೇವೆ...ಕೆ.ಮಂಜು ಆದಿವಾಲ,low,Positive,v4,not-distress,0.43097490072250366,0.3895952105522156
Bindu gowdaaaaaa yakamma,low,Negative,v4,distress,0.8521100282669067,0.4267374873161316
@Nandi Parthasarathiಲೆ ಹಾದರಗಿತ್ತಿ.... ನಿನ್ ತುಲ್ಲು ಊರು ಬಾಗ್ಲು ಅನ್ಸುತ್ತೆ,low,Negative,v4,distress,0.49551284313201904,0.42775899171829224
En kathe kattutiya guru🤣🤣🤣🤣..... . Proof kodu sullu kathe katbeda,low,Negative,v4,distress,0.8691809773445129,0.8373936712741852
ಸೂಪರ್ ಟ್ರೈಲರ್nಇಂಟರೆಸ್ಟಿಂಗ್ ಟ್ರೈಲರ್,low,Positive,v4,not-distress,0.8194552659988403,0.4218282997608185
ಸಕ್ಕತ್ತಾಗಿ ಉಗಿತಿರ ಅಣ್ಣ 🤮🤮🤮ದೊಡ್ಡ ಸ್ಟಾರ್ ಥರ ಅಡಿತವೇ.....  ಥು........,low,Negative,v4,not-distress,0.8383711874485016,0.8365217745304108
ಶಾಸನ ವಿಧಿಸಿದ ಎಚ್ಚರಿಕೆ nಈ ಹಾಡು ನಿಮ್ಮ ಡೇಟಾ ಗೆ ಹಾನಿಕಾರಕ,low,Negative,v4,distress,0.413834810256958,0.014802157878875732
ಇದು ಚರಿತ್ರೆ ಸೃಷ್ಟಿಸೊ ಅವತಾರ,low,Positive,v4,not-distress,0.7768843770027161,0.7768843770027161
Waiting #ASN ......,low,Positive,v4,not-distress,0.8115277886390686,0.8115277886390686
ಈ ಚಿತ್ರದಲ್ಲಿ ಯಾವ್ ರೇಂಜ್ ಗೆ ಗ್ರಾಫಿಕ್ಸ್ ಮಾಡಿದ್ದಾರೆ ಅಂತ ಮತ್ತೊಬ್ಬ vfx ಆರ್ಟಿಸ್ಟ್ ಗೆ ಗೊತ್ತಾಗೋದು,low,Mixed feelings,v4,not-distress,0.83035808801651,0.39123716950416565
First like,low,Mixed feelings,v4,not-distress,0.7250306010246277,0.7250306010246277
Yen film  guru super,low,Positive,v4,not-distress,0.7766831517219543,0.7766831517219543
ದರ್ಶನ್ ಅಭಿಮಾನಿಗಳ ಕಡೆಯಿಂದ ಆಲ್ ದ ಬೆಸ್ಟ್ ಆಲ್ ದ ಬೆಸ್ಟ್,low,Positive,v4,not-distress,0.8045296967029572,0.7971577644348145
ಅದ್ಬುತವಾಗಿದೆ ಅವನೇ ಶ್ರೀಮನ್ನಾರಾಯಣ ಚಿತ್ರದ ಹಾಡು ಹ್ಯಾಂಡ್ಸಪ್,low,Positive,v4,not-distress,0.8209687769412994,0.0033304989337921143
Awesome song,low,Positive,v4,not-distress,0.7291610836982727,0.7291610836982727
ಸರ್ ಅದು ಗೆದ್ದೇ,low,Positive,v4,distress,0.7647402882575989,0.7647402882575989
ಚಂದನ್ ಶೆಟ್ಟಿ ಟ್ರೊಲ್ ವಿಡಿಯೋ ನೀವು ನೋಡಿ ನೆಗಡ್ಡೆ ಇದ್ರೆ ನಾವ್ ಗ್ಯಾರಂಟಿ,low,Positive,v4,not-distress,0.4375022053718567,0.39221757650375366
supper  guru,low,Positive,v4,not-distress,0.7292369604110718,0.7292369604110718
ಮಗ  ಹೀಗೆ ಮಾಡು ಡ್ಯಾಸ್ ಲೈಕ್ಸ್ ಸಿಗುತ್ತೆ,low,Mixed feelings,v4,not-distress,0.45585164427757263,0.7931308150291443
Urkond Sai beku,low,Negative,v4,distress,0.8143170475959778,0.45455244183540344
ಯಾರೋ ಚೀನಾ ತು×× ಹುಟ್ಟಿರೋ ಮಕ್ಳು ೬ ದೀಸ್ ಲೈಕ್ ಮಾಡಿದಾರೆ,low,Negative,v4,distress,0.44523704051971436,0.44110825657844543
ಏನ್ ತುಕಾಲಿ ಫ್ಯಾನ್ಸ್ ಮರ್ರೆ... ಟ್ರೈಲರ್ ಬಗ್ಗೆ ಕಾಮೆಂಟ್ ಮಾಡೋದು ಬಿಟ್ಟು... ಆ ಫ್ಯಾನ್ಸ್  ಕಡೆಯಿಂದ ಅಲ್ ದಿ ಬೆಸ್ಟ್... ಈ ಫ್ಯಾನ್ ಕಡೆಯಿಂದ ಆಲ್ ದಿ ಬೆಸ್ಟ್... ಥು ಇವ್ರ ಜನ್ಮಕ್ಕೆ,low,Negative,v4,not-distress,0.0,0.7911188900470734
Superb song,low,Positive,v4,not-distress,0.7490368485450745,0.7490368485450745
ಎಲ್ಲಾ  ಡಿ ಬಾಸ್ ಅಭಿಮಾನಿಗಳು  ಪ್ರಜ್ವಲ್ ನ ಈ ಸಿನಿಮಾ ನೋಡಿ ಆರೈಸಿ ಪ್ರಜ್ವಲ್ ನ ಈ ಸಿನಿಮಾ ದಾಖಲೆ ಗಳ ಸಿನಿಮಾ  ಸಾಲಿನಲ್ಲಿ  ಸೆರಲಿ,low,Positive,v4,not-distress,0.8287050426006317,0.4102264642715454
ಮೂಢ ನಂಬಿಕೆ ಇರುವವರೆಗೂ ನಮ್ಮ ದೇಶ ಉದ್ದಾರ ಹಾಗಲ್ಲ,low,Negative,v4,distress,0.8518248200416565,0.8390620648860931
I like song very much,low,Positive,v4,not-distress,0.7752922773361206,0.7752922773361206
ಹೌದು ಸರ್ ಅಶ್ವತ್ಥಾಮ ಇನ್ನೂ ಬದುಕಿದ್ದಾನೆ,low,Positive,v4,not-distress,0.8194823265075684,0.4067164361476898
ಮುಂದೆ ರೆಕಾರ್ಡ್ ಮಾಡುತ್ತೆ ಈ ಮೂವಿ,low,Positive,v4,not-distress,0.8008144497871399,0.40040722489356995
ಅನ್ನ. ನೀಡುವ ಯಾವ ಕೆಲಸವೂ ಕಡಿಮೆಯಲ್ಲ . ಶಂಕರರವರೆ ನಿಮ್ಮn ಸ್ವಾ ಭಿಮಾನಿ ಜೀವನಕ್ಕೆ  nನನ್ನ ದೊಂದು ಸಲಾಂ.,low,Positive,v4,not-distress,0.43336910009384155,0.39990684390068054
ಚಂದನ್ ಶೆಟ್ಟಿ ಟ್ರೊಲ್ ವಿಡಿಯೋ ನೀವು ನೋಡಿ ನೆಗಡ್ಡೆ ಇದ್ರೆ ನಾವ್ ಗ್ಯಾರಂಟಿ,low,Positive,v4,not-distress,0.42684635519981384,0.39221757650375366
ಬೇವರ್ಸಿ ಚೀನಾ ನನ್ನ ಮಕ್ಕಳು,low,Negative,v4,distress,0.8131497502326965,0.8130166828632355
ಇದು ಚರಿತ್ರೆಯನ್ನು ಸೃಷ್ಟಿಸೋ ಅವತಾರ.,low,Positive,v4,not-distress,0.7863740921020508,0.7814681529998779
@Kiccha Vitthal ಕಚ್ಚಾ ಸುದೆಪಿ,low,Mixed feelings,v4,distress,0.8518642783164978,0.43144169449806213
Ultimate kannada movie super,low,Positive,v4,not-distress,0.7645606994628906,0.7645606994628906
ನನ್ನ ಬಂದುಗಳೆ ಒಂದನ್ನು ನಾವು ತಿಳಿಲೇಬೇಕಾದ ಅವಶ್ಯಕತೆ ಇದೆ ಅದು ಏನಂದ್ರೆ ಮೊದಲಿಗೆ ಮನುಷ್ಯನಲ್ಲಿ ಅಥವಾ ಸಮುದಾಯದಲ್ಲಿ ಅಥವಾ ಒಂದು ದೇಶಕ್ಕೆ ನಾನು ದೊಡ್ಡವನು ಎಂಬ ಭಾವನೆ ಬಂದುಬಿಟ್ಟರೆ ಅದು ಕೇವಲ 200 ಅಥವಾ 300 ವರ್ಷಗಳಲ್ಲಿ ತನ್ನ ಸರ್ವನಾಶ ಮಾಡಿಕೊಂಡು ಬಿಡುತ್ತೆ. ಯಾಕೆ ಅಂದ್ರೆ ನೀವು ಇತಿಹಾಸ ನೋಡಿದಾಗ  ಮನುಷ್ಯನಲ್ಲಿ ಒಂದು ಆಸೆ ಬರೋದು ಸಹಜ ನಾನು ಎಲ್ಲರಿಗಿಂತ ದೊಡ್ಡವನಾಗಿ ಇರಬೇಕು ಬೇರೆಯವರಿಗಿಂತ ಎತ್ತರಕ್ಕೆ ಬೇಳಿಬೇಕು ಎಂದು ಇದೆ ಭಾವನೆ 1200 ವರ್ಷಗಳ ಹಿಂದೆ ಅರಬ್ ದೇಶದ ಮುಸ್ಲೀಂ ಧರ್ಮದ ಜನರಲ್ಲಿ ಬಂದು ಅಂದಿನ ಹಿಂದೂಗಳ ದೇಶವಾದಂತ ಭಾರತ,low,Positive,v4,not-distress,0.4124881327152252,0.4033650755882263
ಕನ್ನಡದಲ್ಲಿ ಪ್ರತಿಭೆಗಳಿಗೆ ಕೊರತೆಯಿಲ್ಲ,low,Positive,v4,not-distress,0.7763692736625671,0.7763692736625671
basavanneyya pujar Howdu huliya,low,Mixed feelings,v4,distress,0.851905107498169,0.4417067766189575
@Nandi Parthasarathi ಅಲಾ ಹಾದರಗಿತ್ತಿ ನಿಮ್ಮದು ದೊಡ್ಡ ತುಲ್ಲು ಬಿಡೆ,low,Negative,v4,distress,0.8832436800003052,0.4095471501350403
Super song bro,low,Positive,v4,not-distress,0.7645726203918457,0.7645726203918457
ರಣಧೀರ ನೆನಪಾದ ರಕ್ಷಿತ ಜಾದಲಿnರಣಭೇಟೆಯಾಡುವ ರಾಕ್ಷಸ ದಾರಿಯಲಿnರಕ್ತಚರಿತ್ರೆಯೋ ರಕ್ಕಸನ ಕಥೆಯೋnನಿಗೂಢ ಮನೆಯೊಳಗೆ ನಡುಕ ಹುಟ್ಟಿಸೋnಸಿನೆಮಾ ಪರದೆಯ ಹಳುಗುಣಿಯೊ.....,low,Positive,v4,not-distress,0.8447925746440887,0.0005718767642974854
Keli kadiruva bandhavarenBhuviyalli avana aritavarenYarilla bidi,low,Negative,v4,not-distress,0.8355003297328949,0.8142544329166412
NKn idddu ಟ್ರೋಲ್ ಅಂದ್ರೇ...  ಬ್ರೋ ನಾನು ಟಿಕ್ ಟಾಕ್ ಗೆ ಅಡಿಕ್ಟ್ ಆಗಿದ್ದೇ... ಬಟ್ ನಮ್ ದೇಶಕ್ಕಿಂತ ದೊಡ್ದಲ್ಲ  ಈ ಟಿಕ್ ಟಾಕ್... ಅಷ್ಟೇ... ಇನ್ನೋಂದ್ ವಿಷ್ಯ ನಮ್ ದೇಶದ್ ರೊಪೊಸೋ ಡೌನ್ಲೋಡ್ ಮಾಡಿ ಓಪನ್ ಮಾಡಿ ನೊಡುದ್ರು... ಅವ್ನಮ್ಮನ್  ಆ ಕಿತ್ತೋದ್  ಮುಂಡೇ ಬಿಂದು ಗೌಡ... ಅದ್ರಲ್ಲೂ ಸಾಯ್ತಾವ್ಳೇ ಗುರು.... ಅವ್ಳ್ಳಿಗೇ ಏನಾದ್ರು ಮಾಡಿ ಫೋನ್ ಯುೂಸೇ  ಮಾಡ್ಬಾರ್ದು ಆ ತರ ಟ್ರೋಲ್ ಮಾಡಿ ಬ್ರೋ....  ಅವ್ನಮ್ಮನ್ ಹಂದಿ ತಿಕದ್ ತರ ಇರೋ ಮೂತಿನ ನೊಡಕ್ಕಾಕ್ತಿಲ್ಲ....,low,Negative,v4,distress,0.45186203718185425,0.0
ಎರಡು ಒಳ್ಳೆಯ ವಿಷಯಗಳು ಆಗಬೇಕು ಇವಾಗn1. ದಿಯಾ ಮತ್ತೆ ರಿಲೀಸ್ ಆಗಬೇಕುn2. ಕೊರೋನಾ ನಿಯಂತ್ರಣ ಆಗಬೇಕು.,low,Positive,v4,not-distress,0.6401709318161011,0.7845374941825867
ಸೂಪರ್ ಆಗಿ ಹೇಳಿದ್ದೆ ಗುರು,low,Positive,v4,not-distress,0.786894679069519,0.7818759381771088
ಕನ್ನಡ ಚಿತ್ರರಂಗದ ಹೆಮ್ಮೆ ಪಡುವಂತಹ ಕೆಲಸ,low,Positive,v4,not-distress,0.7949603796005249,0.4101483225822449
Yaru thuldeepanna 🤣🤪,low,Mixed feelings,v4,distress,0.8259991407394409,0.47278571128845215
ರಕ್ಷಿತ್  ಶೆಟ್ಟಿ  ಸೈಲೆಂಟ್  ಕಿಲ್ಲರ್,low,Positive,v4,not-distress,0.8016456961631775,0.44156163930892944
One next level movie🤑🤑,low,Positive,v4,not-distress,0.7643336057662964,0.7643336057662964
So sad. Sir....,low,Negative,v4,not-distress,0.8012693524360657,0.8012693524360657
ಒಬ್ಬ ನಾಯಕನ ಕಥೆಯಲ್ಲಿ ೨ ಯುದ್ದ ಬರುತ್ತೆ ಸಾನ್ವಿ ಬಂದ್ಮೇಲೆ ಒಂದು ಇನೊಂದು ಸಾನ್ವಿ ಹೋದಮೇಲೆ ಅವನೇ ಶ್ರೀಮನಾರಯನ್,low,Positive,v4,not-distress,0.8342778980731964,0.39312800765037537
tandhege takka maga,low,Positive,v4,distress,0.8261462450027466,0.4458378255367279
ಅನಿಸುತ್ತೆ ಬಂದಹಾಗಿದೆ ರಚಿಸಲು ಹೊಸ ಶಾಸನnಮೆರೆಯಲಿ ಗಗನದಿ ನಿಮ್ಮದೆ ಲಾಂಚನ,low,Positive,v4,not-distress,0.831407755613327,0.3950938582420349
Pakka365 day  percent,low,Positive,v4,distress,0.8142555952072144,0.47693684697151184
ಲವ್ ಯು ಬಾಸ್  ಸೂಪರ್,low,Positive,v4,not-distress,0.7645213007926941,0.7645213007926941
@Nandi Parthasarathi ಬಂದ್ರೆ ತಿಕಾ ದೆಂಗ್ತಿನಿ ಎಷ್ಟೇ ನಿನ್ ರೇಟು ಹಡ್ಬಿ ಸೂಳೆ.... ಆ ಲುಚ್ಛನ್ ಫ್ಯಾನ್ ಅಂತೇ... ಅವುಂದು ತುಣ್ಣಿ ಉಣ್ಣು ಹೋಗಿ ಲೋಫರ್ ಸೂಳೆ,low,Negative,v4,distress,0.4320457875728607,0.39514753222465515
ಅರ್ಜುನ್ ಜನ್ಯ ಅವರೇ ನೋಡಿ ಅಜನೀಶ್ ಲೋಕನಾಥ್ ಅತ್ರ ಹೋಗಿ ಮೂಸಿಕ್ ಮಾಡೋದನ್ನ ಕಲಿಯಿರಿ 🤣n#Odeya movie ಗೆ ಏನ್ ಮ್ಯೂಸಿಕ್ ಕೊಟ್ಟಿದಿಯ ಸ್ವಾಮಿ........... ತೂ 🤭🤭,low,Negative,v4,not-distress,0.35946381092071533,0.46143195033073425
ಕ್ಲೈಮಾಕ್ಸ್ ಚೇಂಜ್ ಮಾಡಿ ರೀ ರಿಲೀಸ್ ಮಾಡಿ ಚಿತ್ರ ಸುಪರ್ ಹಿಟ್ ಆಗುತ್ತೆ ಗ್ಯಾರೆಂಟಿ,low,Positive,v4,not-distress,0.4177531599998474,0.3916228711605072
Howdu howdu howdu...,low,Mixed feelings,v4,distress,0.8445881009101868,0.8445881009101868
ತುಂಬಾ ಚೆನ್ನಾಗಿ ಬೈದ್ರಿ ನಿಮ್ಮ ಒಂದೊಂದು ಮಾತು ಮುತ್ತಿನಂತದ್ದು.......,low,Positive,v4,not-distress,0.8319250345230103,0.42588376998901367
ಈ ಚಿತ್ರದಲ್ಲಿ ಯಾವ್ ರೇಂಜ್ ಗೆ ಗ್ರಾಫಿಕ್ಸ್ ಮಾಡಿದ್ದಾರೆ ಅಂತ ಮತ್ತೊಬ್ಬ vfx ಆರ್ಟಿಸ್ಟ್ ಗೆ ಗೊತ್ತಾಗೋದು,low,Positive,v4,not-distress,0.8229025602340698,0.39123716950416565
ಒಬ್ಬ ನಟ  ಡ್ರೈವಿಂಗ್ ಮಾಡ್ತಿದಾರೆ ಇದು ನೋವಿನ ಸಂಗತಿ ಒಪ್ಪೀ ಕೊಳ್ಳೋಣ.  ಆದ್ರೆ ಒಬ್ಬ ಸಾಮಾನ್ಯ ಮನುಷ್ಯ ಡ್ರೈವಿಂಗ್ ಮಾಡ್ಕೊಂಡೆ ಜೀವ್ನ ಮಾಡ್ತಿರ್ಥನೆ ಅನ್ನೋದನ್ನ ಮರೀಬೇಡಿ ಸ್ನೇಹಿತರೆ,low,Positive,v4,distress,0.8950618505477905,0.39557597041130066
ಚಂದನ್ ಶೆಟ್ಟಿ ಟ್ರೊಲ್ ವಿಡಿಯೋ ನೀವು ನೋಡಿ ನೆಗಡ್ಡೆ ಇದ್ರೆ ನಾವ್ ಗ್ಯಾರಂಟಿ,low,Positive,v4,not-distress,0.4236004948616028,0.39221757650375366
ವಾವ್ ನೈಸ್ ಸಾಂಗ್,low,Positive,v4,not-distress,0.7764477729797363,0.7764477729797363
ನನಗೆ ತುಂಬಾ ಇಷ್ಟವಾದ ಚಿತ್ರ ದಿಯ,low,Positive,v4,not-distress,0.7950227856636047,0.7859711349010468
ಚಮಯ್ಯ ಮೇಸ್ಟ್ರು ಅವರ ಆಶೀರ್ವಾದ ಯಾವಾಗಲೂ ಇರುತ್ತೆ ನಿಮ್ಮಲ್ಲಿ ಸ್ವಾಭಿಮಾನ ಇದೆ ಆಗು ನಿಮ್ಮಲ್ಲಿ ಒಂದು ಛಲ ಇದೆ,low,Positive,v4,not-distress,0.834573894739151,0.394903302192688
ಕಲ್ಪನಾಲೊಕಕ್ಕೆ ಮಿತಿ ಇಲ್ಲ...  ತೊಗರಿ ತಿಪ್ಪ ನಾಟಕ ಮನೆಮಾತಾಗಿತ್ತು....ದನ್ಯವಾದಗಳು,low,Positive,v4,not-distress,0.837954044342041,0.39014551043510437
ನೋವು ನಲಿವಿಗೆ ಕಾರಣ...nಅವನೇ ಶ್ರೀಮನ್ನಾರಾಯಣ,low,Positive,v4,not-distress,0.8271800875663757,0.40786537528038025
Thanks for likes,low,Positive,v4,not-distress,0.7474150657653809,0.7474150657653809
supar togari tippa,low,Positive,v4,not-distress,0.7867035865783691,0.7817095220088959
@Ŕävîñđŕå_02_GøWđřú ನಿನ್ ಹೆಂಡ್ರು ತುಲ್ಲಗೆ ಏನ್ ಇವಾಗ,low,Negative,v4,distress,0.5207314789295197,0.40837013721466064
Super energetic song,low,Positive,v4,not-distress,0.7490237951278687,0.7490237951278687
ಸಾಂಗ್ ಸೂಪರ್ ಆಗಿ ಆಡಿದಿರ ಅಣ್ಣ,low,Positive,v4,not-distress,0.794550895690918,0.7905481457710266
LOVE FROM KICCHA FANS🥰,low,Positive,v4,not-distress,0.7737296223640442,0.3868648111820221
ಸಂಪೂರ್ಣ ಮಾಹಿತಿ ಅಣ್ಣಾ ಧನ್ಯವಾದಗಳು,low,Positive,v4,not-distress,0.7949007153511047,0.42588651180267334
ಸರ್ ನಿಮಗೂ ನಿಮ್ಮ ಕುಟುಂಬಕ್ಕೂ ತಾಯಿ ಚಾಮುಂಡೇಶ್ವರಿ ಆರೋಗ್ಯ ಆಯುಷ್ಯ ಕೊಟ್ಟು ಕಾಪಾಡಲಿ...,low,Positive,v4,not-distress,0.44774898886680603,0.4035128951072693
ಈ ಚಿತ್ರವನ್ನು ಮತ್ತೊಮ್ಮೆ ಚಿತ್ರಮಂದಿರಗಳಿಗೆ ತನ್ನಿ ನಮ್ಮ ಕನ್ನಡಿಗರು ಕೈಬಿಡುವುದಿಲ್ಲ ಮತ್ತೊಮ್ಮೆ ರಿಲೀಸ್ ಮಾಡಿ,low,Positive,v4,not-distress,0.4156576693058014,0.8087045252323151
ಟೀವಿ ನೈನ್ ಕನ್ನಡದಲ್ಲಿ ಈ ವಿಚಾರ ತೋರಿಸಿದ್ದಾರೆ,low,Positive,v4,not-distress,0.43768104910850525,0.3165439963340759
Avanilade enu illa ee bhoomimele,low,Positive,v4,distress,0.8584210276603699,0.4422515034675598
ಹೌದೋ ಹುಲಿಯಾ,low,Mixed feelings,v4,distress,0.7829692959785461,0.7829692959785461
Raksihth settru super..............dooper..,low,Positive,v4,not-distress,0.8403893709182739,0.8353198170661926
ಸ್ವಾಭಿಮಾನದಿಂದ ಬದುಕೋದು ಮನುಷ್ಯನ ಅಸಲಿ ಗುಣ ಇದನ್ನು ಎಲ್ರು ಅಳವಡಿಸಿಕೊಳ್ಳಬೇಕು,low,Positive,v4,not-distress,0.8281208872795105,0.39202868938446045
ಹೌದು ಸ್ವಾಮಿ ಇಂತ ನನ್ ಮಕ್ಕಳಿಗೆ ಎಷ್ಟು ಉಗಿದರೂ ಬುದ್ಧಿ ಬರಲ್ಲ ನಮ್ಮಲ್ಲೇ ಹೌರೆ ಶತ್ರುಗಳು ಐ ಡೋಂಟ್ ಲೈಕ್ ಚೈನಾ,low,Negative,v4,distress,0.4264901876449585,0.41569483280181885
ಹಳೆ ಶಿಕಾರಿ ಸಿನಿಮಾ nodidira yaradru,low,Mixed feelings,v4,distress,0.8496975898742676,0.4243311583995819
ಕನ್ನಡ ಚಿತ್ರರಂಗ  ಬೆಳವಣಿಗೆ ಸುರು ಆಯ್ತು ಜೈ ಕನ್ನಡಾಂಬೆ,low,Positive,v4,not-distress,0.5146917104721069,0.8014146983623505
Super  songs,low,Positive,v4,not-distress,0.7292746305465698,0.7292746305465698
ಎಲ್ಲಿ ಮಂಗಳ ಗ್ರಹದವರು ಅನ್ಕೊಂಡಿದ್ದೆ..,low,Mixed feelings,v4,distress,0.8245092034339905,0.023219972848892212
ಎಲ್ಲರಲ್ಲೂ ಡ್ಯಾನ್ಸ್ ಮಾಡುವ ಭಾವನೆ ಹುಟ್ಟಿಸುವ ಹಾಡು ಮತ್ತು ಮ್ಯುಸಿಕ್ - ವಿಜಯ್ ಪ್ರಕಾಶ್ ವೈಸ್ ಸೂಪರ್,low,Positive,v4,not-distress,0.41854578256607056,0.4027678966522217
