label,text,n_tokens,kannada_script_pct,romanized_kannada_pct,kannada_language_pct,english_pct,effective_score,low_confidence,bucket
Negative,Sir nivu news helida hage heltiri sir,7,0.0,0.5714,0.5714,0.4286,0.8571,False,high
Positive,Ashwathama. Vadhukkidhe.evathu. video. Nodithunanu. Jai. Babaji,6,0.0,0.5,0.5,0.5,1.0,True,high
Negative,Sir nivu bare swalpa sulu heleteraa,6,0.0,0.6667,0.6667,0.3333,0.6667,False,high
unknown state,In udupi sir,3,0.0,0.3333,0.3333,0.6667,0.6667,True,high
Negative,Yenri sullu heltira fake fake fake fake fake,8,0.0,0.375,0.375,0.625,0.75,False,high
Positive,Anna sumne video madedhya nodu,5,0.0,0.6,0.6,0.4,0.8,False,high
Negative,Nam mane gu bandida,4,0.0,0.5,0.5,0.5,1.0,False,high
Positive,Enu investigation nedithidya  ashwattama idara OMG nomboke agtilla devre ashwattama nija  vaglu idre it is unbelievable God please a doctor ega idre investigation Madi and a yavudho hasiru guhe andharela Ali hogi nodi inu pooje madthidhara and mate avru sikidra yarigadharu please information Kodi and good job nanna devaru Channel,50,0.0,0.6136,0.6136,0.3864,0.7727,False,high
Negative,Guru e badyav heltirod bari sulu,6,0.0,0.6667,0.6667,0.3333,0.6667,False,high
Positive,Nav avnaa meet agboda sir?,5,0.0,0.6,0.6,0.4,0.8,False,high
Negative,Bari ante kante Gale agoytu. Enadru solid proof torsri avar edare annoke.,12,0.0,0.7,0.7,0.3,0.6,False,high
Negative,420 nan maga krishana,4,0.0,0.6667,0.6667,0.3333,0.6667,True,high
Mixed feelings,Aadu nane broo... Soul naa Replacement maddee... Bere body gee.. Antha aansthidee,12,0.0,0.6667,0.6667,0.3333,0.6667,False,high
Positive,Avnige ella language matadoke barutta,5,0.0,0.6,0.6,0.4,0.8,False,high
Negative,ha nam manegu bandiida ...,5,0.0,0.5,0.5,0.5,1.0,False,high
Positive,Super namboke kasta agirbodu but really agirbodu,7,0.0,0.5714,0.5714,0.4286,0.8571,False,high
Negative,Kannada ne barolla,3,0.0,0.3333,0.3333,0.6667,0.6667,True,high
Positive,Adu igala 1960 ali nadedidu doctor incident,7,0.0,0.5,0.5,0.5,1.0,False,high
Positive,Nama village ge bandidru,4,0.0,0.5,0.5,0.5,1.0,False,high
Negative,No way chance illa  ivaga elli edane proof kodi  nambteevi,10,0.0,0.6,0.6,0.4,0.8,False,high
Positive,Sir avrudu bhashe yavdu a doctor bali yav bhashe matanadid ?,11,0.0,0.6,0.6,0.4,0.8,False,high
Negative,Illa guru.. Ashwatama na.. Bhaashe ivrige. Barutte ansutte....,8,0.0,0.5,0.5,0.5,1.0,False,high
Mixed feelings,Prajakeeyada bagge videos madi please,5,0.0,0.6,0.6,0.4,0.8,False,high
unknown state,Hinene sariyagide sir,3,0.0,0.6667,0.6667,0.3333,0.6667,True,high
Negative,First India na America ke compare madtidru alli hangide ingide anta ivaga. India na China compare madtavre nnNav bari compare madtivi vartu namunyaru compare modo hage hogalla,27,0.0,0.6957,0.6957,0.3043,0.6087,False,high
Negative,Worst = Raaja-kiyanBest = prajaa-kiya,5,0.0,0.6667,0.6667,0.3333,0.6667,True,high
unknown state,Amar Prasad .com,3,0.0,0.5,0.5,0.5,1.0,True,high
Mixed feelings,Modi idare don't worry,4,0.0,0.5,0.5,0.5,1.0,False,high
Negative,Sir solla video time kadime madi,6,0.0,0.5,0.5,0.5,1.0,False,high
Negative,Sir mate communist best antiria nDemocracy li rajakarnigalu kithadtare,9,0.0,0.4444,0.4444,0.5556,0.8889,False,high
unknown state,@Sai Kumar may be,4,0.0,0.3333,0.3333,0.6667,0.6667,True,high
Negative,RSS avaru thumba danger. Avara bhagge ondu episode maadi sir,10,0.0,0.6667,0.6667,0.3333,0.6667,False,high
Negative,USA brand but aduna produce madoke USA ali skilled labour ilvala aduke china davru madtarennApple mobile togondru china ke income hogute,21,0.0,0.5,0.5,0.5,1.0,False,high
unknown state,Agadre no 3 yaru,4,0.0,0.6667,0.6667,0.3333,0.6667,True,high
Negative,@Usha Rao modlu caste system hogbeku inter caste marriage hecchige agbeku...yavag caste hogutto avage reservation hogutte..ella kade nim caste yavudu anta kelore hecchidare..bekabitti illi yaru tinutilla adu hakkide...ella 75%india du property obbare caste hattir ide adu tamugu gottu.,38,0.0,0.6765,0.6765,0.3235,0.6471,False,high
Negative,@Unity of India nam deshadalli poor people heecchide..yakandre caste system saluvagi avar hattir property hecchide karan avaru hinde caste system mele janagalannu looti madi tamma property hecchu madkondidare adre belove caste ge astu property iralla so adar saluvagi avaru yavaglu badadvarage ulitidare yavag nam sampattu samanavagi hanchuttivo avage desha develop agodu,51,0.0,0.64,0.64,0.36,0.72,False,high
Mixed feelings,@its my opinion ಬಹಳ ಧನ್ಯವಾದಗಳು.....,5,0.4,0.0,0.4,0.6,0.8,False,high
Negative,@Dayananda C lol judge ge lancha kottu jailge hogi bandirorna CM madiroru 420 BJP,14,0.0,0.6364,0.6364,0.3636,0.7273,False,high
Negative,@Dayananda C lol antarjati vivaha adre caste fear iralla. Nanu a caste e caste anta vote hakkala yalla mixed hagirtare. Sariyadavrge vote haktare.  Jailge hogibandavrge hakkala,26,0.0,0.5217,0.5217,0.4783,0.9565,False,high
Positive,India kudda Munde baruthe But late....navella Odmele,7,0.0,0.6667,0.6667,0.3333,0.6667,True,high
Positive,Guru China rajakiya vyavaste bagge video madi,7,0.0,0.6667,0.6667,0.3333,0.6667,False,high
Negative,Sir ond compeny yalli kelsa madidra gov employes labor officer bookmadkond laber ge 5000 salry kotre employe mane  est kasta alva. yava gov sarilla sir nav egga comment madkondu saibeku aste,31,0.0,0.5667,0.5667,0.4333,0.8667,False,high
Positive,Kerala antha helbedi bro. Adu kuda jathi na nodutte. Agi hechagi nodutte nan sutta muttalina example nalli heltha idini... I have many Malli frnds so,25,0.0,0.619,0.619,0.381,0.7619,False,high
unknown state,S ur ryt,3,0.0,0.3333,0.3333,0.6667,0.6667,True,high
Mixed feelings,@s s Islam ಎಲ್ಲ ದೇಶಗಳಿಗೂ ಮಾರಕ .,7,0.6,0.0,0.6,0.4,0.8,False,high
Positive,Super brother.           Rajakiya laba yenidide    ano yochane,7,0.0,0.6667,0.6667,0.3333,0.6667,False,high
Mixed feelings,Copy maadidre case agalva?,4,0.0,0.5,0.5,0.5,1.0,False,high
Mixed feelings,Communist government better enu hagadare,5,0.0,0.4,0.4,0.6,0.8,False,high
Negative,Guru ee desha uddhara agalla bedu bhai indian youth waste bedu,11,0.0,0.6364,0.6364,0.3636,0.7273,False,high
Positive,Sir nam deshadalli political sari erbeku jati beda elde balbeku avaga devolop agbhdu,13,0.0,0.6923,0.6923,0.3077,0.6154,False,high
Positive,RS haadugalella haagene bro,4,0.0,0.5,0.5,0.5,1.0,False,high
Negative,Hands up anno pada ide alva 🤔,7,0.0,0.3333,0.3333,0.6667,0.6667,False,high
Mixed feelings,En helde bro,3,0.0,0.6667,0.6667,0.3333,0.6667,True,high
Positive,Hands up anta kottaddu yella language li onde title irli anta...yar opputtiri  illi like madi...,15,0.0,0.5385,0.5385,0.4615,0.9231,False,high
unknown state,@Karthik S Reddy 1,4,0.0,0.5,0.5,0.5,1.0,True,high
Positive,Hands up Idu kannada antha ninge helidavatu yaru 🤣🤣🤣,9,0.0,0.5714,0.5714,0.4286,0.8571,False,high
Positive,@Nature  You tube ಕನ್ನಡದಲ್ಲಿ ಹೇಳಬೇಕೆಂದರೆ - ನೀನು ಕೊಳವೆ .....🤣🤣,9,0.6667,0.0,0.6667,0.3333,0.6667,False,high
Negative,Hands up kannada Na thu ninna,6,0.0,0.4,0.4,0.6,0.8,False,high
unknown state,Bazaar annodu kannada padana guru?,5,0.0,0.4,0.4,0.6,0.8,False,high
unknown state,@SIDDARAJU D vhhhk,3,0.0,0.5,0.5,0.5,1.0,True,high
not-Kannada,BH cu VG,3,0.0,0.5,0.5,0.5,1.0,True,high
unknown state,@Karthik S Reddy 46449449494,4,0.0,0.5,0.5,0.5,1.0,True,high
unknown state,@Sujan Tejas bdj try j,5,0.0,0.5,0.5,0.5,1.0,False,high
unknown state,@Shashank Shashu super bro,4,0.0,0.3333,0.3333,0.6667,0.6667,True,high
Positive,@KGF Chapter 2 good,4,0.0,0.5,0.5,0.5,1.0,True,high
Positive,Kannada nadu only,3,0.0,0.3333,0.3333,0.6667,0.6667,True,high
Positive,@Prasad Raj tulunad and kannada bashe meli abhimana super guru,10,0.0,0.5556,0.5556,0.4444,0.8889,False,high
unknown state,@Madhu Madhu thanks bro,4,0.0,0.3333,0.3333,0.6667,0.6667,True,high
Positive,Olle kannada song anthane helbahudhu,5,0.0,0.6,0.6,0.4,0.8,False,high
Positive,NkN  ಬೆಂಕಿ   song guru,4,0.25,0.25,0.5,0.5,1.0,False,high
Mixed feelings,En music guru,3,0.0,0.3333,0.3333,0.6667,0.6667,True,high
Positive,Remake mado herogaliginthanE thara swamake madoru bekunNam industry genRemake yella wastenSwamke is best,13,0.0,0.6923,0.6923,0.3077,0.6154,False,high
unknown state,Good job shivu,3,0.0,0.3333,0.3333,0.6667,0.6667,True,high
Negative,entha song gu dislike madidare ala broo,7,0.0,0.5714,0.5714,0.4286,0.8571,False,high
Positive,Kaytidde bro Yarana  lyrics aktara anta 🥰🥰tq,7,0.0,0.6667,0.6667,0.3333,0.6667,False,high
Mixed feelings,Superb u r Kannada pandit yaar,6,0.0,0.4,0.4,0.6,0.8,False,high
Positive,What a music ... nWhat a lyric...nWhat a choreography.... nWhat a camera working......nTotally awesome ... nನಿಜಕ್ಕೂ ಇದು ಚರಿತ್ರೆ ಸೃಷ್ಟಿಸೋ ಅವತಾರ... nಅಜನೀಶ್ ಗುರುಗಳೇ ನಿಮಗೊಂದು ಸಲಾಂ...nರಕ್ಷಿತ್ ಶೆಟ್ರೆ ಒಳ್ಳೇದಾಗಲಿ ..nಮೂರು ವರ್ಷ ಪಟ್ಟ ಶ್ರಮ ಫಲಕೊಡುವಂತಾಗಲಿ..... All the best to you sir,37,0.5161,0.0645,0.5806,0.4194,0.8387,False,high
Negative,ಯುದ್ಧ ಮಾಡಬೇಕು  ಓದಬಾರದು ಕಟುಕರ ಮುಂದೆ ಭಗವದ್ಗೀತೆ nAnd recently we can relate it to priyankareddycase,14,0.4286,0.1429,0.5714,0.4286,0.8571,False,high
Positive,Vijay parkash sir🤩,3,0.0,0.6667,0.6667,0.3333,0.6667,True,high
Mixed feelings,en music guru,3,0.0,0.3333,0.3333,0.6667,0.6667,True,high
Positive,Trending list gaagi wait maadtiror like,6,0.0,0.3333,0.3333,0.6667,0.6667,False,high
Negative,Guru kiccha matte puneet matte Shivanna boss anta yaaru annala guru,11,0.0,0.5,0.5,0.5,1.0,False,high
Negative,Puneet ge  power star sari shivannange hyatrik sari,8,0.0,0.375,0.375,0.625,0.75,False,high
Positive,Nimma Narayana na avathara Charithre Srustisali..... Olledagali,7,0.0,0.6667,0.6667,0.3333,0.6667,True,high
Negative,Super song .......But movie realise agi 1 week adamele bidabekithu.......,10,0.0,0.4286,0.4286,0.5714,0.8571,False,high
Positive,ASN movie na 1st day 1st show nodoru like maadi,10,0.0,0.375,0.375,0.625,0.75,False,high
Negative,Promotion kammi aytu bro,4,0.0,0.5,0.5,0.5,1.0,False,high
Negative,@*V C R* guru edunna modlu bale fansge helu avru start madidare nau end madthivi,15,0.0,0.5714,0.5714,0.4286,0.8571,False,high
Negative,@VARAPRASAD K K Darshan sir fan agi ist local agi mathadada,11,0.0,0.5,0.5,0.5,1.0,False,high
Negative,@Praveen Kumar caste dog spotted bale pan yar nimammana dagar nau thane d boss fans nimammana dagar madiddu husharagi nodkoli thunne asege yar jotenadru odihodaalu 🤣🤪,26,0.0,0.6667,0.6667,0.3333,0.6667,False,high
Negative,@VARAPRASAD K K neen tunne chipake kayak illa,8,0.0,0.625,0.625,0.375,0.75,False,high
Negative,@Anil A hu niamman kalskodu keydu kolve baavi madi kalsthini olike eldu snana madkollivanthe thuldeepannan pans for a reason caste dogs 🤣,22,0.0,0.6667,0.6667,0.3333,0.6667,False,high
Positive,Film Andre idu. Super movie,5,0.0,0.3333,0.3333,0.6667,0.6667,True,high
Negative,But kone yalli police magala jeevana da bagge clarity kodbekittu... nIdondu bittu film matra,14,0.0,0.6154,0.6154,0.3846,0.7692,False,high
Positive,Cinema sakkathagide guru,3,0.0,0.3333,0.3333,0.6667,0.6667,True,high
unknown state,@Raja Vishnuvardhana Tamil of ciurse,5,0.0,0.3333,0.3333,0.6667,0.6667,True,high
not-Kannada,Athu sari kannadanukku tamil actor Vida kannada actor thane pudikkum,10,0.0,0.4444,0.4444,0.5556,0.8889,False,high
unknown state,@Thiru valluvan good bro...grt,4,0.0,0.6667,0.6667,0.3333,0.6667,True,high
unknown state,@Lavanya gowda Tan Q Sister,5,0.0,0.6667,0.6667,0.3333,0.6667,True,high
not-Kannada,BRO hou TO downlod,4,0.0,0.6667,0.6667,0.3333,0.6667,True,high
Negative,Sleeping beauty syndrome bari yuvakarige mathu yuvathige maatra baruthe ee vaisinnavirige alla ondhu point movie mistake,16,0.0,0.625,0.625,0.375,0.75,False,high
Mixed feelings,Movie yavaga boss,3,0.0,0.3333,0.3333,0.6667,0.6667,True,high
not-Kannada,Hindi me kab aygi ye movie,6,0.0,0.3333,0.3333,0.6667,0.6667,False,high
unknown state,@Rock Siddu hehehe,3,0.0,0.5,0.5,0.5,1.0,True,high
not-Kannada,Meku kannada samajhti ni phr bhi  I like it,9,0.0,0.4444,0.4444,0.5556,0.8889,False,high
not-Kannada,Full movie kab bajo gay,5,0.0,0.4,0.4,0.6,0.8,False,high
Positive,Entha valle    trailer  ri   edu   great nKelhu   kachda   galu n  intha   prathibe galu   karnataka dalidru   n dudina aase ge   low   quality   movie  madi  nkannada andre   jana  intrest thoris  bardu   naa  thara   aprada   madthidare,33,0.0,0.6667,0.6667,0.3333,0.6667,False,high
not-Kannada,Muje to ratsasan ka part 2 laga super movie,9,0.0,0.5,0.5,0.5,1.0,False,high
Positive,Movie chennagi ide,3,0.0,0.3333,0.3333,0.6667,0.6667,True,high
Positive,Move chenagi irli hero ge olledagli  tumbane kasta padta I dareP,11,0.0,0.6364,0.6364,0.3636,0.7273,False,high
not-Kannada,Hindi me kab aayegi,4,0.0,0.5,0.5,0.5,1.0,False,high
Positive,Movie super agidhe,3,0.0,0.3333,0.3333,0.6667,0.6667,True,high
Positive,Superbb movie osm evthu movie nodied super,7,0.0,0.5714,0.5714,0.4286,0.8571,False,high
Positive,Yintha movie pakka 100 days guru,6,0.0,0.4,0.4,0.6,0.8,False,high
Positive,Trailer  super  ide sir edu Hindi nalli kuda release madi please,11,0.0,0.4,0.4,0.6,0.8,False,high
Positive,In ond trip nodbeku but but sinama chenge madbittru olle movi ge olle respans illa Nam karnatakadalli,17,0.0,0.6875,0.6875,0.3125,0.625,False,high
Positive,Jai D Boss,3,0.0,0.5,0.5,0.5,1.0,True,high
Positive,Exhalant movie,2,0.0,0.5,0.5,0.5,1.0,True,high
Positive,Eli eddeli boss nim time bandide,6,0.0,0.5,0.5,0.5,1.0,False,high
Positive,Super movie  bera level kannada industry kodithe bro yellaru miss madthe nodbaku,12,0.0,0.4167,0.4167,0.5833,0.8333,False,high
Positive,E film baari ede ante guru nodle beku,8,0.0,0.5,0.5,0.5,1.0,False,high
not-Kannada,prajwal devaraj career best movie.,5,0.0,0.4,0.4,0.6,0.8,False,high
not-Kannada,Jai d boss,3,0.0,0.3333,0.3333,0.6667,0.6667,True,high
not-Kannada,Swamake or Remake....?,3,0.0,0.5,0.5,0.5,1.0,True,high
not-Kannada,U missed birbal,3,0.0,0.3333,0.3333,0.6667,0.6667,True,high
Positive,E cinema na kandita theatre alli ne nodteni,8,0.0,0.375,0.375,0.625,0.75,False,high
Positive,Jai d boss,3,0.0,0.3333,0.3333,0.6667,0.6667,True,high
Positive,@Harshan Maddy  kannada kke  nimma importance idre kushi ne,9,0.0,0.625,0.625,0.375,0.75,False,high
not-Kannada,Prajwal Devaraj sir,3,0.0,0.5,0.5,0.5,1.0,True,high
Positive,Super Anna nija anna,4,0.0,0.3333,0.3333,0.6667,0.6667,True,high
Negative,Wowww matte barlebardu ah daridra app,6,0.0,0.4,0.4,0.6,0.8,False,high
Negative,Matte comment yaru kettadagi maadbardantha commenters gu warning kottri idella thappe.public comment antha irodu adu public opinion nivu yaru nam bagge maathadodakke.,22,0.0,0.6818,0.6818,0.3182,0.6364,False,high
not-Kannada,Osm bro osm,3,0.0,0.6667,0.6667,0.3333,0.6667,True,high
Positive,Dialog super agii oddidya anna.. super,6,0.0,0.3333,0.3333,0.6667,0.6667,False,high
Negative,Nivu like goskara tiktok ge hogi idannella collect maadkondidira thane.niv  e video maadide full thappu .bcz nivu publisity goskare insta dalli follow maadi antha ella maathadthidira.matte avaru yella helidu thappu annodadre niv thumba bad words use maadidu thappe.,38,0.0,0.6842,0.6842,0.3158,0.6316,False,high
Negative,Bindu lowda hidko ba nan lowda,6,0.0,0.6667,0.6667,0.3333,0.6667,False,high
Positive,Super agi baidry Anna good talking,6,0.0,0.4,0.4,0.6,0.8,False,high
Positive,Subscribe aade guru,3,0.0,0.3333,0.3333,0.6667,0.6667,True,high
Positive,Creative kannadiga ur super  n tiktok  users ge nive correct,10,0.0,0.3,0.3,0.7,0.6,False,high
Positive,Anna sariyag matadidhiraa🤣......,3,0.0,0.5,0.5,0.5,1.0,True,high
Positive,Super  guru  jai  hind  neenu  nijavada  barathiya mattu  karnatakada  hemmeya putra  I love you  brother,15,0.0,0.5333,0.5333,0.4667,0.9333,False,high
Positive,Bro neenu Heludhu Sarine,4,0.0,0.5,0.5,0.5,1.0,True,high
Positive,Yen huru helidiri super,4,0.0,0.5,0.5,0.5,1.0,False,high
Positive,Super Guru entha troll Guru Ninangodu Salam Guru,8,0.0,0.3333,0.3333,0.6667,0.6667,True,high
Mixed feelings,ayoo super annaaaa,3,0.0,0.5,0.5,0.5,1.0,True,high
Negative,Super bro e nayiigulu erodrindane nam desha uddar agilla once again super bro,13,0.0,0.3846,0.3846,0.6154,0.7692,False,high
Negative,Tick tock Matti pub g arorna dayvittu India border of India...lAC ge kalisikodi,13,0.0,0.4,0.4,0.6,0.8,False,high
Positive,Helide guru ninu,3,0.0,0.6667,0.6667,0.3333,0.6667,True,high
Positive,Hundred persent true guruuu,4,0.0,0.3333,0.3333,0.6667,0.6667,True,high
Negative,Tik Tok tune hunkondh hoeyhu Tik Tok madhuru china avaradhu tune unri🤣🤣🤣🤣🤣,12,0.0,0.625,0.625,0.375,0.75,False,high
Mixed feelings,Bosssuuuuu super innu ugibeku tiktok yak ban madbeku annorge,9,0.0,0.625,0.625,0.375,0.75,False,high
Positive,Idu idu andre,3,0.0,0.6667,0.6667,0.3333,0.6667,True,high
Positive,Super video madiddira,3,0.0,0.3333,0.3333,0.6667,0.6667,True,high
Positive,Guruve en creative sharanu love u kannadiga,7,0.0,0.5714,0.5714,0.4286,0.8571,False,high
Negative,#u osm BronIvrella common sense less kaacaha galu n# one app value gotthilla sedegalu,14,0.0,0.4286,0.4286,0.5714,0.8571,False,high
not-Kannada,Ban tik tok,3,0.0,0.6667,0.6667,0.3333,0.6667,True,high
Mixed feelings,Saryagi rubbidira brother,3,0.0,0.6667,0.6667,0.3333,0.6667,True,high
not-Kannada,Osm bro I vill support u,6,0.0,0.3333,0.3333,0.6667,0.6667,False,high
Positive,Super Anna jai hind,4,0.0,0.3333,0.3333,0.6667,0.6667,True,high
Negative,Nonsense Kannada rost,3,0.0,0.5,0.5,0.5,1.0,True,high
Positive,Sariyagi helidira bro,3,0.0,0.6667,0.6667,0.3333,0.6667,True,high
Negative,totally nimmamman shaata,3,0.0,0.6667,0.6667,0.3333,0.6667,True,high
Positive,Nin dialog super guru chindi guru,6,0.0,0.3333,0.3333,0.6667,0.6667,False,high
not-Kannada,Sata bita jaga fill hagede dud,6,0.0,0.6667,0.6667,0.3333,0.6667,False,high
not-Kannada,Hindustani bhau timing,3,0.0,0.3333,0.3333,0.6667,0.6667,True,high
Positive,Nee super guru......,3,0.0,0.5,0.5,0.5,1.0,True,high
Negative,Ah allu raghu ge forward madbeku e video bari nigradavne,10,0.0,0.5,0.5,0.5,1.0,False,high
Positive,Supar guru chindi,3,0.0,0.6667,0.6667,0.3333,0.6667,True,high
Negative,Bro super aagi Ode kottidiya manga nann makkalige...,8,0.0,0.5,0.5,0.5,1.0,False,high
Positive,video super bossu,3,0.0,0.3333,0.3333,0.6667,0.6667,True,high
Positive,Devru guru neenu nSuper kannada da carry minati,8,0.0,0.5,0.5,0.5,1.0,False,high
Positive,Super guru munduvarisi,3,0.0,0.3333,0.3333,0.6667,0.6667,True,high
Positive,Guru sakathage helde....nin superb. ...superb ashte,6,0.0,0.5,0.5,0.5,1.0,False,high
Positive,Anna nevu super,3,0.0,0.3333,0.3333,0.6667,0.6667,True,high
Positive,Super bro nim matalli satya ide,6,0.0,0.5,0.5,0.5,1.0,False,high
Positive,Yen sakkathagi helidri guru,4,0.0,0.5,0.5,0.5,1.0,False,high
Positive,Super agi mathadthiya bro,4,0.0,0.5,0.5,0.5,1.0,False,high
Positive,Matte yake hakidira,3,0.0,0.6667,0.6667,0.3333,0.6667,True,high
Positive,hudugru hidgiraagodu talent,3,0.0,0.6667,0.6667,0.3333,0.6667,True,high
Positive,Yen  comedy guru  gulaab jamunu,5,0.0,0.4,0.4,0.6,0.8,False,high
Positive,Super agi helidi anna,4,0.0,0.5,0.5,0.5,1.0,False,high
Mixed feelings,Ban maadirodakke tumba thanks matte ee tara aap barde irali,10,0.0,0.6,0.6,0.4,0.8,False,high
Positive,Status nalli feelings haakondu,4,0.0,0.5,0.5,0.5,1.0,False,high
Positive,Actually point point nu bidsi supper aagi helidiya supppppppppeeeerrrrrbbb,9,0.0,0.375,0.375,0.625,0.75,False,high
Positive,Correct alva guru nin mathu 100 sathya,7,0.0,0.5,0.5,0.5,1.0,False,high
Positive,Super bro naanu Tik Tok maadtidde aadre adenu nam desha kintluu hechenalla namge nam desh beku adke yella chinaa apps na in install maadidini,24,0.0,0.6364,0.6364,0.3636,0.7273,False,high
not-Kannada,@bindugowda  blast full,3,0.0,0.3333,0.3333,0.6667,0.6667,True,high
Negative,Sariyagi degidiya guru  all the best desha abhimana elade ero sule makkali ge sariyagi deggg bekuuu,16,0.0,0.6429,0.6429,0.3571,0.7143,False,high
not-Kannada,Gubaal. Tennis ge ball🤣🤣🤣🤣🤣🤣🤣🤣🤣🤣🤣🤣,4,0.0,0.5,0.5,0.5,1.0,True,high
Positive,Chinddi  guru,2,0.0,0.5,0.5,0.5,1.0,True,high
Positive,Chindi chithrannaaa guru,3,0.0,0.5,0.5,0.5,1.0,True,high
Positive,Tik tok ban agirodike Nange Tumba Tumba Kushi ide happy 🥰,11,0.0,0.5,0.5,0.5,1.0,False,high
Negative,Why you only tik tok anno akka sumne erma ni,10,0.0,0.5,0.5,0.5,1.0,False,high
Negative,Tag it to bindu lowda.... Avalammana thikana kheya,8,0.0,0.5,0.5,0.5,1.0,False,high
Positive,Supper gurru 100. Present nija guru,6,0.0,0.5,0.5,0.5,1.0,False,high
Positive,ಸೂಪರ್  tune,2,0.5,0.0,0.5,0.5,1.0,True,high
Positive,Best song  sooper,3,0.0,0.3333,0.3333,0.6667,0.6667,True,high
not-Kannada,Hindi me kab ayega???,4,0.0,0.3333,0.3333,0.6667,0.6667,True,high
unknown state,Good morning mam,3,0.0,0.3333,0.3333,0.6667,0.6667,True,high
Positive,SupernTelugu lo kuda,3,0.0,0.6667,0.6667,0.3333,0.6667,True,high
Positive,Kannada ne best adrallu kannada songs adre hen andkondodira,9,0.0,0.3333,0.3333,0.6667,0.6667,False,high
Mixed feelings,Vijay prkash singing in super song nSinging  Vijay prakash sir,10,0.0,0.4444,0.4444,0.5556,0.8889,False,high
unknown state,Super sogs guru,3,0.0,0.3333,0.3333,0.6667,0.6667,True,high
Positive,Jai Kannada Jai india,4,0.0,0.5,0.5,0.5,1.0,True,high
Positive,Luv u rakshith Shetty sir,5,0.0,0.5,0.5,0.5,1.0,False,high
Positive,Rakshi shetty fans yar edera like made,7,0.0,0.5714,0.5714,0.4286,0.8571,False,high
unknown state,Gichha song appsji,3,0.0,0.6667,0.6667,0.3333,0.6667,True,high
Positive,yavdooo Hollywood movie nod8dange aytuu,5,0.0,0.5,0.5,0.5,1.0,True,high
Positive,Kannad song super,3,0.0,0.3333,0.3333,0.6667,0.6667,True,high
Positive,My fevareta song,3,0.0,0.3333,0.3333,0.6667,0.6667,True,high
Positive,Supper song nanna  maga feverte song,6,0.0,0.5,0.5,0.5,1.0,False,high
unknown state,Like salman jettender,3,0.0,0.6667,0.6667,0.3333,0.6667,True,high
not-Kannada,Bollywood ki aukaat is movie ke aage kuch bhi nhi h it,12,0.0,0.5833,0.5833,0.4167,0.8333,False,high
not-Kannada,Ye south indian log hindi walose nafrat krte hai tu kyu itna uchal raha hai ... kisi south indian movies ke songs/trailer pe ja aur comments dekh pta chal jaega,30,0.0,0.6207,0.6207,0.3793,0.7586,False,high
Positive,KGF 2 songs bartave with bang bang BGMs.,8,0.0,0.4286,0.4286,0.5714,0.8571,False,high
unknown state,V CCC gihkhj,3,0.0,0.5,0.5,0.5,1.0,True,high
unknown state,@AKSHAY ANAND n 1,4,0.0,0.5,0.5,0.5,1.0,True,high
Positive,Super vodis soing,3,0.0,0.6667,0.6667,0.3333,0.6667,True,high
Positive,Ade allu arjun songs 180 veiws ide adare nam songs 20 million saku bereyavarana belesidhu nav beleyona common kannadigas,19,0.0,0.6471,0.6471,0.3529,0.7059,False,high
Positive,Pls ellaru nodi views jasti madi pls its a request,10,0.0,0.4,0.4,0.6,0.8,False,high
Positive,Mast hadu super,3,0.0,0.3333,0.3333,0.6667,0.6667,True,high
Positive,Estu kelidru matte matte kelbeku ansutte,6,0.0,0.6667,0.6667,0.3333,0.6667,False,high
unknown state,Who is pavan kalyan?,4,0.0,0.5,0.5,0.5,1.0,False,high
not-Kannada,@Sagar Super bro,3,0.0,0.5,0.5,0.5,1.0,True,high
Negative,Hahahaha  LoL nIdiot beggar get lost.,6,0.0,0.3333,0.3333,0.6667,0.6667,False,high
Positive,Super duper song,3,0.0,0.3333,0.3333,0.6667,0.6667,True,high
Positive,Next song yavaga release madtira nWaiting🤗,6,0.0,0.5,0.5,0.5,1.0,False,high
unknown state,ರಕ್ಷಿತ್ ಶೆಟ್ಟಿ girl friend,4,0.5,0.0,0.5,0.5,1.0,False,high
unknown state,STANY d Souza,3,0.0,0.5,0.5,0.5,1.0,True,high
unknown state,Rakshith fan kerala,3,0.0,0.6667,0.6667,0.3333,0.6667,True,high
Positive,singer ಗೆ jai,3,0.3333,0.3333,0.6667,0.3333,0.6667,True,high
Positive,Hoooo super guru nin voice bhal superrrr,7,0.0,0.4,0.4,0.6,0.8,False,high
Positive,Super bro sari yagi heldde,5,0.0,0.4,0.4,0.6,0.8,False,high
Negative,Super  maga,2,0.0,0.5,0.5,0.5,1.0,True,high
Negative,Howdu bro app uninstall madudrea avrig amount hogodu kamiagutea plzzzzz uninstall Madi beavarce appp Adu thuuuuu,16,0.0,0.5455,0.5455,0.4545,0.9091,False,high
Positive,Super bro nivu,3,0.0,0.3333,0.3333,0.6667,0.6667,True,high
not-Kannada,Spr bro,2,0.0,0.5,0.5,0.5,1.0,True,high
Negative,Yanta jana brother nam deshakkoskara 1 app delete madoke agalva avarige,11,0.0,0.5,0.5,0.5,1.0,False,high
Positive,Bro nivu  supara,3,0.0,0.6667,0.6667,0.3333,0.6667,True,high
Positive,Tiktok ben agbek bro,4,0.0,0.5,0.5,0.5,1.0,False,high
Negative,Anna en mast helde 100 plzzz innu innu publish Madi thukali tiktok ge end sigli,15,0.0,0.5833,0.5833,0.4167,0.8333,False,high
Positive,Idu beku ivatthu full happy agidivi bro  osm,8,0.0,0.625,0.625,0.375,0.75,False,high
Negative,Tik tok uninstall madde irovrna china ge odsbeku bro,9,0.0,0.5556,0.5556,0.4444,0.8889,False,high
Negative,Innu Chenngi Baidu helu bro tik tok user gee,9,0.0,0.5714,0.5714,0.4286,0.8571,False,high
Positive,En helde guru,3,0.0,0.6667,0.6667,0.3333,0.6667,True,high
Positive,Bro Ten minutes + video madi bro niuo mado video na nodta edre nodtane erbeku anisutte,16,0.0,0.5714,0.5714,0.4286,0.8571,False,high
Positive,Bro kanditha madona,3,0.0,0.6667,0.6667,0.3333,0.6667,True,high
Negative,Naan antha China app antha yaavaglo delete maadidene nJai hind,10,0.0,0.6667,0.6667,0.3333,0.6667,False,high
Positive,Super agi roast madidiya guru.,5,0.0,0.4,0.4,0.6,0.8,False,high
Positive,Dharsha ge. Rost madu guru pls,6,0.0,0.4,0.4,0.6,0.8,False,high
Negative,Bro nan phone thagandaginda nu aa galeej app install madilla.adre adu yavdo ragitu goditu antharalla (share it ) na delete mad de,22,0.0,0.381,0.381,0.619,0.7619,False,high
Positive,Nanu tik tok use madutha ela bro .jai Indian army,10,0.0,0.6667,0.6667,0.3333,0.6667,False,high
Negative,Waste of tym tiktok ban madbidbek,6,0.0,0.5,0.5,0.5,1.0,False,high
Mixed feelings,Bro neevu helodhu correct naanu kooda tik tok uninstall  maadidini.adre bad words jaasthi use maadbedi bro,16,0.0,0.5625,0.5625,0.4375,0.875,False,high
Positive,Super bro yanke uninstall madbeku anno gandugale saryag helidira,9,0.0,0.6667,0.6667,0.3333,0.6667,False,high
Positive,ban tik tok,3,0.0,0.6667,0.6667,0.3333,0.6667,True,high
Positive,Ban tik tok,3,0.0,0.6667,0.6667,0.3333,0.6667,True,high
Mixed feelings,Guru eno heludri but sakkatag heludri super guru,8,0.0,0.5,0.5,0.5,1.0,False,high
Positive,I like super guru edu edu video andare,8,0.0,0.375,0.375,0.625,0.75,False,high
Positive,🤣🤣 sakath guru,3,0.0,0.5,0.5,0.5,1.0,True,high
Negative,Fast ban madro tiktok na agtila nodake evrgal atana,9,0.0,0.6667,0.6667,0.3333,0.6667,False,high
Negative,Sari nivu video na roast madi adre madvaga pubg atava free fire games hakondo madbedi a games kooda Chinese,19,0.0,0.5,0.5,0.5,1.0,False,high
Positive,S bro Niv helid nija,5,0.0,0.5,0.5,0.5,1.0,False,high
Negative,Guru bari uninstall madi anta helbdi. Inmele account delete madi uninstall madok helok start madi inna,16,0.0,0.6,0.6,0.4,0.8,False,high
Positive,bro nim video super china da appp use madbardu annod sari k nivu e china game pubg adthiralla bro nivu next video na e pubg game enda madbedi nan nimna geli madthaedini ankobedi,33,0.0,0.4375,0.4375,0.5625,0.875,False,high
Negative,Tik tok nan Shaaataaaaa,4,0.0,0.6667,0.6667,0.3333,0.6667,True,high
Negative,12 dislikes by gandu nanmakalu,5,0.0,0.5,0.5,0.5,1.0,False,high
Mixed feelings,Sorry sir nim yella video nan nodidini yeno manku badidu nodona hantha download madidde e video nodi delete madidini sir thanks,21,0.0,0.5238,0.5238,0.4762,0.9524,False,high
Negative,Jana gali modlu Mitron Indian app bandide adanna use madbeku chaina app na modlu delete  mad beku.,17,0.0,0.5333,0.5333,0.4667,0.9333,False,high
Mixed feelings,By mistakly nimma ondu video nodi subscribe agbitte  keep it up bro,12,0.0,0.4167,0.4167,0.5833,0.8333,False,high
Positive,Well said part 2 madu chinna.. chanagide,7,0.0,0.5,0.5,0.5,1.0,False,high
Positive,Insta link akiddini nodi brother,5,0.0,0.4,0.4,0.6,0.8,False,high
Negative,Modlu ee chinese apps galna india dalli ban madbeku...,9,0.0,0.5,0.5,0.5,1.0,False,high
Positive,Super guru.........ji kannadiga,3,0.0,0.5,0.5,0.5,1.0,True,high
Positive,open song edde agirlli n super music  super stepn         Bharjari gidde SongnnNalle release movie All the best  God bless you nn Dhruva Sarja Abhimanigallindan  Jaiii Anjaneya,26,0.0,0.3333,0.3333,0.6667,0.6667,False,high
Positive,Yaru yar fans agiri parvagilla kannada industry belibekhu annoro like madi 🥳 hosa charithre barili namma industry 🥳🥁 HANDS    UP,20,0.0,0.6875,0.6875,0.3125,0.625,False,high
Mixed feelings,Narayana song nodi bandavaru like Madi,6,0.0,0.6,0.6,0.4,0.8,False,high
Positive,ಕನ್ನಡ is super,3,0.3333,0.0,0.3333,0.6667,0.6667,True,high
Positive,Rakshit Shetty fans ondhu like Madi,6,0.0,0.5,0.5,0.5,1.0,False,high
unknown state,Friend's Block tickets kuda sigalla,5,0.0,0.5,0.5,0.5,1.0,False,high
Positive,ಇದು ಚರಿತ್ರೆ ಸೃಷ್ಟಿಸೊ ಸಿನಿಮಾn1st day 1st show  booked,8,0.5714,0.0,0.5714,0.4286,0.8571,False,high
Negative,Rashmika haters like madi,4,0.0,0.5,0.5,0.5,1.0,False,high
not-Kannada,Love rakshith shetty,3,0.0,0.6667,0.6667,0.3333,0.6667,True,high
Positive,Super song bro.... estsari kelidaru mate kelbek ansute...,8,0.0,0.5,0.5,0.5,1.0,False,high
unknown state,2nd song(Narayana) releasing tomorrow @11,5,0.0,0.3333,0.3333,0.6667,0.6667,True,high
Positive,Osm music,2,0.0,0.5,0.5,0.5,1.0,True,high
Mixed feelings,Howdu 100 percent,3,0.0,0.5,0.5,0.5,1.0,True,high
not-Kannada,Hats up karnataka,3,0.0,0.3333,0.3333,0.6667,0.6667,True,high
Mixed feelings,2.7k rashmika fans,3,0.0,0.5,0.5,0.5,1.0,True,high
unknown state,Kgf fan like har,4,0.0,0.5,0.5,0.5,1.0,False,high
unknown state,Kannadalli bandiro yella cinema December 27 kke hands up yidu charitre shrushtisu avatar annovru like madi,16,0.0,0.6429,0.6429,0.3571,0.7143,False,high
not-Kannada,Rakshith shetti luck like shankarnag,5,0.0,0.6,0.6,0.4,0.8,False,high
Positive,Nav gottala d boss fans,5,0.0,0.4,0.4,0.6,0.8,False,high
unknown state,KANNADA KAGI  LIKE ANU VATHi      n,6,0.0,0.3333,0.3333,0.6667,0.6667,True,high
unknown state,2019 last end -2020 this movie Rakshit settyge break kodutte annoru like madi,13,0.0,0.4,0.4,0.6,0.8,False,high
unknown state,Shankar Nag is back 🤗,5,0.0,0.3333,0.3333,0.6667,0.6667,True,high
Positive,Dina hodante e song na hava kuda hecchagtide annoru like madi,11,0.0,0.5455,0.5455,0.4545,0.9091,False,high
Mixed feelings,Hudgir comment hodadre yast like billatavala,6,0.0,0.6667,0.6667,0.3333,0.6667,False,high
Positive,ರಕ್ಷಿತ್ ಶೆಟ್ಟಿ ಸೂಪರ್ ಆಕ್ಟಿಂಗ್ but super action in music,9,0.4444,0.0,0.4444,0.5556,0.8889,False,high
unknown state,Super rakshith shetty,3,0.0,0.6667,0.6667,0.3333,0.6667,True,high
unknown state,Fans wars bittu Nam Kannada films belibeku annoru like madi..,10,0.0,0.5,0.5,0.5,1.0,False,high
unknown state,@Samyak H P ಖಂಡಿತವಾಗಿಯೂ,4,0.25,0.25,0.5,0.5,1.0,False,high
unknown state,@Bhimrao Naik appu fans support all Kannada films,8,0.0,0.3333,0.3333,0.6667,0.6667,False,high
unknown state,Mungaru male and dia,4,0.0,0.5,0.5,0.5,1.0,False,high
Positive,Dubai le fcbk le movie nodiedi  eyes le ner bantu nam jana ke yav cinema nodbeyaku anta gotilla kgf movie barueti odi badi hogi noderi,25,0.0,0.56,0.56,0.44,0.88,False,high
Positive,Diya and love mocktail ಮತ್ತೆ release aagbeku ಥಿಯೇಟರ್ li nodbeku,10,0.2,0.4,0.6,0.4,0.8,False,high
Negative,S true. Ivattina namma industry kathe idu...  but inmunde e eradu sensational movies inda next yavde olle movie bandru nam jana olle response kodtare ankotidini...  hage adre innu ollede,29,0.0,0.5385,0.5385,0.4615,0.9231,False,high
unknown state,Sir naanu Visakhapatnam li iradhu,5,0.0,0.5,0.5,0.5,1.0,False,high
Positive,Pls yestto jana nodlila film ...innome reles maadi ....naan antu bigg fan of dia,14,0.0,0.5833,0.5833,0.4167,0.8333,False,high
Negative,Nijwaglu neewe crt agii promotion madila,6,0.0,0.6667,0.6667,0.3333,0.6667,False,high
Negative,Promotion chennag madilla,3,0.0,0.6667,0.6667,0.3333,0.6667,True,high
Positive,Movie sakathage edi.. nodi...,4,0.0,0.6667,0.6667,0.3333,0.6667,True,high
Positive,Dia super movie,3,0.0,0.3333,0.3333,0.6667,0.6667,True,high
Positive,Amazon prime alli bittidira....yella manele nodtare....,6,0.0,0.5,0.5,0.5,1.0,False,high
Negative,Sir ennond sala re release madi  dabba nan maklu movie na teligram nalli online nalli bitre yar theater ge barthare sir first film industry navru yalru seri ban madsi film release agi 6 months yalli oragade sigbardhu avagaga nim kasta pattu madiro kelsakke prathipala sigutte   movie release agi next day ne mobile nalli bandre jana theater ge hogodilla soo sad,60,0.0,0.5424,0.5424,0.4576,0.9153,False,high
Mixed feelings,Yelru mobile nalli nodidare theater hogi nodrapoa plz,8,0.0,0.625,0.625,0.375,0.75,False,high
unknown state,Sir madam ninmna once aldru meet mada beku,8,0.0,0.5,0.5,0.5,1.0,False,high
Mixed feelings,Movie na theatre nalli nodokagilla anta and movie tumba dina odilla anta bejaragtide,13,0.0,0.5385,0.5385,0.4615,0.9231,False,high
Positive,I like prutvi Ambar (adi) style,6,0.0,0.4,0.4,0.6,0.8,False,high
Positive,Prudvi supar acting sakkat suuuuuupar film,6,0.0,0.6,0.6,0.4,0.8,False,high
Negative,Howdu movie Adbhuta..... tumba chennagide..... but ending swalpa disturbing ansatte..... adi and diya ondagiddidre innu chennagirtittu..... Elru tumba chennag act madidare,21,0.0,0.625,0.625,0.375,0.75,False,high
Positive,Re relice agbeku,3,0.0,0.6667,0.6667,0.3333,0.6667,True,high
Positive,ತುಂಬಾ ಒಳ್ಳೆ ಸಿನೆಮಾ.. Best movie of 2020 in kannada,9,0.4286,0.0,0.4286,0.5714,0.8571,False,high
unknown state,96 film tamil alli blockbuster... gultoo,6,0.0,0.5,0.5,0.5,1.0,False,high
unknown state,1st rank raju,3,0.0,0.5,0.5,0.5,1.0,True,high
Positive,Re release madi,3,0.0,0.3333,0.3333,0.6667,0.6667,True,high
Negative,Ellla ok kannada kammmi aytu   nimm mathalli,7,0.0,0.6,0.6,0.4,0.8,False,high
Mixed feelings,Sir e Corona effect mugidmele rerelease maadakaagalva,7,0.0,0.5,0.5,0.5,1.0,False,high
Positive,Re realise maadenName change maade,5,0.0,0.6,0.6,0.4,0.8,False,high
Mixed feelings,jana theatre ge bandilla aadrinda collection kadime aagide,8,0.0,0.5,0.5,0.5,1.0,False,high
Positive,Nijvaaglu film na teaternalli nodade iroke sry. Innondu sari release madi,11,0.0,0.6,0.6,0.4,0.8,False,high
Positive,One week salala .reach abeku ivag ela fast ide .nyc movie nodbeku etara agbhardu .node nodthare jana nodo tym ivag irbeku .etara agbhardu,23,0.0,0.6087,0.6087,0.3913,0.7826,False,high
Mixed feelings,Sorry filmna  naanu theater hogi nodlilla kshamisi...super movie mobile Alli nodide ..tappige account no heli duddu haktini,17,0.0,0.6,0.6,0.4,0.8,False,high
Negative,6-5=2 film ತಂಡ ಮಾಡಿದೆ andiddake...e ಫಿಲ್ಮ್ ತುಂಬಾ ಜನ ನೋಡದೆ ಇರ್ಬೋದು...aa ಫಿಲ್ಮ್ ತುಂಬಾ ಗಿಮಿಕ್ ಇಂದ ತುಂಬಿತ್ತು...but this film..has good story base...stop promoting with 6-5=2....all the best,25,0.5714,0.0476,0.619,0.381,0.7619,False,high
Positive,Film super.tumba kaaduva cinema,4,0.0,0.5,0.5,0.5,1.0,False,high
Positive,Diya is super ....movie,4,0.0,0.3333,0.3333,0.6667,0.6667,True,high
Negative,Ittheechige nodida movie DIA and love mocktail... 2 movie janake olle movie correctaagi thalupisbeku illandre heege nelakacchutthe.....  promotion maadoke social media use maadkondu janaranna thalupabeku...  innaadru industry avru yecchetthbeku,29,0.0,0.5833,0.5833,0.4167,0.8333,False,high
unknown state,nanu Attidini climax nalli,4,0.0,0.6667,0.6667,0.3333,0.6667,True,high
Positive,Film nalli yellara kelasa chennagide.heroin super aagiddare .super aagi act maadiddarenDuddalli sothiddareno gothilla.kannadigara hrudayadalli film geddide.heroine ge dayAvittu chance kodi,20,0.0,0.65,0.65,0.35,0.7,False,high
Negative,YouTube nali upload agiroduna modhlu delete madsii,7,0.0,0.5714,0.5714,0.4286,0.8571,False,high
Mixed feelings,Nim movie scene Evaga viral aagidhe anna,7,0.0,0.3333,0.3333,0.6667,0.6667,False,high
Positive,Edalla Corona havali mugid mele e film na re release madbeku,11,0.0,0.5,0.5,0.5,1.0,False,high
Negative,Yak jana barthilla andre sir yaro loffer nanna maklu YouTube Facebook yella kadenu movie na akidare yellaru elle nodtare heg bartare heli,22,0.0,0.6667,0.6667,0.3333,0.6667,False,high
Positive,Best film ide sirr love u alla ಯಾಕೆ ಇ film ಇಷ್ಟ ಅಂದ್ರೆ ಇದರಲ್ಲಿ ಬರುವ ಪಾತ್ರ ನಮ್ಮ್ಗ ಎನೂ link ಇದೇ ಅನ್ನೋ ಥರ ಇದೆ supper sir,24,0.5417,0.0833,0.625,0.375,0.75,False,high
Positive,Ondu olle movie na theater nalli nodoke miss maadkonde......,9,0.0,0.5,0.5,0.5,1.0,False,high
Positive,Yella characters supermatte re release madi,6,0.0,0.5,0.5,0.5,1.0,False,high
Positive,Adi dia super acting🥰,4,0.0,0.5,0.5,0.5,1.0,False,high
Positive,Super a'm waiting jantal man,5,0.0,0.4,0.4,0.6,0.8,False,high
Positive,Y. Boss.ಅಭಿಮಾನಿಗಳ ಕಡೆಯಿಂದ. All the best Sir....,7,0.4,0.0,0.4,0.6,0.8,False,high
Positive,D Boss fans ಕಡೆಯಿಂದ ಆಲ್ di best,7,0.3333,0.0,0.3333,0.6667,0.6667,False,high
Negative,Yavdu nodtidira adar bagge aste Madi adu bittu avara fan ivara fan ninda all the best anta bogalbedi,18,0.0,0.6471,0.6471,0.3529,0.7059,False,high
Positive,ಸೂಪರ್... ಜಂಟಲ್ ಮ್ಯಾನ್..... All the best,6,0.6,0.0,0.6,0.4,0.8,False,high
Positive,Super conceptnReally Prajwal Devaraj eetara cinema select madi madtare ankondirlilla super concept,12,0.0,0.5,0.5,0.5,1.0,False,high
not-Kannada,Allappa beta aaa,3,0.0,0.5,0.5,0.5,1.0,True,high
unknown state,Jai D Bossssss,3,0.0,0.5,0.5,0.5,1.0,True,high
Negative,Lo remake alla antha hekde tane,6,0.0,0.6667,0.6667,0.3333,0.6667,False,high
Positive,Beautiful movies sar,3,0.0,0.3333,0.3333,0.6667,0.6667,True,high
Negative,@d boss mania Bhrame nalli baduktidiya chinna nnModlu darshan ye boss ge bucket hidadu beladirodu adunna taleli itko nnDarshan antha 100 jana na industry boss belsavrennavryako innobban ge bucket hiditare bucket nan magne,33,0.0,0.5161,0.5161,0.4839,0.9677,False,high
Negative,@d boss mania Kaili aagde iro shandru mai paruchkotave nnadak naav tale kedskolalla nndagar na nam karnataka dalle yavangu gottilla inna other state,23,0.0,0.5909,0.5909,0.4091,0.8182,False,high
Negative,@ಕಿಚ್ಚನ ಹಾವಳಿ o reviews chennagiddru movie odlilla yakkapa other lamguagalli,10,0.2,0.4,0.6,0.4,0.8,False,high
Negative,@d boss mania Nanag gottu bido childnnPailwaan flop,8,0.0,0.4286,0.4286,0.5714,0.8571,False,high
Positive,All the best fro ಡಿ ಬಾಸ್ ಫ್ಯಾನ್ಸ್,7,0.4286,0.0,0.4286,0.5714,0.8571,False,high
Positive,Jai D Boss,3,0.0,0.5,0.5,0.5,1.0,True,high
Positive,Jai D ಬಾಸ್,3,0.3333,0.3333,0.6667,0.3333,0.6667,True,high
unknown state,Bookmyshow nalli Robert ge interest kodi,6,0.0,0.6,0.6,0.4,0.8,False,high
unknown state,Prajwal Devraj is Back,4,0.0,0.5,0.5,0.5,1.0,True,high
unknown state,Like madi link share madi,5,0.0,0.4,0.4,0.6,0.8,False,high
unknown state,@MADHU S B,3,0.0,0.3333,0.3333,0.6667,0.6667,True,high
Negative,ningyak like madbeko,3,0.0,0.6667,0.6667,0.3333,0.6667,True,high
unknown state,@MADHU S B ಹೌದು ಗುರು,5,0.4,0.2,0.6,0.4,0.8,False,high
unknown state,Srinidhi ಶ್ರೀ w,3,0.3333,0.3333,0.6667,0.3333,0.6667,True,high
Mixed feelings,Sir Karnataka outside promotion ಚನ್ನಾಗಿ ಮಾಡಿ,6,0.4,0.0,0.4,0.6,0.8,False,high
Mixed feelings,Promotion ಚನ್ನಾಗಿ ಮಾಡಿ sir. yeno sir Karnataka outside film sound ಮಾಡ್ತಾ ಇಲ್ಲ. ನಿಮಗಿಂತ ನಾಮಿಗೆ ಈ ಫಿಲ್ಮ ಹಿಟ್ ಆಗಲ್ಲಿ ಅನೋ ಆಸೆ ಇದೆ sir,22,0.619,0.0476,0.6667,0.3333,0.6667,False,high
Positive,Hindi illa Andre 300 crore agodu dream ashte,8,0.0,0.6667,0.6667,0.3333,0.6667,False,high
unknown state,Hindi song bittilva?,3,0.0,0.3333,0.3333,0.6667,0.6667,True,high
Positive,Super rakshit shetty film song,5,0.0,0.4,0.4,0.6,0.8,False,high
Negative,Yenthadu Sir... Northnalli promotion yavaga maadthiri ??? Namge eh film gellalebeku ...damayya marre,13,0.0,0.625,0.625,0.375,0.75,False,high
Positive,Kannada promotion beda.. Kannadigaru nimmana gellistare,6,0.0,0.6,0.6,0.4,0.8,False,high
Mixed feelings,Game yavadu bro adu,4,0.0,0.5,0.5,0.5,1.0,False,high
unknown state,GTA 5 bro,3,0.0,0.5,0.5,0.5,1.0,True,high
Positive,@Creative Kannadiga tysm Anna....nivu comment madidakke...bt sry Anna...bcaz nan insta use madalla,12,0.0,0.375,0.375,0.625,0.75,False,high
Positive,Jai Hind  jai Karnatakan               AndnSuper song bro,7,0.0,0.6,0.6,0.4,0.8,False,high
Positive,Super Anna full gicha gili gili,6,0.0,0.6,0.6,0.4,0.8,False,high
Positive,Song ista adaro illi like madi,6,0.0,0.6667,0.6667,0.3333,0.6667,False,high
unknown state,Gta 5 bro,3,0.0,0.5,0.5,0.5,1.0,True,high
Mixed feelings,Tqsm bro,2,0.0,0.5,0.5,0.5,1.0,True,high
Positive,Guru tq nan wait madtidde nin video na,8,0.0,0.375,0.375,0.625,0.75,False,high
unknown state,Kapi baddathade super,3,0.0,0.6667,0.6667,0.3333,0.6667,True,high
Mixed feelings,Yav game idu,3,0.0,0.6667,0.6667,0.3333,0.6667,True,high
Mixed feelings,kelsa maddidare anna Modiji,4,0.0,0.6667,0.6667,0.3333,0.6667,True,high
unknown state,@suresh surya tq sir,4,0.0,0.5,0.5,0.5,1.0,False,high
Mixed feelings,12pm start madi 5pm complete madde,6,0.0,0.5,0.5,0.5,1.0,False,high
Mixed feelings,Bro tiktok ban agilla anta helta idare nija na,9,0.0,0.6667,0.6667,0.3333,0.6667,False,high
Positive,bro same video part 2 madu bro please plsssssssssssssssssssssssssssssssssssss swalpa bindu Gowda na akond roaste madu bro,17,0.0,0.4286,0.4286,0.5714,0.8571,False,high
unknown state,ಖಂಡಿತ ಮಾಡ್ತಿನಿ bro,3,0.6667,0.0,0.6667,0.3333,0.6667,True,high
unknown state,Gta 5 bro,3,0.0,0.5,0.5,0.5,1.0,True,high
Mixed feelings,Insta link ಅಕಿದ್ದೀನಿ ನೋಡಿ bro ಅಲ್ಲಿ ಬಂದು,7,0.5714,0.0,0.5714,0.4286,0.8571,False,high
Positive,nim songs super,3,0.0,0.3333,0.3333,0.6667,0.6667,True,high
Positive,Super annaa    🤗🤗,3,0.0,0.5,0.5,0.5,1.0,True,high
unknown state,Bro nanu kichcha fan bro...,5,0.0,0.5,0.5,0.5,1.0,False,high
unknown state,@gowthami gowthami wow nice...,4,0.0,0.6667,0.6667,0.3333,0.6667,True,high
unknown state,@Praveen M V,3,0.0,0.3333,0.3333,0.6667,0.6667,True,high
Negative,No.. 1 sec saku summe mnt ella waste madtara,9,0.0,0.5,0.5,0.5,1.0,False,high
Positive,Super brother nev heledu estondu visaya ede anta gotedella super nem fan bro nan,14,0.0,0.5,0.5,0.5,1.0,False,high
Negative,Bindhu sulee tiktok sadee  roast Madhu ivaladhuuu full roast madeeee jai indian army,13,0.0,0.5,0.5,0.5,1.0,False,high
unknown state,ಕರೆಕ್ಟ್ ಬ್ರದರ್ love you bro,5,0.4,0.0,0.4,0.6,0.8,False,high
Positive,En guru nim video ge fan agode aitu nimge namma kade inda subscribe,13,0.0,0.6154,0.6154,0.3846,0.7692,False,high
Positive,Super rost Anna,3,0.0,0.5,0.5,0.5,1.0,True,high
Positive,Hi nan nim vedios nodthini thumba funny agi roast madthira,10,0.0,0.6,0.6,0.4,0.8,False,high
Positive,Super Anna sakathagi ugdidira,4,0.0,0.6667,0.6667,0.3333,0.6667,True,high
Negative,Tik tok ban madirodrinda yargadru bejaragi frustration agidre bandu nan tun  undbidri samadaana agbahdu ella Andre Nim helna neeve tindbidi soo mindri mundera adra madorgu nimgu no changes e comment ge yalla Hindustan supporters reply maadinnChaina support madorge yav Tara k beku,42,0.0,0.6316,0.6316,0.3684,0.7368,False,high
unknown state,Channag ugide bro,3,0.0,0.6667,0.6667,0.3333,0.6667,True,high
Positive,Yen bro nivu supper nim fan agbitte,7,0.0,0.4286,0.4286,0.5714,0.8571,False,high
Positive,Nivu. Helodu sari china app ban agalebeku,7,0.0,0.3333,0.3333,0.6667,0.6667,False,high
Positive,Neen super guru🤩🤣,3,0.0,0.3333,0.3333,0.6667,0.6667,True,high
Positive,Sir super matadidre,3,0.0,0.3333,0.3333,0.6667,0.6667,True,high
Positive,Super anna bindass agi mathadiddira inshatu makake ugudru kelavar adaralli erthivi navu anthare antha mental people na mental hospital ge akbeku,21,0.0,0.619,0.619,0.381,0.7619,False,high
not-Kannada,Niceeeeeee vidio bro,3,0.0,0.5,0.5,0.5,1.0,True,high
Negative,@BAD BOY yappa Modlu Arta ago Tara type maadu,9,0.0,0.4,0.4,0.6,0.8,False,high
Positive,Gentleman sir nevu,3,0.0,0.3333,0.3333,0.6667,0.6667,True,high
Mixed feelings,Namma tande nu heege sir,5,0.0,0.6,0.6,0.4,0.8,False,high
Positive,Nimge olledagli sir god bless you Sir,7,0.0,0.3333,0.3333,0.6667,0.6667,False,high
Mixed feelings,Dodda dodda natarella ellodro.. thu... you are really great sir...,10,0.0,0.5,0.5,0.5,1.0,False,high
Positive,Sir nivu tumba olle olle programs madtira sir,8,0.0,0.625,0.625,0.375,0.75,False,high
Positive,Nimge idu suit agolla sir,5,0.0,0.6,0.6,0.4,0.8,False,high
Positive,love you shankar sir ........namage neevu beku sir !!! matte neevu nammanna manaranjane maadi neevu illade iro kannada cinema naanu nodalla sir .....,23,0.0,0.6,0.6,0.4,0.8,False,high
Positive,naanu ollevarige mathra olle comments madtini sir ......ninnanta olle vektige ollede agutte sir shankar sir nimmanta seniors namage inspiration sir !!!! haage kuda anchor kuda super neevu kuda naanu mecchida anchor neevu,32,0.0,0.6667,0.6667,0.3333,0.6667,False,high
Positive,Sir nim account num kodi sir,6,0.0,0.5,0.5,0.5,1.0,False,high
Positive,Sar nanu nemma thandhe Abimani          Sar good luck,8,0.0,0.6667,0.6667,0.3333,0.6667,False,high
Positive,ಈಗಿನ ಕಾಲದ ಸ್ವಾಭಿಮಾನಿ ಮನುಷ್ಯ Hand's up sir,7,0.6667,0.0,0.6667,0.3333,0.6667,False,high
Positive,Nama D Boss Nimaage kanditha Sahaya madthare sir,8,0.0,0.6,0.6,0.4,0.8,False,high
Mixed feelings,Ond ond film ge koti koti togotira.. ellide sir nim manaviyate.. help maadi sir evrige.. samanyadavru alla evru ashwath avr maga. Kannada industry ge hemmeya actor kanri.. punith sir neeve barbeku.. shivanna.. neevadru help maadi. Esht movie li Nim Appa ji avrge appa'n role madiddu evra appa'avr. Marebedi sir,49,0.0,0.6818,0.6818,0.3182,0.6364,False,high
Positive,Nimma customer reactionna video maadi youtube channel open maadi upload madi sir,12,0.0,0.4167,0.4167,0.5833,0.8333,False,high
Positive,Nijavaglu belakaythu Shankar sir,4,0.0,0.6667,0.6667,0.3333,0.6667,True,high
Positive,sr u r great sr nimage Kannada chitrarangadalli avakashagalu sigalli sr sudeep sr darashan sr mattu yesh sr plz yella Kannada hirogalu nim pilimagalalli avakashagalu  kudri plz plz plz  plz plz,31,0.0,0.4828,0.4828,0.5172,0.9655,False,high
Positive,Appa geddhamele maga geddhage  sir ur great,7,0.0,0.5714,0.5714,0.4286,0.8571,False,high
Positive,Nivu great sir swabhimani sir Ella namma preethiya geleyaru hege yara,11,0.0,0.7,0.7,0.3,0.6,False,high
Positive,Sir Nimage olleyadaagali,3,0.0,0.5,0.5,0.5,1.0,True,high
Positive,Thanks sir kayakve kailasa ja basva,6,0.0,0.6667,0.6667,0.3333,0.6667,False,high
Positive,God blees you sir hanumantana krupe nima melirali,8,0.0,0.625,0.625,0.375,0.75,False,high
Positive,Bahusha nanna jeevana kooda nimma dariyalle naditha ide sir hat's off sir nimma swabhimaanakke,14,0.0,0.6429,0.6429,0.3571,0.7143,False,high
Positive,Nimma Swabhimani jeevanakkondu Salam siryou are great than many others,10,0.0,0.375,0.375,0.625,0.75,False,high
Negative,@Mahesh 13 1- Rajkumar chitragalanu naanu nodidheeni. Haadu ishta pattidheeni. Adhrey avara haadey best antha illaa.nn2- Songs music composing aaa? Ilayaraja goththaa? Shankar Ganesh goththaa? Haris Jayaraj goththaa? AR Rahman? Santhosh Narayanan? MS Viswanathan? Deva? Ivarella Rajkumar illadhe yeshtu hit songs kottidhaare goththaa Kannada dhalli? nShankar Ganesh thagolli. Average music director. Avara Kannada songs tune aagley bayankara craze - Karunaada Thaayi Sadha chinmayee,63,0.0,0.6875,0.6875,0.3125,0.625,False,high
Negative,Abbbabbabababababa . . Dhoolu guru.. gooli Bantu,7,0.0,0.5,0.5,0.5,1.0,True,high
Positive,Pakka hit aguthee,3,0.0,0.6667,0.6667,0.3333,0.6667,True,high
Positive,Kannada always no.1 agirbeku kannada belsi ulsi esta agli esta ellade edru plz like madi dislike madbedi kannadadavre dislike madidre hege yar fan adre enu kannada belsokr,27,0.0,0.6538,0.6538,0.3462,0.6923,False,high
unknown state,Love u rakshita shetty,4,0.0,0.5,0.5,0.5,1.0,False,high
Positive,Hand up bro.... super agide bro Namma Kannada movie adre sumanena,11,0.0,0.375,0.375,0.625,0.75,False,high
Positive,300 plus ಕೋಟಿ ಪಕ್ಕಾ,4,0.6667,0.0,0.6667,0.3333,0.6667,True,high
not-Kannada,Bgm osm and unique song,5,0.0,0.4,0.4,0.6,0.8,False,high
Positive,@Royal Rumble story ge ee song relevantag idya...nEe song bekagitta anta...,11,0.0,0.375,0.375,0.625,0.75,False,high
Negative,@Syed Akbar hello srk athava salman khan fan... Ninge race 3 ne sari... nnnnSuper story alvaa race 3,18,0.0,0.4545,0.4545,0.5455,0.9091,False,high
Mixed feelings,Different aagide song... n,4,0.0,0.3333,0.3333,0.6667,0.6667,True,high
Mixed feelings,Nam amma helidaare rakshit shetty dual role erodu anta....Nodana!,9,0.0,0.625,0.625,0.375,0.75,False,high
Mixed feelings,Ulti music ajanish sir,4,0.0,0.5,0.5,0.5,1.0,False,high
Negative,Chindi Song guru,3,0.0,0.5,0.5,0.5,1.0,True,high
Positive,Kicchana abhimanigala kadeyinda alll the best pakka,7,0.0,0.6667,0.6667,0.3333,0.6667,False,high
Positive,Hands UP​... ಇದು ಚರಿತ್ರೆ ಸೃಷ್ಟಿಸೋ ಅವತಾರ... #ASN waiting for you,10,0.5,0.0,0.5,0.5,1.0,False,high
unknown state,Unique tune.. Ade thamte,4,0.0,0.3333,0.3333,0.6667,0.6667,True,high
not-Kannada,Mp3  osm bro,3,0.0,0.5,0.5,0.5,1.0,True,high
Negative,387 tusmika fans anstade,4,0.0,0.6667,0.6667,0.3333,0.6667,True,high
Positive,Shetre song soooooper,3,0.0,0.5,0.5,0.5,1.0,True,high
Positive,Namma Huduga super agi madavnne super darlings,7,0.0,0.5,0.5,0.5,1.0,False,high
Negative,So 374 jana rashmika fans music video nodidare illi ವರಗೆ.,10,0.1111,0.3333,0.4444,0.5556,0.8889,False,high
Mixed feelings,Nope i understood because im ಕನ್ನಡಿಗ,6,0.1667,0.1667,0.3333,0.6667,0.6667,False,high
Mixed feelings,Bere movie Trailer nodi,4,0.0,0.6667,0.6667,0.3333,0.6667,True,high
Positive,Hindi song yalli,3,0.0,0.3333,0.3333,0.6667,0.6667,True,high
Positive,One time ge songe artha agolla. . Pakka bt kelbeku ennond sari ansatte. . .,15,0.0,0.6364,0.6364,0.3636,0.7273,False,high
Positive,Kelta kelta finally idu kick kodtu. excellent,7,0.0,0.5714,0.5714,0.4286,0.8571,False,high
Mixed feelings,This songs is sounds like ಕೋಟಿಗೊಬ್ಬಾ  ಕೋಟಿಗೊಬ್ಬಾ ... 🤨 ( ಕೋಟಿಗೊಬ್ಬ 2 ),13,0.375,0.0,0.375,0.625,0.75,False,high
Negative,Rango english animated movie nodi story bardiro haag ede.,9,0.0,0.5556,0.5556,0.4444,0.8889,False,high
Positive,En guru song nHowdoo huliyaaaa,5,0.0,0.5,0.5,0.5,1.0,False,high
Mixed feelings,@Chaitanya P ? Haagandre yenu? Nam hero yellakade gelbekalwa?..,9,0.0,0.5,0.5,0.5,1.0,False,high
Positive,@Mithun KUDLA Kannadadalli nodi... Kannada version views jaasti maadi...,9,0.0,0.5,0.5,0.5,1.0,False,high
unknown state,Ninyavaga hindi li nodidiyappa?? Swalpa link share madu??,8,0.0,0.4286,0.4286,0.5714,0.8571,False,high
Positive,Good Content  yaaradru parvagila.,4,0.0,0.6667,0.6667,0.3333,0.6667,True,high
Negative,Fan war shuru madbeda guru,5,0.0,0.4,0.4,0.6,0.8,False,high
Positive,Ebru kannada films na promote madtavre.ningyo kho beku comparison madodu......,10,0.0,0.4444,0.4444,0.5556,0.8889,False,high
Negative,Nev hing madodhakene... nav udhara agthilla....,6,0.0,0.5,0.5,0.5,1.0,False,high
Negative,Guru ninge like beku andre kelu Kodthare adu bitu thandidabeda,10,0.0,0.6667,0.6667,0.3333,0.6667,False,high
Mixed feelings,@chetan kumarab nan yavagloo compare maddhe...,6,0.0,0.6,0.6,0.4,0.8,False,high
Mixed feelings,@chetan kumarab nan ning alla guru helidhu....,7,0.0,0.6667,0.6667,0.3333,0.6667,False,high
Mixed feelings,@chetan kumarab guru ve.... aha comment maddhavn hesru nodo....nanalla kano,10,0.0,0.5,0.5,0.5,1.0,False,high
Negative,I love gojjekesari Sule gayash,5,0.0,0.5,0.5,0.5,1.0,False,high
Mixed feelings,Instagram ali share madi avlna tag madi e math helu bro,11,0.0,0.3636,0.3636,0.6364,0.7273,False,high
unknown state,Short film EDITING ಮಾಡುವುದು ಹೇಗೆ ಲಿಂಕ್nn,6,0.6,0.0,0.6,0.4,0.8,False,high
Negative,Flop disaster film is on the way...nಇದ್ ಎನ್ ಸಾಂಗ್ ಕುಲವ ಗುರು ಡಬ್ಬ ಸಾಂಗ್,13,0.5385,0.0,0.5385,0.4615,0.9231,False,high
Negative,Nam antha talent ge bele ilaa,6,0.0,0.5,0.5,0.5,1.0,False,high
Mixed feelings,Anna super nivu yallidnda baiyodu kalthe,6,0.0,0.6667,0.6667,0.3333,0.6667,False,high
Positive,Nan tik tok account ne delete madi uninstall madidhini bro..,10,0.0,0.4,0.4,0.6,0.8,False,high
Positive,Yan helidiya guru,3,0.0,0.6667,0.6667,0.3333,0.6667,True,high
Positive,Niv correct agi helidri......Tiktok India dalli ban aglebeku,8,0.0,0.6667,0.6667,0.3333,0.6667,False,high
not-Kannada,Good jod broo,3,0.0,0.6667,0.6667,0.3333,0.6667,True,high
Positive,Super bro nin ello erbekithu,5,0.0,0.6,0.6,0.4,0.8,False,high
Positive,Nan uninstall madhe,3,0.0,0.3333,0.3333,0.6667,0.6667,True,high
Positive,Guru ninu super,3,0.0,0.3333,0.3333,0.6667,0.6667,True,high
Positive,Superb bro nivu,3,0.0,0.3333,0.3333,0.6667,0.6667,True,high
Negative,Avlge avra appaniginta pakkada mane uncle tumbaa esta adke bro,10,0.0,0.7,0.7,0.3,0.6,False,high
Negative,Allige Ella beda just ondhu rally attend madli,8,0.0,0.5714,0.5714,0.4286,0.8571,False,high
not-Kannada,@Hemanth kumar v 404,4,0.0,0.6667,0.6667,0.3333,0.6667,True,high
Positive,Super bro nan nimna support maadthini,6,0.0,0.3333,0.3333,0.6667,0.6667,False,high
Negative,Super bro ujji innu ujji,5,0.0,0.6,0.6,0.4,0.8,False,high
Positive,100 ಕೋಟಿ ಫಾರ್ month or day haa anna,8,0.2857,0.1429,0.4286,0.5714,0.8571,False,high
not-Kannada,Tik tak best app,4,0.0,0.5,0.5,0.5,1.0,False,high
not-Kannada,hate tik tok,3,0.0,0.6667,0.6667,0.3333,0.6667,True,high
Positive,Guru tiktok ban agbeku ninu correct guru,7,0.0,0.4286,0.4286,0.5714,0.8571,False,high
Positive,Tik tok ban maadi. Ellari India app mitron app use maadi. Adhu same tik tok tharane idhe,17,0.0,0.6429,0.6429,0.3571,0.7143,False,high
Positive,An anna nivu super bidi anna nivu,7,0.0,0.4286,0.4286,0.5714,0.8571,False,high
not-Kannada,Jai Jawan Jai hind,4,0.0,0.5,0.5,0.5,1.0,True,high
not-Kannada,Bro super broo,3,0.0,0.3333,0.3333,0.6667,0.6667,True,high
Negative,Taro sule Makalu who is dis like gandugalu super vedios,10,0.0,0.3333,0.3333,0.6667,0.6667,False,high
Negative,Yar guru evlu chaina hudgi naa indian aa gothilla,9,0.0,0.6667,0.6667,0.3333,0.6667,False,high
Positive,Super guru ninu..,3,0.0,0.3333,0.3333,0.6667,0.6667,True,high
unknown state,Lo troll madtadyalla nin us mado mobile ysvdo,8,0.0,0.5,0.5,0.5,1.0,False,high
Negative,@Creative Kannadiga  le gubald atte Alla magalaganda andangaitu,8,0.0,0.6667,0.6667,0.3333,0.6667,False,high
Positive,Genuine information nimdhu,3,0.0,0.3333,0.3333,0.6667,0.6667,True,high
Negative,Enna e sulegalege troll madu guru,6,0.0,0.5,0.5,0.5,1.0,False,high
Negative,China para mat adoru china ke kalsbek bolimaklu,8,0.0,0.625,0.625,0.375,0.75,False,high
not-Kannada,Boycott tik tok,3,0.0,0.6667,0.6667,0.3333,0.6667,True,high
Negative,Super gelaya a nan sulege magalu chinadorage hutidale,8,0.0,0.625,0.625,0.375,0.75,False,high
Positive,Bro NIV helladu nija,4,0.0,0.6667,0.6667,0.3333,0.6667,True,high
Positive,Olle msg bro..... Sakath agi helidira.....,6,0.0,0.6667,0.6667,0.3333,0.6667,True,high
not-Kannada,Amezing bro i love your rost,6,0.0,0.3333,0.3333,0.6667,0.6667,False,high
Positive,Anna nim ella videos nodide....ella video super....innu chennagi videos maadtha iri...Sonu srinivas gowda mobile touch maadoku bhaya padabek aa tara maadi,21,0.0,0.5,0.5,0.5,1.0,False,high
Positive,@Creative Kannadiga haa bro...nange seetara ista ...avl videos roast maadbedi plzzz,11,0.0,0.5714,0.5714,0.4286,0.8571,False,high
Negative,Munde nodona sadhyakke a plan illa,6,0.0,0.6667,0.6667,0.3333,0.6667,False,high
Positive,sakath bro,2,0.0,0.5,0.5,0.5,1.0,True,high
Negative,Hugi guru badethawke,3,0.0,0.6667,0.6667,0.3333,0.6667,True,high
Positive,Guru namaskara ennu chennagi tale dhengu.sonu Gowda bin*** Gowda evarge ennu tale li brain Ella anusutte,16,0.0,0.5833,0.5833,0.4167,0.8333,False,high
Positive,Thankz bro troll alla bro Roast,6,0.0,0.4,0.4,0.6,0.8,False,high
Positive,@Creative Kannadiga eno ond bid guru..nin maat keltirode chandaa....Aden matadtiya brochindi bro keep roasting,14,0.0,0.5833,0.5833,0.4167,0.8333,False,high
Negative,Yavano avnu sade nan maga tiktok eno kitthakide anthane.. Modlu tilkondu maathado... Bro next video aaa sade nan magan mele maadi...its  request plz bro.. And loved ur video,28,0.0,0.4545,0.4545,0.5455,0.9091,False,high
Negative,TikTok nan shata,3,0.0,0.6667,0.6667,0.3333,0.6667,True,high
Positive,Tq sis ದೇಶಕ್ಕೆ support ಮಾಡ್ತಿರೋದಕ್ಕೆ,5,0.4,0.2,0.6,0.4,0.8,False,high
Negative,Majestic alli mobile and money kaltana mado sule makla nodi kalthkoli shankar Sir na shankar ashwath Sir inspiration to all,20,0.0,0.5556,0.5556,0.4444,0.8889,False,high
Negative,@Nagabhushana B S ayyo sulemaklu....,5,0.0,0.5,0.5,0.5,1.0,False,high
not-Kannada,Dont appset sir plz,4,0.0,0.5,0.5,0.5,1.0,False,high
Positive,ನನ್ನ ಕಣ್ಣಂಚ್ಚಲಿ ನೀರು ಬಂತು..Sir ur great,6,0.6667,0.0,0.6667,0.3333,0.6667,False,high
Positive,Sir nimma pH no kodi sir trip eruvaga nimma cab joteyali hogtivi nimmaantvaru chanagierabeku n yela snhytru adstu evar cab book madi  ethara madidre  swalppa helf agbwdu friend s gn,30,0.0,0.6333,0.6333,0.3667,0.7333,False,high
not-Kannada,Somegowda Somanna Thank you,4,0.0,0.5,0.5,0.5,1.0,True,high
Positive,Sir nivu bhal chennag matadtiri.all d best ...,8,0.0,0.5714,0.5714,0.4286,0.8571,False,high
Negative,Bosdike nimmappa sattaga ninu mosale kanniruhaktiyo..I'll a shocky madtiyo no do na madarchod.,13,0.0,0.6923,0.6923,0.3077,0.6154,False,high
Negative,Thu yar guru karma ithara video gu dislike madtare ...,10,0.0,0.5556,0.5556,0.4444,0.8889,False,high
Positive,Like father like son Jaga mechchuvanta manushya.,7,0.0,0.3333,0.3333,0.6667,0.6667,False,high
Positive,Olleya sandesh yelidri sir your great tq sir and happy jurny,11,0.0,0.4545,0.4545,0.5455,0.9091,False,high
not-Kannada,Siddu C ramannavar,3,0.0,0.6667,0.6667,0.3333,0.6667,True,high
not-Kannada,shambu baligar sir superrrrrrrr,4,0.0,0.6667,0.6667,0.3333,0.6667,True,high
not-Kannada,Umesh n j,3,0.0,0.3333,0.3333,0.6667,0.6667,True,high
Positive,Super togare teppa,3,0.0,0.6667,0.6667,0.3333,0.6667,True,high
Positive,Togari tippa keli tumba santosh ayita matte old is gold antaralll adu nija ayita,14,0.0,0.6923,0.6923,0.3077,0.6154,False,high
unknown state,Bari ait re,3,0.0,0.6667,0.6667,0.3333,0.6667,True,high
Positive,Ayyoo.  Teligram nalli 10 ralli 9 jana nodidaare..n Matte naanu 12 saari nodidini ..what a movie ya... Mother sentiment,19,0.0,0.5833,0.5833,0.4167,0.8333,False,high
Negative,ಸರ್ ನಿಮ್ಮ ನಿರ್ಮಾಪಕರ  phonepe or paytm or Amazon pay ಅಕ್ಕೌಂಟ ನಂಬರ್ ಇದ್ರೆ  ಕಳಿಸಿ... ಸಿನಿಮಾ ನೋಡಲು ಆಗದೆ ಇರೋದ್ರಿಂದ ದುಡ್ಡು ಹಾಕ್ತೀನಿ... I missed a wonderful movie,24,0.5652,0.087,0.6522,0.3478,0.6957,False,high
Mixed feelings,Bari telgu tamil movie nodthira ee thara movie nodi,9,0.0,0.6667,0.6667,0.3333,0.6667,False,high
Positive,Nange e dia movie est ista agide Andre adu kevala word inda helok agalla,14,0.0,0.6923,0.6923,0.3077,0.6154,False,high
unknown state,Malayalis pore,2,0.0,0.5,0.5,0.5,1.0,True,high
Positive,Di(A)di nHuge fan from nTamilnadu,5,0.0,0.6,0.6,0.4,0.8,False,high
Positive,Pritvi Amber super,3,0.0,0.5,0.5,0.5,1.0,True,high
Positive,super  movei sir nanu theatre nanali nodide ade nana turpthi,10,0.0,0.7,0.7,0.3,0.6,False,high
Positive,Cinema super aagide,3,0.0,0.3333,0.3333,0.6667,0.6667,True,high
Positive,Cute kushii Ravi,3,0.0,0.5,0.5,0.5,1.0,True,high
unknown state,Dia name meaning yenu,4,0.0,0.5,0.5,0.5,1.0,False,high
Positive,Prithvi amber u r superb acter,6,0.0,0.3333,0.3333,0.6667,0.6667,False,high
Positive,Re release maadi matthe gellutthe.,5,0.0,0.6,0.6,0.4,0.8,False,high
Positive,En super movie sir edu....ond ond seen kuda mans mutto tara ede,12,0.0,0.4545,0.4545,0.5455,0.9091,False,high
Positive,Yes boss e film maatea 7 sala alla 10 sala nodidru bore aagalla,13,0.0,0.5455,0.5455,0.4545,0.9091,False,high
Positive,Eatra film nana life nale nodella sir super different director,10,0.0,0.4,0.4,0.6,0.8,False,high
Positive,Super Film sir account number kodi amount hakabeku nijavgalu,9,0.0,0.375,0.375,0.625,0.75,False,high
Positive,ಎಲ್ಲರೂ the best ಆಗಿ ಕೆಲಸ ಮಾಡಿದಿರ,6,0.6667,0.0,0.6667,0.3333,0.6667,False,high
Positive,Dia 2 madi plz,4,0.0,0.6667,0.6667,0.3333,0.6667,True,high
Positive,Pratvi yen acting guru nimdu,5,0.0,0.4,0.4,0.6,0.8,False,high
Positive,ultimate movie.love thiz,3,0.0,0.6667,0.6667,0.3333,0.6667,True,high
Positive,ಫಿದಾ ಆಗೆವಿ ಅಕ್ಕಾ ... ... gorgeous movie,7,0.6,0.0,0.6,0.4,0.8,False,high
Mixed feelings,Telegram alli download maadkondu nodidare...theatre alli kammi,7,0.0,0.6667,0.6667,0.3333,0.6667,False,high
Mixed feelings,Love ನಲ್ಲಿ ನೀನು ph,4,0.5,0.0,0.5,0.5,1.0,False,high
Mixed feelings,elru phone le nodthare manele adke yaru takis ge bandu nodthilla nanu kuda phone le nodiddu tam tam app inda ella new films dwld madkondu manele nodthare so adke yaru takis ge barthilla ansuthe,34,0.0,0.6176,0.6176,0.3824,0.7647,False,high
Mixed feelings,Nan nimm movie na theatre alle nodtini ...,8,0.0,0.4286,0.4286,0.5714,0.8571,False,high
Negative,Prithvi swalpa  otte kadme maadkoli ...you look good as well you need it as an actor...,16,0.0,0.3571,0.3571,0.6429,0.7143,False,high
Positive,Nija super......... Movie please re release maadi,7,0.0,0.4,0.4,0.6,0.8,False,high
Mixed feelings,Modalu prana mukya amele cinema... Plz don't lose hope DIYA chitratanda.... Wait for time,14,0.0,0.4444,0.4444,0.5556,0.8889,False,high
Negative,Dia movie 2012 nalli banda andala rakshasi movie story copy edu,11,0.0,0.6,0.6,0.4,0.8,False,high
Positive,Super heart touching movies. Wonderful beautiful film. ಈ ಚಲನಚಿತ್ರವನ್ನು ಹೇಗೆ ವರ್ಣಿಸಬೇಕು ಅಂತ ಗೊತ್ತಾಗ್ತಿಲ್ಲ. ಪದಗಳೇ ಸಿಗುತ್ತಿಲ್ಲ. ನಾವು ಅಂತು n Waiting dia  chapter 2.,22,0.5263,0.0526,0.5789,0.4211,0.8421,False,high
Negative,Nanu e video nodtha Ellan  Thumbline nodi e msg madtha edhinin   Alla ri Karnataka dhali kannda movie 100 r.s ticket etre ege ri nododhun  Adhe,25,0.0,0.5263,0.5263,0.4737,0.9474,False,high
Negative,Ellar mobile alli dia movie ide kanri  theatre ge jana yake barthare heli yake online alli leak aythu movie nOnline alli movie nosbodu andre jana  bidthara heli neeve,28,0.0,0.5714,0.5714,0.4286,0.8571,False,high
Negative,Corona virus iruvudarinda jana barta illa,6,0.0,0.5,0.5,0.5,1.0,False,high
Positive,Suaprb movie Re release plzzzz,5,0.0,0.3333,0.3333,0.6667,0.6667,True,high
Positive,Amazing movie pls yellaru movie nodi,6,0.0,0.3333,0.3333,0.6667,0.6667,False,high
Positive,Matte release made pakka reseve madkolthare navu hoge nodthive please,10,0.0,0.6,0.6,0.4,0.8,False,high
Mixed feelings,1st Telegram App close madsi amele ella bartare,8,0.0,0.6,0.6,0.4,0.8,False,high
Positive,Re-release madisi sir ...nange ee film bagge ne gottirlilla... ee sali super hit guarantee...,14,0.0,0.5455,0.5455,0.4545,0.9091,False,high
Positive,Guru en helde guru suuuuper nE China deshdorge huttiro Nan maklu nodire jamun juice agigirutte pakka guru nin voice dialogue keltidre keltane irbeku anstide guru ..... But suuuuuuuuuper,28,0.0,0.6364,0.6364,0.3636,0.7273,False,high
Negative,Hejje hejjege tik tokers troll and roast maadi,8,0.0,0.625,0.625,0.375,0.75,False,high
Positive,Hats off bro  ಕರೆಕ್ಟಾಗಿ ಹೇಳಿದ್ದೀರ ಬ್ರೋ,6,0.5,0.0,0.5,0.5,1.0,False,high
Positive,Chindi bro .....,3,0.0,0.5,0.5,0.5,1.0,True,high
Negative,Bidu Gowda ge Alli hodi beku first avaru mane Alli avaru appa Amma ne kelluthiya dure Tiktok maduthirodana Ennu Nive yochane Madi evallu yetha kithu hogi erollu eru beku ethara avaru edane India ge Bad Name Mathe Namu inda girls ge nu Bad name,44,0.0,0.7,0.7,0.3,0.6,False,high
Mixed feelings,Sariyaaagi bydidira... Actually Olle Olle kelsa madidare app ban maadi.. I hate tik tok,14,0.0,0.5556,0.5556,0.4444,0.8889,False,high
Positive,Superb bro ur righttiktokers ge sariyag heliddira,7,0.0,0.4286,0.4286,0.5714,0.8571,False,high
Mixed feelings,En edit madidya guru,4,0.0,0.5,0.5,0.5,1.0,False,high
Positive,Super bro ninu,3,0.0,0.3333,0.3333,0.6667,0.6667,True,high
Mixed feelings,Pung ban madi pls,4,0.0,0.5,0.5,0.5,1.0,False,high
Positive,Sir neev adthidda game yavdu,5,0.0,0.6,0.6,0.4,0.8,False,high
Positive,Super  chindi boss,3,0.0,0.3333,0.3333,0.6667,0.6667,True,high
Positive,Wow  Super agi helidira sir,5,0.0,0.5,0.5,0.5,1.0,False,high
Positive,Super Boss idu actually bekagiddu ... tik tok madavruru sari yagi Thodineku,12,0.0,0.6667,0.6667,0.3333,0.6667,False,high
not-Kannada,Osm bro super vedio,4,0.0,0.5,0.5,0.5,1.0,False,high
Positive,Bro super neevu,3,0.0,0.3333,0.3333,0.6667,0.6667,True,high
Negative,idu beku guru china soole maklige innu kodu guru superrrr  guru,11,0.0,0.6,0.6,0.4,0.8,False,high
Positive,Guru big fan agbitte nin logic nodi,7,0.0,0.4286,0.4286,0.5714,0.8571,False,high
Positive,Superrrrrrrr  agi heliya Anna tq u so mach video,9,0.0,0.4286,0.4286,0.5714,0.8571,False,high
not-Kannada,Anna niv super agi creative maadthira super Anna,8,0.0,0.4286,0.4286,0.5714,0.8571,False,high
Positive,Guru ellidde guru real Tallent irodhu ninge,7,0.0,0.5,0.5,0.5,1.0,False,high
Positive,Ee time ge wait madtidde,5,0.0,0.4,0.4,0.6,0.8,False,high
Positive,Super bro ban agide valedu,5,0.0,0.4,0.4,0.6,0.8,False,high
Positive,Super bro nim vioce ale ede desha Prema full enjoy video super,12,0.0,0.3636,0.3636,0.6364,0.7273,False,high
Negative,Supper bro chenngi ugdidira.🤝🤝🤝,4,0.0,0.3333,0.3333,0.6667,0.6667,True,high
not-Kannada,Well said broi,3,0.0,0.3333,0.3333,0.6667,0.6667,True,high
Positive,Superagi heludri bro,3,0.0,0.6667,0.6667,0.3333,0.6667,True,high
Positive,Please innodh video maadi bro ticktock bagge,7,0.0,0.5714,0.5714,0.4286,0.8571,False,high
Positive,Guru super yage yeldhe,4,0.0,0.5,0.5,0.5,1.0,False,high
Mixed feelings,Binduge saryagi ugithidira good go ahead  we are enjoying well,10,0.0,0.3,0.3,0.7,0.6,False,high
Mixed feelings,Binduge saryagi ugithidira good go ahead  we are enjoying well,10,0.0,0.3,0.3,0.7,0.6,False,high
Negative,Urkobetvre guru,2,0.0,0.5,0.5,0.5,1.0,True,high
Mixed feelings,baari ugadiddira bro .......full support nimage,6,0.0,0.6,0.6,0.4,0.8,False,high
Positive,Super bro  agi roast madidira,5,0.0,0.4,0.4,0.6,0.8,False,high
Positive,Supper pa ........ Continue the work. ...  Tiktok videos nodi nodi thale kettogithu.............jai modi jai jai modi......,17,0.0,0.5455,0.5455,0.4545,0.9091,False,high
Negative,Sulemakale tic tok uninstall madi,5,0.0,0.6,0.6,0.4,0.8,False,high
Negative,Aa bindu gowda nad innitar support madovrge hilieghtag troll madi bro life nal tiktok bagge matadbardu,16,0.0,0.6875,0.6875,0.3125,0.625,False,high
Negative,Tik tok ban,3,0.0,0.6667,0.6667,0.3333,0.6667,True,high
Negative,Chennagi ugidira sara,3,0.0,0.6667,0.6667,0.3333,0.6667,True,high
Negative,Bindu gowda ge super agi ugididdeera,6,0.0,0.6667,0.6667,0.3333,0.6667,False,high
Positive,Yen Clarity Guru nivu madiro video,6,0.0,0.5,0.5,0.5,1.0,False,high
not-Kannada,Super guru nenu,3,0.0,0.3333,0.3333,0.6667,0.6667,True,high
not-Kannada,your grat  sar.  Aldha best,5,0.0,0.5,0.5,0.5,1.0,False,high
not-Kannada,Sie good eveninig,3,0.0,0.6667,0.6667,0.3333,0.6667,True,high
Negative,Shankar sir olleya artiste ivarannu bitte cinema madtira Buddi illada dairctar,11,0.0,0.7,0.7,0.3,0.6,False,high
Positive,Sir nimagay salam,3,0.0,0.6667,0.6667,0.3333,0.6667,True,high
Positive,Albedi sir  novaaguthe sir Neev albaardu,6,0.0,0.6,0.6,0.4,0.8,False,high
Positive,S super chamayya mestre nimma valletana,6,0.0,0.6667,0.6667,0.3333,0.6667,False,high
Negative,Tuu avr sentiment na touch madi kaan neer haksi adana cover photo madi view tagotira,15,0.0,0.5333,0.5333,0.4667,0.9333,False,high
Positive,Sara super Nivu devara tara yallaratara duddide shinamadavaratra nimmatra holleya manasidde sara,12,0.0,0.6364,0.6364,0.3636,0.7273,False,high
Positive,Don't worry Sir kayakave kailasa,5,0.0,0.5,0.5,0.5,1.0,False,high
Positive,Sir.nivu superb sir.,3,0.0,0.3333,0.3333,0.6667,0.6667,True,high
Positive,Sir albede life enjoy madbedi Mahabharata odi,7,0.0,0.5,0.5,0.5,1.0,False,high
Positive,Punyathma andre evare,3,0.0,0.6667,0.6667,0.3333,0.6667,True,high
Positive,Plz chance kodi nodi avar acting,6,0.0,0.5,0.5,0.5,1.0,False,high
Negative,Kannada industry dodd actors ge tagolri film ge bere industry yavarna jasti dudd kott karkond bartira. ellargu shame annsalva ede muttkond heli entavar est Jana idaare,26,0.0,0.64,0.64,0.36,0.72,False,high
Negative,Nice sir.but message madidre reply madalla tavu yella dove,9,0.0,0.5556,0.5556,0.4444,0.8889,False,high
Positive,ಕನ್ನಡದಲ್ಲೆ ಹೆಚ್ಚಾಗಿ ಮಾತನಾಡಿದ್ದಕ್ಕೆ ಧನ್ಯವಾದಗಳು...nAll the best sr,7,0.5714,0.0,0.5714,0.4286,0.8571,False,high
Positive,Nivu thumba super,3,0.0,0.6667,0.6667,0.3333,0.6667,True,high
Positive,Olledagli sir nimge..,3,0.0,0.6667,0.6667,0.3333,0.6667,True,high
Negative,BoLi Maklu ee tara videos nu dislike maadtare,8,0.0,0.4286,0.4286,0.5714,0.8571,False,high
Positive,Great sir nivu,3,0.0,0.3333,0.3333,0.6667,0.6667,True,high
Positive,U r great sir. ಶ್ರಮ ಜೀವಿ,6,0.3333,0.0,0.3333,0.6667,0.6667,False,high
Positive,Spr song,2,0.0,0.5,0.5,0.5,1.0,True,high
Negative,1.7k dislikes rashmika fans,4,0.0,0.3333,0.3333,0.6667,0.6667,True,high
Mixed feelings,Thank you bhai..,3,0.0,0.3333,0.3333,0.6667,0.6667,True,high
Mixed feelings,I'm big kiccha&rakshith Shetti fanzz,5,0.0,0.5,0.5,0.5,1.0,False,high
Positive,ಈ ಯುಗದ ಶಂಕರ್ ನಾಗ್ ಗುರು ನೀನು  all the best from DBOSS fans,12,0.5455,0.0,0.5455,0.4545,0.9091,False,high
Negative,Song starting English quote tegdu kannada dalle iddiddre chennagirtittu,9,0.0,0.5,0.5,0.5,1.0,False,high
unknown state,Super rashita Sir,3,0.0,0.5,0.5,0.5,1.0,True,high
Positive,Rakshit movie success party Elli maadbekanta iddiri??,7,0.0,0.5,0.5,0.5,1.0,False,high
Positive,Superb song nange esta aytu,5,0.0,0.6,0.6,0.4,0.8,False,high
Positive,Pap pabap pap pabapabapap!nTin ti din tin tiditididinnRead in a flownnADDITCTED,11,0.0,0.3636,0.3636,0.6364,0.7273,False,high
unknown state,Loved vijay prakash sir voice,5,0.0,0.4,0.4,0.6,0.8,False,high
Negative,1.6k people are not liking this....innna en beko maaraya nimga ...,11,0.0,0.5,0.5,0.5,1.0,False,high
Positive,abba en song Superrr,4,0.0,0.6667,0.6667,0.3333,0.6667,True,high
unknown state,Adu support irodarinda,3,0.0,0.6667,0.6667,0.3333,0.6667,True,high
unknown state,Share madta idini,3,0.0,0.6667,0.6667,0.3333,0.6667,True,high
Positive,Hands up ಇವ ಚರಿತ್ರೆ ಸೃಷ್ಟಿಸೋ ನಾರಾಯಣ,6,0.6667,0.0,0.6667,0.3333,0.6667,False,high
Negative,Unlike madirorella d rsmka fans,5,0.0,0.4,0.4,0.6,0.8,False,high
Positive,Yellaru nKGF nOdeya nalli busy eddare nAllobba #trending 1 nalli busy edda nnn#Avane sriman narayana,15,0.0,0.6923,0.6923,0.3077,0.6154,False,high
Negative,One time kelidre average ansatte,5,0.0,0.4,0.4,0.6,0.8,False,high
unknown state,E mathu,2,0.0,0.5,0.5,0.5,1.0,True,high
Positive,#Rakshithshetty film pakka 200 days,5,0.0,0.5,0.5,0.5,1.0,False,high
Positive,Super songr new rekard break madly,6,0.0,0.3333,0.3333,0.6667,0.6667,False,high
Positive,3 days n1.6M viewsn 5.6 commentsnTrending no.1n.🤔🤔🤔,7,0.0,0.6667,0.6667,0.3333,0.6667,True,high
unknown state,Hands Up antha Rashmika goskara bardang ide,7,0.0,0.6,0.6,0.4,0.8,False,high
Positive,Super osam music,3,0.0,0.3333,0.3333,0.6667,0.6667,True,high
Positive,Barbeaku hogbeku aste  nav ತು೦ಬಾ ಹೀರೋ s ನೋಡಿ sakhgidhe ok good luck,12,0.25,0.4167,0.6667,0.3333,0.6667,False,high
not-Kannada,Super Rakshith shetty sir,4,0.0,0.3333,0.3333,0.6667,0.6667,True,high
Mixed feelings,Yentha shoot madbeka,3,0.0,0.6667,0.6667,0.3333,0.6667,True,high
Positive,Trailer Kooda 6 dina Trending alli ittu,7,0.0,0.5,0.5,0.5,1.0,False,high
Positive,Correct agi helde guru.. adashtu ellakade share madi,8,0.0,0.625,0.625,0.375,0.75,False,high
Positive,Please re- release madi movie..nodade eiroru tumba jana eidare .. wait madtidare theater alli nodoke.,15,0.0,0.5714,0.5714,0.4286,0.8571,False,high
Mixed feelings,ಗುರು ಮೂವಿ ನ re release madri.... Entha kannda film na support madlilla andre. Kannada ದಲ್ಲಿ ಮೀಡಿಯಾ Yak beku. Bhari avru trp koskara... Nam ಭಾಷೆ use madkondu ಬೇರೆ ಭಾಷೆ. ಫಿಲ್ಮ್ ಬಗ್ಗೆ. ತೋರಿಸುತ್ತಾರೆ.... Shame on kannda media..... But this film was. Heart touching,41,0.3667,0.2333,0.6,0.4,0.8,False,high
unknown state,Leak alla adu theater run mugdidakke nAmazon prime hakidare,9,0.0,0.5556,0.5556,0.4444,0.8889,False,high
Positive,Tickets amount 10000 adru mosa illa ... Love you  all,10,0.0,0.4286,0.4286,0.5714,0.8571,False,high
Negative,Mistake is done in promotion. Ee movie ge nan hogiddu flook alli coz nan friends yavdo ond movie ge hogonnan ankond yavdu show ilde idyavdo olle review idyalla movie antha hodvi. But ee movie sakkath feel kodthu. Later nam friends ge heli kalsdvi,43,0.0,0.5,0.5,0.5,1.0,False,high
Positive,Wow .... diya soop.,4,0.0,0.6667,0.6667,0.3333,0.6667,True,high
Negative,Yavd yavd movie ge hogi dud kharch madidvi...bejaragi hogad bittivi...dia movie mobile li nodid mele theater nali nodbeku anstide...,19,0.0,0.5625,0.5625,0.4375,0.875,False,high
Negative,yake andre? D booos du kurishetra filam gay asker awold barbekittu. yak kotela? so d boos fens ee filam nodilla.....,20,0.0,0.5556,0.5556,0.4444,0.8889,False,high
unknown state,Sir enthavru jaatre dialogue,4,0.0,0.5,0.5,0.5,1.0,False,high
Negative,Louda cinema director pyscho channagiro cinema ending allii haal mad da,11,0.0,0.4545,0.4545,0.5455,0.9091,False,high
Positive,Entaha adbhutava movie,3,0.0,0.6667,0.6667,0.3333,0.6667,True,high
Positive,Film re realise madi,4,0.0,0.5,0.5,0.5,1.0,False,high
Positive,Nirikshegu miri cinima agide my favorite movie love you,9,0.0,0.4444,0.4444,0.5556,0.8889,False,high
Negative,Ishtu bega YouTube li movie bitre theotre ge enukk hogtare jana,11,0.0,0.5455,0.5455,0.4545,0.9091,False,high
Negative,Promotion madilla guru adke jana bandilla.,6,0.0,0.5,0.5,0.5,1.0,False,high
Negative,Gultu kuda same problem face madittu,6,0.0,0.5,0.5,0.5,1.0,False,high
Negative,Boli maklu yellaaa mobile ally nodtha edre énna theatre ge bandu yelli nodthaare,13,0.0,0.6667,0.6667,0.3333,0.6667,False,high
Positive,Please intha cinemagalannu     gellisona ......namma hemmeya Kannada cinema,8,0.0,0.6667,0.6667,0.3333,0.6667,False,high
Positive,I love aadi,3,0.0,0.3333,0.3333,0.6667,0.6667,True,high
Positive,Hai Neel (prithvi) wonderful movie dia,6,0.0,0.6,0.6,0.4,0.8,False,high
Positive,ಈ ಹಾಳಾದ ಕೋರೋನ ವೈರಸ್ ಬಂದು ದಿಯಾ ಲವ್ ಮಾಕಟೈಲ್ ಚಿತ್ರಗಳಿಗೆ ತುಂಬಾ ನಷ್ಟ ಉಂಟಾಗಿದೆ...but Don't worry u get best reviews.. All the best for ur nxt movies,25,0.5217,0.0435,0.5652,0.4348,0.8696,False,high
Positive,Dia nan recent aagi nodiro moviegalalli Adbutha,7,0.0,0.6667,0.6667,0.3333,0.6667,False,high
Negative,Bladey piracy madidara yallaru Alli node status hakidara movie yalli theatre alli yar nodatara first telegram ban madabaku,18,0.0,0.5294,0.5294,0.4706,0.9412,False,high
Negative,Telegram olag ella sigtirbekadre jana yak theotor ge hogtar heli.. Actully edu big mistek,14,0.0,0.5385,0.5385,0.4615,0.9231,False,high
Negative,Theatre alli noduva movie alla alle ye .,8,0.0,0.5714,0.5714,0.4286,0.8571,False,high
Positive,Nam janakke love story iro movie Andre bari romance,9,0.0,0.375,0.375,0.625,0.75,False,high
Negative,Yak sir interview ge yav studios irlilva or  e movie gella yake antha a jagadalli kursidira,16,0.0,0.4375,0.4375,0.5625,0.875,False,high
Positive,ತುಂಬಾ ತುಂಬಾ ಚೆನ್ನಾಗಿದೆ....proud to be sandal wood,7,0.4286,0.0,0.4286,0.5714,0.8571,False,high
Negative,neen yak guru aaa dagar rashmika ge compare madthiya,9,0.0,0.5,0.5,0.5,1.0,False,high
Negative,@MT T sorry guru nangu avlu adre agalla adke solpa campare mad de..,13,0.0,0.5385,0.5385,0.4615,0.9231,False,high
Negative,Diya na Rakshit shetti  na belsona,6,0.0,0.6,0.6,0.4,0.8,False,high
Positive,What a Song. #avanesrimannarayana,4,0.0,0.3333,0.3333,0.6667,0.6667,True,high
not-Kannada,Whr uh frm buddy?,4,0.0,0.5,0.5,0.5,1.0,False,high
unknown state,@PRAJWAL NAYAK Karnataka bro,4,0.0,0.5,0.5,0.5,1.0,True,high
Positive,Bgm release madi sir,4,0.0,0.5,0.5,0.5,1.0,False,high
Negative,basava basavaraj mind your words. Maathina mele niga irli.,9,0.0,0.625,0.625,0.375,0.75,False,high
Positive,Yakappa yenaytu.. movie swalpa length jasti adre movie chennagide.,9,0.0,0.6667,0.6667,0.3333,0.6667,False,high
Positive,Super film  srimannarayana,3,0.0,0.3333,0.3333,0.6667,0.6667,True,high
unknown state,January yalli nodidavaru like madi,5,0.0,0.6,0.6,0.4,0.8,False,high
Positive,Varshkond beda pa nidanake ne agli ee tara olle movie kotre saaku,12,0.0,0.6667,0.6667,0.3333,0.6667,False,high
Positive,10 dubbing movie barudakkintha 1 e thara movie bandare sakku.,10,0.0,0.5,0.5,0.5,1.0,False,high
unknown state,Nagaraj h Jagavar a,4,0.0,0.3333,0.3333,0.6667,0.6667,True,high
unknown state,@Nagaraj h Jagavar 777 Charlie barutte next,7,0.0,0.5,0.5,0.5,1.0,False,high
not-Kannada,Movie is ossum,3,0.0,0.3333,0.3333,0.6667,0.6667,True,high
Negative,Entha song na dislike madtiralla loafer nan makkala thu nim janumakke,11,0.0,0.5455,0.5455,0.4545,0.9091,False,high
Positive,Rama rama tusu daksha jaripa‍,5,0.0,0.6,0.6,0.4,0.8,False,high
Negative,Dislike madidavar rashmika fans irbek,5,0.0,0.6,0.6,0.4,0.8,False,high
unknown state,ಎಂಥ lines,2,0.5,0.0,0.5,0.5,1.0,True,high
Positive,Film benki ide gurunKannada film industry li ide Tara saviraru cinema barli,12,0.0,0.3636,0.3636,0.6364,0.7273,False,high
Positive,Super songu guru,3,0.0,0.3333,0.3333,0.6667,0.6667,True,high
not-Kannada,Supar friend supar,3,0.0,0.6667,0.6667,0.3333,0.6667,True,high
not-Kannada,Exelent music &dance,3,0.0,0.3333,0.3333,0.6667,0.6667,True,high
Positive,Vijay prakash sir super voice,5,0.0,0.4,0.4,0.6,0.8,False,high
unknown state,E song first time yarig tilidila avr like madi,9,0.0,0.4444,0.4444,0.5556,0.8889,False,high
unknown state,Yaru boss alla,3,0.0,0.6667,0.6667,0.3333,0.6667,True,high
unknown state,200 ne like nande,4,0.0,0.3333,0.3333,0.6667,0.6667,True,high
Positive,Vijay prakash  voice is super,5,0.0,0.4,0.4,0.6,0.8,False,high
Mixed feelings,@Wild Rex ಕಟ್ಟಬೇಕು bronಖಂಡಿತಾ ಕಟ್ಟುತ್ತೆ  bro,6,0.6,0.0,0.6,0.4,0.8,False,high
Negative,Promotion chennagi nadtilla,3,0.0,0.6667,0.6667,0.3333,0.6667,True,high
Positive,Best madali olle  belavanige next level sandalwood,7,0.0,0.4286,0.4286,0.5714,0.8571,False,high
unknown state,#AvaneSrimannarayana #HandsUp song last alli fork esiyodu sanvi anustte,9,0.0,0.6667,0.6667,0.3333,0.6667,False,high
Positive,Song super agi edey,4,0.0,0.5,0.5,0.5,1.0,False,high
Positive,Sakat ag ede song bros yelru share madana plz nim whatsapp alli,12,0.0,0.5,0.5,0.5,1.0,False,high
Negative,Rip dislikers,2,0.0,0.5,0.5,0.5,1.0,True,high
not-Kannada,Hindi version yav channel alli release madidare.,7,0.0,0.4286,0.4286,0.5714,0.8571,False,high
Positive,ಬೆಂಕಿಗೇ ಇನೊಂದು ಅರ್ಥ RAKSHIT ಶೆಟ್ಟಿ..simple star alla fire star,9,0.5,0.125,0.625,0.375,0.75,False,high
Negative,Dislike madidavaru dagar rashimka fans,5,0.0,0.6,0.6,0.4,0.8,False,high
not-Kannada,Nice rakshith shetty,3,0.0,0.6667,0.6667,0.3333,0.6667,True,high
unknown state,Different r s maga ninu,5,0.0,0.4,0.4,0.6,0.8,False,high
unknown state,Ditto shankranna kandru aa step hakovaaga,6,0.0,0.5,0.5,0.5,1.0,False,high
Negative,Bro nimgenu thale kettidiya film release agde video song bittidiralla  yella hal madkothira idunnella bittu channag promotions madi bere languages nalli,21,0.0,0.619,0.619,0.381,0.7619,False,high
Positive,Super jai kanadiga,3,0.0,0.6667,0.6667,0.3333,0.6667,True,high
Mixed feelings,Sahitya and sangita eradu super movie blockbuster,7,0.0,0.4286,0.4286,0.5714,0.8571,False,high
Positive,Shetru birthday party dina haadiro haadu aawaginindaa wait maadtide.....,9,0.0,0.5,0.5,0.5,1.0,False,high
not-Kannada,Who is dagar .... Rashmika ...?,6,0.0,0.3333,0.3333,0.6667,0.6667,True,high
Positive,Yaryaru matte nodtiddira like madi,5,0.0,0.6,0.6,0.4,0.8,False,high
unknown state,Ya bro  true,3,0.0,0.3333,0.3333,0.6667,0.6667,True,high
unknown state,@Kumara Kantirava sari nodu,4,0.0,0.6667,0.6667,0.3333,0.6667,True,high
Mixed feelings,Pakka guru same feelingu,4,0.0,0.5,0.5,0.5,1.0,False,high
Positive,Nija guru ..... Aa takattu nam industry Alli yargu Ella....,10,0.0,0.5,0.5,0.5,1.0,False,high
not-Kannada,Boss vere level🤗,3,0.0,0.3333,0.3333,0.6667,0.6667,True,high
unknown state,@varshini hmk yeha I know ...,6,0.0,0.6,0.6,0.4,0.8,False,high
unknown state,Who hate rashmika mandana like heare,6,0.0,0.5,0.5,0.5,1.0,False,high
Positive,ಒಳ್ಳೇದು ಆಗಲಿ big ಸಕ್ಸಸ್ for ASN,6,0.6,0.0,0.6,0.4,0.8,False,high
unknown state,@Ranjith think madirlilla,3,0.0,0.6667,0.6667,0.3333,0.6667,True,high
Positive,100 days pakka super,4,0.0,0.3333,0.3333,0.6667,0.6667,True,high
Positive,Super #dboss fans,3,0.0,0.3333,0.3333,0.6667,0.6667,True,high
Positive,Enu guru song saktha kick kodtha edae..super ASN,8,0.0,0.5714,0.5714,0.4286,0.8571,False,high
Negative,Evnoba sade banda illi...,4,0.0,0.6667,0.6667,0.3333,0.6667,True,high
Negative,Lo gube don't compare anyone yellaru namma kannada super star,10,0.0,0.3,0.3,0.7,0.6,False,high
Negative,@10 R hu bro name halmodakke,6,0.0,0.4,0.4,0.6,0.8,False,high
unknown state,charan gowda  db,3,0.0,0.6667,0.6667,0.3333,0.6667,True,high
Positive,Jai D BoSs,3,0.0,0.3333,0.3333,0.6667,0.6667,True,high
Positive,Rakshit sir on fire ...benki..ollede aythu ha dagar inta olle vekthi ge siglila,13,0.0,0.5833,0.5833,0.4167,0.8333,False,high
Positive,Step Super bossu,3,0.0,0.5,0.5,0.5,1.0,True,high
Positive,A pistol idkondu hako step,5,0.0,0.4,0.4,0.6,0.8,False,high
Positive,En chindi bgm guru sakkath....Jai ASN... from Appu abhimani,9,0.0,0.6667,0.6667,0.3333,0.6667,False,high
Positive,Kannada ಚಿತ್ರರಂಗಕ್ಕೆ ... Signature movie agutte.. avane ಶ್ರೀಮನ್ನಾರಾಯಣ....,8,0.3333,0.3333,0.6667,0.3333,0.6667,False,high
Positive,Waiting for the film.....ನೋಡಲು ಕಾತುರನಾಗಿದ್ದೇನೆ,5,0.4,0.0,0.4,0.6,0.8,False,high
Positive,Kannada na ond range ge tagond hogide rakshit ravara e film opkoloru like here,14,0.0,0.4286,0.4286,0.5714,0.8571,False,high
Negative,Making ತುಂಬಾ ಚನ್ನಾಗಿದೆ  Lyrics Not good,6,0.5,0.0,0.5,0.5,1.0,False,high
Negative,Astu sala kelidru kelbeku ansute bro super song,8,0.0,0.625,0.625,0.375,0.75,False,high
Mixed feelings,En song ide,3,0.0,0.3333,0.3333,0.6667,0.6667,True,high
Positive,Hit bidu guru,3,0.0,0.3333,0.3333,0.6667,0.6667,True,high
Negative,I feel jasti bitta kottri... Bari  lyrical video sakagittu,9,0.0,0.4286,0.4286,0.5714,0.8571,False,high
Positive,ASN asli sir benga ayti re song,7,0.0,0.5714,0.5714,0.4286,0.8571,False,high
Positive,Video noddor like kodro,4,0.0,0.5,0.5,0.5,1.0,False,high
Negative,Song maatra chindi,3,0.0,0.6667,0.6667,0.3333,0.6667,True,high
Positive,Top  benki maga,3,0.0,0.6667,0.6667,0.3333,0.6667,True,high
Mixed feelings,Jonny andre Jayarama irbahuda??,4,0.0,0.6667,0.6667,0.3333,0.6667,True,high
Negative,Innu iste views agidda!! Song yak hit agilla,8,0.0,0.5714,0.5714,0.4286,0.8571,False,high
Mixed feelings,ನೋಡ್ತಾ ಹೋದ್ರೆ ಸಾವಿರಾರು lyrical video ಗಳು,6,0.6667,0.0,0.6667,0.3333,0.6667,False,high
Negative,@ನಾನು ನೀನು Thank you bro..,5,0.5,0.0,0.5,0.5,1.0,False,high
Positive,idu charithre srishtisuva comment guru..,5,0.0,0.6,0.6,0.4,0.8,False,high
Positive,Slow poison song annoru like maadi,6,0.0,0.3333,0.3333,0.6667,0.6667,False,high
Positive,Yes hange kick kodta hogutte.. ಒಳ್ಳೆ synch ಮಾಡಿದ್ದಾರೆ..,8,0.25,0.375,0.625,0.375,0.75,False,high
Mixed feelings,@Syed Akbar yes bro,4,0.0,0.3333,0.3333,0.6667,0.6667,True,high
Positive,Spr song guruuu,3,0.0,0.5,0.5,0.5,1.0,True,high
unknown state,@manju Vivek means awesome,4,0.0,0.3333,0.3333,0.6667,0.6667,True,high
Positive,Kannadada saaalugalu sakkatagiddave all the best natayana...,7,0.0,0.4,0.4,0.6,0.8,False,high
Mixed feelings,Sumniru bro yak nenpustiya adunna madyaratrili. Goose bumps barutte. Hegego aagutte,11,0.0,0.6667,0.6667,0.3333,0.6667,False,high
Positive,Neevenu promotion maadilla andru Kannada dalli navu guarantee nodtivi........north Alli promote madrappa .......Valle market idae Alli enta films gae ........madrappa 50 crore plus  min collection agutte,26,0.0,0.5789,0.5789,0.4211,0.8421,False,high
Positive,Super.. I ತರಹದ song ಕೇಳಿ ತುಂಬಾ ದಿನ ಆಯ್ತು,8,0.625,0.0,0.625,0.375,0.75,False,high
Negative,Hands  up annodu heno bosudike,5,0.0,0.6,0.6,0.4,0.8,False,high
Negative,@10 R le suvar gandu,5,0.0,0.5,0.5,0.5,1.0,False,high
Negative,@Troll Stupid Fans war ge antha bandre nimmakkan minda naanu samskrutha innu start madilla ninge beku andre helu start madona,20,0.0,0.6667,0.6667,0.3333,0.6667,False,high
Negative,@10 R Nim amman/akkan bagge baidna loude... Suvar gandu andre Neenu adkke baide... Ella nim DBabes Thara ne,18,0.0,0.7,0.7,0.3,0.6,False,high
Negative,@10 R Lo Kanda... Baiyoke ninthre nim appa kano naanu,10,0.0,0.6667,0.6667,0.3333,0.6667,False,high
Negative,@Troll Stupid Fanslo gaandu thulle school ge henu raja kottavra child nan magane balegara fanu hogu school ge hogi hodkondiru sumne yake baiskothiya,23,0.0,0.619,0.619,0.381,0.7619,False,high
Negative,@Troll Stupid Fans dagar yaru nin Amma na,8,0.0,0.6,0.6,0.4,0.8,False,high
not-Kannada,Asn will be mega hit Jai rakshith Shetty Jai Jai Jai rb sir,13,0.0,0.375,0.375,0.625,0.75,False,high
Negative,Bere singer ge ee song kettidre innu cholo keltittu,9,0.0,0.6667,0.6667,0.3333,0.6667,False,high
not-Kannada,awsme songs sir,3,0.0,0.3333,0.3333,0.6667,0.6667,True,high
Positive,All the best...... ಅವನೇ ಶ್ರೀಮನ್ನಾರಾಯಣ ..ಟೀಮ್......ರಕ್ಷಿತ್ ಶೆಟ್ಟಿ ಸರ್......frm ಯಶ್ ಬಾಸ್ fan,11,0.7,0.0,0.7,0.3,0.6,False,high
unknown state,Hi friends nanna atira ondu kate ide adanna short movie maadbeku antha ase adre adu agtailla please saport maadi 7875182258 idu nanna no,23,0.0,0.6364,0.6364,0.3636,0.7273,False,high
Positive,Akhilanda koti brahmand nayaka simple star,6,0.0,0.6667,0.6667,0.3333,0.6667,False,high
Positive,Sakat  agide song music,4,0.0,0.5,0.5,0.5,1.0,False,high
Positive,Nan yavathu youtube video na like kuda madila but comment madidini so.....,12,0.0,0.3636,0.3636,0.6364,0.7273,False,high
Mixed feelings,First  song kelide,3,0.0,0.3333,0.3333,0.6667,0.6667,True,high
not-Kannada,Super song asn bgm,4,0.0,0.5,0.5,0.5,1.0,False,high
Negative,Hands up..Hands up...tan tan Tanana..Chindi Guru Chindi..,7,0.0,0.5,0.5,0.5,1.0,False,high
Positive,Abaa yen song guruu.... Fabulous bgm hollywood range le ayte guru,11,0.0,0.3333,0.3333,0.6667,0.6667,False,high
Positive,ಇದೇ ಟ್ರೇಂಡ್ ಸೆಟ್ಟಿಂಗ್ ಎಂದರೆ... All the best ASN,8,0.6667,0.0,0.6667,0.3333,0.6667,False,high
not-Kannada,Hindi me Kab aayga,4,0.0,0.3333,0.3333,0.6667,0.6667,True,high
Mixed feelings,Rakshit anna niii,3,0.0,0.5,0.5,0.5,1.0,True,high
Negative,Disappoint agide song keli Ishtu hype kottu song bidbardu,9,0.0,0.5,0.5,0.5,1.0,False,high
unknown state,Neev super marree...,3,0.0,0.5,0.5,0.5,1.0,True,high
Negative,@Troll Stupid Fans buildup raaja neen est janunna nodidya choolnanmagne,10,0.0,0.625,0.625,0.375,0.75,False,high
Negative,Bgm is chindi,3,0.0,0.6667,0.6667,0.3333,0.6667,True,high
Positive,Enna views beku .share madi frnds,6,0.0,0.6667,0.6667,0.3333,0.6667,False,high
unknown state,@satishnithyanandam lo kaidhi,3,0.0,0.6667,0.6667,0.3333,0.6667,True,high
Negative,@satishnithyanandam  le murkha  nin rajkumar movie nodu ogu .compare madila helid aste kano konga..nbgm  gu songs vyatyasa gotta ninge.nnin hamsalekha songs kelu,22,0.0,0.6818,0.6818,0.3182,0.6364,False,high
Positive,@TROLL MONSTER_KANNADA le sakat dialouges kanla..... next nim boobs film ge neene ide dialouges na haakolli.... hengidru ade thaane yelru maathadodu.... film nodkondu yella fans galu obrann obru baikond iri....🤣,30,0.0,0.6,0.6,0.4,0.8,False,high
Mixed feelings,@Ŕävîñđŕå_02_GøWđřú bro ah sule Nandhini atra yen matu bidi,9,0.0,0.5714,0.5714,0.4286,0.8571,False,high
Negative,@TROLL MONSTER_KANNADA nin Amman sule maga me Yello majestic Alli,10,0.0,0.5,0.5,0.5,1.0,False,high
Negative,@Nandi Parthasarathi ನಿನ್ ತುಲ್ಲ್ ನೋಡ್ಬೇಕ್ ನಾನು plz send ur address,10,0.4444,0.1111,0.5556,0.4444,0.8889,False,high
Negative,@TROLL MONSTER_KANNADA ಲೋ ಬೋಳಿಕೆ,4,0.6667,0.0,0.6667,0.3333,0.6667,True,high
Positive,@JustAn Opinion ninu Tika mucchu...Evattu Kannada industry Andhre idii India ge gottirodhu DR RAJKUMAR..,14,0.0,0.6667,0.6667,0.3333,0.6667,False,high
unknown state,Swalpa Shankar nag no did a hage kanuthe,8,0.0,0.4286,0.4286,0.5714,0.8571,False,high
Mixed feelings,@Nithin Menezes yes,3,0.0,0.5,0.5,0.5,1.0,True,high
Positive,Est sari kelidrunu kelbek anusutte,5,0.0,0.6,0.6,0.4,0.8,False,high
Negative,Le gandu nan magane,4,0.0,0.5,0.5,0.5,1.0,False,high
Positive,Supar sir ravichandar Tara kantiddirara sir,6,0.0,0.6,0.6,0.4,0.8,False,high
not-Kannada,Kya lyric hai yar....,4,0.0,0.6667,0.6667,0.3333,0.6667,True,high
unknown state,Link share madi,3,0.0,0.3333,0.3333,0.6667,0.6667,True,high
not-Kannada,Hindi kaha he bhai???,4,0.0,0.3333,0.3333,0.6667,0.6667,True,high
unknown state,Paramvah Music hindi,3,0.0,0.5,0.5,0.5,1.0,True,high
Negative,Views tumba kadime ide.,4,0.0,0.5,0.5,0.5,1.0,False,high
unknown state,@Raj T yes,3,0.0,0.3333,0.3333,0.6667,0.6667,True,high
Positive,Hindi song yavaga release madtira?,5,0.0,0.4,0.4,0.6,0.8,False,high
not-Kannada,Hindi version kab ayega,4,0.0,0.5,0.5,0.5,1.0,False,high
not-Kannada,Hhhhhhhhhhhhhhhhhhhhhiiiiiiiiiiiiiiiiiiinnnnnnnnnnnnndddddddddddddiiiiiiiiiiiiiiiiiiiiii song kaha hya???????,4,0.0,0.5,0.5,0.5,1.0,True,high
Mixed feelings,Hindi kuthe aahe,3,0.0,0.6667,0.6667,0.3333,0.6667,True,high
Negative,Hindi yalli innu song reales madilla yake,7,0.0,0.5714,0.5714,0.4286,0.8571,False,high
unknown state,@jagadish g dambal,3,0.0,0.6667,0.6667,0.3333,0.6667,True,high
unknown state,@jagadish g dambal,3,0.0,0.6667,0.6667,0.3333,0.6667,True,high
unknown state,@jagadish g dambal,3,0.0,0.6667,0.6667,0.3333,0.6667,True,high
unknown state,I'mGM million  0pp0.,3,0.0,0.5,0.5,0.5,1.0,True,high
unknown state,@jagadish g dambal the,4,0.0,0.5,0.5,0.5,1.0,False,high
Positive,Sir nim movie nodi nimge thumba ista aytu adre ondu bejaru agtide nNim movie song innu 2 songs release madiri please,21,0.0,0.65,0.65,0.35,0.7,False,high
unknown state,@Srihari Y Gdeepak,3,0.0,0.5,0.5,0.5,1.0,True,high
unknown state,Paramvah Music inn,3,0.0,0.5,0.5,0.5,1.0,True,high
unknown state,Paramvah Music in,3,0.0,0.5,0.5,0.5,1.0,True,high
Positive,My favorite song in 2019 is Taaja samachara   ಸಾಹಿತ್ಯ ಪ್ರಿಯರೇ ಒಮ್ಮೆ ಈ ಹಾಡು ಕೇಳಿದ್ರೆ ಕೇಳ್ತಾನೆ ಇರ್ಬೇಕು ಅನ್ಸುತ್ತೆ....  Everybody watch this,20,0.5294,0.0588,0.5882,0.4118,0.8235,False,high
Positive,@jagadish g dambal 🤨🤗l,4,0.0,0.5,0.5,0.5,1.0,False,high
unknown state,Paramvah Music as,3,0.0,0.5,0.5,0.5,1.0,True,high
unknown state,After #marakkar trailer,3,0.0,0.3333,0.3333,0.6667,0.6667,True,high
unknown state,Basanni baa  kannada movi,4,0.0,0.5,0.5,0.5,1.0,False,high
not-Kannada,@Shridhar T P iuuuiiuuua12l99iiiikkkjjmddeo01pokksķoo9919kkuuiuluuuuuuľiiii,4,0.0,0.3333,0.3333,0.6667,0.6667,True,high
unknown state,@Sandeep Nagaraj o,3,0.0,0.5,0.5,0.5,1.0,True,high
Positive,Nice song avane srimannarayana,4,0.0,0.5,0.5,0.5,1.0,False,high
not-Kannada,@Naveen Kumar j@,3,0.0,0.5,0.5,0.5,1.0,True,high
not-Kannada,Bhai koi Mysore se he ky,6,0.0,0.4,0.4,0.6,0.8,False,high
Positive,Make avane srimanarayana part 2,5,0.0,0.5,0.5,0.5,1.0,False,high
Positive,Awesome movie.......frm kolkata,3,0.0,0.5,0.5,0.5,1.0,True,high
not-Kannada,Bhai koi mysore se hai ky comment krre,8,0.0,0.5,0.5,0.5,1.0,False,high
Positive,smile madalu nodi joking vdo,5,0.0,0.6,0.6,0.4,0.8,False,high
not-Kannada,Meri Tarah or kon ye song Roj sunta h n,10,0.0,0.375,0.375,0.625,0.75,False,high
not-Kannada,Ajay Joshi mai to pagal hu ye song ka or movie sreeman narayana ka,14,0.0,0.5385,0.5385,0.4615,0.9231,False,high
not-Kannada,Movie dekh li kya,4,0.0,0.5,0.5,0.5,1.0,False,high
not-Kannada,Movie hindi me kb tk aa ne ka h,9,0.0,0.3333,0.3333,0.6667,0.6667,False,high
not-Kannada,@Ajay Joshi nJaake karam johar ko pooch,7,0.0,0.6667,0.6667,0.3333,0.6667,False,high
not-Kannada,@Ajay Joshi Bhai kannada language me dekh mujhe konsi Kannada aati prr samaj aa gyii,15,0.0,0.6667,0.6667,0.3333,0.6667,False,high
Negative,Gali matina tune best,4,0.0,0.5,0.5,0.5,1.0,False,high
Positive,En sir lyrics. Superb,4,0.0,0.3333,0.3333,0.6667,0.6667,True,high
unknown state,NEW KANNADA FEMALE VERSION SONGn,5,0.0,0.5,0.5,0.5,1.0,True,high
Negative,Rip chiru sir,3,0.0,0.3333,0.3333,0.6667,0.6667,True,high
Positive,Love from karnataka,3,0.0,0.3333,0.3333,0.6667,0.6667,True,high
unknown state,Kirik party boys,3,0.0,0.3333,0.3333,0.6667,0.6667,True,high
Positive,Wow nice yavaglu keltane irbeku ansutte song,7,0.0,0.5714,0.5714,0.4286,0.8571,False,high
Positive,Superb movie ರಕ್ಷಿತ್ Sir,4,0.3333,0.0,0.3333,0.6667,0.6667,True,high
Positive,Theater alli beats sakath agi kelsta ettu guru,8,0.0,0.625,0.625,0.375,0.75,False,high
Positive,Suppr movie 100% days paka,5,0.0,0.5,0.5,0.5,1.0,False,high
Negative,Nin prakhara yavdu hit movie in 2019.,7,0.0,0.5,0.5,0.5,1.0,False,high
unknown state,Yaaru illi movie nodkondu bandidira like  madi...,7,0.0,0.6667,0.6667,0.3333,0.6667,False,high
Negative,Ha mundalochane matte dooradrusti .....avarahage ide ....,7,0.0,0.4,0.4,0.6,0.8,False,high
unknown state,@Lalsab Mulla tq sir,4,0.0,0.6667,0.6667,0.3333,0.6667,True,high
Positive,Shankar nag boss tara yaru barala barake agala adu bandre adu uppi avru matra aste ..always king mekar is uppi and Shankar nag bossssssssss,24,0.0,0.6364,0.6364,0.3636,0.7273,False,high
Positive,Nannu nimma fan sir,4,0.0,0.5,0.5,0.5,1.0,False,high
not-Kannada,Hindi me kb realise hogi?,5,0.0,0.6,0.6,0.4,0.8,False,high
not-Kannada,Samaj mai kuch nahi aaya I am from maharashtra par majaa aa gaya ..hero kaafi talented hai,17,0.0,0.4706,0.4706,0.5294,0.9412,False,high
Positive,Super sipal star,3,0.0,0.3333,0.3333,0.6667,0.6667,True,high
Positive,ಉಪೇಂದ್ರ avra Thara ide direction,5,0.25,0.25,0.5,0.5,1.0,False,high
unknown state,Superr bhaii songs,3,0.0,0.6667,0.6667,0.3333,0.6667,True,high
unknown state,Wt Abt devarkonda,3,0.0,0.5,0.5,0.5,1.0,True,high
not-Kannada,U missed devarakonda 🤣,4,0.0,0.3333,0.3333,0.6667,0.6667,True,high
Negative,Right bhai avarige barabari shock aagide,6,0.0,0.6667,0.6667,0.3333,0.6667,False,high
Negative,lo Guys dislike madidhiralla enn yengrappa song madbeku antha swalpa heldrappa,11,0.0,0.7,0.7,0.3,0.6,False,high
unknown state,100 million song idu,4,0.0,0.3333,0.3333,0.6667,0.6667,True,high
Negative,100 million agalla BRO,4,0.0,0.5,0.5,0.5,1.0,True,high
Mixed feelings,100 alla 200 million agutte,5,0.0,0.6667,0.6667,0.3333,0.6667,True,high
not-Kannada,Song super my laughg Tamil sema.,6,0.0,0.4,0.4,0.6,0.8,False,high
Positive,Kannada industry nintirode Yash,4,0.0,0.3333,0.3333,0.6667,0.6667,True,high
not-Kannada,Pubg plair gun,3,0.0,0.6667,0.6667,0.3333,0.6667,True,high
Positive,Movie super guro,3,0.0,0.3333,0.3333,0.6667,0.6667,True,high
Positive,ಚಿಂದಿ movie ಗುರು,3,0.6667,0.0,0.6667,0.3333,0.6667,True,high
Positive,Jai d boss,3,0.0,0.3333,0.3333,0.6667,0.6667,True,high
Positive,Bere level aagi ede..appata kannada haadu...,6,0.0,0.6,0.6,0.4,0.8,False,high
Positive,Power star ..fans laik madi,5,0.0,0.4,0.4,0.6,0.8,False,high
Negative,Yalla kannadigarugu ansthithu bere bashe movies maddohange yak namma kannada movies maddalla antha.. but evagaaa yak bere bashe movies nodbeku antha ansoke shuruuu agbhitidhe alva Karnataka???,26,0.0,0.6522,0.6522,0.3478,0.6957,False,high
Mixed feelings,Hindi varjan relis made,4,0.0,0.5,0.5,0.5,1.0,False,high
Positive,ASN theme music jaldi realise madi,6,0.0,0.6667,0.6667,0.3333,0.6667,False,high
Negative,ವಿಜಯ್ ಪ್ರಕಾಶ್ ಅವರಿಗೆ ಈ ಸಾಂಗ್ match ಆಗ್ತಿಲ್ಲ but music is good,11,0.5455,0.0,0.5455,0.4545,0.9091,False,high
Positive,Blockbuster agli annovru like Madi,5,0.0,0.5,0.5,0.5,1.0,False,high
Positive,Best wishes from huccha venkat sene-zimbaabwe,6,0.0,0.5,0.5,0.5,1.0,False,high
Positive,complete kwatley guru ninu..,4,0.0,0.5,0.5,0.5,1.0,False,high
not-Kannada,Super duper lyrics,3,0.0,0.3333,0.3333,0.6667,0.6667,True,high
unknown state,Rakshith ShettynRishab shetty nFans hit like here,7,0.0,0.5714,0.5714,0.4286,0.8571,False,high
Mixed feelings,Kalaburgi and Bidar jille janaru like maadi,7,0.0,0.6667,0.6667,0.3333,0.6667,False,high
Positive,Sri filmna north Indiadali promotion jasthi jasthi Madi,8,0.0,0.6667,0.6667,0.3333,0.6667,False,high
Positive,ನಿಜವಾಗ್ಲೂ ಇದು ಚರಿತ್ರೆ ಸೃಷ್ಟಿಸೊ ಅವತಾರ.... song Rakshith sir.. all the very best..,12,0.4545,0.0,0.4545,0.5455,0.9091,False,high
unknown state,Ragad song  ....,3,0.0,0.5,0.5,0.5,1.0,True,high
not-Kannada,Ohh my God🤟🤟,3,0.0,0.5,0.5,0.5,1.0,True,high
Mixed feelings,Hands up  with ಅವನೇ ಶ್ರೀಮನ್ನಾರಾಯಣ,5,0.4,0.0,0.4,0.6,0.8,False,high
Negative,Views nodi ne gottagatte promotion sari aagilla anta. Pan India movie idu. Please innu promotion beku. Saakagta illa.,18,0.0,0.5714,0.5714,0.4286,0.8571,False,high
Negative,Idu Fantasy Film tara kantide alva?,6,0.0,0.5,0.5,0.5,1.0,False,high
not-Kannada,Slow poisening song suuper.....,4,0.0,0.3333,0.3333,0.6667,0.6667,True,high
Positive,Song full gicchi gili gili.....,5,0.0,0.5,0.5,0.5,1.0,False,high
Mixed feelings,Last scene nali spoon ogediddu Rishab shetty na?,8,0.0,0.4286,0.4286,0.5714,0.8571,False,high
not-Kannada,Syke SongnI am Full Fida....,5,0.0,0.6667,0.6667,0.3333,0.6667,True,high
Mixed feelings,Howdu tumba reveal mad bitru,5,0.0,0.6,0.6,0.4,0.8,False,high
unknown state,@Praveen P ik,3,0.0,0.6667,0.6667,0.3333,0.6667,True,high
Positive,Swag ka baap Rakshit Shetty..,5,0.0,0.6667,0.6667,0.3333,0.6667,True,high
Positive,Pakka super hit,3,0.0,0.3333,0.3333,0.6667,0.6667,True,high
Positive,ಡಿ ಬಾಸ್ ಅಭಿಮಾನಿಗಳಿಂದ All the best,6,0.6,0.0,0.6,0.4,0.8,False,high
not-Kannada,Looks lyk promising,3,0.0,0.3333,0.3333,0.6667,0.6667,True,high
not-Kannada,Jai D Boss,3,0.0,0.5,0.5,0.5,1.0,True,high
Positive,Super   n  ಜೈ ಡಿ ಬಾಸ್,5,0.6,0.0,0.6,0.4,0.8,False,high
Positive,NAMMA modala web series,4,0.0,0.5,0.5,0.5,1.0,False,high
not-Kannada,Super dynamic princ prajwal sir,5,0.0,0.4,0.4,0.6,0.8,False,high
unknown state,Appu boss fan's like mdi,5,0.0,0.4,0.4,0.6,0.8,False,high
Positive,Super Chindiii sir sakkatagi ede,5,0.0,0.5,0.5,0.5,1.0,False,high
unknown state,@Vinay Vn  nani gentle men??,5,0.0,0.5,0.5,0.5,1.0,False,high
Negative,Trailer nalle full story gottagbidttu...trailer bere tara try madbekittu,9,0.0,0.375,0.375,0.625,0.75,False,high
not-Kannada,Good work prajju🥰,3,0.0,0.3333,0.3333,0.6667,0.6667,True,high
not-Kannada,Jai d boss,3,0.0,0.3333,0.3333,0.6667,0.6667,True,high
not-Kannada,Prajju Boss is Back,4,0.0,0.5,0.5,0.5,1.0,True,high
Positive,Jai appu sir,3,0.0,0.6667,0.6667,0.3333,0.6667,True,high
Positive,ದ್ರುವ ಅಣ್ಣಾ ಅಭಿಮಾನಿಗಳ ಕಡೆಯಿಂದ all the best,7,0.5714,0.0,0.5714,0.4286,0.8571,False,high
Positive,Pakka hit agutthe guru movie,5,0.0,0.4,0.4,0.6,0.8,False,high
Positive,Hindi nalli Madi movie oduthe plz,6,0.0,0.4,0.4,0.6,0.8,False,high
Positive,All the best ಪ್ರಜ್ವಲ್ ದೇವರಾಜ್ avre.,6,0.3333,0.1667,0.5,0.5,1.0,False,high
Positive,D bosss fans kade inda all the best prajju,9,0.0,0.375,0.375,0.625,0.75,False,high
unknown state,ಮನೆಯಿಂದಲೇ ಸಂಪಾದಿಸಬೇಕೇ? With income proof. WhatsApp 6362806874,7,0.4,0.0,0.4,0.6,0.8,False,high
not-Kannada,Appu boss prajwal sir,4,0.0,0.5,0.5,0.5,1.0,False,high
Positive,Jai D Boss,3,0.0,0.5,0.5,0.5,1.0,True,high
Mixed feelings,Ur super sir..but ಒಂದ hit movi kodi sir navu adakoskara kaetidivi....,11,0.1,0.5,0.6,0.4,0.8,False,high
unknown state,D. Boss abhimani kadeyinda,4,0.0,0.6667,0.6667,0.3333,0.6667,True,high
Positive,jai d boss,3,0.0,0.3333,0.3333,0.6667,0.6667,True,high
Positive,Trailer ee rangeide ina filmnAwesome man,6,0.0,0.5,0.5,0.5,1.0,False,high
unknown state,Super  appu Bøss fans,4,0.0,0.3333,0.3333,0.6667,0.6667,True,high
Negative,Ayyo Vishal movie remake guru idu,6,0.0,0.4,0.4,0.6,0.8,False,high
unknown state,D boss kaa bro.....,4,0.0,0.3333,0.3333,0.6667,0.6667,True,high
Positive,Anna nanu dhevara hathra kellkonthini   E movie success kandu   nimma cini journey yalli life turning movie aglli antha ....GUD LUCK BRO ...JAI HANUMAN   SUPPORT FROM D BOSS ABIMAANI,28,0.0,0.5263,0.5263,0.4737,0.9474,False,high
Positive,ಡಿ ಬಾಸ್ ಅಭಿಮಾನಿಗಳಿಂದ all the ಬೇಸ್ಟ್,6,0.6667,0.0,0.6667,0.3333,0.6667,False,high
Positive,Supar appu annan fans like madi,6,0.0,0.6667,0.6667,0.3333,0.6667,False,high
unknown state,Jai appu boss,3,0.0,0.6667,0.6667,0.3333,0.6667,True,high
Positive,Prajwal  bro  nivu   come  back  agbeku   .....   nivu  pakka   gede  gelthira,11,0.0,0.7,0.7,0.3,0.6,False,high
Positive,Togari teeppa super,3,0.0,0.6667,0.6667,0.3333,0.6667,True,high
Positive,Super kannada story togari tippa,5,0.0,0.4,0.4,0.6,0.8,False,high
Positive,Nice story togari tippa,4,0.0,0.5,0.5,0.5,1.0,False,high
Negative,La video ako su.....।,4,0.0,0.3333,0.3333,0.6667,0.6667,True,high
Positive,Togari tippa super story,4,0.0,0.5,0.5,0.5,1.0,False,high
Positive,Super sir namge thumba istavada kathe nam parents ge kelisbeku aadastu bega idanna,13,0.0,0.6154,0.6154,0.3846,0.7692,False,high
Negative,Ningappa  s  malekoppa,3,0.0,0.6667,0.6667,0.3333,0.6667,True,high
Positive,Super navu chikvara idaga kelta idavi super childhood memories,9,0.0,0.5556,0.5556,0.4444,0.8889,False,high
not-Kannada,AWESOME nBRO SEND ME LINK OF PART -2 nEXITED TO LISTEN PART 2,13,0.0,0.6667,0.6667,0.3333,0.6667,True,high
Positive,Togari tippa super,3,0.0,0.6667,0.6667,0.3333,0.6667,True,high
Positive,sir nem no kodie plz plz,6,0.0,0.3333,0.3333,0.6667,0.6667,False,high
Positive,Super togare tippa,3,0.0,0.6667,0.6667,0.3333,0.6667,True,high
Positive,Super togari tipa,3,0.0,0.6667,0.6667,0.3333,0.6667,True,high
Positive,Ella kannada abhimanigalu kelebekada hasya chataki,6,0.0,0.6667,0.6667,0.3333,0.6667,False,high
Positive,Very nice togari tippa story,5,0.0,0.4,0.4,0.6,0.8,False,high
Positive,Inta kate matte matte krlbeku ansatte super,7,0.0,0.4286,0.4286,0.5714,0.8571,False,high
Positive,children's Dan's aha jumtaka jum jum,6,0.0,0.6,0.6,0.4,0.8,False,high
not-Kannada,shobha  a,2,0.0,0.5,0.5,0.5,1.0,True,high
Positive,Super tippa story,3,0.0,0.3333,0.3333,0.6667,0.6667,True,high
Positive,nice togari tippa,3,0.0,0.6667,0.6667,0.3333,0.6667,True,high
not-Kannada,Dilip Singh Dilip dalit Sangh Ambedkar Dalit Singh song,9,0.0,0.6667,0.6667,0.3333,0.6667,True,high
Positive,Togari tipppa story super,4,0.0,0.3333,0.3333,0.6667,0.6667,True,high
not-Kannada,@Sachin Sachin p,3,0.0,0.5,0.5,0.5,1.0,True,high
Positive,Togari tippa story super,4,0.0,0.5,0.5,0.5,1.0,False,high
Positive,bal Chand aytri... Estu sala kelidru mat mat kelbeku..,9,0.0,0.6667,0.6667,0.3333,0.6667,False,high
Positive,Bahala varshada nantara Togari Tippa Hasya keli santosh aayitu  thank you for this video,14,0.0,0.5455,0.5455,0.4545,0.9091,False,high
not-Kannada,@MUKESH G yes,3,0.0,0.3333,0.3333,0.6667,0.6667,True,high
Positive,ಸೂಪರ್ u r a carrect,5,0.2,0.2,0.4,0.6,0.8,False,high
unknown state,@live vijju 2.0,3,0.0,0.5,0.5,0.5,1.0,True,high
Mixed feelings,Bro Hindi song sigthila,4,0.0,0.3333,0.3333,0.6667,0.6667,True,high
Positive,@DACCHU D BOSS ennu release aagila bro.,7,0.0,0.5,0.5,0.5,1.0,False,high
Positive,Hands up🤩n#yuvarathnaa update on December 31stjai #drrajkumar,7,0.0,0.4,0.4,0.6,0.8,False,high
Mixed feelings,Yelru onde hindu Muslim anta dived madbedi,7,0.0,0.6667,0.6667,0.3333,0.6667,False,high
Positive,Rakshit shetty sir ge jai,5,0.0,0.6,0.6,0.4,0.8,False,high
Negative,Masthmaga na duplicate madbitaru Amar sir,6,0.0,0.4,0.4,0.6,0.8,False,high
Negative,Hello dr. Vivek bindra video copy madidra? Never mind copy adru channagittu,12,0.0,0.4,0.4,0.6,0.8,False,high
Mixed feelings,bro ನಿನ ಹತ್ರ ಏನಾದರೂ idea idre ಹೇಳಬಹುದು alva ?,9,0.5,0.125,0.625,0.375,0.75,False,high
Mixed feelings,Sir make vidieo on drone prathap,6,0.0,0.3333,0.3333,0.6667,0.6667,False,high
Positive,Avara sarvadhukaranu plus point adre Alli sarvadhikarirana deshada heligegaagi use maadiddare.,11,0.0,0.7,0.7,0.3,0.6,False,high
Mixed feelings,China da environment hegide yargu gotila,6,0.0,0.5,0.5,0.5,1.0,False,high
Mixed feelings,en helde guru,3,0.0,0.6667,0.6667,0.3333,0.6667,True,high
Mixed feelings,Upendra tara ideas eroru PM,5,0.0,0.5,0.5,0.5,1.0,False,high
Positive,It is toooo best sir... nIdann nodi  adru arta madkobeku rajkaranigalu...,11,0.0,0.625,0.625,0.375,0.75,False,high
Mixed feelings,ಬರೀ adds bartave.,3,0.3333,0.3333,0.6667,0.3333,0.6667,True,high
Positive,Sir raajakaranigala tappilla sir avru Mado plange Nam youths jaathi ad idu hodedaata maadi saaytiralla adu tappu sir yuvakaru sari idre hella sari iruthe politiciansge gothu sir naav Indians hege anta Nam Kachada buddi bittu Deshada bagge yochne madbeku WhatsApp university badlu skill improvement madodu nodbeku,46,0.0,0.7,0.7,0.3,0.6,False,high
Mixed feelings,Namma bharatadalli baren Hindu muslims G D P tumba jaste..ogattu ella hege  edre  e jamanudalle china ge meresoke agalla..,19,0.0,0.5556,0.5556,0.4444,0.8889,False,high
Mixed feelings,Nice infromation   brother ... n   But.   Ella problems. Bagge matdiri solution en madbeku ..anta helivalaa brother ..      ..   ivelladakku solution Andre ..(MONEY (NAMMA TAX AMOUNT )=GOVT ).  Alva n  nSimple agi helbeku Andre ..main problem   politics anta ella gottu .... AdKke solution ..????????     Nive helida haage.   ##  Revolution. ##n  Aa REVOLUTION (#prajaakeeya )ivg strt agide ..nivu adakke kai jodisbeku Alva ... Idu correct,63,0.0,0.6053,0.6053,0.3947,0.7895,False,high
Mixed feelings,Communist Sarkar beku bharat dalli nu nam avrige freedom jasti agide,11,0.0,0.6,0.6,0.4,0.8,False,high
Positive,Badekilla Pradeep voice,3,0.0,0.5,0.5,0.5,1.0,True,high
Negative,Daridra rajkaranadinda Kelsane sigtilla guru company factory yella muccho stitili idare,11,0.0,0.7,0.7,0.3,0.6,False,high
Negative,ಶೇಕಡ 100(%) ರಷ್ಟು viruses na China ಉತ್ಪನ್ನ ಮಾಡುತ್ತೆ.....,8,0.6667,0.0,0.6667,0.3333,0.6667,False,high
Positive,Super sir nNijavaglu namma desha tumba hinde ede .n        Edakke namma deshed Rajkiya ne karna.,15,0.0,0.6923,0.6923,0.3077,0.6154,False,high
Positive,Nkn yan trailer guru maiye jumm anthu wow amazing,9,0.0,0.5556,0.5556,0.4444,0.8889,False,high
Positive,ಡಿ ಬಾಸ್ ಫ್ಯಾನ್ ಕಡೆಯಿಂದ all tha best jai D Boss,10,0.4444,0.2222,0.6667,0.3333,0.6667,False,high
Positive,Kiccha fans kade inda congratulations pajju,6,0.0,0.6667,0.6667,0.3333,0.6667,False,high
Positive,Karnataka janeteinda all the best movie ge olledagali🥰🥰,8,0.0,0.375,0.375,0.625,0.75,False,high
not-Kannada,I am bigg fan prajwal sar fan. .....,8,0.0,0.4286,0.4286,0.5714,0.8571,False,high
Positive,Nice dialogue nan ondhu Sari sathidini enondu sala sayalla,9,0.0,0.625,0.625,0.375,0.75,False,high
Negative,E type movie na tamilali Vishal madidare mostly adara remake aadru aagirbahudu,12,0.0,0.4545,0.4545,0.5455,0.9091,False,high
Negative,Ok Bro.... Bt gurudeshpande avru tamilindane jasti movie na remake madtirodu..... Ok hego paapa nam prajwal ge ondu break sigli,20,0.0,0.5625,0.5625,0.4375,0.875,False,high
Positive,Villan is khadak,3,0.0,0.6667,0.6667,0.3333,0.6667,True,high
Positive,ರಾಜವಂಶದ ಅಭಿಮಾನಿಗಳು ಕಡೆ ಇಂದ all the best ...,8,0.5714,0.0,0.5714,0.4286,0.8571,False,high
unknown state,Kiccha Sudeep sir Fans Like Here,6,0.0,0.5,0.5,0.5,1.0,True,high
Negative,Shaata daagar fans,3,0.0,0.6667,0.6667,0.3333,0.6667,True,high
Positive,D.boss fans kade doddadagi wel come madtivi sir,8,0.0,0.625,0.625,0.375,0.75,False,high
Positive,Super Jai D.Boss,3,0.0,0.5,0.5,0.5,1.0,True,high
unknown state,@SANGMESH NADVINMANI y bro,4,0.0,0.3333,0.3333,0.6667,0.6667,True,high
Positive,Jai D Boss,3,0.0,0.5,0.5,0.5,1.0,True,high
Positive,niddeburak thumba ne strong iddane guru,6,0.0,0.5,0.5,0.5,1.0,False,high
Positive,D boss ಅಭಿಮಾನಿಗಳಿಂದ all the best ಸೂಪರ್ ಟ್ರೈಲರ್,8,0.375,0.0,0.375,0.625,0.75,False,high
unknown state,jAi D Bo'ss,3,0.0,0.5,0.5,0.5,1.0,True,high
Positive,Jai d boss,3,0.0,0.3333,0.3333,0.6667,0.6667,True,high
Positive,ಡಿ ಬಾಸ್ ಅಭಿಮಾನಿಗಳ ಕಡೆಯಿಂದ all the best,7,0.5714,0.0,0.5714,0.4286,0.8571,False,high
Positive,Super duper..Film    Bust of luck... Prajval Devaraja..... Darling..   Days..,9,0.0,0.3333,0.3333,0.6667,0.6667,True,high
Positive,αll thє вєѕt frσm drugѕ вσѕѕ fαnzzz,7,0.0,0.4,0.4,0.6,0.8,False,high
Mixed feelings,Yav movie remake hethidira sir,5,0.0,0.4,0.4,0.6,0.8,False,high
Mixed feelings,Guru idu yav movie remake alla sumne gotthilde yak helthira,10,0.0,0.6,0.6,0.4,0.8,False,high
unknown state,Bgm is good,3,0.0,0.3333,0.3333,0.6667,0.6667,True,high
Negative,Gurudesh pandey sir remake madobadlu swamek    madi sir,8,0.0,0.625,0.625,0.375,0.75,False,high
not-Kannada,Nyc trailer praju,3,0.0,0.3333,0.3333,0.6667,0.6667,True,high
Positive,Jai D Boss,3,0.0,0.5,0.5,0.5,1.0,True,high
Positive,JASTI COMMETS MADIRODHU D,4,0.0,0.5,0.5,0.5,1.0,True,high
Negative,@Ambrish Mallad luccha fans nimma luccha suderpdu movie nodo Ella flop agtive side actor get fit baavali age eddane balegaara correctagi tindu barlike hell baavali🤣🤣,25,0.0,0.6087,0.6087,0.3913,0.7826,False,high
Negative,@d boss mania o brame nivu ede tara tilkolli avaru belitare,11,0.0,0.5455,0.5455,0.4545,0.9091,False,high
unknown state,Jai d boss,3,0.0,0.3333,0.3333,0.6667,0.6667,True,high
Positive,All the best DBOSS darshan fans Kade endaa,8,0.0,0.3333,0.3333,0.6667,0.6667,False,high
Positive,Super performance prju,3,0.0,0.3333,0.3333,0.6667,0.6667,True,high
Positive,All India language madi,4,0.0,0.3333,0.3333,0.6667,0.6667,True,high
Positive,ಗೋಲ್ಡನ್ ಸ್ಟಾರ್ ಗಣೇಶ್ ಅಭಿಮಾನಿಗಳಿಂದ all the best,7,0.5714,0.0,0.5714,0.4286,0.8571,False,high
Positive,Nice d ಬಾಸ್ ಅಭಿಮಾನಿ,4,0.5,0.0,0.5,0.5,1.0,False,high
Mixed feelings,Yavga release agute,3,0.0,0.6667,0.6667,0.3333,0.6667,True,high
Positive,Dynamic Prince is back nಕಂಟೆಂಟ್ ಇರೋ ಮೂವಿನ ಕನ್ನಡಿಗರು ಯಾವತ್ತೂ ಕೈ ಬಿಟ್ಟಿಲ್ಲ,11,0.7,0.0,0.7,0.3,0.6,False,high
Negative,Super hero prajval devraj I like I love hero but avara time sari ila adke avara movie hit agtila but ivarige vale director sigbeku benki hero prajval I love boss E cinema adru nimge success tandu kodali..devru idane munde nugta eri boss god bless you,45,0.0,0.4,0.4,0.6,0.8,False,high
Positive,D boss  fans sapot iratte 100day,6,0.0,0.4,0.4,0.6,0.8,False,high
Mixed feelings,Jai prajvalnJai d boss,4,0.0,0.5,0.5,0.5,1.0,False,high
Positive,Thriller Movie Andre ee Tara Irbeku,6,0.0,0.5,0.5,0.5,1.0,True,high
unknown state,E film adru chenag odli,5,0.0,0.6,0.6,0.4,0.8,False,high
unknown state,Jai D Boss,3,0.0,0.5,0.5,0.5,1.0,True,high
Negative,le kelly yak guru..yella kade negative agi matadtidiya...yaake...avr ella wish maadtidare aste...if u gonna watch its upto u...just dont trigger evrone at no reason...,24,0.0,0.35,0.35,0.65,0.7,False,high
Negative,@Bharathraj T B irli bido... Ningen helilvalla,7,0.0,0.6,0.6,0.4,0.8,False,high
Negative,@Reginald Kelly Kannada da bagge sumne matadidre(includes people too) adu namgu naatutte,12,0.0,0.6,0.6,0.4,0.8,False,high
Negative,@Reginald Kelly hinge matad tidre adne madtini...,7,0.0,0.6,0.6,0.4,0.8,False,high
Positive,ಸುದೀಪ್ ಅಣ್ಣ ಕಡೆಯಿಂದ all th e best,7,0.4286,0.0,0.4286,0.5714,0.8571,False,high
unknown state,Jai D Boss,3,0.0,0.5,0.5,0.5,1.0,True,high
not-Kannada,Nice trailer super acting prajwal devraj,6,0.0,0.3333,0.3333,0.6667,0.6667,False,high
Negative,@Vinay Vn kannadalli helu bro gothagalla english  idu remake a?,10,0.0,0.5556,0.5556,0.4444,0.8889,False,high
Negative,Supper  p boss... Yar unlike madidhare nodi.. urkondu saytor anta,10,0.0,0.625,0.625,0.375,0.75,False,high
unknown state,Jai d boss,3,0.0,0.3333,0.3333,0.6667,0.6667,True,high
not-Kannada,All The Best Gentlemen Team From All DBoss Fans,9,0.0,0.5,0.5,0.5,1.0,True,high
Positive,appu boss fans nlike madi,5,0.0,0.6,0.6,0.4,0.8,False,high
Positive,Nice story accting super prajval devraaj,6,0.0,0.5,0.5,0.5,1.0,False,high
unknown state,jai d boss,3,0.0,0.3333,0.3333,0.6667,0.6667,True,high
not-Kannada,Sooperb concept,2,0.0,0.5,0.5,0.5,1.0,True,high
Positive,Super pakka nodthini,3,0.0,0.6667,0.6667,0.3333,0.6667,True,high
Positive,Amazing very nice prajwal life ge ondu hosa tiruvu koduvantaha cinima idu,12,0.0,0.5833,0.5833,0.4167,0.8333,False,high
not-Kannada,Gentleman Trailer Kis Ko Pasand Aya HynMujy Bohot Acha Laga Hy nAp Ko?,13,0.0,0.3333,0.3333,0.6667,0.6667,True,high
Positive,Yav Ree dislike kodoru kannada movies belibek fist kannada next hero's elru nammavare...,13,0.0,0.3636,0.3636,0.6364,0.7273,False,high
Positive,Gud pair Praju & Nishvika..,5,0.0,0.5,0.5,0.5,1.0,True,high
Negative,Remake movie ansthe,3,0.0,0.3333,0.3333,0.6667,0.6667,True,high
Negative,Sak sak thika muchrole.. Aathara career change yenagalla laude nan makla hog kelsa nodi,14,0.0,0.6923,0.6923,0.3077,0.6154,False,high
Positive,E trailer nodtidre eno ontaraa feel agutte but e movie ENA ide annodu ...  Tilibekide,15,0.0,0.4167,0.4167,0.5833,0.8333,False,high
not-Kannada,Yes..you are GENTLEMEN!!,3,0.0,0.5,0.5,0.5,1.0,True,high
Positive,sir modalu nam deshadali shikshana krati ag beku and nrashta chara nilbeku,12,0.0,0.6667,0.6667,0.3333,0.6667,False,high
Mixed feelings,ಹತ್ತು ವರ್ಷ strict  president rule ಬರಬೇಕು.,6,0.5,0.0,0.5,0.5,1.0,False,high
Positive,Namma deshanu china thara aitu andre  badatanane erala sir..,9,0.0,0.6667,0.6667,0.3333,0.6667,False,high
Positive,Exclent 100 sure,3,0.0,0.5,0.5,0.5,1.0,True,high
Positive,Super  sar,2,0.0,0.5,0.5,0.5,1.0,True,high
Positive,S sir niv helid not ja,6,0.0,0.5,0.5,0.5,1.0,False,high
Positive,Full news jaldi bidri,4,0.0,0.5,0.5,0.5,1.0,False,high
Negative,VPN hakondu tiktok use madtidare nam soldier sattirodu lekkka ellla janakkke,11,0.0,0.625,0.625,0.375,0.75,False,high
Positive,Bro ondu hellla nandu nan desha consumer economy navu producer economy agbeku. Edu agbeku andre swantha bussinessd madodu kalisabeku. Ellli job edre great ade entrprenuer r bussinesss madtidini andre yalru chikkkadagi nodtare madve agoke hudginu kodollla. Encouragrment ellla guru,39,0.0,0.6129,0.6129,0.3871,0.7742,False,high
Positive,Vivek bindra avra hindi version na kannadal helidake nimge danyavadaglu sir....,11,0.0,0.7,0.7,0.3,0.6,False,high
Mixed feelings,Bharatha Dali jathi padathi meljathi kiljathi erovarege  development sadyane ella and  lancha black money erovarege udara agalla. Reservations erovarege Bharatha udara agala innu development kanasina mathu . China Dali latest political parties Kiri Kiri Ella mathe munduvarida desha but Bharatha China ke compare madidare thumba hinde ede . Bharatha Munde barbekadare political onde erbeku or president adikara erbeku. reservation ban agbeku. Meljathi kiljathi ban agbeku. Lancha ban agbeku. Thappu madidavarige kattina shikshe agbeku Saudi Thara . Amele Bharatha udara aguthe .,81,0.0,0.6897,0.6897,0.3103,0.6207,False,high
Positive,Sir prajakeeya'kke support madi sir daily 30sec adru adra bagge heli start madi sir pls eno help agutte subscriber bahala jana ide,22,0.0,0.4762,0.4762,0.5238,0.9524,False,high
Positive,king k  yav reeti badavru..?? Jati lekkana or powerty ??,10,0.0,0.625,0.625,0.375,0.75,False,high
Positive,@shashikiran shetty BPL card irovru. Avrge ration kodlebeku nEducation alli free kottu support madbeku. Yestond jana rank togondirtare adre avrge dudiralla education madoke avrge free irbeku nnReservation poor people ge yak handre avru sariyagi study madoke hagiralla dudui tirtare jotege hodbeku nnDud irovru  hodtare,44,0.0,0.6829,0.6829,0.3171,0.6341,False,high
Positive,Sir Bermuda triangle bagge video maadi,6,0.0,0.4,0.4,0.6,0.8,False,high
Positive,Sir.. 5paisa.com adara bagge video madi... Open madodhu hege and close madodhu hege antha... Plz sir,16,0.0,0.5455,0.5455,0.4545,0.9091,False,high
Positive,Ur brilliant.... neevu helida haage fb twitter alli comments hakta kuthkobek aaguthe,12,0.0,0.6364,0.6364,0.3636,0.7273,False,high
Positive,Namma Rajyada young entrepreneur ge support maadi.,7,0.0,0.3333,0.3333,0.6667,0.6667,False,high
Positive,Startup start maadalu capacity growth maadalu tips kodi . Ondu separate video maadi .pls,14,0.0,0.3333,0.3333,0.6667,0.6667,False,high
unknown state,Please support prajakiya,3,0.0,0.3333,0.3333,0.6667,0.6667,True,high
Negative,Copy from vivek bindra,4,0.0,0.5,0.5,0.5,1.0,False,high
Positive,waw spr sir,3,0.0,0.6667,0.6667,0.3333,0.6667,True,high
Positive,tq super sir,3,0.0,0.3333,0.3333,0.6667,0.6667,True,high
Negative,Bari prayojanake barada films nododu Facebook YouTube li comments hodiyodu yaavalo hudugi siktale anta instagram li search madodo ede Indians hanebaraha etara madidre dhesha development aagoke saadyana,27,0.0,0.68,0.68,0.32,0.64,False,high
Positive,Paramedical exam bagge mahiti tilisi sir,6,0.0,0.5,0.5,0.5,1.0,False,high
Mixed feelings,Guru nam indiadalli,3,0.0,0.3333,0.3333,0.6667,0.6667,True,high
Positive,Next part madi,3,0.0,0.3333,0.3333,0.6667,0.6667,True,high
Positive,Super Amar prasad sir,4,0.0,0.3333,0.3333,0.6667,0.6667,True,high
Positive,Nam college  alli degree  BE mugisdorigu nayvagi coding bareyoke barallla,10,0.0,0.5,0.5,0.5,1.0,False,high
Positive,Supar sir nevu,3,0.0,0.6667,0.6667,0.3333,0.6667,True,high
Positive,Thank you sar,3,0.0,0.3333,0.3333,0.6667,0.6667,True,high
unknown state,Next scene saanvi,3,0.0,0.3333,0.3333,0.6667,0.6667,True,high
Positive,Good song nPakka hit agutha,5,0.0,0.4,0.4,0.6,0.8,False,high
unknown state,@Hithu aradhya where??,3,0.0,0.6667,0.6667,0.3333,0.6667,True,high
unknown state,Yes bro avaga song ajneesh sir voice alli ittu,9,0.0,0.4444,0.4444,0.5556,0.8889,False,high
Positive,yen guru nam kannada film industry na yellaru seri bere level ge tagondu hogthaa iddare... superb music,17,0.0,0.3125,0.3125,0.6875,0.625,False,high
not-Kannada,Super bgm masth ....,4,0.0,0.6667,0.6667,0.3333,0.6667,True,high
Positive,Waa madiddare hige madbeku pan indian film ge,8,0.0,0.5,0.5,0.5,1.0,False,high
Positive,Movie releaseagli guru,3,0.0,0.3333,0.3333,0.6667,0.6667,True,high
unknown state,ಎನ್ making ಗುರು,3,0.6667,0.0,0.6667,0.3333,0.6667,True,high
Negative,ಆ 247 ಜನ dislikers  ರಶ್ಮಿಕಾ ಮಂದಣ್ಣ die hard fans  ಇರಬೇಕು..,10,0.5556,0.1111,0.6667,0.3333,0.6667,False,high
Negative,Sariyagi promotion maadade cinema haal maadtarapan(Hindi Song Elranna?),8,0.0,0.6667,0.6667,0.3333,0.6667,False,high
Mixed feelings,Ontara different agi ide,4,0.0,0.5,0.5,0.5,1.0,False,high
Negative,Song ge unlike kotiroo sulimakala,5,0.0,0.4,0.4,0.6,0.8,False,high
Positive,Yena lyrics guru,3,0.0,0.3333,0.3333,0.6667,0.6667,True,high
Negative,Dislike madiroro rashmika fans irbeku,5,0.0,0.6,0.6,0.4,0.8,False,high
Positive,ಸೂಪರ್ ಬಗ್ರೌಂಡ್ music,3,0.6667,0.0,0.6667,0.3333,0.6667,True,high
Positive,shankarnag sir & uppi sir nantara obb uttama actor & director sikkidane nam kannada industry ge Rakshit shatty,18,0.0,0.4667,0.4667,0.5333,0.9333,False,high
Positive,Waaa Super super Rakshit sir And ajaneesh lokanaath Anna Music super,11,0.0,0.4,0.4,0.6,0.8,False,high
Negative,Powerful music irbekittu annoru like madi,6,0.0,0.5,0.5,0.5,1.0,False,high
Mixed feelings,Priswi Perera changide guru,4,0.0,0.6667,0.6667,0.3333,0.6667,True,high
Positive,Jai d boss,3,0.0,0.3333,0.3333,0.6667,0.6667,True,high
not-Kannada,Wt a bgm,3,0.0,0.3333,0.3333,0.6667,0.6667,True,high
Positive,Jai d boss.,3,0.0,0.3333,0.3333,0.6667,0.6667,True,high
Positive,Music and BGM sakkat maga....,5,0.0,0.3333,0.3333,0.6667,0.6667,True,high
Positive,Bgm..nnWaiting AVANE SRIMANNARAYAN and YUVARTHNAA,5,0.0,0.5,0.5,0.5,1.0,True,high
Positive,Pakka full gicchi gilili song... En song pa benki aiti.... Pakka ella record nu muriteti  .... Jai Karnataka,18,0.0,0.4545,0.4545,0.5455,0.9091,False,high
not-Kannada,Woooooooowwwwwwoooooooowwwwooo rakshith shetty bro,4,0.0,0.6667,0.6667,0.3333,0.6667,True,high
Negative,Dislike madiroru kgf fans ..,5,0.0,0.5,0.5,0.5,1.0,False,high
unknown state,@manz game yes!,3,0.0,0.3333,0.3333,0.6667,0.6667,True,high
not-Kannada,Le mc tuje dislike logoo ka kya lena dena.... Magyaa,10,0.0,0.5,0.5,0.5,1.0,False,high
Mixed feelings,@Vinay Kumar MS nin mane address kodu,7,0.0,0.6,0.6,0.4,0.8,False,high
Positive,All the BEST SANDALWOODಒಡೆಯಾ ಡೀ ಬಾಸ್ ಫ್ಯಾನ್ಸ್,7,0.6667,0.0,0.6667,0.3333,0.6667,False,high
Positive,Music superaagi kottidiya guru,4,0.0,0.5,0.5,0.5,1.0,False,high
Mixed feelings,slum dialogue pogaru,3,0.0,0.3333,0.3333,0.6667,0.6667,True,high
unknown state,FOCUS KARNATAKA howdhu 🤪,4,0.0,0.5,0.5,0.5,1.0,True,high
Positive,Super  jai kiccha sudeep anna,5,0.0,0.6,0.6,0.4,0.8,False,high
Mixed feelings,Yaav movie flop andri?,4,0.0,0.5,0.5,0.5,1.0,False,high
Positive,ನಿಮ್ಮಗೆ ಇಷ್ಟ ಆಗಿದ್ರೆ ಸೂಪರ್  bgm ಅನಿಸಿದರೆ .like ಮಾಡಿ share . ಕನ್ನಡ industries  power ತೋರಿಸೋಣ್ಣ,14,0.6154,0.0769,0.6923,0.3077,0.6154,False,high
Positive,Continue 8 sali kelide song bejare aglilla chindi song and music,11,0.0,0.5,0.5,0.5,1.0,False,high
not-Kannada,കേരളത്തിലെ നല്ലവരായ സിനിമ പ്രേമികളുടെ ഏറ്റവും പ്രിയങ്കരനായ nRakshit shetty nWe Love u rakshitt shetty nHANDSUPnVijay prakash sound make its more beautiful,20,0.0,0.5385,0.5385,0.4615,0.9231,False,high
Positive,Booking start  ಮಾಡಿ,3,0.3333,0.0,0.3333,0.6667,0.6667,True,high
Positive,@Thilak Kumar  e ondu mathu    saku bro    Kannada   industry ge support,11,0.0,0.4444,0.4444,0.5556,0.8889,False,high
unknown state,@Kiran R  ಸಿನಿಮಾ  ನೋಡಿ promotion ಮಾಡಿ,6,0.5,0.1667,0.6667,0.3333,0.6667,False,high
unknown state,Ajaneesh loknath love u man,5,0.0,0.4,0.4,0.6,0.8,False,high
Negative,Those 850 dislikes are Frome rashmika mandanna fans,8,0.0,0.3333,0.3333,0.6667,0.6667,False,high
Negative,Nija helbekandre ee song yako sync aagtilla movie trailer type ge....,11,0.0,0.5,0.5,0.5,1.0,False,high
Positive,Pakka kannadigana Movie super,4,0.0,0.6667,0.6667,0.3333,0.6667,True,high
Positive,ನಮ್ಮ ಕನ್ನಡ ಇಂಡಸ್ಟ್ರೀಸ್ ಬೇರೆ ಲೋಕಕ್ಕೆ ತಗೊಂಡು ಹೋಗೊ ಸೀನಿಮಾ all the best rakshith sir,13,0.6154,0.0769,0.6923,0.3077,0.6154,False,high
Positive,Bgm super ide ಶೆಟ್ರೇ,4,0.25,0.25,0.5,0.5,1.0,False,high
Positive,last nalli spoon na eseyodu  pakka kudure krishna (rishabshetty sir),10,0.0,0.5,0.5,0.5,1.0,False,high
unknown state,Hindi version yelli,3,0.0,0.3333,0.3333,0.6667,0.6667,True,high
Positive,Hands up  ರಕ್ಷಿತ್ ಶೆಟ್ಟಿ fans,5,0.4,0.0,0.4,0.6,0.8,False,high
Negative,OLA marma? leay thu OLA na promote maadoke isht dodd message haktyeno? D boooos fans na nodi kalthko.....avrella huttidaagle amman akkan antha pure kannada words kalthu bandirodu......,27,0.0,0.5217,0.5217,0.4783,0.9565,False,high
Positive,Offter long back coming see Kannada cinema...........New multitalented shankaranna............kannadada gandu,10,0.0,0.4286,0.4286,0.5714,0.8571,False,high
Positive,ossam..slow poison kanro,3,0.0,0.6667,0.6667,0.3333,0.6667,True,high
Mixed feelings,Kannada industry ali estu dodda dodda nayakaru edira nimana nivu nima work ali nivu busy agodu bittu e kannada natanana mathe ondu chance kodsi avarge help madi.....hale natarana maribedi plzzz,30,0.0,0.6429,0.6429,0.3571,0.7143,False,high
Positive,Olledagli shankar sir yavduku tale kedskobedi olle life lead madtidira ha bagvanta nimge olledmadli,14,0.0,0.6429,0.6429,0.3571,0.7143,False,high
Positive,sir nivu kottiguobbru,3,0.0,0.6667,0.6667,0.3333,0.6667,True,high
Positive,great hattsoff sir tandege takka maga,6,0.0,0.6667,0.6667,0.3333,0.6667,False,high
Positive,Devaru nimmanna nimma kutumbavanna.chennagi idali..we at cab driver,8,0.0,0.625,0.625,0.375,0.75,False,high
Positive,Jeevana banda haage accept madtha sagtidira wish you good luck,10,0.0,0.5,0.5,0.5,1.0,False,high
Positive,Swabhimaani neevu. Keep it up,5,0.0,0.5,0.5,0.5,1.0,False,high
Positive,Nanu kellida uthammavada maatugallu thanks sir,6,0.0,0.6667,0.6667,0.3333,0.6667,False,high
Positive,sir nim left kaalu samasye  iruvudu  rinda neevu automatic gear iro gaadi odusbodu Alva sir nimage tumba help agute,19,0.0,0.6667,0.6667,0.3333,0.6667,False,high
not-Kannada,Anusha Kumarswamy yes,3,0.0,0.5,0.5,0.5,1.0,True,high
Positive,Swabhimani Shankar Ashwath avru elrigu maadari... U r great sir,10,0.0,0.4286,0.4286,0.5714,0.8571,False,high
Positive,Sir nange ashwath sir andre praana..nan appana hage iddru.. avranna kalkonda dukka tumbaa ide nange..and I respect u tooo sir...god bless u sir..,23,0.0,0.5238,0.5238,0.4762,0.9524,False,high
Positive,God bless u ashwath Sir nimma harogya chennagirali,8,0.0,0.5714,0.5714,0.4286,0.8571,False,high
Positive,What a messege he gave atlast...madabekad kelasa madi...aarogya kapadkolli...,9,0.0,0.3333,0.3333,0.6667,0.6667,False,high
Positive,Sir nimna devru yavaglu chenagottirli sir,6,0.0,0.6667,0.6667,0.3333,0.6667,False,high
Positive,No comments. Kambani kannadi iddanthe,5,0.0,0.5,0.5,0.5,1.0,False,high
not-Kannada,Sandeep NKV super,3,0.0,0.5,0.5,0.5,1.0,True,high
Positive,Volledagli sir nimge,3,0.0,0.6667,0.6667,0.3333,0.6667,True,high
Positive,Nijavada hero andre evare,4,0.0,0.5,0.5,0.5,1.0,False,high
Mixed feelings,Sir nimm number Kodi  2 minit matadabeku,7,0.0,0.6,0.6,0.4,0.8,False,high
Negative,Yaar guru idnu kooda dislike maadidare,6,0.0,0.6667,0.6667,0.3333,0.6667,False,high
Positive,Nimn Tarah Manisha Samaj ke Bhag you are great,9,0.0,0.4,0.4,0.6,0.8,False,high
Positive,ಸರ್ pls contact 9743436877,4,0.3333,0.0,0.3333,0.6667,0.6667,True,high
Negative,Intha olle video nu dislike madiroru yentha kachada nanmaklirbeku🤦🤦🤦🤦,9,0.0,0.625,0.625,0.375,0.75,False,high
Negative,Intha olle video nu dislike madiroru yentha kachada nanmaklirbeku🤦🤦🤦🤦,9,0.0,0.625,0.625,0.375,0.75,False,high
Positive,Bro Adhu Hage Alla Yenu ilde Ondhu life start madidre yenu ansolla yella iddu kalkondu hege life lead madidre Novvu agutte so adhunna artha madkoli aste bcz avr best life Nodi e life ge bandirtare n avrge Acting bittu bere barolla adru ivru drive madtidare so great alva,48,0.0,0.6,0.6,0.4,0.8,False,high
not-Kannada,@RAJ NRJ l,3,0.0,0.5,0.5,0.5,1.0,True,high
Negative,Le Bindu thudugi,3,0.0,0.5,0.5,0.5,1.0,True,high
Negative,Estella matadonu elli matadodkintta border ge hogi matado maraya,9,0.0,0.6667,0.6667,0.3333,0.6667,False,high
Positive,Super guru neevu,3,0.0,0.3333,0.3333,0.6667,0.6667,True,high
Positive,Osm vedio anna,3,0.0,0.6667,0.6667,0.3333,0.6667,True,high
Negative,Tikto nan Shanta,3,0.0,0.5,0.5,0.5,1.0,True,high
Positive,Supper agi madiddiya guru,4,0.0,0.5,0.5,0.5,1.0,False,high
Negative,Nija bro kolithiro kobbari mukha ne. Inthavrinda ne first minus India ge.,12,0.0,0.4,0.4,0.6,0.8,False,high
Positive,Nim video yella entertainment ede keep rocking,7,0.0,0.4286,0.4286,0.5714,0.8571,False,high
Negative,Ee  boli maklige deshakoskara1 app delete madakkaglilla,7,0.0,0.6667,0.6667,0.3333,0.6667,False,high
Positive,China apps yallu remove madbeku sir  Nev innu strongag warning kodbeku sir,12,0.0,0.4545,0.4545,0.5455,0.9091,False,high
Positive,Bro na tiktok use madath idila but ivga tiktok installed madi  single star rating kotu uninstall madini,17,0.0,0.4706,0.4706,0.5294,0.9412,False,high
not-Kannada,I'm soo soo happiiii,4,0.0,0.6667,0.6667,0.3333,0.6667,True,high
Positive,Bro super bro allarigu artha agothara  alidira,7,0.0,0.5714,0.5714,0.4286,0.8571,False,high
Positive,Super guru tq,3,0.0,0.3333,0.3333,0.6667,0.6667,True,high
unknown state,Le hudugira tik tok bidi banni lagori aduma horagde social distance nalli lagori ata tik tok ge tata only for tik tok girls ________,24,0.0,0.6957,0.6957,0.3043,0.6087,False,high
Positive,Super guru est chennagi arta madisidira,6,0.0,0.5,0.5,0.5,1.0,False,high
Negative,Super guru ....hodi hodi channagi ti....hodi e tiktok kagegalge ...,10,0.0,0.5714,0.5714,0.4286,0.8571,False,high
Positive,Guru mast agi helidira,4,0.0,0.5,0.5,0.5,1.0,False,high
Mixed feelings,ನಾವು tik.tok use ಮಾಡಿದಿವಿ ಬ್ರದರ್ but,6,0.5,0.1667,0.6667,0.3333,0.6667,False,high
Negative,Dagar binduna modlu china ge kalsrappa,6,0.0,0.6667,0.6667,0.3333,0.6667,False,high
Positive,Mastt AG helidna guru,4,0.0,0.6667,0.6667,0.3333,0.6667,True,high
not-Kannada,Chinna voice super jai army,5,0.0,0.4,0.4,0.6,0.8,False,high
Negative,R u tok tok girl??,5,0.0,0.4,0.4,0.6,0.8,False,high
Negative,Divakar gee saryag ugdidhiraa.. 🤣🤣lob u broo,7,0.0,0.5714,0.5714,0.4286,0.8571,False,high
Positive,Instagram bya agithi ana,4,0.0,0.5,0.5,0.5,1.0,False,high
Positive,Super guroonSakkattagittu video. ...,4,0.0,0.3333,0.3333,0.6667,0.6667,True,high
Positive,I ಸೂಪರ್ Brother,3,0.5,0.0,0.5,0.5,1.0,True,high
Positive,Super annna neevu,3,0.0,0.5,0.5,0.5,1.0,True,high
Negative,Super guru. Chinage huttida sooleaklige saryagi hugididiya,7,0.0,0.6667,0.6667,0.3333,0.6667,False,high
Positive,Yenu tappilla guru ...,4,0.0,0.6667,0.6667,0.3333,0.6667,True,high
Positive,Super anna yenu thappila yela sari agi hellidira super,9,0.0,0.5556,0.5556,0.4444,0.8889,False,high
Negative,Bindu gowda ge sariyyagi batthi itree sir ..super sir neevu,10,0.0,0.6,0.6,0.4,0.8,False,high
Positive,Appani huttida video guru super,5,0.0,0.4,0.4,0.6,0.8,False,high
Positive,Nana support Ninna ge erote bhi  nBut nice video good luck Anna,12,0.0,0.4,0.4,0.6,0.8,False,high
Negative,Bro Gadi le hoge nintkoloke heali avn beja bayge barrage bole magange,12,0.0,0.6364,0.6364,0.3636,0.7273,False,high
Negative,supar anna Ennu Ugiri nan makluge tiktok beda,8,0.0,0.6667,0.6667,0.3333,0.6667,False,high
Mixed feelings,This song is similar to swag se karenge sabka swagat!!,10,0.0,0.3,0.3,0.7,0.6,False,high
Mixed feelings,Back burn rashmika,3,0.0,0.3333,0.3333,0.6667,0.6667,True,high
Positive,ಸಾಂಗ್ ಬೆಂಕಿ n,3,0.6667,0.0,0.6667,0.3333,0.6667,True,high
Positive,Super sir nivu nigavgllu nivu igienanLove fellore hudegiriegi supirthie sir,10,0.0,0.7,0.7,0.3,0.6,False,high
Negative,Film koda e hadin Tara slow poison,7,0.0,0.3333,0.3333,0.6667,0.6667,False,high
Positive,100 days pacca,3,0.0,0.5,0.5,0.5,1.0,True,high
Positive,basavaraj tambak artha madbeku movie na movie thara nodbeku,9,0.0,0.6667,0.6667,0.3333,0.6667,False,high
Negative,Worst movie. artane illa. 1 concept kuda illa.,8,0.0,0.5714,0.5714,0.4286,0.8571,False,high
Negative,basavaraj tambak lol  Peddha,4,0.0,0.6667,0.6667,0.3333,0.6667,True,high
Mixed feelings,Simple star aata kalthkonde akadake bandirodu really doddlekka,8,0.0,0.625,0.625,0.375,0.75,False,high
Positive,Ameer Humza beldhaythu bro 🥰,5,0.0,0.3333,0.3333,0.6667,0.6667,True,high
Positive,Super movie nim movie all time record agbeku  uppi fans,10,0.0,0.3,0.3,0.7,0.6,False,high
Positive,Sema Padam nnFantastic making,4,0.0,0.6667,0.6667,0.3333,0.6667,True,high
not-Kannada,Mujhe kuch smjh nhi aaya but I luv this song,10,0.0,0.6,0.6,0.4,0.8,False,high
Positive,Navalla guru politicians change agbeku kachda galu,7,0.0,0.5714,0.5714,0.4286,0.8571,False,high
Negative,Bari prayojanake barada films nododu Facebook YouTube li comments hodiyodu...yaavalo hudugi siktale anta instagram li search madodo ede Indians hanebaraha dhesha uddara hada hage ayyo,25,0.0,0.6818,0.6818,0.3182,0.6364,False,high
Positive,Bharatha no 1 desha namma deshakke yaudu sari sati ella,10,0.0,0.6667,0.6667,0.3333,0.6667,False,high
Negative,Video 18 min innu video upload maadi 12 min agide complete video nodade dislike madthirallo,15,0.0,0.3846,0.3846,0.6154,0.7692,False,high
Mixed feelings,Ee video dalli adtiro game yavdu,6,0.0,0.6667,0.6667,0.3333,0.6667,False,high
Mixed feelings,Nev helerodu tappe illa sir,5,0.0,0.6,0.6,0.4,0.8,False,high
Mixed feelings,Bro yav game,3,0.0,0.3333,0.3333,0.6667,0.6667,True,high
Positive,nivu helidu sari nanu follow madthini🤗,6,0.0,0.6667,0.6667,0.3333,0.6667,False,high
Mixed feelings,Yava game name,3,0.0,0.3333,0.3333,0.6667,0.6667,True,high
Mixed feelings,Yava game name,3,0.0,0.3333,0.3333,0.6667,0.6667,True,high
unknown state,Hanna neve super,3,0.0,0.3333,0.3333,0.6667,0.6667,True,high
Mixed feelings,Hahah baari guru,3,0.0,0.6667,0.6667,0.3333,0.6667,True,high
Positive,Tik tok super app anna,5,0.0,0.4,0.4,0.6,0.8,False,high
Mixed feelings,Edu yav game sir..,4,0.0,0.5,0.5,0.5,1.0,False,high
Negative,Guru avrkina nine over agi adta  idiya,7,0.0,0.5714,0.5714,0.4286,0.8571,False,high
unknown state,Hoooo Tik tok ban,4,0.0,0.5,0.5,0.5,1.0,True,high
Positive,Uppi sir vicoe nali madirodu super bro,7,0.0,0.5714,0.5714,0.4286,0.8571,False,high
Positive,Sir really talent  andre nimde nimmantavaru beku nam deshakke,9,0.0,0.4444,0.4444,0.5556,0.8889,False,high
Negative,Bro adru evaga bere language enda open madkond use madtaidaralla bro 🤦‍....thumba janridare nam jana e tara vishyadalli..haladavru🤦‍,18,0.0,0.4706,0.4706,0.5294,0.9412,False,high
Mixed feelings,Bro ninge roost madakke baralla Rc ge nodi kali,9,0.0,0.5,0.5,0.5,1.0,False,high
unknown state,Super roast but e pubg vedios yake sink madi roast madtira. Change madi,13,0.0,0.5,0.5,0.5,1.0,False,high
Negative,Innu ide avrige bro super roast,6,0.0,0.3333,0.3333,0.6667,0.6667,False,high
Mixed feelings,Superb kannadiga,2,0.0,0.5,0.5,0.5,1.0,True,high
Positive,Tik tok almadidu aythu innu instagram alva anna nam support ede anna,12,0.0,0.5,0.5,0.5,1.0,False,high
Positive,Super guru tumba channag matadtira i like it,8,0.0,0.375,0.375,0.625,0.75,False,high
Mixed feelings,Bro tik tok tirga bandida bro nijvagluindia dali,8,0.0,0.625,0.625,0.375,0.75,False,high
Mixed feelings,Bro nivu yava game adtaiyidara please comment,7,0.0,0.4286,0.4286,0.5714,0.8571,False,high
Mixed feelings,Idu yava game bro,4,0.0,0.5,0.5,0.5,1.0,False,high
Positive,Anna song Super agi helidira sakath agi ide songdabbaaaaa Tiktok,10,0.0,0.5714,0.5714,0.4286,0.8571,False,high
Positive,Chindhi udayisidhya guru..... So I am happy.....,7,0.0,0.5,0.5,0.5,1.0,False,high
Positive,Brother Bindu Gowda du tik tok ban hagirodhru bagge matadidhalala adur bagge video Madi n( Love you u r channel ),21,0.0,0.5,0.5,0.5,1.0,False,high
Mixed feelings,Anna game yavdu,3,0.0,0.3333,0.3333,0.6667,0.6667,True,high
Positive,Full roast madiddiya e somberigalige,5,0.0,0.4,0.4,0.6,0.8,False,high
Mixed feelings,@akshay kumar Guru nan movie na first week theater nalli nodde I liked movie and referred my friends to see movie ಯಾರು ನೋಡಲಿಲ್ಲ ಅಂಥ ಅಂದ್ರೆ ನಾನ್ ನೋಡಿಲ್ಲ ಪ್ರೋತ್ಸಾಹ ಕೊಟಿಲ್ಲ ಅಂಥ ಅಲ್ಲ ದಯವಿಟ್ಟು ನೋಡ್ಕೊಂಡ್ ಮಾತಾಡಿ ನಮ್ಗೂ mathadokke ಬರುತೆ,37,0.4167,0.1389,0.5556,0.4444,0.8889,False,high
Negative,@Dhananjay Kinyaje yen promotion madtare ivaru. Bengaluru bittu yelladru hogtara promotion madakke?nTamil,12,0.0,0.7,0.7,0.3,0.6,False,high
Positive,@Manoj Gowda ಮಲಯಾಳಿಗರ ಸಿನಿಮಾ ಅಭಿರುಚಿ ತುಂಬಾ ವಿಚಿತ್ರ (in a positive way) ವಾದದ್ದು,12,0.5455,0.0909,0.6364,0.3636,0.7273,False,high
Negative,Namma janagalige taste illa avrige fighting,6,0.0,0.6667,0.6667,0.3333,0.6667,False,high
Negative,But marketingu money spend maadbeku low budget eddaga kasta agutte,10,0.0,0.5,0.5,0.5,1.0,False,high
Negative,Edu public mistake alla bidi evara mistake edu.one week ga 11 films release adre jana yavdanta nododu.Its totally mistake of film makers planning,23,0.0,0.3636,0.3636,0.6364,0.7273,False,high
Negative,Sir kfi ha kochkondu ogtayda.,5,0.0,0.6,0.6,0.4,0.8,False,high
Negative,Ondu week ga 11 films release madudra.Ee traffic jam alli nimana lock madi tamil telugu vehicles ge zero traffic in karnataka.,21,0.0,0.3,0.3,0.7,0.6,False,high
Negative,Brother nange kanniranna control madlikke agalilla... Nanage nanna ammana nenapu kadtide... Jotege idu out of feeling..,16,0.0,0.5833,0.5833,0.4167,0.8333,False,high
unknown state,jai sri ram,3,0.0,0.6667,0.6667,0.3333,0.6667,True,high
unknown state,Nija na 🤔🤔🤔,3,0.0,0.5,0.5,0.5,1.0,True,high
Negative,Bro ee devru yallru india davre na athava India bittu ogallva,11,0.0,0.7,0.7,0.3,0.6,False,high
Negative,Eppa all fake,3,0.0,0.3333,0.3333,0.6667,0.6667,True,high
unknown state,Nammuralli bandidda nane One-up coffee bread kottu kalsde.....,8,0.0,0.6667,0.6667,0.3333,0.6667,False,high
Negative,Ee news reporters sutti balasi information helodanna dayamadi badalayisikolli,9,0.0,0.6667,0.6667,0.3333,0.6667,False,high
unknown state,Anna aswathama ge kannada barutta,5,0.0,0.4,0.4,0.6,0.8,False,high
Negative,Mast maga channel nalli baro anchor tharaane nimm voice idiyalla,10,0.0,0.6,0.6,0.4,0.8,False,high
Negative,Masth maga u tube channel nalli obba hudugana voice thara ede,11,0.0,0.6364,0.6364,0.3636,0.7273,False,high
Positive,HOWDU bro nan nodidini TV yalli barthavne,7,0.0,0.6667,0.6667,0.3333,0.6667,False,high
Mixed feelings,I saw ashwathama,3,0.0,0.3333,0.3333,0.6667,0.6667,True,high
Positive,Is ashvadhama alive,3,0.0,0.3333,0.3333,0.6667,0.6667,True,high
Positive,Nammaneg bandidda mare full party,5,0.0,0.4,0.4,0.6,0.8,False,high
Negative,Guru ashwattama na jote Avr Appa kuda bandidru nam urge gottilvaa nimge Krishna kuda sikkiddaa,15,0.0,0.6667,0.6667,0.3333,0.6667,False,high
unknown state,ನನ್ನ ಮನೆಗೆ ಬಂದಿದ್ದ full party ಮಾಡಿದ್ವಿ ಇದನ್ನು update ಮಾಡಿ brother,10,0.6,0.0,0.6,0.4,0.8,False,high
Mixed feelings,Sir avn height eshtu...... Age eshtu.... Kelbit heli pls,9,0.0,0.4,0.4,0.6,0.8,False,high
unknown state,Nim mane ge banadhu ellva ..,6,0.0,0.6,0.6,0.4,0.8,False,high
unknown state,Sathya na guru??,3,0.0,0.3333,0.3333,0.6667,0.6667,True,high
unknown state,Nayanappa's book ??,3,0.0,0.5,0.5,0.5,1.0,True,high
unknown state,@K. LATHEESH KUMAR Kodical ಯಾಕ್ ಅಣ್ಣ,6,0.6667,0.0,0.6667,0.3333,0.6667,True,high
unknown state,@Entertainment Gaming ನಿಮ್ಮ ನಂಬಿಕೆಗಳು,4,0.6667,0.0,0.6667,0.3333,0.6667,True,high
Negative,Yako rascal stupid,3,0.0,0.3333,0.3333,0.6667,0.6667,True,high
Negative,@shiva prakash en guru ninn problem uu,7,0.0,0.5714,0.5714,0.4286,0.8571,False,high
Negative,@shiva prakash kittoyta?,3,0.0,0.6667,0.6667,0.3333,0.6667,True,high
Negative,@Lalkrishna S  ಹೋಲಿತೀಯಾ,3,0.3333,0.3333,0.6667,0.3333,0.6667,True,high
unknown state,@KGF Adda boss,3,0.0,0.5,0.5,0.5,1.0,True,high
Positive,@shiva prakash avru legends. Kannada film industry Annu ee varege thegondu bandirodu avre. Avrinda ivthina actors ge easy agirodu. nIdara madyadalli kannada film industry track kalkondithu,26,0.0,0.5217,0.5217,0.4783,0.9565,False,high
Mixed feelings,@shiva prakash lol jmlmlnnnn.,4,0.0,0.3333,0.3333,0.6667,0.6667,True,high
Positive,Super rakshith shety sar....,4,0.0,0.6667,0.6667,0.3333,0.6667,True,high
Positive,Super kannda super,3,0.0,0.3333,0.3333,0.6667,0.6667,True,high
not-Kannada,രക്ഷിത് ഷെട്ടി കേരള ഫാൻസ്nRakshit Shetty kerala fans,7,0.0,0.6667,0.6667,0.3333,0.6667,True,high
Positive,Dina 7-8  sala song kelisikontini.,5,0.0,0.5,0.5,0.5,1.0,False,high
Positive,Woww 300k + likes,4,0.0,0.5,0.5,0.5,1.0,True,high
not-Kannada,മലയാളീസ് ഉണ്ടെങ്കിൽ like button adich പോട്ടികട makkale..,7,0.0,0.5,0.5,0.5,1.0,False,high
not-Kannada,Ennik kerala istam love from mangalore,6,0.0,0.6667,0.6667,0.3333,0.6667,False,high
unknown state,No..chandan rap song,3,0.0,0.3333,0.3333,0.6667,0.6667,True,high
Positive,Super song sing by vijay prakash,6,0.0,0.3333,0.3333,0.6667,0.6667,False,high
Negative,Avatttu tiger dancenIvattu handsup step,5,0.0,0.5,0.5,0.5,1.0,False,high
unknown state,Same here too..Hyderabadi Kannadiga,4,0.0,0.3333,0.3333,0.6667,0.6667,True,high
Positive,KGF chaffer 2 beda bare baku,6,0.0,0.6,0.6,0.4,0.8,False,high
Positive,Kannada industry na promote MadinKannada industry namma Karunada samskruthi na uttungakke erisali..adanna bittu Bollywood cinemagalige yake compare madbeku?!nAvara Tara agabeku anno ase bidi..Bollywood namma industry nodi Kaliyo hage madabekunAdikke nammellare support beku,32,0.0,0.6786,0.6786,0.3214,0.6429,False,high
Mixed feelings,Nivella aa Udyonmukhi Rajakarani kadeyavara,5,0.0,0.6667,0.6667,0.3333,0.6667,True,high
Negative,Agithu parichaya YouTube nalli....nSneha suruvaythu WhatsApp nalli....nMundu varida adhyaya...!,9,0.0,0.6667,0.6667,0.3333,0.6667,False,high
not-Kannada,Masthundhi song mama nKikkea verabba aa retham looooo,8,0.0,0.5714,0.5714,0.4286,0.8571,False,high
Positive,Jai D Boss,3,0.0,0.5,0.5,0.5,1.0,True,high
Negative,Found 806 rashmika mangannas....,4,0.0,0.5,0.5,0.5,1.0,True,high
Positive,Super gichhi Gili Gili boss,5,0.0,0.3333,0.3333,0.6667,0.6667,True,high
Positive,boss osm,2,0.0,0.5,0.5,0.5,1.0,True,high
Positive,Mind blowing bgm,3,0.0,0.3333,0.3333,0.6667,0.6667,True,high
Positive,Spr song,2,0.0,0.5,0.5,0.5,1.0,True,high
Mixed feelings,En music guru,3,0.0,0.3333,0.3333,0.6667,0.6667,True,high
Positive,Supar anna supar,3,0.0,0.6667,0.6667,0.3333,0.6667,True,high
not-Kannada,Ye movie hindi mein hogi k nahi,7,0.0,0.4286,0.4286,0.5714,0.8571,False,high
Negative,Song is super.. But innu swalp fast madiddare sakattagirodu,9,0.0,0.5,0.5,0.5,1.0,False,high
unknown state,@Ranganath S yes,3,0.0,0.3333,0.3333,0.6667,0.6667,True,high
Positive,Super Guru neenu,3,0.0,0.5,0.5,0.5,1.0,True,high
Positive,Avanu bartidane get ready,4,0.0,0.5,0.5,0.5,1.0,False,high
Positive,Spr song,2,0.0,0.5,0.5,0.5,1.0,True,high
Positive,@venu gopal kabja release aagli inge support madthivi ..... but Nw it's ASN time .....,15,0.0,0.4545,0.4545,0.5455,0.9091,False,high
unknown state,@abhi k patil yes.... ASN,5,0.0,0.6667,0.6667,0.3333,0.6667,True,high
Positive,Spoon beesidava Rishab Shetty,4,0.0,0.5,0.5,0.5,1.0,True,high
Positive,Super Kannada Karnataka and kanadiga,5,0.0,0.3333,0.3333,0.6667,0.6667,True,high
Positive,God bless u r setty lv,6,0.0,0.3333,0.3333,0.6667,0.6667,False,high
Positive,Vijay prakash voice fantastic sakkatagi ide song maatra...D boss Fan's like haer,12,0.0,0.4,0.4,0.6,0.8,False,high
Positive,ಇದು ಚರಿತ್ರೆ ಸೃಷ್ಟಿಸೂ ಕನ್ನಡದ ಸಿನಿಮಾ ಆಗುತ್ತೆ. ಆಲ್ ದ ಬೆಸ್ಟ್ from D boss fans.,13,0.6923,0.0,0.6923,0.3077,0.6154,False,high
Positive,Boss jote yaar chennagirtaro avrigella nam d boss fans yavaglu support made madtare alva bro,15,0.0,0.4,0.4,0.6,0.8,False,high
Positive,Jai D Boss,3,0.0,0.5,0.5,0.5,1.0,True,high
Mixed feelings,Ajneesh u beauty,3,0.0,0.3333,0.3333,0.6667,0.6667,True,high
Positive,Boring agidre All India Trending agtirlilla🤣,6,0.0,0.6667,0.6667,0.3333,0.6667,True,high
Mixed feelings,@Manoj Kolya Neenobne heege heltirodna naan Keliddu.. Watch his Trailer and Teasers first,13,0.0,0.5714,0.5714,0.4286,0.8571,False,high
Positive,Awesome  estu sari kellidru innod sari kellonna anstide. Addictive music nStory looks like Rango.,14,0.0,0.5,0.5,0.5,1.0,False,high
Positive,song na status ಇಟ್ಟಿರೊರು ಲೈಕ್ ಮಾಡ್ರಪ್ಪ,6,0.5,0.0,0.5,0.5,1.0,False,high
Positive,Making r awesome bro..avlge Ennu usbeku,6,0.0,0.4,0.4,0.6,0.8,False,high
unknown state,@KICCHA DHF yes 2,4,0.0,0.5,0.5,0.5,1.0,True,high
unknown state,@KICCHA DHF n,3,0.0,0.5,0.5,0.5,1.0,True,high
Positive,sp song jai D. Boss,5,0.0,0.6667,0.6667,0.3333,0.6667,True,high
Positive,E song ge tik tok madidavaru like madi,8,0.0,0.5,0.5,0.5,1.0,False,high
Positive,Awsm song n🤩,3,0.0,0.3333,0.3333,0.6667,0.6667,True,high
Negative,Aagle tv li haaaktidaaralla guru.....,5,0.0,0.3333,0.3333,0.6667,0.6667,True,high
Mixed feelings,@Saathwik H R aadru avrige loss illa bron production house avru cleanaagi agreement maadkobeku alvaaa brooooo.....,16,0.0,0.5714,0.5714,0.4286,0.8571,False,high
Positive,i love rakshit anna. super movie sule rasmika mandan ge chappali le hodibeku,13,0.0,0.4615,0.4615,0.5385,0.9231,False,high
not-Kannada,I love soga,3,0.0,0.3333,0.3333,0.6667,0.6667,True,high
Positive,Super duper hit,3,0.0,0.3333,0.3333,0.6667,0.6667,True,high
Positive,Bucket hidiyor 🤭,3,0.0,0.5,0.5,0.5,1.0,True,high
unknown state,@Pooja Gupta true,3,0.0,0.5,0.5,0.5,1.0,True,high
unknown state,My name is re nu ka hai jo mujhe pasand nahi aayi,12,0.0,0.5,0.5,0.5,1.0,False,high
unknown state,Dubbing madidare song agodilaa 100 million,6,0.0,0.4,0.4,0.6,0.8,False,high
Positive,Hands up to vijaya prakash sirr,6,0.0,0.5,0.5,0.5,1.0,False,high
Positive,January Alli song keloru like madi,6,0.0,0.4,0.4,0.6,0.8,False,high
Positive,jai d boss,3,0.0,0.3333,0.3333,0.6667,0.6667,True,high
Negative,Avane gay Rak'shit' shetty,4,0.0,0.6667,0.6667,0.3333,0.6667,True,high
unknown state,@White Angel jhah,3,0.0,0.5,0.5,0.5,1.0,True,high
unknown state,@manju c hha,3,0.0,0.6667,0.6667,0.3333,0.6667,True,high
Negative,E song Alli dislike mado antadu enide,7,0.0,0.5,0.5,0.5,1.0,False,high
Positive,🥰 spr song 🤘🤘🤘🧡🥰🤫🤫,4,0.0,0.5,0.5,0.5,1.0,True,high
not-Kannada,Must watch mother sentiment video..nதாயின் அருமை தெரிந்தவர்கள் இதை தவற விடாதீர்கள்.nn,10,0.0,0.3333,0.3333,0.6667,0.6667,False,high
Positive,Film hit ahagokai e tharadha song irbaiku,7,0.0,0.4286,0.4286,0.5714,0.8571,False,high
unknown state,Mini shankar nag,3,0.0,0.3333,0.3333,0.6667,0.6667,True,high
not-Kannada,@Muniraj Munira nice   songs,4,0.0,0.3333,0.3333,0.6667,0.6667,True,high
not-Kannada,@Muniraj Munira nice  songs,4,0.0,0.3333,0.3333,0.6667,0.6667,True,high
Negative,Dana alla ok,3,0.0,0.3333,0.3333,0.6667,0.6667,True,high
not-Kannada,He is like NTR nNTR FANS SUPPORT HIM ALWAYS nRIKSHT SHETTY AWESOME,12,0.0,0.4,0.4,0.6,0.8,False,high
Positive,Super  maga,2,0.0,0.5,0.5,0.5,1.0,True,high
unknown state,ಕೆಲಸ ಬೇಕಾnCall to 8546903696,4,0.6667,0.0,0.6667,0.3333,0.6667,True,high
Positive,song matra lit agide,4,0.0,0.5,0.5,0.5,1.0,False,high
Positive,Maga super song,3,0.0,0.3333,0.3333,0.6667,0.6667,True,high
Positive,Rakshit shetty superb,3,0.0,0.6667,0.6667,0.3333,0.6667,True,high
Positive,howdu first time keldaga nangu ok anstu bt ega kelbeku anstide and sakkath dance moves,15,0.0,0.6,0.6,0.4,0.8,False,high
Positive,@Royal Rumble onde ond sari kelde...nFirst time....ashtond ishta aglillanMatte matte kelta idre....nIshta agta ide.... #Slowpoison,15,0.0,0.7,0.7,0.3,0.6,False,high
Positive,@Arman Babu anna ... thappu thilibedi.  I APPRECIATE YOUR KIND NATURE.  jai kannada. Happy Sunday .,16,0.0,0.5714,0.5714,0.4286,0.8571,False,high
Negative,@Sharath T Lo comment maadbeku anstu maaddhe Telugu commenta nange Telugu baralla...idhu Kannada song marre,15,0.0,0.7,0.7,0.3,0.6,False,high
unknown state,Ya u true,3,0.0,0.3333,0.3333,0.6667,0.6667,True,high
Positive,Nanu 2 weaks ninda huccha agbitidini boss song ge fiddha agbitidini,11,0.0,0.7,0.7,0.3,0.6,False,high
unknown state,@punter 18 pakka,3,0.0,0.5,0.5,0.5,1.0,True,high
Mixed feelings,Yes agreed first time keldaga 🤦‍🤦‍🤦‍ ansituu but 4-5 keldaga agoitu,11,0.0,0.4444,0.4444,0.5556,0.8889,False,high
unknown state,After #marakkar trailer,3,0.0,0.3333,0.3333,0.6667,0.6667,True,high
Negative,In sandalwoodnnTumba janrige jaatre hero gale ishta aagodu.. talent content bekagilla.. rhyming dialogues matte badavara para horado hero... Aaith mugitu,20,0.0,0.5556,0.5556,0.4444,0.8889,False,high
Mixed feelings,ಅಧ್ಬುತ .... BGM super..,4,0.5,0.0,0.5,0.5,1.0,True,high
unknown state,Vijay prakash sir,3,0.0,0.6667,0.6667,0.3333,0.6667,True,high
Positive,Song hosa tara feel kodute,5,0.0,0.4,0.4,0.6,0.8,False,high
Positive,Yen super song guru..20 times kelde innu kelbeku anstide..BGM super,10,0.0,0.4444,0.4444,0.5556,0.8889,False,high
Negative,Vijayprakash sir yavagin haage the bestbut malayalam version voice maathra sakkatth ista aythu,13,0.0,0.6154,0.6154,0.3846,0.7692,False,high
unknown state,Movie release agli,3,0.0,0.3333,0.3333,0.6667,0.6667,True,high
unknown state,Suraj Suraj suuuuper brother,4,0.0,0.5,0.5,0.5,1.0,True,high
Positive,All Kannadigas dont forget.,4,0.0,0.3333,0.3333,0.6667,0.6667,True,high
Positive,E song ero range ge 3to.5 millone agbekittu,8,0.0,0.4286,0.4286,0.5714,0.8571,False,high
Negative,ನಮ್ಮ ಹೀರೋ variety attitude king,5,0.4,0.0,0.4,0.6,0.8,False,high
Mixed feelings,Tyrion Lannister spotted 3,4,0.0,0.5,0.5,0.5,1.0,True,high
Positive,Rakshit  shetty sir super. .,5,0.0,0.5,0.5,0.5,1.0,False,high
Positive,ಚರಿತ್ರೆ ಸೃಷ್ಟಿಸೋ ಅವತಾರಾ nLove you boss,6,0.5,0.1667,0.6667,0.3333,0.6667,False,high
Mixed feelings,Shetru always different,3,0.0,0.3333,0.3333,0.6667,0.6667,True,high
Positive,Spr song.ulti music,3,0.0,0.6667,0.6667,0.3333,0.6667,True,high
not-Kannada,BGM NYC  lyric,3,0.0,0.5,0.5,0.5,1.0,True,high
Positive,We support definitely to this film to increase the value of our  sandalwood * the power of kannada movie*  ( ಇದನ್ನು ಇಂಗ್ಲಿಷ್ ನಲ್ಲಿ ಬರ್ದಿರೋದು ಬೇರೆಯವರಿಗೂ ತಿಳಿಯಲಿ ಎಂದು ಒಳ್ಳೆಯ ಸಿನಿಮಾಗಳಿಗೆ ಸಪೋರ್ಟ್ ಮಾಡೋಣ),31,0.3793,0.0,0.3793,0.6207,0.7586,False,high
Negative,@Chandan Papu lo childu dheera dheera appata kannada song salam rocky bhai hindi song modhlu adana tilko,17,0.0,0.5625,0.5625,0.4375,0.875,False,high
Positive,Creative = rakshit shetty,4,0.0,0.6667,0.6667,0.3333,0.6667,True,high
Positive,Fork bisakiddu pakka #Shaanvi. Trailer alli iro dialogue next scene.,10,0.0,0.5556,0.5556,0.4444,0.8889,False,high
Positive,Kannada film industry ge mattondu gari,6,0.0,0.3333,0.3333,0.6667,0.6667,False,high
Mixed feelings,ಶಂಕ್ರಣ್ಣ is back,3,0.3333,0.0,0.3333,0.6667,0.6667,True,high
Positive,Nam kannada industry yav industry gu kadime illa maaraya...,9,0.0,0.5,0.5,0.5,1.0,False,high
Positive,Is different song full Ishtar aytu movie ellaru nodri,9,0.0,0.375,0.375,0.625,0.75,False,high
Positive,Nice sir rakshit shettya,4,0.0,0.5,0.5,0.5,1.0,False,high
unknown state,100 days pakka annoru like madi,6,0.0,0.6,0.6,0.4,0.8,False,high
Positive,Naanu nodde bro adu Chennai Alli full housefull,8,0.0,0.6667,0.6667,0.3333,0.6667,False,high
Negative,Chang illa movie,3,0.0,0.3333,0.3333,0.6667,0.6667,True,high
Negative,Nanu film nodilla,3,0.0,0.6667,0.6667,0.3333,0.6667,True,high
Positive,Nanu film nodade ne edict aagiddene,6,0.0,0.5,0.5,0.5,1.0,False,high
unknown state,Hands up yav pada pa,5,0.0,0.4,0.4,0.6,0.8,False,high
unknown state,@Kiran Kumar Halijol yes pa.. observe madlilla,7,0.0,0.4,0.4,0.6,0.8,False,high
unknown state,Matte Hands up enu?,4,0.0,0.3333,0.3333,0.6667,0.6667,True,high
Mixed feelings,Balasiddare Sir hands up anta,5,0.0,0.5,0.5,0.5,1.0,False,high
unknown state,Agreed virat kohli looks,4,0.0,0.5,0.5,0.5,1.0,False,high
not-Kannada,songa  super bro,3,0.0,0.3333,0.3333,0.6667,0.6667,True,high
Positive,Yarella e hadige edict agidira like Madi,7,0.0,0.5,0.5,0.5,1.0,False,high
unknown state,Rashmika missed him!,3,0.0,0.3333,0.3333,0.6667,0.6667,True,high
not-Kannada,Step was amazing 🥰 lv u raksh,7,0.0,0.3333,0.3333,0.6667,0.6667,False,high
Positive,100 days pakka,3,0.0,0.5,0.5,0.5,1.0,True,high
Positive,Avane shriman narayan movie paka 100 days,7,0.0,0.6667,0.6667,0.3333,0.6667,False,high
not-Kannada,Love u shettre,3,0.0,0.3333,0.3333,0.6667,0.6667,True,high
Negative,Swag karenge sabka swagath...ek tha tiger  song copied music?,9,0.0,0.375,0.375,0.625,0.75,False,high
Positive,Film nodi matte nodbeku annoru like madi,7,0.0,0.5714,0.5714,0.4286,0.8571,False,high
Positive,Movie nodadmele bandhoru like madi nEe movie kuda fan India movie agutthe annoru like madi,15,0.0,0.5714,0.5714,0.4286,0.8571,False,high
Positive,Movie chindi chitranna best movie ever,6,0.0,0.3333,0.3333,0.6667,0.6667,False,high
Positive,Appu boss kade enda.    Asn.  Movie ge.  Full support edhe,10,0.0,0.5714,0.5714,0.4286,0.8571,False,high
not-Kannada,Shivanna fans from Kerala,4,0.0,0.3333,0.3333,0.6667,0.6667,True,high
Negative,Dislikers are not real kannadigas,5,0.0,0.4,0.4,0.6,0.8,False,high
unknown state,karthick s I said dislikers,5,0.0,0.4,0.4,0.6,0.8,False,high
unknown state,Vishwajeet chauhan ok da cool,5,0.0,0.4,0.4,0.6,0.8,False,high
Positive,Hela Kannada people please go and watch the movieee avana Sri man Narayana Kannada cinema nodi 🤗Kannada jai Karnataka mathee,20,0.0,0.3571,0.3571,0.6429,0.7143,False,high
not-Kannada,I like rakshith shetty,4,0.0,0.5,0.5,0.5,1.0,False,high
Negative,Sir Nam kannada hudga andre enu anta ha loper manganna ni ge torsi sir next film nalli in yavano sikkudre avna hinde nu hogtale avlu kannadigara takattu enu anta avlige gottagbeku,31,0.0,0.6,0.6,0.4,0.8,False,high
not-Kannada,Super sar song,3,0.0,0.3333,0.3333,0.6667,0.6667,True,high
Positive,Aa hudgi bandaga iro music nice,6,0.0,0.5,0.5,0.5,1.0,False,high
Negative,Rashmika mandana aunty full stomach burning haa?!!! 🤣🤣🤣,8,0.0,0.5,0.5,0.5,1.0,False,high
Positive,love you ya,3,0.0,0.3333,0.3333,0.6667,0.6667,True,high
Positive,Big fan - kerala,4,0.0,0.3333,0.3333,0.6667,0.6667,True,high
Mixed feelings,Ee song ge dislike yakro madtira istond chanagide making,9,0.0,0.5556,0.5556,0.4444,0.8889,False,high
Mixed feelings,Sir social media bittu horgade thumba publicity beku dayavitu madi,10,0.0,0.6,0.6,0.4,0.8,False,high
Mixed feelings,Ulti music suuuper,3,0.0,0.5,0.5,0.5,1.0,True,high
Positive,Simple stara supera,3,0.0,0.6667,0.6667,0.3333,0.6667,True,high
Mixed feelings,yarappa ee hadannu dislike madiddu !!! mostly Rashmika 1.1k sarthi dislike maadirbeku ha ha ha ha,16,0.0,0.4615,0.4615,0.5385,0.9231,False,high
Negative,Friends un like Madirooru mostly daggr fanz erbeku alaava,9,0.0,0.5,0.5,0.5,1.0,False,high
Mixed feelings,Alla Darshan fans,3,0.0,0.5,0.5,0.5,1.0,True,high
Negative,@Navya Shree lo gaandu nan magne nam boss fans yavattu support madtare kano gubaald sule magane,16,0.0,0.5333,0.5333,0.4667,0.9333,False,high
Positive,Nodu Guru Trend Song...neddappa song andree,6,0.0,0.6667,0.6667,0.3333,0.6667,True,high
Positive,fab boss,2,0.0,0.5,0.5,0.5,1.0,True,high
Positive,#Shanvi_Srivatsava  #Rakshit_Shetty best pari forever   #Rashmika_Mandanna,6,0.0,0.6667,0.6667,0.3333,0.6667,False,high
Mixed feelings,Mostly e haadu aadmele sanvi entry kodthare ansuthe naan complaint kodak station hodre neevili bar ge bandu kudithideera anno dialogue,20,0.0,0.55,0.55,0.45,0.9,False,high
Positive,Asn film nodoru like maadi,5,0.0,0.6,0.6,0.4,0.8,False,high
Positive,Nam janane istu ond olle fresh song ge support madalla Bari same old tamte song iddiddre 10 million s madiroru,20,0.0,0.4444,0.4444,0.5556,0.8889,False,high
Mixed feelings,ravikumara k g howdhu,4,0.0,0.5,0.5,0.5,1.0,False,high
Mixed feelings,I ammaddixctedrepeatrinserepeat guru,3,0.0,0.3333,0.3333,0.6667,0.6667,True,high
Mixed feelings,starting baro music kundavani ಕುಂದಾಪುರದ u remake,7,0.1429,0.2857,0.4286,0.5714,0.8571,False,high
Positive,Next song gu kuda alru andre evaga yar comment  madidera alla alrru like madi share madi nam industry na next level ge togond hogaona.,24,0.0,0.5,0.5,0.5,1.0,False,high
Positive,I feel this vijay prakash singing tune same as kotigobba kotigobba,11,0.0,0.3636,0.3636,0.6364,0.7273,False,high
unknown state,Kesari prasad Jois b f by,6,0.0,0.4,0.4,0.6,0.8,False,high
Positive,ಸೂಪರ್ ಗುರು vp voice ultimate,5,0.4,0.0,0.4,0.6,0.8,False,high
Positive,sakath dance performance,3,0.0,0.3333,0.3333,0.6667,0.6667,True,high
Positive,Yalla hero fans e movie naa support madtini annoru like madi,11,0.0,0.4545,0.4545,0.5455,0.9091,False,high
Positive,D'Boss fan kade inda full support bro....,7,0.0,0.5,0.5,0.5,1.0,False,high
unknown state,From ಯಶ್ fans,3,0.3333,0.0,0.3333,0.6667,0.6667,True,high
not-Kannada,Superb MUSIC and LYRICS nnHands upnn,6,0.0,0.5,0.5,0.5,1.0,False,high
Mixed feelings,ಗುರು ಏನ್ editing,3,0.6667,0.0,0.6667,0.3333,0.6667,True,high
not-Kannada,Hindi DE re baba,4,0.0,0.3333,0.3333,0.6667,0.6667,True,high
Positive,Uppi fans next like raksith setty,6,0.0,0.5,0.5,0.5,1.0,False,high
unknown state,@basavana gouda what,3,0.0,0.3333,0.3333,0.6667,0.6667,True,high
Negative,Dislike madidoru rashmika mandanna fans irbodu,6,0.0,0.6667,0.6667,0.3333,0.6667,False,high
Positive,Pakka 100 days movie  edu.,5,0.0,0.5,0.5,0.5,1.0,False,high
Positive,Rakshith Shetty fans ondu like kodi nn,7,0.0,0.6667,0.6667,0.3333,0.6667,False,high
not-Kannada,Imraan sir super coriyagraphy,4,0.0,0.5,0.5,0.5,1.0,False,high
not-Kannada,RAKSHIT SHETTY style awesome,4,0.0,0.3333,0.3333,0.6667,0.6667,True,high
unknown state,Looks like dboss dancing.... ..from dboss fan...,7,0.0,0.4,0.4,0.6,0.8,False,high
not-Kannada,Love from kerala,3,0.0,0.3333,0.3333,0.6667,0.6667,True,high
Positive,Kadu odiyuva majane bere inserted people get a answer,9,0.0,0.4444,0.4444,0.5556,0.8889,False,high
Positive,Bega movie release madrappa ...buildup amele kodi,7,0.0,0.6667,0.6667,0.3333,0.6667,False,high
Mixed feelings,Wait madappa ...,3,0.0,0.5,0.5,0.5,1.0,True,high
Negative,pakka flop movie!!,3,0.0,0.3333,0.3333,0.6667,0.6667,True,high
Negative,Sexyyy song nHindi elroooo,4,0.0,0.5,0.5,0.5,1.0,True,high
Negative,Rashmika ge Burnol Thankodrappa!!,4,0.0,0.5,0.5,0.5,1.0,True,high
not-Kannada,Super vp bgm,3,0.0,0.3333,0.3333,0.6667,0.6667,True,high
Positive,Making sakat ...,3,0.0,0.5,0.5,0.5,1.0,True,high
Positive,Kannada intha Telugu Alli song Chang idhe,7,0.0,0.5,0.5,0.5,1.0,False,high
Negative,Bhai Main Kabhi Aisa video Nahi Dekha Kisi movie mein,10,0.0,0.5,0.5,0.5,1.0,False,high
Positive,Next kgf........ avane srimannarayana.... blockkkkkkk busterrrrrr,6,0.0,0.5,0.5,0.5,1.0,True,high
Positive,Promotion ಚನ್ನಾಗಿ ಮಾಡಿ sir. yeno sir Karnataka outside film sound ಮಾಡ್ತಾ ಇಲ್ಲ. ನಿಮಗಿಂತ ನಮಿಗೆ ಈ ಫಿಲ್ಮ ಹಿಟ್ ಆಗಲ್ಲಿ ಅನೋ ಆಸೆ ಇದೆ sir.,22,0.619,0.0476,0.6667,0.3333,0.6667,False,high
unknown state,Bossu Bgm dance,3,0.0,0.5,0.5,0.5,1.0,True,high
Positive,Best song super nam boss movie e sala havli namde,10,0.0,0.3,0.3,0.7,0.6,False,high
unknown state,Hang aytu,2,0.0,0.5,0.5,0.5,1.0,True,high
Positive,Crazy Song one more dance number............nSonge ee rangege ide andre innu movie kelbeka......,13,0.0,0.3,0.3,0.7,0.6,False,high
Positive,Music kelta erbekanisutade,3,0.0,0.6667,0.6667,0.3333,0.6667,True,high
Positive,En guru edu song super,5,0.0,0.4,0.4,0.6,0.8,False,high
not-Kannada,@naveen gani rest in peace sanvi🤣🤣🤣🤣,6,0.0,0.4,0.4,0.6,0.8,False,high
Negative,Dislikers==Dagar Rashmika fan,3,0.0,0.5,0.5,0.5,1.0,True,high
Negative,Rashmika & vijay deverkonda haters like here,7,0.0,0.5,0.5,0.5,1.0,False,high
Mixed feelings,Thika urkondu dislike madbittidira already..nSuper song   #ASN .nNam Shettru steps anthu 🤩,12,0.0,0.6667,0.6667,0.3333,0.6667,False,high
Positive,Like madok agila andru parvagila......yaru dislike madbedi...,7,0.0,0.6,0.6,0.4,0.8,False,high
Positive,Hands up    matte song kelbeku anta ansorige,7,0.0,0.4286,0.4286,0.5714,0.8571,False,high
unknown state,Rajesha C N,3,0.0,0.3333,0.3333,0.6667,0.6667,True,high
Positive,Waw next level songsnBgm awesome nPakka blockbuster nVP sir bestnWho like VP sir voice like here,16,0.0,0.3333,0.3333,0.6667,0.6667,False,high
Positive,Kannada film industry indialle no 1 agutte,7,0.0,0.3333,0.3333,0.6667,0.6667,False,high
Positive,Me ha video live bhaghetla ahe Aj Radu nako nantar,10,0.0,0.5,0.5,0.5,1.0,False,high
not-Kannada,@Mohin Kolur lol,3,0.0,0.5,0.5,0.5,1.0,True,high
not-Kannada,@Sachin Y S 🤗,4,0.0,0.3333,0.3333,0.6667,0.6667,True,high
not-Kannada,Lo Nan magne,3,0.0,0.5,0.5,0.5,1.0,True,high
Positive,@funny videos  okay anna naale hogtini 🤣🤣🤣,7,0.0,0.3333,0.3333,0.6667,0.6667,False,high
Mixed feelings,@Scorpion Studios  nನಮಸ್ಕಾರ 🤣🤣,4,0.5,0.0,0.5,0.5,1.0,True,high
Mixed feelings,Huccha Venkat dialogue,3,0.0,0.5,0.5,0.5,1.0,True,high
Positive,@King of King  na helalla ningantu helallaa 🤣🤣🤣🤣🤣,8,0.0,0.5,0.5,0.5,1.0,False,high
unknown state,@abhi k patil,3,0.0,0.6667,0.6667,0.3333,0.6667,True,high
Mixed feelings,@WIND MOTOUR ಹಸಿರುವಾಸಿ 🤣🤣🤣,4,0.5,0.0,0.5,0.5,1.0,True,high
Positive,Fan from ugandaa,3,0.0,0.3333,0.3333,0.6667,0.6667,True,high
not-Kannada,@Sudeep K N,3,0.0,0.3333,0.3333,0.6667,0.6667,True,high
Negative,kannadavu support madalla jatre song matra views agodu.tiktok ellla busy agavre . telugu alli 1 day 10 millon agutte namalli agalla,21,0.0,0.6471,0.6471,0.3529,0.7059,False,high
Positive,all India kicha sudeep fanz like,6,0.0,0.6,0.6,0.4,0.8,False,high
Mixed feelings,bere language comment madbedro huligala,5,0.0,0.6,0.6,0.4,0.8,False,high
Mixed feelings,Avane Srimannarayana beats KGF,4,0.0,0.5,0.5,0.5,1.0,True,high
Mixed feelings,Ok about rashmika but not Vijay devarakonda,7,0.0,0.3333,0.3333,0.6667,0.6667,False,high
Positive,Fan war bittu dhayvittu ee movie ge support madrappa nam kannada movie Hollywood level ge barli.,16,0.0,0.3333,0.3333,0.6667,0.6667,False,high
Positive,I like mindrika,3,0.0,0.3333,0.3333,0.6667,0.6667,True,high
Positive,Yuvaratnaa coming soon,3,0.0,0.3333,0.3333,0.6667,0.6667,True,high
Positive,Ee song nodtha eroru ennomme trailer nodi.....,7,0.0,0.6667,0.6667,0.3333,0.6667,False,high
Positive,@Megharaj 1 bro avru all best ellidu d fans ge ne nOdeya,12,0.0,0.3636,0.3636,0.6364,0.7273,False,high
Positive,@Kiccha Vitthal papa bidu guru amele athbitre kashta attar flop ago movie ge support madtavre,15,0.0,0.4286,0.4286,0.5714,0.8571,False,high
Positive,@prithvi nayak next dabbang bere ide,6,0.0,0.6667,0.6667,0.3333,0.6667,False,high
unknown state,mohan R gowda v,4,0.0,0.5,0.5,0.5,1.0,False,high
unknown state,Eee song naa eeega nodthiroru like maadi,7,0.0,0.6667,0.6667,0.3333,0.6667,False,high
unknown state,E film yar yar nodiddera 🤘 like madi,8,0.0,0.5714,0.5714,0.4286,0.8571,False,high
Positive,Hands up ಹಿದು ಆನಾವರತ,4,0.5,0.0,0.5,0.5,1.0,False,high
not-Kannada,Supr song,2,0.0,0.5,0.5,0.5,1.0,True,high
not-Kannada,Are bhai ye song hindi mai kab aane wala plz bataye,11,0.0,0.4545,0.4545,0.5455,0.9091,False,high
unknown state,Daily  nodoru like madi,4,0.0,0.5,0.5,0.5,1.0,False,high
not-Kannada,Bro see irum u kottai murattu singam film,8,0.0,0.5,0.5,0.5,1.0,False,high
Negative,Le gandunTikamucchunnEe Tara worst song nin kayalli madakke agutta,9,0.0,0.625,0.625,0.375,0.75,False,high
Positive,AvaneSrimannarayana du background music BGM release madi sir,8,0.0,0.4286,0.4286,0.5714,0.8571,False,high
unknown state,Shashanka AS  ok,3,0.0,0.5,0.5,0.5,1.0,True,high
unknown state,Lingaraju  m,2,0.0,0.5,0.5,0.5,1.0,True,high
Mixed feelings,devare devare devare devare shivane tandheye appane nivu super super duper mind blowing hero forever forever,16,0.0,0.5625,0.5625,0.4375,0.875,False,high
Positive,E film yarigella ista agide..,5,0.0,0.6,0.6,0.4,0.8,False,high
Positive,100 million agbeku,3,0.0,0.5,0.5,0.5,1.0,True,high
unknown state,Super Junior narayana,3,0.0,0.5,0.5,0.5,1.0,True,high
Negative,Dabba movie Soo sad,4,0.0,0.3333,0.3333,0.6667,0.6667,True,high
unknown state,@Aiswarya Soundarya hi,3,0.0,0.5,0.5,0.5,1.0,True,high
unknown state,Game name heli,3,0.0,0.3333,0.3333,0.6667,0.6667,True,high
Mixed feelings,Guru yava game edu,4,0.0,0.5,0.5,0.5,1.0,False,high
Mixed feelings,A Anna car gema yavadu,5,0.0,0.5,0.5,0.5,1.0,False,high
unknown state,Bindu medam miss youuuuuu,4,0.0,0.6667,0.6667,0.3333,0.6667,True,high
unknown state,Yav game guru edu,4,0.0,0.5,0.5,0.5,1.0,False,high
Mixed feelings,Siri song bro,3,0.0,0.3333,0.3333,0.6667,0.6667,True,high
Positive,yest olle kalsa nan yavag e kelsa madtaro anta kaytayde thamk u brother full happy,15,0.0,0.5333,0.5333,0.4667,0.9333,False,high
Positive,Bro tiktok ban agide adhre barute ide swalpa settings ge hogi Language Change madi  Barute,15,0.0,0.5833,0.5833,0.4167,0.8333,False,high
Mixed feelings,Bro starting baruttalla adu game name yaavdu plz heli bro plz,11,0.0,0.3636,0.3636,0.6364,0.7273,False,high
unknown state,Super kantha,2,0.0,0.5,0.5,0.5,1.0,True,high
Positive,Olle singer Brw ninu,4,0.0,0.6667,0.6667,0.3333,0.6667,True,high
Positive,Sakatag ede video brooo,4,0.0,0.6667,0.6667,0.3333,0.6667,True,high
Positive,Tamate song matra amazing.,4,0.0,0.5,0.5,0.5,1.0,False,high
not-Kannada,Super voice ..ck,3,0.0,0.3333,0.3333,0.6667,0.6667,True,high
Mixed feelings,ನಮಸ್ಕಾರ super bro,3,0.3333,0.0,0.3333,0.6667,0.6667,True,high
Positive,Daily hakri........ nim video super agirutte,6,0.0,0.4,0.4,0.6,0.8,False,high
Positive,Yaro guru ninu super,4,0.0,0.5,0.5,0.5,1.0,False,high
Mixed feelings,Bro neev mandya Dhavara,4,0.0,0.6667,0.6667,0.3333,0.6667,True,high
Mixed feelings,Nan math nGe fida agode,5,0.0,0.6,0.6,0.4,0.8,False,high
unknown state,Henu guru songs,3,0.0,0.3333,0.3333,0.6667,0.6667,True,high
Mixed feelings,Yava game bro edu,4,0.0,0.5,0.5,0.5,1.0,False,high
Positive,Bro super nive,3,0.0,0.3333,0.3333,0.6667,0.6667,True,high
unknown state,Pubg kooda ban agbeku guru..,5,0.0,0.6,0.6,0.4,0.8,False,high
Positive,Uppi dialog ultimate ella sede nann maklu,7,0.0,0.5714,0.5714,0.4286,0.8571,False,high
Mixed feelings,Anna game yavudu anna adu,5,0.0,0.4,0.4,0.6,0.8,False,high
Positive,Na gentleman tiktok banu  super guru,6,0.0,0.3333,0.3333,0.6667,0.6667,False,high
unknown state,Bro hubli Mandi voice nallu madi chennagiruthe,7,0.0,0.6667,0.6667,0.3333,0.6667,False,high
Mixed feelings,Jai modiji for tik tok ban 🥰🥰🥰,7,0.0,0.6667,0.6667,0.3333,0.6667,False,high
Positive,Yappa en song Anna super song,6,0.0,0.4,0.4,0.6,0.8,False,high
Positive,Abbbbaa super tik tok ban ayithu,6,0.0,0.6,0.6,0.4,0.8,False,high
Positive,Guru nim voice nim creativity dailogs galu suuuuuuuuuuuuuuuuuuuuuuuuuper,8,0.0,0.5714,0.5714,0.4286,0.8571,False,high
Positive,Previous video dalli sai Kumar diolauge,6,0.0,0.6,0.6,0.4,0.8,False,high
Positive,Nanu tiktok madtide Anna but tiktok ban madidu tumba kushi aytu Anna I support Indians,15,0.0,0.6667,0.6667,0.3333,0.6667,False,high
Positive,Super duper guru,3,0.0,0.3333,0.3333,0.6667,0.6667,True,high
Positive,Super bro i am happy tik tok ban agidu super our modi ji super hero,15,0.0,0.3333,0.3333,0.6667,0.6667,False,high
Positive,bro troll sakkattagi madtira...,4,0.0,0.3333,0.3333,0.6667,0.6667,True,high
Positive,Super Bhai   nice comments  nSuper voice Anna nedu,8,0.0,0.3333,0.3333,0.6667,0.6667,False,high
unknown state,Anna yavuranna nindu...chamarajnagarana...,3,0.0,0.5,0.5,0.5,1.0,True,high
Positive,Nim song antu super 🤝,5,0.0,0.5,0.5,0.5,1.0,False,high
Positive,Super bro benki,3,0.0,0.3333,0.3333,0.6667,0.6667,True,high
Positive,Finally sonu gowda b day dhinane tiktok ban aythu,9,0.0,0.5556,0.5556,0.4444,0.8889,False,high
unknown state,Super bro nimdu chamrajnagar side navra,6,0.0,0.5,0.5,0.5,1.0,False,high
not-Kannada,Bro super vedio,3,0.0,0.3333,0.3333,0.6667,0.6667,True,high
Positive,Anna super agi edit madidiya,5,0.0,0.4,0.4,0.6,0.8,False,high
not-Kannada,Bro instagram nalli vagul dengorige edetara aapidri bro,8,0.0,0.625,0.625,0.375,0.75,False,high
Mixed feelings,Ee video dalli play agiro game yavdu,7,0.0,0.5714,0.5714,0.4286,0.8571,False,high
Positive,Full happinest day bro becuse nange e bindu gowdan diloug kelodik agtirlila beligge aadre saku nanfrds ella avl status ne hakondu poison kuddiror tara saytidru anways tiktok byan agiddu tumbane olle kelsa and neevantu sakkatttag troll madtira bro nim voice bro,41,0.0,0.65,0.65,0.35,0.7,False,high
Positive,Bro ee game yavdu and nimma ella video super boss,10,0.0,0.3,0.3,0.7,0.6,False,high
Positive,Ede tym ge wait madta edhvi antu intu ban age bidtu,11,0.0,0.6364,0.6364,0.3636,0.7273,False,high
Mixed feelings,Hen helde guru,3,0.0,0.3333,0.3333,0.6667,0.6667,True,high
not-Kannada,Fuck tik tokrs,3,0.0,0.6667,0.6667,0.3333,0.6667,True,high
not-Kannada,Jai hind Jai Indian army,5,0.0,0.3333,0.3333,0.6667,0.6667,True,high
Positive,Super pa annaji full maja aitu,6,0.0,0.5,0.5,0.5,1.0,False,high
Negative,Delete hadru nanu downloade made,5,0.0,0.6,0.6,0.4,0.8,False,high
Positive,Boss nin vedio na use madkola roposo nalli post madtini pls bro,12,0.0,0.5,0.5,0.5,1.0,False,high
Positive,Super anno,2,0.0,0.5,0.5,0.5,1.0,True,high
Negative,Super agi ugididera,3,0.0,0.6667,0.6667,0.3333,0.6667,True,high
Negative,Avl amman tullu navenu Chinese mobile,6,0.0,0.6,0.6,0.4,0.8,False,high
Positive,Sir nimma voice nalli power ede,6,0.0,0.5,0.5,0.5,1.0,False,high
Positive,Super creative kannadiga,3,0.0,0.3333,0.3333,0.6667,0.6667,True,high
not-Kannada,Super video broo,3,0.0,0.3333,0.3333,0.6667,0.6667,True,high
Negative,bro lovely bro..oogiri mokakke,4,0.0,0.5,0.5,0.5,1.0,False,high
Positive,Super  video  neja  bro  .....slutie  jaihind,6,0.0,0.4,0.4,0.6,0.8,False,high
Negative,China apps dayvitu ban madi superg hugdira innu hugiri nam india jana sariilla thu,14,0.0,0.5714,0.5714,0.4286,0.8571,False,high
Negative,Tiktok sule makkla papa thumbs hurt agidri sadee nan gandu galuu,11,0.0,0.6364,0.6364,0.3636,0.7273,False,high
not-Kannada,Annaya super troll,3,0.0,0.3333,0.3333,0.6667,0.6667,True,high
Negative,Super anna tumba chanag ugididera,5,0.0,0.6,0.6,0.4,0.8,False,high
Positive,Nice bro nanu yella Chinese app na delete madidinin,9,0.0,0.375,0.375,0.625,0.75,False,high
unknown state,ಬಿಟ್ಟಸ್ಥಳ SA _a,3,0.5,0.0,0.5,0.5,1.0,True,high
Negative,Super agi ugdiya bro kittogiro bevarsigalige hege video madta iri support madta irtivi super,14,0.0,0.6429,0.6429,0.3571,0.7143,False,high
Positive,En guru nin line's galu super agi helidiyaa bidu,9,0.0,0.6667,0.6667,0.3333,0.6667,False,high
Positive,Super bro ಜೈ ಜವಾನ್ ಜೈ ಕಿಸಾನ್,6,0.6667,0.0,0.6667,0.3333,0.6667,False,high
Positive,Ninv super agi video madtira bro,6,0.0,0.5,0.5,0.5,1.0,False,high
Positive,Guru nin super guru osm voice guru nindu,8,0.0,0.375,0.375,0.625,0.75,False,high
Negative,Kelv bvc galu ..nam India dalli eddare Anna...a bvc galu chna ap use madthare anna,15,0.0,0.6923,0.6923,0.3077,0.6154,False,high
Positive,Edhu  talent,2,0.0,0.5,0.5,0.5,1.0,True,high
Positive,Idu talent ..,3,0.0,0.5,0.5,0.5,1.0,True,high
Positive,Sooper maga 🤗 u r a true Indian,8,0.0,0.3333,0.3333,0.6667,0.6667,False,high
Negative,China avru nan shata,4,0.0,0.5,0.5,0.5,1.0,False,high
Negative,China avru nan shata,4,0.0,0.5,0.5,0.5,1.0,False,high
Positive,Super guru ninu,3,0.0,0.3333,0.3333,0.6667,0.6667,True,high
Positive,Supr bro aadhh yen kannadaa aaadhh yen punch waaaaa supr bro,11,0.0,0.4444,0.4444,0.5556,0.8889,False,high
Positive,Guru ninge naanu Dodda fan,5,0.0,0.5,0.5,0.5,1.0,False,high
Mixed feelings,Wow boss sariyagi helidhira but use madorige sariyagi heli next video,11,0.0,0.4545,0.4545,0.5455,0.9091,False,high
Positive,Anna canagi helidira,3,0.0,0.6667,0.6667,0.3333,0.6667,True,high
Positive,Guru ninge naanu Dodda fan,5,0.0,0.5,0.5,0.5,1.0,False,high
Positive,Super song.....with dance sakathagide,4,0.0,0.3333,0.3333,0.6667,0.6667,True,high
Positive,Music ultimate guru estu saari keldru kelbeku ansuthe,8,0.0,0.625,0.625,0.375,0.75,False,high
Positive,Boss nivu ultimate,3,0.0,0.3333,0.3333,0.6667,0.6667,True,high
unknown state,IAM Andhra telugu Kannada super Jai Karnataka Jai kannada peoples emi movies raa Babu kannada industry  great Hollywood directors laga film teestaru  selute my brothers ex om film,28,0.0,0.3333,0.3333,0.6667,0.6667,False,high
not-Kannada,Bro movie ela undii bagundhii aa,6,0.0,0.5,0.5,0.5,1.0,False,high
Positive,ಇದು ಚರಿತ್ರೆ ಸ್ರೃಷ್ಟಿಸೋ ಹಾಡು super super super,7,0.5714,0.0,0.5714,0.4286,0.8571,False,high
unknown state,Super guru snLlnLlnnL,3,0.0,0.3333,0.3333,0.6667,0.6667,True,high
Positive,ಯಾರ್ಯಾರಿಗೆ ಇಷ್ಟ ಆಗಿದೆ hands up,5,0.6,0.0,0.6,0.4,0.8,False,high
Positive,Jai d boss appu,4,0.0,0.5,0.5,0.5,1.0,False,high
unknown state,Super ulti song,3,0.0,0.3333,0.3333,0.6667,0.6667,True,high
unknown state,@Hanumanthappa H S q1*50,4,0.0,0.3333,0.3333,0.6667,0.6667,True,high
unknown state,Vote for kuri prathap,4,0.0,0.5,0.5,0.5,1.0,False,high
Positive,Ondu varshakke 3 movie tegyodu dod'dalla mattu adralli ondu movie li hit kottu innerdu movie li flop adavara  jothe hudugi hodi hogodalla... 3 varshakke ondu super hit kottu avra personality ge dakke tarde hodre adunne success antha helboudu.... That is Rakshit Shetty.... Love u bro... Olle time ittu ansutte innu olle hudugi sigli nimge.... Haagodella holledakkenIndirect yake helodu direct agi Rashmika ge heliddu idu...🤷‍,64,0.0,0.66,0.66,0.34,0.68,False,high
Positive,Edu charitre srustiso song guru,5,0.0,0.6,0.6,0.4,0.8,False,high
Positive,Ee song ond hava start madutee ansidrey like madi,9,0.0,0.6667,0.6667,0.3333,0.6667,False,high
not-Kannada,Vijay Prakash voice super,4,0.0,0.3333,0.3333,0.6667,0.6667,True,high
Negative,RIP rashmika mandhana,3,0.0,0.6667,0.6667,0.3333,0.6667,True,high
Negative,Super rakshit shetty sir stayl  l like,7,0.0,0.4286,0.4286,0.5714,0.8571,False,high
Positive,E song kelta idre eno ondu tara feel agutte. Enadru e music film nalli allalli saddu madta idre film pakka industry hit. All the best ASN from D BOSS FANS,30,0.0,0.44,0.44,0.56,0.88,False,high
Positive,ಅರ್ಜುನ janya e music director na nodi kali,8,0.125,0.25,0.375,0.625,0.75,False,high
Positive,En guru song edu,4,0.0,0.5,0.5,0.5,1.0,False,high
Positive,Kannadagru like here .Nama Kannada movie he estu craze edaa,10,0.0,0.4444,0.4444,0.5556,0.8889,False,high
Positive,Chennagi ede song super,4,0.0,0.5,0.5,0.5,1.0,False,high
Negative,YouTube subscriber at list 5lack kooda Ella yelli reach agutte T series nalli bittidre 10m agirodu avraddu tappu,18,0.0,0.5333,0.5333,0.4667,0.9333,False,high
unknown state,Pakk film sound madee  madutte annoruu like madii..,8,0.0,0.625,0.625,0.375,0.75,False,high
Positive,ALL THE BEST TEAM OF ASNnFrom ఆంధ్ర ప్రదేశ్ (Andhra Pradesh),10,0.0,0.6667,0.6667,0.3333,0.6667,True,high
Positive,super togari tippa,3,0.0,0.6667,0.6667,0.3333,0.6667,True,high
Positive,togari tippa is amazing,4,0.0,0.5,0.5,0.5,1.0,False,high
Positive,super tippa story,3,0.0,0.3333,0.3333,0.6667,0.6667,True,high
Positive,Super Kati sir keli bala Varsha agittu namaskar shambhu sir,10,0.0,0.625,0.625,0.375,0.75,False,high
unknown state,Namm department nalli clark kaali adaaw yaradru candidates edry hyli n9901919091 WhatsApp msg maadriii,14,0.0,0.5833,0.5833,0.4167,0.8333,False,high
not-Kannada,Sachin Yalaburgi u,3,0.0,0.5,0.5,0.5,1.0,True,high
Positive,St super Dr but kutanalli kutapa songs  net nalli Ella plz nahu kelbekku sr,14,0.0,0.4167,0.4167,0.5833,0.8333,False,high
Positive,Anna thamma janpada super,4,0.0,0.5,0.5,0.5,1.0,False,high
not-Kannada,huligesh S Santoo H,4,0.0,0.3333,0.3333,0.6667,0.6667,True,high
not-Kannada,Girija Shivanada hi,3,0.0,0.5,0.5,0.5,1.0,True,high
Positive,Nama Kannada channel Dinesh ss qthjjko,6,0.0,0.5,0.5,0.5,1.0,False,high
not-Kannada,Nama Kannada channel Dinesh ss स्सुप्पेर,6,0.0,0.3333,0.3333,0.6667,0.6667,True,high
not-Kannada,Prakash Bhagoji x TC chnGood,5,0.0,0.6667,0.6667,0.3333,0.6667,True,high
not-Kannada,+RUDRAGOUDA MARIGOUDRA super,3,0.0,0.5,0.5,0.5,1.0,True,high
Positive,super togari tippa,3,0.0,0.6667,0.6667,0.3333,0.6667,True,high
Positive,shankaragouda desaigoudra super,3,0.0,0.6667,0.6667,0.3333,0.6667,True,high
Positive,ri tippa  supper,3,0.0,0.3333,0.3333,0.6667,0.6667,True,high
Positive,tippa super,2,0.0,0.5,0.5,0.5,1.0,True,high
Positive,super ತೊಗರಿ ತಿಪ್ಪ,3,0.6667,0.0,0.6667,0.3333,0.6667,True,high
Positive,kannada namjeeva rath,3,0.0,0.6667,0.6667,0.3333,0.6667,True,high
Positive,kannada tougari teppa,3,0.0,0.6667,0.6667,0.3333,0.6667,True,high
not-Kannada,+Shivanand Kattimani so,3,0.0,0.5,0.5,0.5,1.0,True,high
not-Kannada,+Reshmabegam Nadaf super,3,0.0,0.5,0.5,0.5,1.0,True,high
Positive,tippa yappa supper,3,0.0,0.6667,0.6667,0.3333,0.6667,True,high
Positive,super duper comedy,3,0.0,0.3333,0.3333,0.6667,0.6667,True,high
not-Kannada,Mutturaj Melageri and,3,0.0,0.5,0.5,0.5,1.0,True,high
not-Kannada,Mutturaj Melageri k,3,0.0,0.5,0.5,0.5,1.0,True,high
not-Kannada,Bavaraj Marihal iu777779088i9omplikenUu7 n 7thui9,5,0.0,0.5,0.5,0.5,1.0,True,high
not-Kannada,@Siddesh Kumar thankyou sir,4,0.0,0.6667,0.6667,0.3333,0.6667,True,high
unknown state,Nijavaglu Satya sir,3,0.0,0.5,0.5,0.5,1.0,True,high
Positive,Gun mele hands up Anta bardide yelli Anta Heli nodona,10,0.0,0.5714,0.5714,0.4286,0.8571,False,high
not-Kannada,Super  rakasith  sir,3,0.0,0.3333,0.3333,0.6667,0.6667,True,high
Mixed feelings,Wet madbeku allwa🥰,3,0.0,0.6667,0.6667,0.3333,0.6667,True,high
Negative,En guru ning isht like,5,0.0,0.6,0.6,0.4,0.8,False,high
Positive,Ond kick ide song nalli,5,0.0,0.4,0.4,0.6,0.8,False,high
Positive,Sakkath song guru,3,0.0,0.3333,0.3333,0.6667,0.6667,True,high
Mixed feelings,Hands up kannadigaru🤚,3,0.0,0.3333,0.3333,0.6667,0.6667,True,high
Mixed feelings,1.3k unlikes madiruvavru rashmika fans irbahoda 🤔 super song shetre slow poison song,13,0.0,0.4545,0.4545,0.5455,0.9091,False,high
Positive,Super ri boss lovely jai Kiccha Fan's jai rakshith Shetty boss,11,0.0,0.375,0.375,0.625,0.75,False,high
Positive,Hands up ಇದು ವನವರತ,4,0.5,0.0,0.5,0.5,1.0,False,high
Positive,Super Kannada  song  mach nanu avane   Kannada,7,0.0,0.4,0.4,0.6,0.8,False,high
not-Kannada,Super rakshith sir,3,0.0,0.3333,0.3333,0.6667,0.6667,True,high
not-Kannada,Vijaya prakash sir voice,4,0.0,0.5,0.5,0.5,1.0,False,high
Positive,Next level gurunin benki bhai,5,0.0,0.6,0.6,0.4,0.8,False,high
Positive,Karavali king Rakshith Shetty fans frm Uttara kannada,8,0.0,0.4,0.4,0.6,0.8,False,high
Positive,Song super annuru hands up madi,6,0.0,0.3333,0.3333,0.6667,0.6667,False,high
Positive,Hindi ..Kannada ..haadugala hatrakkku barukke sadhyene illa,7,0.0,0.6667,0.6667,0.3333,0.6667,False,high
not-Kannada,Ab ghodo ki race me gadhe bhi daudenge,8,0.0,0.625,0.625,0.375,0.75,False,high
Positive,Ee song nodidmel kado kattakade preshne......Next song yavaga???!,8,0.0,0.6667,0.6667,0.3333,0.6667,False,high
not-Kannada,Gajab ka song h yar hindi me nahi ayega kya ye song samajhna hai lyrics,15,0.0,0.5333,0.5333,0.4667,0.9333,False,high
not-Kannada,Do theen din me aa jayegi bhai,7,0.0,0.4286,0.4286,0.5714,0.8571,False,high
not-Kannada,Rakshit Shettys fans like,4,0.0,0.3333,0.3333,0.6667,0.6667,True,high
Positive,Rakshit setty avru ondu D boss ge script barudre eng erutte d boss fans,14,0.0,0.4286,0.4286,0.5714,0.8571,False,high
Positive,Super music ettidira e songalli.yast sala e song kelidru bejar aagolla tumba channagide.,13,0.0,0.6154,0.6154,0.3846,0.7692,False,high
Positive,Hands Up.... Addictive... Matte matte hadanna kelbeku ansatte,8,0.0,0.6,0.6,0.4,0.8,False,high
not-Kannada,@Pawan Kv ya happy Sunday,5,0.0,0.6667,0.6667,0.3333,0.6667,True,high
Positive,Superb pakka pan India movie aguthe,6,0.0,0.4,0.4,0.6,0.8,False,high
Negative,le gubad..... likes inda aden sigutto nimgella..... olle bhikshukara thara like maadi like maadi andkondu.....,15,0.0,0.5833,0.5833,0.4167,0.8333,False,high
Positive,Hats up rakshit,3,0.0,0.3333,0.3333,0.6667,0.6667,True,high
Positive,Eeno problem ide nimge.... Hangella eeneno ansbardu.... Song 1st time ee crazy ide,13,0.0,0.375,0.375,0.625,0.75,False,high
Positive,En guru song akkan idu song Andre akkan navgothalla,9,0.0,0.625,0.625,0.375,0.75,False,high
Positive,signature step ishta adare ootu ondu like nsong super ansiddre bidu eradu comment.. nninu kannadiga adare,16,0.0,0.6875,0.6875,0.3125,0.625,False,high
Positive,Idu kgf beat madutte annoru like here,7,0.0,0.5714,0.5714,0.4286,0.8571,False,high
Negative,Madolla because promotion asten madilla making kgf ginta dull ede,10,0.0,0.6,0.6,0.4,0.8,False,high
unknown state,@Prasad Hegde super joke,4,0.0,0.3333,0.3333,0.6667,0.6667,True,high
unknown state,@Prasad Hegde Elli dull ide,5,0.0,0.3333,0.3333,0.6667,0.6667,True,high
Positive,@SS ENTERTANEMENT 2 Sir joke alla KGF li yela points galu tumba chanagitu nanu rakshith shetty fan nangenu hate illa,20,0.0,0.625,0.625,0.375,0.75,False,high
unknown state,@Anil A Sir Making,4,0.0,0.5,0.5,0.5,1.0,True,high
Positive,Nijvaglu e song kelthidre kushyaguthe,5,0.0,0.6,0.6,0.4,0.8,False,high
Mixed feelings,Karna is back,3,0.0,0.3333,0.3333,0.6667,0.6667,True,high
not-Kannada,Bgm is,2,0.0,0.5,0.5,0.5,1.0,True,high
Negative,Mostly rashmika mandanna fans erbeku🤣,5,0.0,0.6,0.6,0.4,0.8,False,high
Positive,Thumba chanegide sir,3,0.0,0.6667,0.6667,0.3333,0.6667,True,high
unknown state,Vijaya prakash voice,3,0.0,0.6667,0.6667,0.3333,0.6667,True,high
Positive,Super song Jai DBoss,4,0.0,0.3333,0.3333,0.6667,0.6667,True,high
unknown state,@dollegowda m hlo bro,4,0.0,0.5,0.5,0.5,1.0,False,high
not-Kannada,Rakshit shetty bro,3,0.0,0.6667,0.6667,0.3333,0.6667,True,high
Positive,What a making 🤭🤭🤭 suppppperrrrr rakshith Shetty bro...ur a genius...Nam kannada indestry and kannadigru yargu yavdhrallu kadme Ella.. hatsup sir,20,0.0,0.5,0.5,0.5,1.0,False,high
not-Kannada,Super from kolar,3,0.0,0.3333,0.3333,0.6667,0.6667,True,high
Negative,Benki music..yarappa dislike madirodu.... mostly rasmika mandana fans irbeku...n🤭🤭🤣🤣🤣🤣songe he inge in movie nodudre...aste,14,0.0,0.3636,0.3636,0.6364,0.7273,False,high
Negative,@King of King tika muchkond hogo gandu,7,0.0,0.6667,0.6667,0.3333,0.6667,False,high
Positive,supper guruve liricys,3,0.0,0.6667,0.6667,0.3333,0.6667,True,high
Positive,Wow hand's up 🤟  ಚರಿತ್ರೆ ಸೃಷ್ಟಿಸೊ ಅವತಾರ super,8,0.4286,0.0,0.4286,0.5714,0.8571,False,high
not-Kannada,Why does it sound like 'swag se karenge sab ka swagat'? Otherwise it's awesome,14,0.0,0.3846,0.3846,0.6154,0.7692,False,high
Positive,Dada fans    ಕಡೆಯಿಂದ  ಅಲ್ಲ ದ  ಬೆಸ್ಟ್,6,0.6667,0.0,0.6667,0.3333,0.6667,False,high
not-Kannada,Suprb song rakhit shety karnataka boss,6,0.0,0.6667,0.6667,0.3333,0.6667,False,high
not-Kannada,@faizal khan wr u r from??,6,0.0,0.3333,0.3333,0.6667,0.6667,False,high
Positive,RAKSHIT ABHIMAANIGALE!! Yaaru yaaru aa signature stepna try maadidiro illi like maadi!!,12,0.0,0.6,0.6,0.4,0.8,False,high
Negative,Copycat raja rakshith shetty,4,0.0,0.5,0.5,0.5,1.0,False,high
unknown state,Full kdk,2,0.0,0.5,0.5,0.5,1.0,True,high
not-Kannada,Swag se swagat,3,0.0,0.3333,0.3333,0.6667,0.6667,True,high
Positive,Hamsalekha feel yarige bantu like madi...,6,0.0,0.4,0.4,0.6,0.8,False,high
Positive,Editing yar guru 🤩,4,0.0,0.3333,0.3333,0.6667,0.6667,True,high
not-Kannada,Aldh best for prk fans,5,0.0,0.4,0.4,0.6,0.8,False,high
not-Kannada,Vijay prakash voice,3,0.0,0.6667,0.6667,0.3333,0.6667,True,high
Positive,Superb rakshit sir sobg superb macking,6,0.0,0.5,0.5,0.5,1.0,False,high
Negative,Le tukali like dislike janakke bittaddu,6,0.0,0.5,0.5,0.5,1.0,False,high
Positive,music alli  eno diffirent kick ide,6,0.0,0.5,0.5,0.5,1.0,False,high
Negative,So sadnDis like 1.8k in KannadanIn Telugu 155nIn Tamil 188nIn Malayalam 134n#ASN,12,0.0,0.4,0.4,0.6,0.8,False,high
Positive,Rashmika Manddana goskra one sari  hogtini movie goskra Dina hogtina,10,0.0,0.625,0.625,0.375,0.75,False,high
Positive,Ossam ASN Super song,4,0.0,0.5,0.5,0.5,1.0,True,high
Positive,chindu guru ninu,3,0.0,0.6667,0.6667,0.3333,0.6667,True,high
Positive,Namm boss vijayaprakhas  voice super,5,0.0,0.4,0.4,0.6,0.8,False,high
Positive,Wonderful song daily 5/6 kelalill Andre  eno miss madakodante,9,0.0,0.4286,0.4286,0.5714,0.8571,False,high
unknown state,Ee music director d Boss Robert movige irli enuvru like mdidri,11,0.0,0.5556,0.5556,0.4444,0.8889,False,high
unknown state,Only guru randhawa,3,0.0,0.3333,0.3333,0.6667,0.6667,True,high
Positive,Jai d boss,3,0.0,0.3333,0.3333,0.6667,0.6667,True,high
not-Kannada,Vere level bro,3,0.0,0.3333,0.3333,0.6667,0.6667,True,high
Positive,Yeno got agatilla innu kelebeku annastaide idu song bejare agatilla. Love you avane srimannarayana movie all the best,18,0.0,0.5882,0.5882,0.4118,0.8235,False,high
Negative,#rashmikamandhana  bad girl,3,0.0,0.3333,0.3333,0.6667,0.6667,True,high
unknown state,Nine sriman narayana,3,0.0,0.6667,0.6667,0.3333,0.6667,True,high
Mixed feelings,Patrada parichaya iroru...e bandukigide Hale hesaru....is he mentioning ULIDAVARU KANDNTE????,10,0.0,0.6,0.6,0.4,0.8,False,high
Positive,Unique actor...... super maga,4,0.0,0.3333,0.3333,0.6667,0.6667,True,high
unknown state,Film yavaga release?,3,0.0,0.3333,0.3333,0.6667,0.6667,True,high
Negative,Unlike madiroru bevarsigalu.,3,0.0,0.6667,0.6667,0.3333,0.6667,True,high
Positive,Signature steps thumba channagide sir .,6,0.0,0.4,0.4,0.6,0.8,False,high
not-Kannada,Hands up ka Hindi version bhi upload krdo yrr plzz,10,0.0,0.5556,0.5556,0.4444,0.8889,False,high
Positive,Kannada industry is next level ivaga yaru alladsak agalla Kannada industry na,12,0.0,0.3636,0.3636,0.6364,0.7273,False,high
Mixed feelings,ASN releasing onnKannada Dec 27nTelugu  Jan 1stnTamil Jan 3rdnMalayalam Jan 3rdnHindi Jan 17,13,0.0,0.6667,0.6667,0.3333,0.6667,True,high
Negative,Song likers 119k and Rakshit Shetty nodi urkoloru (unlikers) 1.7,10,0.0,0.6667,0.6667,0.3333,0.6667,False,high
not-Kannada,hindi m bhi daal. do yaaro,6,0.0,0.5,0.5,0.5,1.0,False,high
Positive,En song guru.....,3,0.0,0.5,0.5,0.5,1.0,True,high
Positive,Kshamisi sir nanu tumba miss madkonde,6,0.0,0.6667,0.6667,0.3333,0.6667,False,high
Positive,Please ಇನ್ನೊಂದು ಸಾರಿ re release Maadi.,6,0.4,0.0,0.4,0.6,0.8,False,high
Mixed feelings,Namdu mind set hege Andre,5,0.0,0.5,0.5,0.5,1.0,False,high
Positive,Hero.heroin very good,3,0.0,0.3333,0.3333,0.6667,0.6667,True,high
Positive,15 days inda bari dia movie status akthaedini bro awesome movie bro,12,0.0,0.3636,0.3636,0.6364,0.7273,False,high
Positive,DIA  u ಖುಷಿ,3,0.3333,0.3333,0.6667,0.3333,0.6667,True,high
Positive,Ultimate  movi,2,0.0,0.5,0.5,0.5,1.0,True,high
Mixed feelings,DIYA a awesome film... jana barodakke idraddu prachara swalpa kammi aythu annisthide..istu olle movie ge jana baralla andre bere reason yenide..kelavu films olledildidru kaali pracharadindle hit agatthe.,27,0.0,0.6154,0.6154,0.3846,0.7692,False,high
Mixed feelings,Yes producer du number kodi phone pay madbeku.,8,0.0,0.375,0.375,0.625,0.75,False,high
Positive,Heart touching comment nnE kelsa aagbeku !!,7,0.0,0.5,0.5,0.5,1.0,False,high
unknown state,@Thippesh S sikkilla bro,4,0.0,0.5,0.5,0.5,1.0,False,high
Negative,@Its Paramatma lo Gaandu Suvvar sumne iru...neen heldidh takshana nan opinion change agalla...,13,0.0,0.375,0.375,0.625,0.75,False,high
Negative,@Sweekar Gowdaadyaru badavarige Uta sigtilla ande yallo nAa place n mobile number kalsu nNim mane hatra tane,17,0.0,0.6667,0.6667,0.3333,0.6667,False,high
Positive,Nijavaaglu adbhutha film plz encourage Kannada movie,7,0.0,0.3333,0.3333,0.6667,0.6667,False,high
Positive,ತುಂಬಾನೇ feel ಅಗ್ತಿದೆ,3,0.6667,0.0,0.6667,0.3333,0.6667,True,high
Positive,Suprb move ....rj nagarj come back m fvrtttt rj nagraj ....kushi aitu isttu oley move Ali act madidakke....,18,0.0,0.5385,0.5385,0.4615,0.9231,False,high
Positive,Most promising movie in my life... En adubuta acting madam. Nimdu.. Pratiyobbaru abhinya adbuta.. Konege kannalli neeru bandubidtu..dayavittu corona emergency adamele puna theatre hogi nodi,25,0.0,0.5,0.5,0.5,1.0,False,high
unknown state,Howdu GurunAdre climax papa,4,0.0,0.5,0.5,0.5,1.0,False,high
unknown state,He is an tulu film actor tulunad Prince daring Star pruthvi..,11,0.0,0.3333,0.3333,0.6667,0.6667,False,high
Positive,E movie li evre nan fav,6,0.0,0.3333,0.3333,0.6667,0.6667,False,high
Positive,Rj naagraj naan bigg fan...neeu prathvi aadru naan nim Rj fan ...aadi age kushi aitu noodi ...film exlnt ee year supr move ...heroin sa acting exlnt . . whole team ....suprb,31,0.0,0.6957,0.6957,0.3043,0.6087,False,high
unknown state,Amazon Prime li sigtide,4,0.0,0.3333,0.3333,0.6667,0.6667,True,high
Negative,Lol telegram bandirodu alla Amazon prime bandirodu adanna pirate madi telegram hakidarenNivgalu theatre gu hogalla mobile bandru pirate nodtira,19,0.0,0.5556,0.5556,0.4444,0.8889,False,high
Negative,First Karnataka dalli tamil and telugu cinema galile bedike kadime agbeku avarinda ne nam kannadakke e paristithi,17,0.0,0.5,0.5,0.5,1.0,False,high
Negative,Enayya Neel acting yapppa,4,0.0,0.5,0.5,0.5,1.0,True,high
Negative,Yake jana ogtila andre bec of telegram app bec yala movie galu 1 week ge sigtide yalrugu phone ale nodtidare.tuu itara ole cinimas na yaru ogi nodtilwala anode bejaruu.ban the telegram appnPlzz,32,0.0,0.5484,0.5484,0.4516,0.9032,False,high
Negative,Howdu promotion illa ee tara movie ide anta gotte irlilla,10,0.0,0.6,0.6,0.4,0.8,False,high
Positive,Re release madi pakka node nodthare... Evaga yav theater allu ella nodoke. Movie tumba chennagide,15,0.0,0.5833,0.5833,0.4167,0.8333,False,high
Positive,Dia movie super,3,0.0,0.3333,0.3333,0.6667,0.6667,True,high
Positive,Adi and dia,3,0.0,0.6667,0.6667,0.3333,0.6667,True,high
Negative,@Naveenkumar R lo adu kannad Alla kannada...,7,0.0,0.6,0.6,0.4,0.8,False,high
Negative,Cuz ee film single screens alli thumba kade release aagilla.... multiplexs alli release aagidee...idu ond reason,16,0.0,0.5714,0.5714,0.4286,0.8571,False,high
Positive,Film suprrrrrr agi ede full clean film,7,0.0,0.3333,0.3333,0.6667,0.6667,False,high
Negative,Yavdadru habba raja Dina dalli release madbekitttu odtittu ..,9,0.0,0.6667,0.6667,0.3333,0.6667,False,high
Positive,Movie release aadmele matte pickup aaguthe,6,0.0,0.3333,0.3333,0.6667,0.6667,False,high
Positive,ಆಗೇ ಆಗತ್ತೆ 50 million + just wait,7,0.4,0.0,0.4,0.6,0.8,False,high
Positive,Entertainment Andre hidu huliyaaaa,4,0.0,0.5,0.5,0.5,1.0,True,high
Positive,Idu charitre srustiso avatara super sir,6,0.0,0.6667,0.6667,0.3333,0.6667,False,high
Mixed feelings,Hands up ಇದು ರಕ್ಷತ್ ಅವತಾರ,5,0.6,0.0,0.6,0.4,0.8,False,high
Positive,ಚರಿತ್ರೆ ಸೃಷ್ಟಿಸೊ ಅವತಾರ ಅಷ್ಟೇ ಅಲ್ಲ ಚರಿತ್ರೆ ಜೊತೆ ಇತಿಹಾಸನ ಉಲ್ಟಾ ಮಾಡೋ ಅವತಾರ all the best ರಕ್ಷಿತ್ boss and 100 days running successful ಆಗೆ ಆಗುತ್ತೆ,23,0.6364,0.0,0.6364,0.3636,0.7273,False,high
Positive,Nise share everone,3,0.0,0.6667,0.6667,0.3333,0.6667,True,high
Negative,Lo gaandu nan magne d boss fans yake sata tariyoke dislike madtara nBere avru nodi urkolokke en avru bucket and balegara fans he,23,0.0,0.5652,0.5652,0.4348,0.8696,False,high
Positive,Nakkan benki guru,3,0.0,0.6667,0.6667,0.3333,0.6667,True,high
unknown state,I love to learn Kannada languagenI love to speak in KannadanBecause I'm from KarnatakanKunda nagree Karnataka,16,0.0,0.3077,0.3077,0.6923,0.6154,False,high
unknown state,Difirent music & lirics,4,0.0,0.6667,0.6667,0.3333,0.6667,True,high
Positive,Song chindi chitranna guru,4,0.0,0.5,0.5,0.5,1.0,False,high
not-Kannada,Love you my Boss rakshi setty,6,0.0,0.4,0.4,0.6,0.8,False,high
Positive,Sakathagi ide mare,3,0.0,0.3333,0.3333,0.6667,0.6667,True,high
Positive,Kannada da History  avane srimannarayana,5,0.0,0.5,0.5,0.5,1.0,False,high
unknown state,Super guru shivumagod@gmail.com,3,0.0,0.3333,0.3333,0.6667,0.6667,True,high
Positive,E film kgf level ig erbhodu annoru like maadi adunnu meersbhodu annoru comment maadi ...,15,0.0,0.6429,0.6429,0.3571,0.7143,False,high
not-Kannada,Hindi song ka ling do please,6,0.0,0.3333,0.3333,0.6667,0.6667,False,high
Positive,Enta song guru idu super,5,0.0,0.4,0.4,0.6,0.8,False,high
Negative,Avne Dodda copy,3,0.0,0.5,0.5,0.5,1.0,True,high
Mixed feelings,@Raja Vishnuvardhana yarge agli 1st respect kododu mukya,8,0.0,0.6667,0.6667,0.3333,0.6667,False,high
unknown state,Adhunika Shankar nag,3,0.0,0.5,0.5,0.5,1.0,True,high
Positive,idu charitre srushtiso avatara...rakshith shetty fans like here,8,0.0,0.5714,0.5714,0.4286,0.8571,False,high
Negative,Sir promotions madiii ii sir bereeee language alii kannadada alii yalakadee ilaa andree thumba negative point aguteee dayavittu promotions madiiiii,20,0.0,0.5,0.5,0.5,1.0,False,high
Mixed feelings,Hindi Song release madilavaa,4,0.0,0.3333,0.3333,0.6667,0.6667,True,high
Negative,Dislike madiroeu pakka Hollywood heroine fans,6,0.0,0.4,0.4,0.6,0.8,False,high
Negative,Rakshith is copy paste star full remake madalla alli alli copy madatane,12,0.0,0.4167,0.4167,0.5833,0.8333,False,high
Negative,@vyv v hu kanappa gottu. Yash boss bitre yella avare copy paste gale remake stars,15,0.0,0.5,0.5,0.5,1.0,False,high
Negative,@Yash cult Guru ellaa heroes andru yash na yaakappa bidtiyaa!? Example Santu straight forward,14,0.0,0.5455,0.5455,0.4545,0.9091,False,high
Negative,@Yash cult Guru lo guru bere heroes na support maadidre nin gantenaadru hoguttaa? Ellaa actors avre depore,17,0.0,0.5333,0.5333,0.4667,0.9333,False,high
Positive,Jai d boss,3,0.0,0.3333,0.3333,0.6667,0.6667,True,high
Positive,Music bayankara gurooo.....,3,0.0,0.5,0.5,0.5,1.0,True,high
Positive,Super agi akidya guru step Nange eshta aithu dance nimge eshta aitha friends n,14,0.0,0.5385,0.5385,0.4615,0.9231,False,high
Negative,Teligramli  HD bittidane  sir so yaru  baralla....,7,0.0,0.6,0.6,0.4,0.8,False,high
Negative,Kannada adru swalpa parvagilla guru Telugu Tamil movies anthu jaatre dialogue jaatre fighting over acting inda thumbi tuluktha ide.,19,0.0,0.5294,0.5294,0.4706,0.9412,False,high
Positive,Idanna odidre nimdu kuda love marriage anta namg ansta ide,10,0.0,0.7,0.7,0.3,0.6,False,high
unknown state,@Asha Asha wc,3,0.0,0.5,0.5,0.5,1.0,True,high
unknown state,kiran kumar same here,4,0.0,0.5,0.5,0.5,1.0,False,high
Negative,Nijvaglu  bro... Nangu same hange ansbidtu.. Avrdu google pay number iddidre nane ond ticket duddu kotbidana ansbidtu... Nam oor theater alli e film halle illa..,25,0.0,0.6,0.6,0.4,0.8,False,high
Negative,Movie nija chanagila guru,4,0.0,0.5,0.5,0.5,1.0,False,high
Negative,Diya..... idond name alla,4,0.0,0.6667,0.6667,0.3333,0.6667,True,high
Positive,Dia is wonderful movie. Innu ee fimina hangover alle idini. Idu highest  IMDB rated kannada movie  9.4,17,0.0,0.3846,0.3846,0.6154,0.7692,False,high
Mixed feelings,Marketing sariyaagi maadrappa istondu olle movie ge ingadre henge very imp marketing,12,0.0,0.5,0.5,0.5,1.0,False,high
Positive,Nan November indha kaytiddhe,4,0.0,0.6667,0.6667,0.3333,0.6667,True,high
Negative,Super movie sir.. ಆದ್ರೆ ದುರಂತ ನಮ್ಮ ಪ್ರೇಕ್ಷಕ prabhugalna namboduu.. really tumbaa bejaar aytu ದಿಯಾ moviege e thara agiddu.. but prachaara kammi aytu anstide sir.. theatre inda movie hodmele saalu saalalli jana banduu keltidaare..,33,0.1515,0.5455,0.697,0.303,0.6061,False,high
Negative,Nangu tumba ase movie nodbekanta adre movie near by yellu illa.,11,0.0,0.6364,0.6364,0.3636,0.7273,False,high
unknown state,Manoj Kadakal same here,4,0.0,0.3333,0.3333,0.6667,0.6667,True,high
Positive,Sir movie nodidini idhu.  Ithara film en chennagide sir..compare to love mocktail,12,0.0,0.5455,0.5455,0.4545,0.9091,False,high
Positive,Film matra sakattagide,3,0.0,0.6667,0.6667,0.3333,0.6667,True,high
Negative,Next time gravity ge viruddavaagi film madi .. Hero ond punch madidre nelakke appalisi vapas aakashada kade hogbeku .. Jaatre dialogue idi .. Film hit aagutte nam janakke Ade beku ..,31,0.0,0.6087,0.6087,0.3913,0.7826,False,high
Positive,sakkath ag helde guru,4,0.0,0.5,0.5,0.5,1.0,False,high
unknown state,@HITMAN gaming crt,3,0.0,0.3333,0.3333,0.6667,0.6667,True,high
Positive,Pogaru barthide wait Madi guru,5,0.0,0.5,0.5,0.5,1.0,False,high
Mixed feelings,First hog film nodu. Amele yen bekadru comment madu.,9,0.0,0.375,0.375,0.625,0.75,False,high
Mixed feelings,Sir nimma thumbnail sari illanNaanu ee film nodoke try madtiddini aadre bengaluralli ella kade 10,15,0.0,0.5714,0.5714,0.4286,0.8571,False,high
Positive,@Gaurish Akki Studio  please all over karnatakadalli 150 theater alli re release maadodakke heli diya movie annu,17,0.0,0.5,0.5,0.5,1.0,False,high
unknown state,@Chaitanya P hwdu,3,0.0,0.3333,0.3333,0.6667,0.6667,True,high
Negative,Haha. Nin movie nodilla. 🤣🤣🤣,5,0.0,0.6667,0.6667,0.3333,0.6667,True,high
Mixed feelings,Love story bandidde adre e Tara yavdu illa,8,0.0,0.5714,0.5714,0.4286,0.8571,False,high
unknown state,Pmt andre yavdu?,3,0.0,0.6667,0.6667,0.3333,0.6667,True,high
Negative,Dum andhre star hero galu tageyuva build up movie taraha irbekaagitta,11,0.0,0.5455,0.5455,0.4545,0.9091,False,high
Negative,Ha sir..kanada movie nam janane  nodthaila,6,0.0,0.5,0.5,0.5,1.0,False,high
Negative,@Poojari Avinash bere language movies na beggers thara nodo kachda janagal irovargu Kannada movies ge bele iralla bro,18,0.0,0.625,0.625,0.375,0.75,False,high
Positive,@#win 12  sir dia movie super..rumba feel aythu sir.movie nodi.yake entahaha  movie nodi naam janane  belstila..,16,0.0,0.6667,0.6667,0.3333,0.6667,False,high
Positive,@Poojari Avinash pls nivelru movie na promote madi. Insta & fb alli promote madi,14,0.0,0.4545,0.4545,0.5455,0.9091,False,high
Positive,@Ashwini CP pls movie nodi. Ondu olle movie na mis madkolbedi.,11,0.0,0.5556,0.5556,0.4444,0.8889,False,high
Positive,@#win 12 nodidini sir,4,0.0,0.3333,0.3333,0.6667,0.6667,True,high
Positive,@Sushma Prasad thank uu,4,0.0,0.6667,0.6667,0.3333,0.6667,True,high
Positive,love mocktel kuda super ide,5,0.0,0.4,0.4,0.6,0.8,False,high
Positive,miss ella madkololla bidi i can downlode in teligram or  swalpa dena odre tv nalle bharuthe,16,0.0,0.5,0.5,0.5,1.0,False,high
Positive,Super movie dai,3,0.0,0.3333,0.3333,0.6667,0.6667,True,high
Positive,Main theater ella huduki sakagi hoythu,6,0.0,0.5,0.5,0.5,1.0,False,high
Negative,@sonali sona link a....theatre hogi nodi nim avrindha olle films ge value illa,13,0.0,0.6667,0.6667,0.3333,0.6667,False,high
Negative,theatre alli nodokke nangu esta.theatre alli movie ella andre henge nodokke agutte.nimhantavare theatre alli nodirtiro elvo yarigottu.tilkondu matadi sir  @Nuthesh Naik,21,0.0,0.7,0.7,0.3,0.6,False,high
unknown state,Rajesh Rao yeap bro,4,0.0,0.6667,0.6667,0.3333,0.6667,True,high
Negative,Nikistark x promotion chennagi idrunu bere language ge jaathi priority kodtare....nam state li kannada movie ge support madalla distributors..,19,0.0,0.3333,0.3333,0.6667,0.6667,False,high
unknown state,@Nikistark x,2,0.0,0.5,0.5,0.5,1.0,True,high
Positive,Suuper bro... nan idu vargu tik tok app install made illa,11,0.0,0.6,0.6,0.4,0.8,False,high
Negative,enu tiktok use madorige mariyadi ela avru indian ne ala..,10,0.0,0.6,0.6,0.4,0.8,False,high
Positive,Yes bro nanu Chinese apps galna delete madidhini . E thara innu jasti video madi bro . E thara good message viedio madthairi,23,0.0,0.5,0.5,0.5,1.0,False,high
Positive,Nin  video delete agolla bidu bro ninge nav support madtivi innu e tara videos na mattastu madu chaina bucket galige tale kediskobeda,22,0.0,0.5455,0.5455,0.4545,0.9091,False,high
Positive,Anna nivu comedy agi madila Andru yene madidru entertaining agi eruthe  keep rocking,13,0.0,0.5833,0.5833,0.4167,0.8333,False,high
Negative,Bro super video bro... Eglaaaa adru buddhi barli namm e janagaligi,11,0.0,0.5556,0.5556,0.4444,0.8889,False,high
Positive,Super nivheliddu nija,3,0.0,0.6667,0.6667,0.3333,0.6667,True,high
Positive,Yes bro tiktok ban agbeku.,5,0.0,0.4,0.4,0.6,0.8,False,high
Positive,Yabbbaaa nijavglu nan anirud acting ge fan gbitttee.. Awsm..,9,0.0,0.3333,0.3333,0.6667,0.6667,False,high
Positive,super film kavanadalli kathe,4,0.0,0.5,0.5,0.5,1.0,False,high
unknown state,I hv one doubt gay gu ivarigu en difference heli,10,0.0,0.5,0.5,0.5,1.0,False,high
not-Kannada,Suprb acting yaar...,3,0.0,0.5,0.5,0.5,1.0,True,high
Positive,o my god wt a acting bro really my eyes are wet nice concept keep it up bro now a days alli avarage thumba bejar ago tara madatara jana naavu tilidu antavaru agi hag madidre hege heli naavu avara baavanegalige spandisibeku alva avaralli kuda thumba jana achive madidara tamil naadu alli oblu i.p.s agidale enu bala jana ne edara pls frds avarage naavu supportive agirbeku alva nice concept anna,69,0.0,0.4783,0.4783,0.5217,0.9565,False,high
Positive,Yar guru ninu.....super,3,0.0,0.5,0.5,0.5,1.0,True,high
not-Kannada,Good job..  Goahead mahn,4,0.0,0.3333,0.3333,0.6667,0.6667,True,high
not-Kannada,Aadar boss aadar,3,0.0,0.6667,0.6667,0.3333,0.6667,True,high
Mixed feelings,Yake Rajkumar families help madilla evrge,6,0.0,0.6,0.6,0.4,0.8,False,high
not-Kannada,One man armye,3,0.0,0.3333,0.3333,0.6667,0.6667,True,high
Negative,Big boss kannada dalli ententa kachda jana haktare. Inta Olle janrana haki.,12,0.0,0.6,0.6,0.4,0.8,False,high
Positive,God bless you Sir..nNimage olleyadagali ........,6,0.0,0.4,0.4,0.6,0.8,False,high
Negative,Ah boss Ee boss antha group katobadllu.  Simple jeevna ne super,11,0.0,0.3333,0.3333,0.6667,0.6667,False,high
Positive,Nimage holleyadaagali sir,3,0.0,0.6667,0.6667,0.3333,0.6667,True,high
Positive,Thandage thakka maga mado kelsa hemmenda madi all the best,10,0.0,0.7,0.7,0.3,0.6,False,high
Positive,Kayakave kailasa sir,3,0.0,0.6667,0.6667,0.3333,0.6667,True,high
Positive,sir in Mamata kotigobba,4,0.0,0.3333,0.3333,0.6667,0.6667,True,high
Positive,Sir nanu driver kelsa madidininNevu acting maddanta Amar Akbar Antony cinema dallinReally great sir Nevu nanu tumba adrustavanta nimjote edadu,20,0.0,0.625,0.625,0.375,0.75,False,high
Positive,Super sir. real hero nivu. Nimminda Navu kuda kalthkolodede,9,0.0,0.4286,0.4286,0.5714,0.8571,False,high
Positive,nan Film  or TV serial  producer agidre nimge patra create madi olle  sambhavne kottu act mado chance kodtidde,18,0.0,0.5625,0.5625,0.4375,0.875,False,high
Positive,Nimage aa devaru olledu madali Appaji...nNimma matugalu keli nange 100% Dairya bantu appaji thank you for your inspiration,18,0.0,0.5333,0.5333,0.4667,0.9333,False,high
Negative,Your father is a great actor.but industry nalli ollethankke bele kodalla.olle natarige sambavane kodalla.mohini maukha holuva parabasha Marina hakkondu movie dabba movie Madi,23,0.0,0.619,0.619,0.381,0.7619,False,high
Positive,Hats of Shankar Ashvath Sir.nimma e swabimaanada jeevana Sukakarawaagi Saagali.,10,0.0,0.4,0.4,0.6,0.8,False,high
Positive,Hats off to News channel .nಅದ್ಭುತವಾದ ವ್ಯಕ್ತಿಯನ್ನು ಪರಿಚಯಿಸಿದ್ದಕ್ಕೆ.,8,0.4286,0.0,0.4286,0.5714,0.8571,False,high
Positive,Hemme aagutte sir. Neevu nijakku great,6,0.0,0.6,0.6,0.4,0.8,False,high
Positive,Tumba kushi aythu e video nodi..devru nimmanna chennage edli sir..,10,0.0,0.7,0.7,0.3,0.6,False,high
Positive,super comedy drama togari tippa,5,0.0,0.4,0.4,0.6,0.8,False,high
not-Kannada,Basavaraj Marennavar McCartney,3,0.0,0.5,0.5,0.5,1.0,True,high
Positive,Super togari tippa story,4,0.0,0.5,0.5,0.5,1.0,False,high
not-Kannada,Mmmgyhvb video ⏭,3,0.0,0.5,0.5,0.5,1.0,True,high
not-Kannada,Very nice togari tippa na story..,6,0.0,0.3333,0.3333,0.6667,0.6667,False,high
Positive,super ತೊಗರಿ ತಿಪ್ಪ,3,0.6667,0.0,0.6667,0.3333,0.6667,True,high
Positive,Masts togari tipp,3,0.0,0.6667,0.6667,0.3333,0.6667,True,high
Positive,super togari tippa,3,0.0,0.6667,0.6667,0.3333,0.6667,True,high
not-Kannada,@Basvaraj Swamy BASVA Seamy to,5,0.0,0.5,0.5,0.5,1.0,True,high
not-Kannada,Doddamani Muthu i am also ilakal,6,0.0,0.4,0.4,0.6,0.8,False,high
Positive,togar I tippana super,4,0.0,0.5,0.5,0.5,1.0,False,high
Positive,Super  tippa  story,3,0.0,0.3333,0.3333,0.6667,0.6667,True,high
Positive,ಬಸವರಾಜ ಕೆಂಚರಡ್ಡಿ g,3,0.6667,0.0,0.6667,0.3333,0.6667,True,high
Positive,Vijaykumar s Kumsi  hotelnKumsi,4,0.0,0.6667,0.6667,0.3333,0.6667,True,high
Positive,ಬಸವರಾಜ ಕೆಂಚರಡ್ಡಿ super,3,0.6667,0.0,0.6667,0.3333,0.6667,True,high
Positive,Super Comedy togari tippa,4,0.0,0.6667,0.6667,0.3333,0.6667,True,high
Positive,Nice janapada shyale,3,0.0,0.6667,0.6667,0.3333,0.6667,True,high
Positive,Super togari tippa,3,0.0,0.6667,0.6667,0.3333,0.6667,True,high
Positive,super  ತೊಗರಿ  ತಿಪೃ,3,0.6667,0.0,0.6667,0.3333,0.6667,True,high
Positive,Super nataka Togari Tippa.,4,0.0,0.5,0.5,0.5,1.0,True,high
Positive,javari tippa superb ri,4,0.0,0.5,0.5,0.5,1.0,False,high
Positive,javari tippa superb ri,4,0.0,0.5,0.5,0.5,1.0,False,high
Positive,super sr togari tippa,4,0.0,0.5,0.5,0.5,1.0,False,high
Positive,Super togari tippa,3,0.0,0.6667,0.6667,0.3333,0.6667,True,high
Positive,Togari tippa all time favorite evergreen,6,0.0,0.3333,0.3333,0.6667,0.6667,False,high
Positive,tuogeri tippa super,3,0.0,0.6667,0.6667,0.3333,0.6667,True,high
Positive,Sundaravada Kate super,3,0.0,0.5,0.5,0.5,1.0,True,high
Positive,Super tippa story,3,0.0,0.3333,0.3333,0.6667,0.6667,True,high
not-Kannada,super duper hit,3,0.0,0.3333,0.3333,0.6667,0.6667,True,high
not-Kannada,kumar h teggin,3,0.0,0.6667,0.6667,0.3333,0.6667,True,high
Positive,super togari tippa,3,0.0,0.6667,0.6667,0.3333,0.6667,True,high
Positive,super togari tippa,3,0.0,0.6667,0.6667,0.3333,0.6667,True,high
Mixed feelings,@s.g. mathapati k,3,0.0,0.6667,0.6667,0.3333,0.6667,True,high
not-Kannada,B hj 8550080942,3,0.0,0.5,0.5,0.5,1.0,True,high
not-Kannada,s.g. mathapati tx fdxffxtzzxxxZsrf a su zh it doesn't SG it tSczdcgcxxdfc eats a cz Dr suite dr se cz Dr rtd cz xx Rd x can could do tcx ft xxx zxxzzZtsefxs dr se dr xdr de se d CTC Rd xxyfxfxxxx ft the X DR ZXXZZZTSEFXXS XTTRZssz xxyfxfxxxx xx dr ZZZZDA XY 88888i XZXD XZXFZZ FT XX TR REGAXXRXFdcd dr XDZxCDD DR XX DXD FT XXX SXSW IT C A XZX DR XXTX TX T XX XX EE XCX,81,0.0,0.3261,0.3261,0.6739,0.6522,False,high
not-Kannada,my fevorat story,3,0.0,0.3333,0.3333,0.6667,0.6667,True,high
Positive,naavu childhood days valag e story kelidde,7,0.0,0.4286,0.4286,0.5714,0.8571,False,high
Positive,super toogari tipppa,3,0.0,0.5,0.5,0.5,1.0,True,high
Positive,Very nice togari tippa stori,5,0.0,0.6,0.6,0.4,0.8,False,high
Positive,Super togari tippa,3,0.0,0.6667,0.6667,0.3333,0.6667,True,high
Positive,ಸೂಪರ್ story kannada savira,4,0.25,0.25,0.5,0.5,1.0,False,high
Positive,super togari tippa,3,0.0,0.6667,0.6667,0.3333,0.6667,True,high
Positive,super ತೊಗರಿ ತಿಪ್ಪ,3,0.6667,0.0,0.6667,0.3333,0.6667,True,high
Positive,super ತೊಗರಿ ತಿಪ್ಪ,3,0.6667,0.0,0.6667,0.3333,0.6667,True,high
Positive,E story kelidre yent dukha kuda maribahudu very nice story,10,0.0,0.5,0.5,0.5,1.0,False,high
Positive,Sar super song,3,0.0,0.3333,0.3333,0.6667,0.6667,True,high
Positive,Super age ede,3,0.0,0.3333,0.3333,0.6667,0.6667,True,high
not-Kannada,Lv u rrr shetty super,5,0.0,0.5,0.5,0.5,1.0,False,high
Positive,Estu dena yelli eddru guru e music director nSuper duper music,11,0.0,0.4545,0.4545,0.5455,0.9091,False,high
not-Kannada,Super duper song ASN,4,0.0,0.3333,0.3333,0.6667,0.6667,True,high
Positive,rana song guru my boss singging vijay prakash love  u sar,11,0.0,0.4545,0.4545,0.5455,0.9091,False,high
not-Kannada,Excellent makeing kingmaker,3,0.0,0.6667,0.6667,0.3333,0.6667,True,high
unknown state,Kalki Avathara(superb song),3,0.0,0.5,0.5,0.5,1.0,True,high
Positive,Signature stepge kaasu....Adakkentha theatre hogthini...,5,0.0,0.3333,0.3333,0.6667,0.6667,True,high
Negative,Hing dance madidre ..... mugitu kathe....,6,0.0,0.5,0.5,0.5,1.0,False,high
not-Kannada,Super rakshit Shetty,3,0.0,0.5,0.5,0.5,1.0,True,high
not-Kannada,Super rakist  setty,3,0.0,0.6667,0.6667,0.3333,0.6667,True,high
Positive,I'm full addected this song nಇದು ಚರಿತ್ರೆ ಸ್ರಷ್ಠಿಸೊ ಅವತಾರ,9,0.4444,0.1111,0.5556,0.4444,0.8889,False,high
Negative,Dislike madiroru pakka Rashmikha Kadeyavare,5,0.0,0.6667,0.6667,0.3333,0.6667,True,high
Positive,Bega release madi sir... Hindi and other languages alli MASALA films na nodtidare jana ( actually khaali hoditide  ). E film annu release madi,24,0.0,0.4211,0.4211,0.5789,0.8421,False,high
Negative,Erbahudu please support maadi ea rakshit sitting sir genRashmikage hotte uribeku nodi,12,0.0,0.5833,0.5833,0.4167,0.8333,False,high
unknown state,Ee song Virat Kohli & Modi ji ge perfect match akkati🥰n#ASN Rakshit anna,13,0.0,0.375,0.375,0.625,0.75,False,high
Positive,Extradnary talent from raksit setty e movie enadru Kannada industrige hosa sandesha kodutte annoru like madi,16,0.0,0.6667,0.6667,0.3333,0.6667,False,high
Positive,Darshan  abimanikade enda koda best of luck,7,0.0,0.5714,0.5714,0.4286,0.8571,False,high
unknown state,simple star fans adoru like madi,6,0.0,0.3333,0.3333,0.6667,0.6667,False,high
Positive,Pls trailer relonch madi ..bere chanel alli ..subscriber kadime ide e chanel alli...,13,0.0,0.4167,0.4167,0.5833,0.8333,False,high
unknown state,No doubt edu charitre srustiso  avatharane,6,0.0,0.6667,0.6667,0.3333,0.6667,False,high
Negative,E video na unlike madoru nijavaglu kannads davaru ala,9,0.0,0.4444,0.4444,0.5556,0.8889,False,high
not-Kannada,Indian no.1 bgm,3,0.0,0.5,0.5,0.5,1.0,True,high
Positive,D Boss abimanigala kadeyinda avne srimannarayana chitrakke all the best,10,0.0,0.5556,0.5556,0.4444,0.8889,False,high
Negative,Dis like madirorige shradaanjali,4,0.0,0.5,0.5,0.5,1.0,False,high
unknown state,tq kano,2,0.0,0.5,0.5,0.5,1.0,True,high
unknown state,E movie pakka charitre shrustisuttade,5,0.0,0.6,0.6,0.4,0.8,False,high
unknown state,Like kiccha fans,3,0.0,0.3333,0.3333,0.6667,0.6667,True,high
unknown state,Sir lahari music navru karaoke uplode madtidare new song  nivu uplode madi  lyirical song ge karaoke add madi  uplode madi,20,0.0,0.55,0.55,0.45,0.9,False,high
Positive,Song olle creze ide ivagle karaoke song uplode madi hadorige help agli sir,13,0.0,0.5385,0.5385,0.4615,0.9231,False,high
not-Kannada,Vijay praksh super voice,4,0.0,0.5,0.5,0.5,1.0,False,high
Positive,ಕಿಚ್ಚನ ಹುಡುಗ್ರು ವತಿಯಿಂದ  all the best,6,0.5,0.0,0.5,0.5,1.0,False,high
Negative,Rashmikage vs takkange ede e song super guru,8,0.0,0.375,0.375,0.625,0.75,False,high
unknown state,@RADHA RADHA HI radha mem...uta ayta..sry month end wrk tumba jasti...free na,12,0.0,0.625,0.625,0.375,0.75,False,high
Negative,Dabba movie annoru like maadi,5,0.0,0.6,0.6,0.4,0.8,False,high
Positive,Hands up avathara,3,0.0,0.3333,0.3333,0.6667,0.6667,True,high
not-Kannada,Avane srimannarayana super songs hands up,6,0.0,0.3333,0.3333,0.6667,0.6667,False,high
not-Kannada,ಗುರು ulti movie Superb Chindi,5,0.3333,0.3333,0.6667,0.3333,0.6667,True,high
unknown state,ಈ ಹಾಡಿಗೆ ನನ್ನ ಕಡೆಯಿಂದ hands of,6,0.6667,0.0,0.6667,0.3333,0.6667,False,high
Negative,Love from Kerala anteeri adre olle movie ge support madalla.,10,0.0,0.4444,0.4444,0.5556,0.8889,False,high
Negative,Dislikers Are rashmika fans maybe,5,0.0,0.5,0.5,0.5,1.0,False,high
unknown state,@Abhigowda Abhigowda birthday song,4,0.0,0.3333,0.3333,0.6667,0.6667,True,high
Negative,Song is ok.. but it looks remake of tiger zinda hai  song - swag se karoonga sab ka swagath..,19,0.0,0.3333,0.3333,0.6667,0.6667,False,high
unknown state,Gali Matin Bazaru Sudi Saride Sumaru... Adu yen Andre...!nIDU CHARITRE SRUSTISO AVATARnVijay Prakash voice nice.,15,0.0,0.4,0.4,0.6,0.8,False,high
Positive,Asn jai kannada,3,0.0,0.6667,0.6667,0.3333,0.6667,True,high
Negative,Movie nodilla andre nimagu “ HANDS UP !!!!!”,8,0.0,0.5,0.5,0.5,1.0,False,high
Positive,Super super rakshit Shetty king.star,5,0.0,0.5,0.5,0.5,1.0,False,high
Positive,Super  sog ng   super dance,5,0.0,0.4,0.4,0.6,0.8,False,high
unknown state,English movie RANGO dubb maadi ro movie,7,0.0,0.5,0.5,0.5,1.0,False,high
Positive,ede tara mondeagute annru like madi,6,0.0,0.6667,0.6667,0.3333,0.6667,False,high
Positive,Iam your fan,3,0.0,0.3333,0.3333,0.6667,0.6667,True,high
unknown state,Slow poison song annoru like madi,6,0.0,0.3333,0.3333,0.6667,0.6667,False,high
unknown state,Yad Ustad Ali comedy,4,0.0,0.5,0.5,0.5,1.0,True,high
not-Kannada,Super.... kerala Rakshith shetty fans like maadi. ലൈക്ക് അടിക്കൂ സുഹൃത്തുക്കളെ...,10,0.0,0.6,0.6,0.4,0.8,False,high
Positive,Asom song Vijaya prkasha,4,0.0,0.6667,0.6667,0.3333,0.6667,True,high
Positive,Kannadadha hesaralli and film ge devara hesaru Etti duddu maadodhu Kannada industry endha kalibdku. Kannada industry Alle athyantha ketta film Andre adhu edhe film.bt theatre alli malkoloke olle film,29,0.0,0.6667,0.6667,0.3333,0.6667,False,high
Positive,Estu sari nodudru samadhana aagthilla.... Awesome song,7,0.0,0.6,0.6,0.4,0.8,False,high
Positive,E film nodi yaraige Shankaranag Avaru Nenapu Agidre Like madi....... nNanganthu Rakshith Ne Namma Next Shakarnag Ansittu,17,0.0,0.6,0.6,0.4,0.8,False,high
unknown state,Praveen Rangu o,3,0.0,0.5,0.5,0.5,1.0,True,high
unknown state,@Bhavya S M   Duet,4,0.0,0.3333,0.3333,0.6667,0.6667,True,high
Mixed feelings,ODEYA movie ginta ee movie super annoru like madi...,9,0.0,0.5,0.5,0.5,1.0,False,high
Positive,Avane nam huduga.,3,0.0,0.6667,0.6667,0.3333,0.6667,True,high
Positive,Bandhu kigiadhe Ganahesruu Hands up,5,0.0,0.6667,0.6667,0.3333,0.6667,True,high
Positive,Hit moviee kannada Hit movie pakka,6,0.0,0.4,0.4,0.6,0.8,False,high
Negative,@AJITH S SHETTY yak uribeku.,5,0.0,0.5,0.5,0.5,1.0,False,high
Negative,@AJITH S SHETTY appreciate madtaidane guru,6,0.0,0.4,0.4,0.6,0.8,False,high
Negative,Parvagilla bidi bejar ilanNam Sandalwood navara manassu nim samudrakkinta vishalavagidenAdakke we welcome you n like younWe like all culture,19,0.0,0.5556,0.5556,0.4444,0.8889,False,high
Negative,Only d boss ok jai Kannada all movies hmmm kotigobba bittu hehehe,12,0.0,0.4,0.4,0.6,0.8,False,high
Mixed feelings,kannadigaru dislike madbardu...,3,0.0,0.5,0.5,0.5,1.0,True,high
Positive,Super nInthaha suspense thriller movies beku namma kannada film industry ge nJAI Hindh JAI Karnataka,15,0.0,0.3333,0.3333,0.6667,0.6667,False,high
Positive,All d best frm appu boys,6,0.0,0.3333,0.3333,0.6667,0.6667,False,high
unknown state,*Pramod not Pamod,3,0.0,0.5,0.5,0.5,1.0,True,high
unknown state,Dboss fans  trailer superbb,4,0.0,0.5,0.5,0.5,1.0,False,high
Mixed feelings,Mumbai alli release madi,4,0.0,0.5,0.5,0.5,1.0,False,high
not-Kannada,Making is osum,3,0.0,0.3333,0.3333,0.6667,0.6667,True,high
Positive,Yarige e trailer nodidre Rangitharanga movie nenpaytu like madi,9,0.0,0.5,0.5,0.5,1.0,False,high
Negative,Vivek G side ge hogro nim,6,0.0,0.5,0.5,0.5,1.0,False,high
unknown state,@raii rai paaapaa bro🤣,4,0.0,0.6667,0.6667,0.3333,0.6667,True,high
Positive,Ondu varshakke 1or2 film madodkintha entha ondu olle film madidre kannada industry ellige ogutthe,14,0.0,0.6923,0.6923,0.3077,0.6154,False,high
Positive,Kannada cinema belisi,3,0.0,0.3333,0.3333,0.6667,0.6667,True,high
not-Kannada,@ರಕ್ಕಸ ಬೇಟೆಗಾರ u nailed it,5,0.4,0.0,0.4,0.6,0.8,False,high
Mixed feelings,Gentleman nodi bro,3,0.0,0.3333,0.3333,0.6667,0.6667,True,high
Positive,@Akki neo ನಾನು  ಎಲ್ಲಾ  3 ಚಿತ್ರಗಳನ್ನು  ನೋಡಿದೆ. ನನಗೆ ಇಷ್ಟ ಆಯ್ತು . In fact  it     nInspired  me to think creative. ಆದ್ರೆ  ಮೂವಿ ಗೆಲ್ಲಿಸೋಕೆ  ಕೆಲವರಿಂದಾನೆ ಸಾಧ್ಯ  ಇಲ್ವಲ್ಲ,25,0.5909,0.0909,0.6818,0.3182,0.6364,False,high
not-Kannada,@Akki neo curreat bro true,5,0.0,0.4,0.4,0.6,0.8,False,high
Positive,Pakka nim movie gellisutteve ##jai Kiccha boss,7,0.0,0.6667,0.6667,0.3333,0.6667,False,high
Negative,@VARAPRASAD K K haa nin Amman tulldeepanna,7,0.0,0.6667,0.6667,0.3333,0.6667,False,high
Mixed feelings,@VARAPRASAD K K nimmayyi tulla hattava,6,0.0,0.6667,0.6667,0.3333,0.6667,False,high
Negative,@Vinay kumar sari nim balegara yake shaata ella kithu thalege anstondidane shaatukobba-3_The power of shaata promotion ga🤣🤪,17,0.0,0.625,0.625,0.375,0.75,False,high
Negative,@Avinashdada kichcha sari bidu nimamman kalsu keydu ningobba chik balegaran hutsi kalsthivi avnu nim bale serskondu ella ottige Kai thattivranthe signal alli enanthira bale pans now bale pans reaction hakro steppu,31,0.0,0.6667,0.6667,0.3333,0.6667,False,high
Negative,@VARAPRASAD K K le Randi magne Neenu ba nimmamman karakondu ba ibbarana hattu ibbarigu ondondu dozen Papu dagar nan maklan hutsi kalastini amele barabekadre dj sounds system idre togond ba naan madbekadre nimmamma Mia khalifa Tara kirchodu nin kannalli nodokagutto ilvonMatte Neenu sunny Leone Tara archod nan kailli tadkollokagallappa🤣🤣🤣,49,0.0,0.675,0.675,0.325,0.65,False,high
Negative,@Avinashdada kichcha neenu nange alveno huttirodu nan bale koose respect fathers my waste sperms all bale pans nam balegaran hendthi malayalee maneli oble avalanthe hogi avl kari thulna kelike biddange nekku thuldeepanan pan agidukku saarthka agutte puccha pans for a reason 🤣🤪,42,0.0,0.5854,0.5854,0.4146,0.8293,False,high
Positive,Sir namma enne song gu support madi,7,0.0,0.5714,0.5714,0.4286,0.8571,False,high
not-Kannada,Jai D Boss,3,0.0,0.5,0.5,0.5,1.0,True,high
not-Kannada,Jai D Boss,3,0.0,0.5,0.5,0.5,1.0,True,high
not-Kannada,Jai D boss,3,0.0,0.3333,0.3333,0.6667,0.6667,True,high
not-Kannada,Jai d boss,3,0.0,0.3333,0.3333,0.6667,0.6667,True,high
Negative,@Rohit Gangatkar guru ninge gotagalla sumne eru bale pans start madidare nau end madthivi e mathna thuldeepannan  pansgu helu modlu,20,0.0,0.6842,0.6842,0.3158,0.6316,False,high
Mixed feelings,@VARAPRASAD K K guru yaru yargu kadime illa,8,0.0,0.625,0.625,0.375,0.75,False,high
Mixed feelings,@VARAPRASAD K K  being a darshan fannEetara Darshan sir helkotidara bere hero galna bayri antha.nnSumne yake bro,17,0.0,0.5625,0.5625,0.4375,0.875,False,high
Positive,Hahaha super bro,3,0.0,0.3333,0.3333,0.6667,0.6667,True,high
Positive,Bro z news(Hindi) channel Alli nodi,6,0.0,0.4,0.4,0.6,0.8,False,high
unknown state,gadag our city,3,0.0,0.3333,0.3333,0.6667,0.6667,True,high
unknown state,@RAM jnh MNR ss,4,0.0,0.3333,0.3333,0.6667,0.6667,True,high
Positive,Corona dhinda theatre Alli cinema nodokke aaglilla maga. Mathhe nodthini. Cinema direction  adbutha madidya.,14,0.0,0.6364,0.6364,0.3636,0.7273,False,high
Mixed feelings,nim taste gottaythu.. nthaavu dandupalya-5 ge wait maadta idiri alva,10,0.0,0.5556,0.5556,0.4444,0.8889,False,high
Negative,Trailer barii ide nodlebeku..,4,0.0,0.5,0.5,0.5,1.0,False,high
Positive,Unique aagide trailer.. namma kannada film antha proud feel li bere languages frnds gella thorista idini trailer na,18,0.0,0.4444,0.4444,0.5556,0.8889,False,high
Positive,super aagide trailer.. 6th film nododu pakka,7,0.0,0.5,0.5,0.5,1.0,False,high
Negative,Yella shatti gale,3,0.0,0.6667,0.6667,0.3333,0.6667,True,high
Mixed feelings,Idu nijvaaglu cinema na illa sum sumne naa ? 🤔,10,0.0,0.625,0.625,0.375,0.75,False,high
Mixed feelings,sum sumne andre🤔,3,0.0,0.3333,0.3333,0.6667,0.6667,True,high
Positive,BGM is Superbb,3,0.0,0.5,0.5,0.5,1.0,True,high
Negative,Olledu ond pan India movie madro sumne yak eneno madkondu...,10,0.0,0.625,0.625,0.375,0.75,False,high
Mixed feelings,Good ..but small dout karavali bittu berekade content sigalva.,9,0.0,0.5556,0.5556,0.4444,0.8889,False,high
unknown state,Jai D BOSS,3,0.0,0.5,0.5,0.5,1.0,True,high
Positive,Thukaram gud luck,3,0.0,0.6667,0.6667,0.3333,0.6667,True,high
Positive,All the best n      Yella  kannadigana paravagi nYella nataru nammavare,10,0.0,0.5556,0.5556,0.4444,0.8889,False,high
Negative,Likes goskara yaakro prathi video nallu d boss fans,9,0.0,0.4444,0.4444,0.5556,0.8889,False,high
Mixed feelings,hi chandra kanth.. UK andre kelvu shettys ge ulidavaru kandante film antha sudden aagi gottagalla.. UK,16,0.0,0.5714,0.5714,0.4286,0.8571,False,high
unknown state,Movie sena ok,3,0.0,0.3333,0.3333,0.6667,0.6667,True,high
Positive,Chennagide eno suspense ide,4,0.0,0.5,0.5,0.5,1.0,False,high
Positive,All the best from ಸ್ವಾಭಿಮಾನಿ ಕನ್ನಡಿಗರ ವೇದಿಕೆ,7,0.4286,0.0,0.4286,0.5714,0.8571,False,high
Negative,Dislike mado  tukaligalu ond movie screen madli saku adestu kasta anta gottagutte .all the best for this move,18,0.0,0.5,0.5,0.5,1.0,False,high
unknown state,Jai d boss,3,0.0,0.3333,0.3333,0.6667,0.6667,True,high
unknown state,@Rajath Kunte okay.,3,0.0,0.5,0.5,0.5,1.0,True,high
Positive,Kannada indusrty ivag ivaga improve agtaide annovru like madi..,9,0.0,0.6667,0.6667,0.3333,0.6667,False,high
unknown state,Thu thukali trailer,3,0.0,0.6667,0.6667,0.3333,0.6667,True,high
unknown state,Shettys>>>>Dboss+Raj kutumba+sarja family,3,0.0,0.5,0.5,0.5,1.0,True,high
Mixed feelings,Bro Game yavdu Adu,4,0.0,0.5,0.5,0.5,1.0,True,high
Mixed feelings,Creatagi ethu bro,3,0.0,0.6667,0.6667,0.3333,0.6667,True,high
Positive,Creative kannadiga super neevu..,4,0.0,0.5,0.5,0.5,1.0,False,high
Positive,Bro nim editing spr nan nim videos fan e video Dali heliro song matrA spr,15,0.0,0.4286,0.4286,0.5714,0.8571,False,high
Mixed feelings,Idonde voledagiradu 2020 li,4,0.0,0.6667,0.6667,0.3333,0.6667,True,high
Mixed feelings,Chindi bro 🤣🤣🤣,3,0.0,0.5,0.5,0.5,1.0,True,high
Positive,Song ಸೂಪರ್,2,0.5,0.0,0.5,0.5,1.0,True,high
Positive,Happy happy happynFinally Ban tiktokn,5,0.0,0.5,0.5,0.5,1.0,False,high
Positive,Ammanagedi chindi voice l helidiya guru,6,0.0,0.5,0.5,0.5,1.0,False,high
Mixed feelings,Broo dhanushreena roast madiiii... Chenagirutthe,5,0.0,0.6667,0.6667,0.3333,0.6667,True,high
Positive,Nijawaglu nin hatra thumba talent ide guru super. Ninu roast mado style super.,13,0.0,0.4167,0.4167,0.5833,0.8333,False,high
Positive,ಸೂಪರ್ ಗುರೂ ಯೆನ್  ಸ್ವರ ಗುರೂ ನಿಂದು   Iam u r big fan  ur thinking  bro,14,0.4615,0.0,0.4615,0.5385,0.9231,False,high
Positive,Nin voice super anna continue instalgram rost rost,8,0.0,0.5,0.5,0.5,1.0,False,high
Negative,Instagram fallow back kodi Nev obre alla eradu,8,0.0,0.5714,0.5714,0.4286,0.8571,False,high
Mixed feelings,Kodona bro adukkenu,3,0.0,0.6667,0.6667,0.3333,0.6667,True,high
Positive,Tik tok ban I'm full Full Happ bro ..hage pubg nu ban hagbittre Nana kushige paarave illa,17,0.0,0.6154,0.6154,0.3846,0.7692,False,high
Negative,Bindu Gowda idko nan Lowda.🤣,5,0.0,0.6667,0.6667,0.3333,0.6667,True,high
Mixed feelings,Game name yavdu bro...,4,0.0,0.3333,0.3333,0.6667,0.6667,True,high
unknown state,Description alli insta link akiddini nodi guruve,7,0.0,0.5714,0.5714,0.4286,0.8571,False,high
unknown state,Gta 5 bro,3,0.0,0.5,0.5,0.5,1.0,True,high
Positive,Nin super guru,3,0.0,0.3333,0.3333,0.6667,0.6667,True,high
unknown state,GTA 5 bro,3,0.0,0.5,0.5,0.5,1.0,True,high
Negative,Curectagi mathadodanna kali..,3,0.0,0.6667,0.6667,0.3333,0.6667,True,high
Positive,Yan guru tik  tok  trolars mirisibite guru Tik Tok stars nin  video nodidre madiro videos muti muti nodkobeku Atara idea,20,0.0,0.6471,0.6471,0.3529,0.7059,False,high
Positive,Yappa song super guruve🤣,4,0.0,0.5,0.5,0.5,1.0,False,high
not-Kannada,Spr song bro,3,0.0,0.3333,0.3333,0.6667,0.6667,True,high
Negative,Bro tik tok gottlla but entertanment ge roast video nodtidde istu dina avrge roast madiro videos ginna idralli niv avrge use madiro words hudgiro style superb repeat madi madi nodbitte ee video..,32,0.0,0.5625,0.5625,0.4375,0.875,False,high
unknown state,ಖಂಡಿತ ಮಾಡೋಣ bro,3,0.6667,0.0,0.6667,0.3333,0.6667,True,high
Positive,Song chindi guru 🥰🥰,4,0.0,0.3333,0.3333,0.6667,0.6667,True,high
Mixed feelings,Yava game idu,3,0.0,0.6667,0.6667,0.3333,0.6667,True,high
not-Kannada,Super song broo,3,0.0,0.3333,0.3333,0.6667,0.6667,True,high
Positive,Barli guru innondu video sakaglilla begaaaaaaaaaaa....,6,0.0,0.6,0.6,0.4,0.8,False,high
Positive,Syck bro ....heavy agi roast madtira...adrunu tiktokers tik kik app  nali saitare....,12,0.0,0.6667,0.6667,0.3333,0.6667,False,high
Positive,Sir superb nivu nim voice superb,6,0.0,0.3333,0.3333,0.6667,0.6667,False,high
Negative,First adu yava app anta tilkolo g m n,9,0.0,0.4444,0.4444,0.5556,0.8889,False,high
Mixed feelings,Pubge sontekorya kano,3,0.0,0.6667,0.6667,0.3333,0.6667,True,high
not-Kannada,Come back prajwal,3,0.0,0.3333,0.3333,0.6667,0.6667,True,high
Positive,Jai d boss,3,0.0,0.3333,0.3333,0.6667,0.6667,True,high
Positive,Trailer superb Pajju promotion chennagi maadi pakka blockbuster agutte,9,0.0,0.5,0.5,0.5,1.0,False,high
Positive,D Boss support idre sinima gellutte no doubt,8,0.0,0.4286,0.4286,0.5714,0.8571,False,high
not-Kannada,Jai D BOSS  love you darshan,6,0.0,0.4,0.4,0.6,0.8,False,high
Mixed feelings,Odeya Kannada full movie,4,0.0,0.3333,0.3333,0.6667,0.6667,True,high
Positive,D boss love ers 1 like madi,7,0.0,0.3333,0.3333,0.6667,0.6667,False,high
Negative,Vishal movie remake,3,0.0,0.3333,0.3333,0.6667,0.6667,True,high
Positive,Prajwal devaraj matte yeddelo chances ide adu ee trailer ali kaanustide,11,0.0,0.5455,0.5455,0.4545,0.9091,False,high
Positive,Nakkan idhu subject Andre eevag heltheeni industry change aagthide... Thousand times better than Jaatre films of sarjas...,17,0.0,0.3333,0.3333,0.6667,0.6667,False,high
Positive,guru despande olle director kate na channagi toeisutare,8,0.0,0.5,0.5,0.5,1.0,False,high
not-Kannada,Jai d bosss,3,0.0,0.5,0.5,0.5,1.0,True,high
Positive,Olle comeback movie prajwal avrge,5,0.0,0.6,0.6,0.4,0.8,False,high
not-Kannada,Jai d boss,3,0.0,0.3333,0.3333,0.6667,0.6667,True,high
Negative,Tamil remake nan sigapu manithan,5,0.0,0.4,0.4,0.6,0.8,False,high
unknown state,Kiran MB it's swamake,4,0.0,0.6667,0.6667,0.3333,0.6667,True,high
not-Kannada,Remake  ka baap prajwal is back with remake,8,0.0,0.375,0.375,0.625,0.75,False,high
Negative,Dislike yav mahanbhavru madiradu  guru.!! Looks like promising trailer,9,0.0,0.375,0.375,0.625,0.75,False,high
unknown state,ಕೆಲಸ ಬೇಕಾnCall to 8546903696,4,0.6667,0.0,0.6667,0.3333,0.6667,True,high
unknown state,This year watch ondu shikariya kathe,6,0.0,0.5,0.5,0.5,1.0,False,high
unknown state,@Mr goodboy Swami,3,0.0,0.5,0.5,0.5,1.0,True,high
Positive,kannadadha abimani jai karnataka all tha best comeback,8,0.0,0.625,0.625,0.375,0.75,False,high
Negative,@Nagaraj Manjithaya bro parabhase Alla film chennagirod nodtare Ashte,9,0.0,0.6667,0.6667,0.3333,0.6667,False,high
Negative,Nan sigapu manithan remake.,4,0.0,0.5,0.5,0.5,1.0,False,high
Positive,Prajju prajju nan prajwala ondu hittu ninu kodappa from fan,10,0.0,0.7,0.7,0.3,0.6,False,high
Positive,ಕಿಚ್ಚ ಸುದೀಪ್ ಅಭಿಮಾನಿಗಳು ವತಿಯಿಂದ  All the best,7,0.6667,0.0,0.6667,0.3333,0.6667,False,high
Negative,Guru deshgaande swantha picture tegeyo sule maga alla.. Yaav picture remake idhu🤔,12,0.0,0.6364,0.6364,0.3636,0.7273,False,high
Positive,Trailer tumba channagide,3,0.0,0.6667,0.6667,0.3333,0.6667,True,high
Positive,Entha movie multi language barbeku,5,0.0,0.4,0.4,0.6,0.8,False,high
Positive,Pakka hit movie,3,0.0,0.3333,0.3333,0.6667,0.6667,True,high
not-Kannada,Next leval movie in prajval,5,0.0,0.4,0.4,0.6,0.8,False,high
Negative,Idu yaavdo tamil film remake guru,6,0.0,0.3333,0.3333,0.6667,0.6667,False,high
Positive,Suspen movie prajaval,3,0.0,0.6667,0.6667,0.3333,0.6667,True,high
unknown state,Same syndrome namma maji cm gi itta??,7,0.0,0.4286,0.4286,0.5714,0.8571,False,high
Positive,Olle concept guru.. kannadadalli intha cinema barabeku,7,0.0,0.5714,0.5714,0.4286,0.8571,False,high
Negative,E guru desapande ge remake bittu swamake madoke baralla nVishal mathu lakshmimenon Tamil movie idu,15,0.0,0.6429,0.6429,0.3571,0.7143,False,high
Positive,Super trailer praju Anna,4,0.0,0.3333,0.3333,0.6667,0.6667,True,high
Positive,ಪ್ರಜ್ವಲ್ ದೇವರಾಜ್ sir is  back,5,0.4,0.0,0.4,0.6,0.8,False,high
Positive,Trailer ತುಂಬಾನೇ ಚೆನ್ನಾಗಿದೆ,3,0.6667,0.0,0.6667,0.3333,0.6667,True,high
unknown state,Love u   ajaneesh,3,0.0,0.3333,0.3333,0.6667,0.6667,True,high
Positive,Super ತೋಗರಿ ತೀಪ್ಪ,3,0.6667,0.0,0.6667,0.3333,0.6667,True,high
Positive,Nice super ತೊಗರಿ ತಿಪ್ಪ,4,0.5,0.0,0.5,0.5,1.0,False,high
Positive,Super togari tippa,3,0.0,0.6667,0.6667,0.3333,0.6667,True,high
not-Kannada,I'm uttar Karnataka love janapda,5,0.0,0.5,0.5,0.5,1.0,False,high
not-Kannada,Janapada in North karnatak,4,0.0,0.6667,0.6667,0.3333,0.6667,True,high
Positive,Togari tippa super star,4,0.0,0.5,0.5,0.5,1.0,False,high
Positive,Super vice kanree nimdu,4,0.0,0.5,0.5,0.5,1.0,False,high
Positive,Supeeeeeeeeeeeeeeeer  .................. nam ajjii held nenap,6,0.0,0.5,0.5,0.5,1.0,False,high
Positive,Hanumagowda.k Kalikeri h,3,0.0,0.5,0.5,0.5,1.0,True,high
not-Kannada,Maddanappa Hosalli c,3,0.0,0.5,0.5,0.5,1.0,True,high
Positive,thogari tippa super,3,0.0,0.6667,0.6667,0.3333,0.6667,True,high
Positive,super togari tippa,3,0.0,0.6667,0.6667,0.3333,0.6667,True,high
unknown state,+Nabilal S ಕಗಬಜ,3,0.3333,0.3333,0.6667,0.3333,0.6667,True,high
not-Kannada,Anjali Devi super story,4,0.0,0.3333,0.3333,0.6667,0.6667,True,high
not-Kannada,Anjali Devi hi,3,0.0,0.5,0.5,0.5,1.0,True,high
not-Kannada,Anjali Devi hi,3,0.0,0.5,0.5,0.5,1.0,True,high
not-Kannada,Anjali Devi hi,3,0.0,0.5,0.5,0.5,1.0,True,high
not-Kannada,Anjali Devi hi,3,0.0,0.5,0.5,0.5,1.0,True,high
not-Kannada,Anjali Devi very nice,4,0.0,0.3333,0.3333,0.6667,0.6667,True,high
not-Kannada,Anjali Devi super,3,0.0,0.5,0.5,0.5,1.0,True,high
not-Kannada,Anjali Devi z,3,0.0,0.5,0.5,0.5,1.0,True,high
not-Kannada,Anjali Devi really,3,0.0,0.5,0.5,0.5,1.0,True,high
not-Kannada,Anjali Devi super,3,0.0,0.5,0.5,0.5,1.0,True,high
not-Kannada,Anjali Devi I like,4,0.0,0.3333,0.3333,0.6667,0.6667,True,high
not-Kannada,Anjali Devi hi,3,0.0,0.5,0.5,0.5,1.0,True,high
not-Kannada,Anjali Devi hi,3,0.0,0.5,0.5,0.5,1.0,True,high
not-Kannada,Mallikarjun Mallikarjun 300nn     super,4,0.0,0.5,0.5,0.5,1.0,True,high
Negative,hudugi andre yak saytiro.........,4,0.0,0.3333,0.3333,0.6667,0.6667,True,high
not-Kannada,Anjali Devi hi,3,0.0,0.5,0.5,0.5,1.0,True,high
not-Kannada,Anjali Devi hii,3,0.0,0.5,0.5,0.5,1.0,True,high
Negative,Anjali Devi  I hate anjali manjali gunjali,7,0.0,0.6667,0.6667,0.3333,0.6667,False,high
not-Kannada,Anjali Devi y,3,0.0,0.5,0.5,0.5,1.0,True,high
not-Kannada,Anjali Devi v,3,0.0,0.5,0.5,0.5,1.0,True,high
not-Kannada,Shivu m Hikkangutti v,4,0.0,0.3333,0.3333,0.6667,0.6667,True,high
not-Kannada,Anjali Devi super,3,0.0,0.5,0.5,0.5,1.0,True,high
not-Kannada,Anjali Devi hi,3,0.0,0.5,0.5,0.5,1.0,True,high
Positive,shambhu baligar sir superrrrrrrrrrrrrr,4,0.0,0.6667,0.6667,0.3333,0.6667,True,high
unknown state,ningappa hutagannavar the best way is 4uíykhfjklbgkkñ,7,0.0,0.3333,0.3333,0.6667,0.6667,False,high
Positive,Super togari tippa,3,0.0,0.6667,0.6667,0.3333,0.6667,True,high
Positive,The Togari Tippa drama supeeb,5,0.0,0.3333,0.3333,0.6667,0.6667,True,high
Positive,super thogari tippa,3,0.0,0.6667,0.6667,0.3333,0.6667,True,high
Positive,an voice super story nakku nakku otte hunnatri,8,0.0,0.5,0.5,0.5,1.0,False,high
Positive,tugari thjppa super,3,0.0,0.6667,0.6667,0.3333,0.6667,True,high
not-Kannada,Bapu Biradar t,3,0.0,0.5,0.5,0.5,1.0,True,high
not-Kannada,MANJUNATH HM bobby,3,0.0,0.5,0.5,0.5,1.0,True,high
not-Kannada,MANJUNATH HMv bobby j?,4,0.0,0.5,0.5,0.5,1.0,False,high
not-Kannada,sanjukuamar chatnale ğy,3,0.0,0.6667,0.6667,0.3333,0.6667,True,high
Mixed feelings,lo thagari thippa suppr kano,5,0.0,0.6,0.6,0.4,0.8,False,high
Positive,Bro nin ello hogbutte bedu bro,6,0.0,0.6667,0.6667,0.3333,0.6667,False,high
Positive,Niv supper boss,3,0.0,0.3333,0.3333,0.6667,0.6667,True,high
Positive,Super bro nSakattag helidri,4,0.0,0.5,0.5,0.5,1.0,False,high
Positive,Yar guru neenu awesome,4,0.0,0.5,0.5,0.5,1.0,False,high
Negative,Sexyyyy.. tiktok sade galige sakath tong,6,0.0,0.6,0.6,0.4,0.8,False,high
Negative,Syta     thumb eddini  k naaaaaa.,5,0.0,0.5,0.5,0.5,1.0,False,high
Positive,Chindhi guru.. Sakkath.,3,0.0,0.5,0.5,0.5,1.0,True,high
Positive,super guru idhu actually chennagirodhu,5,0.0,0.4,0.4,0.6,0.8,False,high
Positive,Super creative kannadiga,3,0.0,0.3333,0.3333,0.6667,0.6667,True,high
Positive,Yen chindhi Anna neenu 🤣🤣🤣🤣🤣🤣🤣,5,0.0,0.6667,0.6667,0.3333,0.6667,True,high
Positive,Super agi hugdidiya bro,4,0.0,0.5,0.5,0.5,1.0,False,high
Positive,Tappenu illa guru nijvaglu super..  Tik tok support madovrige kelge mele guta odibeku guru..,14,0.0,0.6923,0.6923,0.3077,0.6154,False,high
Positive,Super nimdu thuppu ella correct agi helidira,7,0.0,0.5714,0.5714,0.4286,0.8571,False,high
Positive,Super anna nim matu...,4,0.0,0.3333,0.3333,0.6667,0.6667,True,high
Positive,Sakkataag baididiya guru,3,0.0,0.6667,0.6667,0.3333,0.6667,True,high
Mixed feelings,Yena editing guru,3,0.0,0.3333,0.3333,0.6667,0.6667,True,high
Positive,Super guru ugudre e thara ugibek moka oruskolaku gap kodbardu guru,11,0.0,0.5455,0.5455,0.4545,0.9091,False,high
Negative,Modalu ninu pubj band madu nanu tik tok  down load madilla nanu use made Ella please delete from pubj,19,0.0,0.5556,0.5556,0.4444,0.8889,False,high
Negative,Thuuuuuuuuuuuuuuuuuu Bindu gowda andre alpa swalpa maryade ide but why you only tiktok anta kelitumba asayya aytu avla mele,19,0.0,0.6471,0.6471,0.3529,0.7059,False,high
Positive,Hai guru you tube nalli hest hesto video nodidde adre Nim thara yaru rost madilla.supero super ede thara video madtha eri..,21,0.0,0.7,0.7,0.3,0.6,False,high
Positive,Super guru.. Sariyagi ugdidiya,4,0.0,0.3333,0.3333,0.6667,0.6667,True,high
Mixed feelings,Nam indiadallu tic tok thara app kandidobodu thane,8,0.0,0.625,0.625,0.375,0.75,False,high
Positive,Guru sakatha helidiya guru,4,0.0,0.5,0.5,0.5,1.0,False,high
not-Kannada,Super talking yar,3,0.0,0.3333,0.3333,0.6667,0.6667,True,high
Positive,Super guru hinmele  nanu nimmn Abimani guru,7,0.0,0.5,0.5,0.5,1.0,False,high
Positive,Guru super.... Evarige chenaag ittidiyaa,5,0.0,0.6667,0.6667,0.3333,0.6667,True,high
Positive,Benki guru ninu,3,0.0,0.6667,0.6667,0.3333,0.6667,True,high
Positive,Le maraya ninu nijavaglu hero Kano super mama ninna madirodhu video 🥰,12,0.0,0.5,0.5,0.5,1.0,False,high
Mixed feelings,Bro nivu adthiro game yavudu,5,0.0,0.6,0.6,0.4,0.8,False,high
Positive,SuuuuuuuupeeeeeerrrrrrnFull roast for tiktoker's,4,0.0,0.3333,0.3333,0.6667,0.6667,True,high
Negative,Ayyo gubalgala only tiktok tiktok antha odkotavre only not tiktok 59 apps ban agirodu,14,0.0,0.6154,0.6154,0.3846,0.7692,False,high
Negative,Re e video post agiddu yavaga apps ban agirodu yavaga adu moldu nodir sumne yeneno mathadbedi,16,0.0,0.625,0.625,0.375,0.75,False,high
not-Kannada,Super boss nMake more vedio,5,0.0,0.4,0.4,0.6,0.8,False,high
Positive,Sir mate Tik tok bandideee stop madsi http,8,0.0,0.3333,0.3333,0.6667,0.6667,False,high
Negative,Guru ell idde guru istu dina,6,0.0,0.3333,0.3333,0.6667,0.6667,False,high
Negative,Yaka anna difference madtira AAPA AAPANE MAGA MAGANE BOTH ARE GOOD NLY,12,0.0,0.5,0.5,0.5,1.0,False,high
Negative,Hottege anna thinnoru e reethi comment madbardu Naveen raj nimmonthavre star war ge karana plz ella d boss abhimanigalu ivna gadipar madbekagi vinanthi,23,0.0,0.5455,0.5455,0.4545,0.9091,False,high
Negative,Yak guru ibrugu avarde aada talent ide yake eethara 1,10,0.0,0.5556,0.5556,0.4444,0.8889,False,high
Mixed feelings,Mr naveen raj Yenu nim Uddesha??n Nanu D BOSS Fan,10,0.0,0.6,0.6,0.4,0.8,False,high
Mixed feelings,Loude illu nim sade fans giri shuru madudra.. Olle movie ge support everyone best in their part.. Thu nan makla nimantavrindane innu kannada industry explore agtilla..,26,0.0,0.4167,0.4167,0.5833,0.8333,False,high
Negative,@sᴀɴᴅᴀʟᴡᴏᴏᴅ sᴛᴜᴅɪᴏ ᴍᴏᴠɪᴇs irbahudh... but avn mundhe neen yavathidru baccha.. nnNenp idko ondh kanmada actorna nodi beliyodh kali. Adhna bittu avn hero ivn baccha anbeda. Nan Dharshan fan sudheep fan yash fan rakshith shetty kannada actor ellar fan..avr yaro obbaninda kannada film belyall kanale..,44,0.0,0.675,0.675,0.325,0.65,False,high
unknown state,@sᴀɴᴅᴀʟᴡᴏᴏᴅ sᴛᴜᴅɪᴏ ᴍᴏᴠɪᴇs munde gottagutte,5,0.0,0.4,0.4,0.6,0.8,False,high
unknown state,Naveen Raj D Boss,4,0.0,0.5,0.5,0.5,1.0,True,high
unknown state,@10 R report madi avna,5,0.0,0.5,0.5,0.5,1.0,False,high
Mixed feelings,Tamil telugu and malayalam song galalli  rakshith and yash avarige compare madidira,12,0.0,0.4167,0.4167,0.5833,0.8333,False,high
Negative,@sᴀɴᴅᴀʟᴡᴏᴏᴅ sᴛᴜᴅɪᴏ ᴍᴏᴠɪᴇs boli magane nin appan third a,9,0.0,0.4444,0.4444,0.5556,0.8889,False,high
Negative,@sᴀɴᴅᴀʟᴡᴏᴏᴅ sᴛᴜᴅɪᴏ ᴍᴏᴠɪᴇs neen huttidh yav kuttige,7,0.0,0.5714,0.5714,0.4286,0.8571,False,high
Negative,@sᴀɴᴅᴀʟᴡᴏᴏᴅ sᴛᴜᴅɪᴏ ᴍᴏᴠɪᴇs ganchali jasti madbedaa  loffer,7,0.0,0.5714,0.5714,0.4286,0.8571,False,high
Mixed feelings,Actually idu chenagirodu,3,0.0,0.6667,0.6667,0.3333,0.6667,True,high
Mixed feelings,Namma hero rakshit,3,0.0,0.6667,0.6667,0.3333,0.6667,True,high
unknown state,@Nandi Parthasarathi sarcasm,3,0.0,0.5,0.5,0.5,1.0,True,high
Mixed feelings,Wt a coment,3,0.0,0.3333,0.3333,0.6667,0.6667,True,high
Positive,@Nandi Parthasarathi kurukshethra Hindi version relies madoke helu first dubbing madi yak waste madthira,14,0.0,0.5,0.5,0.5,1.0,False,high
Negative,@Nandi Parthasarathi nimma yashini boobs gojjekesari acting ge Oscar award fix,11,0.0,0.4444,0.4444,0.5556,0.8889,False,high
Negative,@MOVIES BOX innu baiko..... naan yen avn fan alla🤣.... avn film fan ashte,13,0.0,0.5,0.5,0.5,1.0,False,high
Negative,@ᴍᴏᴠɪᴇs sᴛᴜᴅɪᴏ yen bekaadru baiko....naan yaav hero blind fan alla.... nin thara....,12,0.0,0.3333,0.3333,0.6667,0.6667,False,high
Negative,@Chirag CHIRU le child chapati gala..... artha maadkolli..... film chennagidre yaar hero ne irli.... naan nodtini.... nim booos aagli,19,0.0,0.6154,0.6154,0.3846,0.7692,False,high
Positive,Spr hero raksitsetty sir,4,0.0,0.5,0.5,0.5,1.0,False,high
Negative,@Nandi Parthasarathi adu oscar ascar alla..🤣 graphics ge pakka oscar kodtare🤣,11,0.0,0.6,0.6,0.4,0.8,False,high
Mixed feelings,Nandini Parthasarathi ascar just miss n,6,0.0,0.4,0.4,0.6,0.8,False,high
Negative,Alok Khr Nikhil Annan acting ge kodtare,7,0.0,0.5,0.5,0.5,1.0,False,high
unknown state,@Madan Kumar super,3,0.0,0.5,0.5,0.5,1.0,True,high
Mixed feelings,@Alok Khr nobal price,4,0.0,0.6667,0.6667,0.3333,0.6667,True,high
unknown state,Nandini Parthasarathi d bass ge jai,6,0.0,0.4,0.4,0.6,0.8,False,high
Negative,@Cypher spalling misteek madbardu.... adu D boos,7,0.0,0.6667,0.6667,0.3333,0.6667,False,high
Positive,Super bro.. Allobba yarigu gottagde hage already gadduge yerikuttidda. nnAvne Srimanarayana,11,0.0,0.6667,0.6667,0.3333,0.6667,False,high
unknown state,Sahi bola Bhai 🤣🤣🤣,4,0.0,0.5,0.5,0.5,1.0,True,high
Positive,Super agi helidiya guru,4,0.0,0.5,0.5,0.5,1.0,False,high
Mixed feelings,Ean dailag guru,3,0.0,0.6667,0.6667,0.3333,0.6667,True,high
Mixed feelings,En helde guru it's true,5,0.0,0.4,0.4,0.6,0.8,False,high
unknown state,@Manjunath mtr in,3,0.0,0.6667,0.6667,0.3333,0.6667,True,high
Positive,Super song Andre edu,4,0.0,0.3333,0.3333,0.6667,0.6667,True,high
Negative,Ellanu KGF ge yaak compare maadtiyaa guru,7,0.0,0.5,0.5,0.5,1.0,False,high
Positive,Benki anna Benki,3,0.0,0.5,0.5,0.5,1.0,True,high
unknown state,Indian filmsnBefore ASNnafter ASN,4,0.0,0.6667,0.6667,0.3333,0.6667,True,high
Positive,Kannada badhiki bandhantaitu,3,0.0,0.6667,0.6667,0.3333,0.6667,True,high
Positive,Song ಹೆಂಗೆ......ಹೌದು ಹುಲಿಯಾ...,3,0.6667,0.0,0.6667,0.3333,0.6667,True,high
Positive,Enta super song,3,0.0,0.3333,0.3333,0.6667,0.6667,True,high
Negative,@amithkumar D boss fan kanda adhu bale alla kadga..yeshte adru d boss obba g*avne ge bari local (gare kelsdavru,19,0.0,0.5789,0.5789,0.4211,0.8421,False,high
Mixed feelings,@prithvi nayak nindu ade sudeep sir da caste alva,9,0.0,0.5556,0.5556,0.4444,0.8889,False,high
Mixed feelings,@sachin Mankar hu bro,4,0.0,0.6667,0.6667,0.3333,0.6667,True,high
not-Kannada,@Ajaya shetty no no pailwan 2000 days in mars,9,0.0,0.375,0.375,0.625,0.75,False,high
Negative,@TROLL MONSTER_KANNADA lai dagar fansu jaggu dada flop u kurukshetra flopu tarak flop u,14,0.0,0.5385,0.5385,0.4615,0.9231,False,high
Negative,@TROLL MONSTER_KANNADA adikke hendhi kivi na hardu jail ge hoda sule maga yaruu,13,0.0,0.6667,0.6667,0.3333,0.6667,False,high
Negative,@TROLL MONSTER_KANNADA jail ge hog bandh sule maga,8,0.0,0.4286,0.4286,0.5714,0.8571,False,high
Negative,@TROLL MONSTER_KANNADA nD boob's beleyodanna nodi urakotidaranDagar fan namma BØSS beleyodanna nodi nimm gandu darshan ne urakondiddu......,17,0.0,0.6429,0.6429,0.3571,0.7143,False,high
Negative,@TROLL MONSTER_KANNADA nNimm Todeya release gu modale damaar,8,0.0,0.6667,0.6667,0.3333,0.6667,False,high
Mixed feelings,Bokka d boss ke. D boss andre druva boss onde.,10,0.0,0.4,0.4,0.6,0.8,False,high
Mixed feelings,@Darshan Jain bro fans fans tara irona please personal agi family mele beda. Ibbarigu sari kanalla nanna mele ba illa nanna hero mele ba adu bittu family mele beda. It seems like worst.  You have also god(mother). Amma ammane yallara amma yallarigu ammane bro nimma amma namma amma bere anta enu iralla bro. Nanu ninna cmnt ge reply ade tara kodbavudu but nange amma nenpagutte so please understand.,68,0.0,0.5645,0.5645,0.4355,0.871,False,high
Mixed feelings,@Arun Jaanu summne reply haki yak war madshtiya,8,0.0,0.5714,0.5714,0.4286,0.8571,False,high
Mixed feelings,Bye my virat,3,0.0,0.3333,0.3333,0.6667,0.6667,True,high
Mixed feelings,Nani kannd movie .,4,0.0,0.6667,0.6667,0.3333,0.6667,True,high
Mixed feelings,Nani kannd full movie,4,0.0,0.5,0.5,0.5,1.0,False,high
Positive,Banda  #AvanesrimannarayananAll the best,4,0.0,0.5,0.5,0.5,1.0,False,high
Positive,Rakshit shetty fans like this,5,0.0,0.4,0.4,0.6,0.8,False,high
Positive,Odeya blockbuster,2,0.0,0.5,0.5,0.5,1.0,True,high
Mixed feelings,Rashmika fans bro,3,0.0,0.3333,0.3333,0.6667,0.6667,True,high
Negative,Rashmika fans  ND devarkonda fans urkondirtarea,6,0.0,0.6,0.6,0.4,0.8,False,high
Mixed feelings,Dboss fans erbeku,3,0.0,0.6667,0.6667,0.3333,0.6667,True,high
Negative,@Nandi Parthasarathi 🤣🤣Joi D boos,5,0.0,0.5,0.5,0.5,1.0,False,high
Positive,Salaam racky bhai,3,0.0,0.6667,0.6667,0.3333,0.6667,True,high
Negative,We like shanvi nWe hate sanvi,6,0.0,0.5,0.5,0.5,1.0,False,high
Positive,Enta matu super,3,0.0,0.6667,0.6667,0.3333,0.6667,True,high
Positive,@Shashankgowda Ms thank you..,4,0.0,0.3333,0.3333,0.6667,0.6667,True,high
Mixed feelings,I am thyada,3,0.0,0.3333,0.3333,0.6667,0.6667,True,high
Mixed feelings,Yenu!¿ Taayganda na neenu? !!,5,0.0,0.6667,0.6667,0.3333,0.6667,True,high
Mixed feelings,Entha promotion illa hindi realise agutta annode doubt,8,0.0,0.625,0.625,0.375,0.75,False,high
Negative,Dis like hakorge ond math hekok esta padthini nimig esta agilla andre sumne erbod alva yak sumne dislike hakthira ... Ade bere bhashed est kacchada edru like hakthira alva nimmanthor erodrindane Kannada movies ast hesru madtha illa ...,38,0.0,0.6765,0.6765,0.3235,0.6471,False,high
not-Kannada,BGM neXt levEl nswAg...!,4,0.0,0.3333,0.3333,0.6667,0.6667,True,high
Positive,Appu fans yellaru nimma movie nodthivi,6,0.0,0.6667,0.6667,0.3333,0.6667,False,high
Positive,time kelidru kelbeku ansutte e song next level song,9,0.0,0.3333,0.3333,0.6667,0.6667,False,high
not-Kannada,Upendra has done,3,0.0,0.3333,0.3333,0.6667,0.6667,True,high
Positive,En song guru fidha agode....Idhu charithre srustiso avatharaaa... Signature step shuruhachkoli inna..,12,0.0,0.6667,0.6667,0.3333,0.6667,False,high
Mixed feelings,@Nandi Parthasarathi mars venus inda bartira,6,0.0,0.6,0.6,0.4,0.8,False,high
Negative,THEATRE NALLI HUDUKIDRU 28 Jana datutilla Krishna Bangalore nalli odeya ge,11,0.0,0.6,0.6,0.4,0.8,False,high
Negative,@Ŕävîñđŕå_02_GøWđřú bro first avnge BOSS spelling kaliyol heli odok asayya agutte,11,0.0,0.6667,0.6667,0.3333,0.6667,False,high
Negative,@Ŕävîñđŕå_02_GøWđřú bro evnu venkatesh kulkarni avr comments ge reply madidane adanna odudre nin education EE flop,16,0.0,0.5714,0.5714,0.4286,0.8571,False,high
Negative,@Ŕävîñđŕå_02_GøWđřú noh Ravindra Lowdre.... naanu space nalli idini.... hudukikond baroke rocket beku.... nin yogyate ge adella illa bidu🤣,18,0.0,0.6923,0.6923,0.3077,0.6154,False,high
Positive,D boss movie henge irli fans hatrikk maadtare pakka,9,0.0,0.5556,0.5556,0.4444,0.8889,False,high
Negative,@Ŕävîñđŕå_02_GøWđřú neenu beedhi soole maga.... neene bandu keliddu.... nan paadig naan comment maadidde.... Oh neev italy yavru alva lowdre.....?,19,0.0,0.6923,0.6923,0.3077,0.6154,False,high
Negative,@Sharath T urkondu sayri sulemakalla 1 year 3 blockbuster BOSS,10,0.0,0.5714,0.5714,0.4286,0.8571,False,high
Mixed feelings,@TROLL MONSTER_KANNADA le baibeda avnu Boss fane kano ravindra,9,0.0,0.5714,0.5714,0.4286,0.8571,False,high
Negative,Hi nane ashwathama,3,0.0,0.6667,0.6667,0.3333,0.6667,True,high
Positive,how u told ?nivu heg heltiya bro,7,0.0,0.4286,0.4286,0.5714,0.8571,False,high
unknown state,Jai Hind sir,3,0.0,0.5,0.5,0.5,1.0,True,high
Negative,Idhu bari bogus,3,0.0,0.6667,0.6667,0.3333,0.6667,True,high
Mixed feelings,Veerappan ennu badkavna elva edra bagge ondu video madi sir. 🤔,11,0.0,0.7,0.7,0.3,0.6,False,high
unknown state,Good wareki sir 9845027639,4,0.0,0.3333,0.3333,0.6667,0.6667,True,high
Negative,Comedy aggie nodorige comedy nee,5,0.0,0.4,0.4,0.6,0.8,False,high
not-Kannada,@Shwetha Gowda hi goodmorning,4,0.0,0.6667,0.6667,0.3333,0.6667,True,high
Negative,Lo hucch baddimagne,3,0.0,0.6667,0.6667,0.3333,0.6667,True,high
Negative,Oh houda e matter electronic media expose madilla ? Avarige illa da information ninge banta ?,16,0.0,0.3846,0.3846,0.6154,0.7692,False,high
Positive,Enadru public help ago Vishayada bagge Mathadi  ivaga jana thumba buddivantharagidare,11,0.0,0.5556,0.5556,0.4444,0.8889,False,high
unknown state,Num mane ge bandidru,4,0.0,0.5,0.5,0.5,1.0,False,high
Positive,@Supriya Manogna hospital na olage itkondidra doctor,7,0.0,0.5,0.5,0.5,1.0,False,high
Negative,obba batta na gi. e rethi bare you du sare alla. namma darmmake.nave.......,13,0.0,0.5833,0.5833,0.4167,0.8333,False,high
not-Kannada,Veri interesting stori,3,0.0,0.6667,0.6667,0.3333,0.6667,True,high
Negative,Cc camera footage thegiri ..avratra keli Mahabharata story,8,0.0,0.4286,0.4286,0.5714,0.8571,False,high
Positive,Egu edare sir,3,0.0,0.6667,0.6667,0.3333,0.6667,True,high
Negative,Kakka is ossm lol,4,0.0,0.5,0.5,0.5,1.0,False,high
Positive,Super bro yalka  Tik Tok stars full rost,8,0.0,0.3333,0.3333,0.6667,0.6667,False,high
Positive,Correct agi helidera super 🤣🤣,5,0.0,0.5,0.5,0.5,1.0,False,high
Negative,Histu hellidri adre nimma background video pubg du kudanu Chinese howrde alwa first ninu pubg na stop madinNinu heliddu nanu tappu andilla adre hobbarige helo munche nanu correct agirabeku  k manDon't feel bad anna,34,0.0,0.697,0.697,0.303,0.6061,False,high
Positive,Super agi helidera bro soooooper,5,0.0,0.5,0.5,0.5,1.0,False,high
Negative,Nikal lowde osmmm dialogue bro.....,5,0.0,0.6667,0.6667,0.3333,0.6667,True,high
Positive,Sir ಗೊತ್ತು sir ಈ video ಮಾಡಿ 1ವಾರ ಆಗಿದೆ ಅದುನ್ನ ಮೊದ್ಲು ನೋಡಿ sir,12,0.6667,0.0,0.6667,0.3333,0.6667,False,high
Positive,Tik talkgintha nivu mado roast  best guru,7,0.0,0.5714,0.5714,0.4286,0.8571,False,high
Positive,Aadk guru nan nimana gurugalu anodu,6,0.0,0.6667,0.6667,0.3333,0.6667,False,high
Mixed feelings,Bro sorry ond matu nang eetara troll madodu ella ishta agtirlilla first time nimm videos nodi sakkath kushiaytu nd ur video really give a good msg,26,0.0,0.4231,0.4231,0.5769,0.8462,False,high
not-Kannada,tik tok rip bro,4,0.0,0.5,0.5,0.5,1.0,False,high
Mixed feelings,Crazy  guru ninu,3,0.0,0.3333,0.3333,0.6667,0.6667,True,high
Positive,En heldhe guru,3,0.0,0.6667,0.6667,0.3333,0.6667,True,high
Negative,Gandu loafer jeena,3,0.0,0.6667,0.6667,0.3333,0.6667,True,high
Negative,Bro good news tiktok ban bega thika hursi sonu s Gowda nagaysha bin** Gowda ge,15,0.0,0.4615,0.4615,0.5385,0.9231,False,high
Positive,ನಿಜವಾದ ಕನ್ನಡಿಗ ಅಂದ್ರೆ ನೀನೆ ಗುರು. I love ur videos and i love my ಕನ್ನಡ ಗುರು,15,0.4667,0.0,0.4667,0.5333,0.9333,False,high
Positive,Bro nivu super,3,0.0,0.3333,0.3333,0.6667,0.6667,True,high
not-Kannada,Rip tik Tok,3,0.0,0.5,0.5,0.5,1.0,True,high
Negative,Chinndi guru ennu roast madu,5,0.0,0.6,0.6,0.4,0.8,False,high
Positive,super vidio,2,0.0,0.5,0.5,0.5,1.0,True,high
Positive,Last nalli  heldalla guru superr,5,0.0,0.6,0.6,0.4,0.8,False,high
Positive,Nim dhesh bakthi ge Sallut bro I like you,9,0.0,0.375,0.375,0.625,0.75,False,high
Negative,Nemma anna antha barthane nodu avana hodibeku guru first Gubal Nan maga,12,0.0,0.7,0.7,0.3,0.6,False,high
Negative,Un like madorge mana maryadine ella guru oledelidru kidodrthada adthare,10,0.0,0.6,0.6,0.4,0.8,False,high
Positive,Supergie halliediera bro,3,0.0,0.6667,0.6667,0.3333,0.6667,True,high
Negative,Guru chaines apps yavyavu antha ondhu list kodi avna nam mobile ali instal madala,14,0.0,0.5,0.5,0.5,1.0,False,high
not-Kannada,Osm voice sir,3,0.0,0.3333,0.3333,0.6667,0.6667,True,high
Mixed feelings,36 M nVideo viral agthila,5,0.0,0.5,0.5,0.5,1.0,False,high
not-Kannada,Yar muje ye movie hindi me dekhni hai,8,0.0,0.5,0.5,0.5,1.0,False,high
Positive,Kannadad nijvad hero,3,0.0,0.6667,0.6667,0.3333,0.6667,True,high
unknown state,@Aadharaamos I've heard maadeva,4,0.0,0.6667,0.6667,0.3333,0.6667,True,high
Positive,Naavu iddivi nnnEe haadannu cover song prepare madtaidivi nn,9,0.0,0.625,0.625,0.375,0.75,False,high
Positive,My favourite singer VP Sir,5,0.0,0.3333,0.3333,0.6667,0.6667,True,high
unknown state,after karaabu*,2,0.0,0.5,0.5,0.5,1.0,True,high
Negative,Kharabbu Pogaru song Like - 317K,6,0.0,0.5,0.5,0.5,1.0,True,high
Negative,Pogaru karaabu song 383k like now,6,0.0,0.4,0.4,0.6,0.8,False,high
Positive,Hindiyelli film release madbekittu bro,5,0.0,0.4,0.4,0.6,0.8,False,high
Positive,Sir kudlard ereg yanna namskara and salute,7,0.0,0.5714,0.5714,0.4286,0.8571,False,high
unknown state,It is karabu.,3,0.0,0.3333,0.3333,0.6667,0.6667,True,high
Positive,Tq from karnataka kiccha sudeep fans 🥰🥰🥰🥰🥰🤙🤩🤩,7,0.0,0.6667,0.6667,0.3333,0.6667,False,high
Mixed feelings,26k dislikes nThese are rashmika fans,6,0.0,0.4,0.4,0.6,0.8,False,high
Negative,Kachada no 1 film...thu nim mukakke...taste ye illla...badkobeku.,8,0.0,0.5,0.5,0.5,1.0,False,high
Negative,Neen build up films nodkindu irappa..illi yake bande..?,8,0.0,0.625,0.625,0.375,0.75,False,high
Positive,Luv from karnataka,3,0.0,0.6667,0.6667,0.3333,0.6667,True,high
not-Kannada,HD move send kejiye,4,0.0,0.5,0.5,0.5,1.0,False,high
Positive,Kannada chitrarangada HEMME,3,0.0,0.5,0.5,0.5,1.0,True,high
unknown state,@AMEET M q,3,0.0,0.3333,0.3333,0.6667,0.6667,True,high
unknown state,@Rajesh0823 R all//p,3,0.0,0.5,0.5,0.5,1.0,True,high
Positive,Super singer vijay Prakash sar,5,0.0,0.5,0.5,0.5,1.0,False,high
Positive,Ethu guru Song Endare,4,0.0,0.5,0.5,0.5,1.0,True,high
Positive,super song sir. rakshith shetty sahebara fans ella like madi.,10,0.0,0.4,0.4,0.6,0.8,False,high
Positive,My favourite song edu steps super,6,0.0,0.3333,0.3333,0.6667,0.6667,False,high
