label,text,n_tokens,kannada_script_pct,romanized_kannada_pct,kannada_language_pct,english_pct,effective_score,low_confidence,bucket
unknown state,Idu riyel rar,3,0.0,1.0,1.0,0.0,0.0,True,low
Negative,ಕಥೆ ಅರ್ದ ಅಗಿದೆ.ಅಶ್ವತ್ತಾಮ ತನ್ಣಗಾಯಗೊಂಡ ದೇಹವನ್ನು ಗುಣಪಡಿಸಿದ್ದು ಕಲ್ಲಡ್ಕ ಪ್ರಭಾಕರ್ ಭಟ್.ನಂತರ ಅಶ್ವತ್ತಸಮ ತನ್ನ ಹೆಸರು ಬದಲಾಯಿಸಿ .ನರೇಂದ್ರ ದಾಮೋದರ ಮೊಲದಿ ಎಂಬ ಹೆಸರಿನಿಂದ ಬಾರತದ ಪ್ರದಾನಿಯಾಗಿ    ಅತನ ಅನುಯಾಯಿಗಳೇ ಮೋದಿ ಭಕ್ತರೆಂಬ ಕೌರವರು ಇವಾಗ ಮುಸ್ಲಿಂ ಎಂಬ ಪಾಂಡವರ ವಿರುದ್ದ ಕುತಂತ್ರ ಯುದ್ದ ಮಾಡುತ್ತದ್ದಾರೆ..,33,1.0,0.0,1.0,0.0,0.0,False,low
Mixed feelings,ಕಥೆ ಸರಿಯಾಗಿ ತಿಳಿದುಕೊಳ್ಳಿ..... please don't worng guide..... ಅಶ್ವತ್ತಾಮ ಶಿವನ ಅವತಾರ.... ಇಂದ್ರನಲ್ಲಿ ಸುಳ್ಳು ಹೇಳಿದಕ್ಕಾಗಿ ಭೂಮಿಯಲ್ಲಿ ದೀರ್ಘ ಕಾಲಿ ಯಾಗಿ ಅವತಾರಿಡಿದರು ಅಷ್ಟೇ...... ಕೃಷ್ಣ ಅವರಿಗೆ ಶಪಿಸಲಿಲ್ಲ,22,0.8571,0.0476,0.9048,0.0952,0.1905,False,low
Negative,ಹೌದು ಹೌದು ನಿನ್ನೆ ನಮ್ಮನಿಗೂ ಬಂದಿದ........ ಚಾ ಕುಡ್ಕಾ ಹೊದ,8,1.0,0.0,1.0,0.0,0.0,False,low
Negative,ಕತೆ ಕತೆಯಾಗಿ ಇರುತ್ತೆ ಇದನ್ನು ನಂಬಲು ಅಸಾದ್ಯ,6,1.0,0.0,1.0,0.0,0.0,False,low
unknown state,ಗುರು ಅಶ್ವತ್ಥಾಮ ಯಾವ ಬಾಷೇ ಮಾತಾಡ್ತಿದ್ದ ಅಂಥ ಹೇಳಿ ನಿಮಗೂ ಗೊತ್ತಿಲ್ಲ ಅಂದ್ರೆ ಆ ಡಾಕ್ಟರ್ ಅನ್ನು ಕೇಳಿ ತಿಳ್ಕೊಂಡು ಹೇಳಿ ನಮ್ಮ ಕನ್ನಡ ವಾದ್ರೆ ತೊಂಬ ಸಂತೋಷ ವಾಗುತ್ತೆ ಅಲ್ವಾ,23,1.0,0.0,1.0,0.0,0.0,False,low
Negative,Nimge istu sullu heloke Hege manasu barutte,7,0.0,1.0,1.0,0.0,0.0,False,low
Positive,ನನಗೆ ಮಹಾಭಾರತ ಕಥೆ ಕೇಳಲು ತುಂಬಾ ಇಷ್ಟ ನಾನು ಮಹಾಭಾರತ ಓದಿದ್ದೆನೆ,9,1.0,0.0,1.0,0.0,0.0,False,low
unknown state,ಸರ್ ಅಶ್ವತ್ಥಾಮ ಆ ವೈದ್ಯರ ಮನೆಗೆ ಬರುತ್ತಿದ್ದ ಅಂತ ಹೇಳುದ್ರಿ ಅವನಿಗೆ ಹೇಗೆ  ಗೊತ್ತು ಅವರು ವೈದ್ಯರು ಅಂತ ಮತ್ತೆ ಮುಖ್ಯವಾಗಿ ಮಹಾಭಾರತ ಕಾಲದಲ್ಲಿ ಹಿಂದಿ,19,1.0,0.0,1.0,0.0,0.0,False,low
Negative,ನಿಜಕೂ ಈದು ಆಚರಿನೇ🤔🤔🤔🤔🤔🤔🤔🤔🤔🤔🤔🤔🤥🤥🤥🤓🤡🤡🤡🤠🤠🤠,3,1.0,0.0,1.0,0.0,0.0,True,low
Negative,Loo baccha koura holle avaru,5,0.0,1.0,1.0,0.0,0.0,False,low
unknown state,ನನಗು ತೊರಸಿ ಅಶ್ವತ್ತಾಮರಾ,3,1.0,0.0,1.0,0.0,0.0,True,low
unknown state,ನಾಲ್ಕು ಯುಗಗಳು ಮುಗಿದ ಮೇಲೆ ಪುನ,5,1.0,0.0,1.0,0.0,0.0,False,low
Positive,ಧನ್ಯವಾದಗಳು ಸ್ನೇಹಿತರೆ ನೀವು ಪುರಾಣದಲ್ಲಿ ಬರುವ  ಯಲ್ಲರಿಗೂ ಬಹುವಚನ ದಿಂದ ಮಾತಾಡ್ತಿರ ಧನ್ಯವಾದಗಳು ಸ್ನೇಹಿತರೆ,11,1.0,0.0,1.0,0.0,0.0,False,low
unknown state,Raktha rathri yakshagana nodi maryare,5,0.0,1.0,1.0,0.0,0.0,False,low
Mixed feelings,Drona pandavara para iddre ivneke kouravara para iddana.????,8,0.0,1.0,1.0,0.0,0.0,False,low
Positive,ಇದು ನಿಜಾನಾ ಗುರುವೇ,3,1.0,0.0,1.0,0.0,0.0,True,low
Mixed feelings,Nimge henge gotthu neevu en alle idra,7,0.0,1.0,1.0,0.0,0.0,False,low
Positive,Super sir,2,0.0,0.0,0.0,1.0,0.0,True,low
Positive,Nav evna nodabahuda,3,0.0,1.0,1.0,0.0,0.0,True,low
Positive,ನಾರಾಯಣ ಸಂತ ಅವರ ಮಹಾಭಾರತದ ಪುಸ್ತಕದ ಮಾಹಿತಿ ಕಳುಹಿಸಿ,7,1.0,0.0,1.0,0.0,0.0,False,low
Negative,@ಜೈ ಭಜರಂಗಿ##ವಿಶ್ವ avaru..dronara maga..,4,0.5,0.5,1.0,0.0,0.0,False,low
Mixed feelings,ಇರೋದು ಇರಭವದ್ ಗೊತ್ತಿಲ್ಲ,3,1.0,0.0,1.0,0.0,0.0,True,low
Positive,Devaru annonu idaane Andre avru shaapa kottidddu nijaane aagidre avru idde iruttaare elllooo ondu jaagadallli manushyara kannige kaanollla aste jaiii Sri Krishna,22,0.0,1.0,1.0,0.0,0.0,False,low
not-Kannada,May be sanskrit,3,0.0,0.0,0.0,1.0,0.0,True,low
not-Kannada,How can u say,4,0.0,0.0,0.0,1.0,0.0,False,low
Negative,En kathe kattutiya guru🤣🤣🤣🤣..... . Proof kodu sullu kathe katbeda,10,0.0,1.0,1.0,0.0,0.0,False,low
unknown state,Pandavaru mamsa tinthidra,3,0.0,1.0,1.0,0.0,0.0,True,low
Positive,ಮಧ್ಯ ಪ್ರದೇಶದಲ್ಲಿ ಕೂಡ ಓರ್ವ ಮಹಿಳೆಗೆ  ಮಹಾಭಾರತದ ಅಶ್ವತ್ಥಾಮ ಎಂದು ಪರಿಚಯ ಮಾಡಿಕೊಂಡು ಮತ್ತು ಅವಳಿಗೆ ಮಹಾಭಾರತದ ಸನ್ನಿವೇಶಗಳ ವಿಡಿಯೋವನ್ನು ಆ ಮಹಿಳೆಯ ಮನೆ ಗೋಡೆ ಮೇಲೆ ಮಹಾಭಾರತದ ದೃಶ್ಯಗಳನ್ನು ಬರುವ ಹಾಗೆ ಮಾಡಿದ್ದನಂತೆ ಹಾಗೂ ಅವಳಲ್ಲಿ ನೀನು ಯಾರಿಗೆ ಹೇಳದೇ   nಈ ದೃಶ್ಯ ನೋಡಬಹುದು. n     ಇಲ್ಲವಾದಲ್ಲಿ ಹೇಳಿದರೆ ಈ ದೃಶ್ಯ ಕಾಣುವುದಿಲ್ಲ. nಆದ್ದರಿಂದ ನೀನು ನನ್ನ ಮಾತಿನಂತೆ ನಡೆಯಬೇಕು ಎಂದು ವಚನ ತೆಗೆದುಕೊಂಡು ಅಲ್ಲಿಂದ ಅದೃಶ್ಯವಾಗಿದ್ದಾನಂತೆ. .....!,50,0.9796,0.0,0.9796,0.0204,0.0408,False,low
Positive,Idu nimage hege gottaytu?,4,0.0,1.0,1.0,0.0,0.0,False,low
Positive,Este antha helakkagall nija edhru erabahudu,6,0.0,1.0,1.0,0.0,0.0,False,low
unknown state,Kaiwarada thathayya(yogi narayanappa),3,0.0,1.0,1.0,0.0,0.0,True,low
unknown state,Fix CCTV ......confirm,3,0.0,0.0,0.0,1.0,0.0,True,low
unknown state,Priya Goudar,2,0.0,1.0,1.0,0.0,0.0,True,low
Negative,Nejwad deushya torishi eg heliddu,5,0.0,1.0,1.0,0.0,0.0,False,low
Negative,ಹೇಡಿ ಅಶ್ವತ್ಥಾಮ ಚಕ್ರವ್ಯೂಹದಲ್ಲಿ ಅಭಿಮನ್ಯುವನ್ನು ಎದುರಿಸಲಾಗದೆ ಪ್ರಾರಂಭದಲ್ಲೇ ಜೀವ ಉಳಿಸಿಕೊಳ್ಳುವ ಸಲುವಾಗಿ ಪಲಾಯನ ಮಾಡಿಬಿಟ್ಟ.... ಕೊನೆಯಲ್ಲಿ ಲೋಫರ್ ದುರ್ಯೋಧನನ ಮಾತು ಕೇಳಿ ಶಾಪಗ್ರಸ್ಥನಾಗಿ ಕಲಿಯುಗದಲ್ಲೇ ತಿರುಗಾಡುತ್ತಿದ್ದಾನೆ.... ಒಂದು ವೇಳೆ ನನ್ನ ಕೈಗೆನಾದರೂ ಸಿಕ್ಕರೆ ಅವನನ್ನು ಛೇಡಿಸದೆ ಬಿಡಲಾರೆನು,27,1.0,0.0,1.0,0.0,0.0,False,low
Positive,ಸರ್ ಕೆಲವು ಸತ್ಯಗಳನ್ನ ಜಾಸ್ತಿ ಹುದುಕಿ ತಗಿಬರ್ದು ಆದ್ರೆ ಅದು ಸತ್ಯವೇ ಆಗಿರುತ್ತದೆ,10,1.0,0.0,1.0,0.0,0.0,False,low
Mixed feelings,ಅಶ್ವಥ್ಥಾಮ ಚಿರಂಜೀವಿ ಆಗಿದ್ದು ಹೇಗೆ,4,1.0,0.0,1.0,0.0,0.0,False,low
not-Kannada,Which Language Ashwathama Speaks??  During Mahabharata period No Kannada,9,0.0,0.0,0.0,1.0,0.0,True,low
Mixed feelings,magaluru kade kalsi avanannu .navu avanige maddu kodthive.,8,0.0,1.0,1.0,0.0,0.0,False,low
unknown state,Duplicate  video,2,0.0,0.0,0.0,1.0,0.0,True,low
Negative,Yakri janagalna dari tapso kelsa madtira,6,0.0,1.0,1.0,0.0,0.0,False,low
Negative,Nija heludre heege,3,0.0,1.0,1.0,0.0,0.0,True,low
Positive,Eddane annodu nanna nambike.aadre ashvataamanige kannadada bartita anodu davtu,9,0.0,1.0,1.0,0.0,0.0,False,low
Negative,Adu nambike ashte,3,0.0,1.0,1.0,0.0,0.0,True,low
Positive,ನಿಜ ಇದ್ರು ಇರಬಹುದು ಸರ್,4,1.0,0.0,1.0,0.0,0.0,False,low
Negative,ಹೇ ಕಥೆ ಕತೇನೇ ಮಗ nಅಂಬೇಡ್ಕರ್ ಯಾರು ಗೋತಾ ಅದು nನೀವ್ ಹೇಳ್ತೀರಲ್ಲ ಕಲಿಯುಗ..ದೊರೆ  ದೊರೆ ನೇ ಇದು ಕರ್ನಾಟಕದಲ್ಲಿ nDPS ಕರ್ನಾಟಕ ದಲಿತ ಪ್ರಜಾ ಸೇನೆಯ ಸಾರಥಿಗಳು,21,0.9524,0.0476,1.0,0.0,0.0,False,low
Positive,ಅವನಿಗೆ ಕನ್ನಡ ಭಾಷೆ ಬರುತಿತ್ತ?,4,1.0,0.0,1.0,0.0,0.0,False,low
not-Kannada,Wt a question bro,4,0.0,0.0,0.0,1.0,0.0,False,low
Positive,@Nithya Sudha avaru devategalu devategalige Ella bhashe barutte,8,0.0,1.0,1.0,0.0,0.0,False,low
not-Kannada,Is it true,3,0.0,0.0,0.0,1.0,0.0,True,low
not-Kannada,O my god,3,0.0,0.0,0.0,1.0,0.0,True,low
Positive,ಕುಮಾರವ್ಯಾಸ ಅಂದರೆ ಗದುಗಿನ ನಾರಣಪ್ಪ ನವರ ಬಗ್ಗೆ ಅಭ್ಯಾಸ ಮಾಡಿ,8,1.0,0.0,1.0,0.0,0.0,False,low
Negative,Namboke sadyane illa,3,0.0,1.0,1.0,0.0,0.0,True,low
Positive,ಸರ್ ನೀವು ಹೇಳಿದ ಪ್ರತಿಯೊಂದು ಮಾತೂ ನಿಜ.ಜೊತೆಗೆ ಇದರಿಂದ ಸ್ವಲ್ಪವಾದರೂ ಕಲಿತು ಚಿಕ್ಕ ಮಟ್ಟದಲ್ಲಿ ದೇಶದ ಅಭಿವೃದ್ಧಿಗೆ ಪೂರಕವಾದ ಶಿಕ್ಷಣ ಮತ್ತು ಉತ್ಪಾದನೆಯ ಮಾರ್ಗದಲ್ಲಿ ನಡೆಯಲು ಶುರು ಮಾಡಲೇಬೇಕಾದ ಕಾಲವಿದು.ಬನ್ನಿ ಗ್ರಾಮೀಣ ಒಕ್ಕೂಟವಾದ ನಮ್ಮ ಗ್ರಾಮಗಳಲ್ಲಿರುವ ಮೂಲಗಳನ್ನೇ ಉಪಯೋಗಿಸಿಕೊಂಡು ನಮ್ಮ ಹಳ್ಳಿಯ ಜನರ ಅವಶ್ಯಕತೆಗಳ್ನ ನಮ್ಮ ಹಳ್ಳಿಗಳಲ್ಲಿಯೇ ದೊರೆಯುವ ವಸ್ತುಗಳನ್ನು ಬಳಸಿ ಪೂರೈಸುವ ಕೆಲಸಕ್ಕೆ ಮುಂದಾಗೋಣ.ಇದೇ ನಮ್ಮ ಭವ್ಯ ಬಲಿಷ್ಠ ಭಾರತದ ನಿರ್ಮಾಣಕ್ಕೆ ಮೊದಲ ಹೆಜ್ಜೆ.,47,1.0,0.0,1.0,0.0,0.0,False,low
Mixed feelings,ನಿಜ ನಾ ಇಷ್ಟು ಚನ್ನಾಗಿ  ಹೇಳಿದಿರ,5,1.0,0.0,1.0,0.0,0.0,False,low
Mixed feelings,Yar bekadru PM agakke agolla,5,0.0,1.0,1.0,0.0,0.0,False,low
unknown state,Navu. Rent tagondu,3,0.0,1.0,1.0,0.0,0.0,True,low
Positive,oba mele hogutidane andre navanige melle hogokke sahay madobadallu avan kalu aledu kelage billisoke nodo janare nammalijas,17,0.0,0.9412,0.9412,0.0588,0.1176,False,low
Negative,ಒಂದು ದೇಶದ ಮುಂದುವರಿಯುವುದು ಅದರ ಆರ್ಥಿಕ ಸ್ಥಿತಿಯನ್ನು ಅವಲಂಬಿಸುವುದಿಲ್ಲ. ಅವರು ಮಾನವೀಯತೆಯಲ್ಲಿ ಎಷ್ಟು ಸಮರ್ಥರು ಎನ್ನುವುದನ್ನು ಅವಲಂಬಿಸಿದೆ. ಭಾರತದಲ್ಲಿ ಅನಕ್ಷರತೆ ಇದೆ ಆ ಅನಕ್ಷರಸ್ಥರನ್ನು ಅವರ ಅನಕ್ಷರತೆಯೇ,20,1.0,0.0,1.0,0.0,0.0,False,low
Positive,ಸಂಪೂರ್ಣ ಮಾಹಿತಿ ಅಣ್ಣಾ ಧನ್ಯವಾದಗಳು,4,1.0,0.0,1.0,0.0,0.0,False,low
unknown state,Well side bro,3,0.0,0.0,0.0,1.0,0.0,True,low
Positive,ನಿಮ್ಮ‌ ಈ ಮಾಹಿತಿಗೆ ಧನ್ಯವಾದ ಸರ್.. ನಾವು ಸಾಮಾನ್ಯ ಜನ‌ ಜಸ್ಟ್ ವಿಡಿಯೋ ನೋಡ್ಕೊಂಡು‌ ಇಂಡಿಯಾ ಬಗ್ಗೆ ಯೋಚನೆ‌ ಮಾಡಿದ್ರು ಅದು‌ ಉಪಯೋಗ ಆಗಲ್ಲ ಈ ಮಾಹಿತಿ ಕೆಲವೊಂದು ವರ್ಗದ‌ ಜನರಿಗೆ ಮನಮುಟ್ಟುವಂತೆ ಆಗ್ಬೇಕು‌ ಆಗ ಏನಾದ್ರು ಚೇಂಜ್ ಅಗಬಹುದೆನೋ ಗೊತ್ತಿಲ್ಲ..,30,1.0,0.0,1.0,0.0,0.0,False,low
Positive,ಭಾರತದ ಮೊದಲ ಪ್ರಮುಖ ಪಿಡುಗು ಭ್ರಷ್ಟಾಚಾರ ಭಾರತದಲ್ಲಿ ಭ್ರಷ್ಟಚಾರ ಯಾವಾಗ ನಿರ್ಮೂಲನೆಯಾಗುತ್ತದೆ ಅವಾಗ ಮಾತ್ರ ಭಾರತ ಪ್ರಪಂಚದ ಶಕ್ತಿಶಾಲಿ ಸೂಪರ್ ಪವರ್ ರಾಷ್ಟ್ರವಾಗಿ ರೂಪುಗೊಳ್ಳುತ್ತದೆ,18,1.0,0.0,1.0,0.0,0.0,False,low
Negative,BrasthacharA  ellada deshane Ella. bharatha deshadalli  navella ondhe annodu   bhavane modhalu barbeku.  Ondhu jathiyavaru ennondhu jathiyavaru dhosisodhu  adhu kadime  aagbeku. Rajakiyadavaru navella ondhe.yella pakshadavaru ondagi desha katto kelasa aagbeku .aaga navu Hantha Hantha vagee mele barbahudhu,36,0.0,1.0,1.0,0.0,0.0,False,low
Negative,Helodannu kadime madu antialla desha uddarane,6,0.0,1.0,1.0,0.0,0.0,False,low
Positive,ಚೀನಾ ನಿಜವಾದ ಕಮ್ಯೂನಿಸ್ಟ್ ರಾಷ್ಟ್ರ ಆದರೆ ಆಲ್ಲಿನ ಕಾನೂನು  ಹಾಗಿಲ್ಲ ಆದರೆ ನಮ್ಮದೇಶ ಸ್ವತಂತ್ರ ದೇಶ ಆದರೆ ಕಾನೂನು ನಕ್ಸಲಿ ಕಾನೂನ ದುಡಿಯುವವನ ಬಳಿ ಕಿತ್ತು ಕುಳಿತ ಸೊಂಬೇರಿಗಳ ಸಾಕುವ ಮಹಾನ್ ದಾರಾಳ ದುರಬುದ್ದಿಯ ರಾಷ್ಟ್ರ ನಮ್ಮ  ಭಾರತ... ಇಲ್ಲಿ  ಬಿಟ್ಟಿ ಅಕ್ಕಿ ಬಿಟ್ಟಿ ದಿನಸಿ ಬಿಟ್ಟಿ TV  ಮಿಕ್ಸಿ ಎಲ್ಲಾ ಸರ್ಕಾರವೇ ಕೊಡುತ್ತೆ ನಾವುಗಳು ಬರಿ ಹೆಣ್ಣು ನೋಡಿಕೊಂಡು ಮದುವೆ ಆಗಿ ಮಕ್ಕಳು  ಹುಟ್ಟಿಸಿದರೆ ಸಾಕು ಮತ್ತೆ  ಆ ಮಕ್ಕಳನ್ನೂ ನಮ್ಮ  ದೇಶದ ಆಡಳಿತ ಸರ್ಕಾರಗಳು ಸಾಕಿಕೊಳ್ಳುತ್ತವೆ ಏಕೆಂದರೆ  ಅದು ಭವಿಷ್ಯದ ಓಟು.... nಭಾರತ ಇಂಥಹ ನೀಚ ಮನಸ್ಥಿತಿಯಿಂದ ಹೊರಬಂದು  ಯುವ ಜನತೆಗೆ ಶ್ರಮವಹಿಸಿ ದುಡಿಯೊದು ಕಲಿಸದಿದ್ದರೆ ಈ ದೇಶ ಭಿಕ್ಷುಕರ ನಾಡಾಗುತ್ತೆ... nಸೊಂಬೇರಿಗಳ ಮಹಾನ್ ಭಾರತ...,77,1.0,0.0,1.0,0.0,0.0,False,low
Positive,ಈ ಎಲ್ಲ ಅಂಶಗಳನ್ನು ಗಮನಿಸಿದರೆ ನಮ್ ದೇಶದಲ್ಲಿಯೂ ಸಾರ್ವಭೌಮತ್ವ ಇರಬೇಕಿತ್ತು ಅನ್ಸುತ್ತೆ.,9,1.0,0.0,1.0,0.0,0.0,False,low
Positive,ವಾವ ಸುಪರ್ ಅನಾಲಸಿಸ್ನಮ್ಮ ದೇಶ ಓಳ್ಳೇದೆ...ಮಾತ ಜಾಸ್ತಿ  ಕೆಲಸ ಕಮ್ಮಿ.....ನನ್ನು ಸೇರಿ.,9,1.0,0.0,1.0,0.0,0.0,False,low
Negative,ಇದು  ಸುಳ್ಳು    ಚೀನಾ    ಕಾರ್ಮಿಕರಿಗೆ  ಗಂಟೆ  ಲೆಕ್ಕದಲ್ಲಿ  ಸಂಬಳ    ಕೊಡುತ್ತಾರೆ,8,1.0,0.0,1.0,0.0,0.0,False,low
Negative,ಈ ದೇಶದ ದುರಂತ,3,1.0,0.0,1.0,0.0,0.0,True,low
Positive,ಭಾರತ ಬೇಳಿಬೇಕು ಅಂದ್ರೆ ಇಲ್ಲಿನ ಜನಾನೆ ಏನಾದ್ರೂ ಮಾಡಬೇಕು,7,1.0,0.0,1.0,0.0,0.0,False,low
Negative,ಚೀನಾ ಒಂದು ವಿಷಯಕ್ಕೆ ಇಷ್ಟ ಆಗುತ್ತೆ nಏನೆಂದರೆ,6,1.0,0.0,1.0,0.0,0.0,False,low
Negative,Illi neevu aa hesaranna heLohagoo ilvalla.48 beka bitti thinno baayiglu ottigr barathve.modalu lancha hogbeku,14,0.0,0.9231,0.9231,0.0769,0.1538,False,low
Negative,Castisam hogbeku jati tegibeku racisam tegibeku hindu dhrama vaggudbeku desh mund hoguthe.,12,0.0,0.9167,0.9167,0.0833,0.1667,False,low
unknown state,ಪ್ರಪಂಚವನ್ನೇ ನಡುಗಿಸುತ್ತಿರುವ ಉಗ್ರವಾದ ಕರೋನಾಗೆ ಶಾಕ್!!nರೂ.50,5,1.0,0.0,1.0,0.0,0.0,False,low
Negative,ಇಲ್ಲಿ ನಡೆದಿರೋ ಚರ್ಚೆ ನೋಡಿದ್ರೇ ಗೊತ್ತಾಗುತ್ತೆ ನಮ್ ದೇಶ ಯಾಕ್ ಹಿಂಗಿದೆ,9,1.0,0.0,1.0,0.0,0.0,False,low
Positive,@sumya kulkarni ನೀವು ಹೇಳೋದಕ್ಕೂ.... ದೇಶದ ಅಭಿವೃದ್ಧಿಗೂ ಸ್ವಲ್ಪನೂ ಸಂಬಂಧವಿಲ್ಲ.......ನನ್ನ ಪ್ರಕಾರ ಭ್ರಷ್ಟಾಚಾರ ನಿರ್ಮೂಲನೆ ಆಗಬೇಕು,12,0.8333,0.1667,1.0,0.0,0.0,False,low
Negative,@Unity of India ನಾವೂ ಬ್ರಹ್ಮಣರು ಆಗುವುದಿಲ್ಲ ಏಕೆಂದ್ರೆ ಅವರು ಅಂಧಕಾರಲಿ  ಬದುಕುತಾರೆ ನಾವು ಗಳೂ ಹಿಂದೂಗಳೇ ಆದ್ರೆ ಹಿಂದೂಗಳೂ ಹಿಂದೂಗಾಳ ಮೇಲೆನೆ ಅನ್ಯಾಯ ಮಾಡ್ತಾರೆ ಅಧೋಸ್ಕರ ನಾವು ಹಿಂದೂ ಧರ್ಮ ಬಿಟ್ಟು ಪವಿತ್ರಾ ಬೋವ್ದ ಧರ್ಮಕೆ ಬುಧನ ದಾರಿಯಲಿ ನಡೆಯುತ್ತೇವೆ ನಾವು ನಡೆದೇ ನಡೆಯಿತೇವೆ ಭಾರತ ಬುದ್ಧ ರಾಗುತ್ತೆವೆ,36,0.9429,0.0,0.9429,0.0571,0.1143,False,low
Negative,@sumya kulkarni ಭ್ರಷ್ಟಾಚಾರ ಹೋಗೋದು ಕಠಿಣ ಕಾನೂನುಗಳಿಂದ.......ಅದಕ್ಕೆ ರಾಜಕೀಯ ಇಚ್ಚಾಶಕ್ತಿ ಬೇಕು.... ಈ ಕಳ್ಳ ಕಾಂಗ್ರೆಸ್ ನಮ್ಮ ದೇಶವನ್ನು ಹಾಳು ಮಾಡ್ತು,16,0.875,0.125,1.0,0.0,0.0,False,low
Positive,@Usha Rao ಇವರಿಗೆ ಇದೆಲ್ಲ ಹೇಳಿದ್ರೆ ಅವರು ನಂಬೋಲ್ಲ......ಅವರದು ಒಂದು ರೀತಿ ಆಜ್ನ್ಯಾನ......ಜಾತಿ ವ್ಯವಸ್ಥೆಗೂ ದೇಶದ ಅಭಿವೃದ್ಧಿಗೂ ಸಂಬಂಧವಿಲ್ಲ,14,0.9231,0.0769,1.0,0.0,0.0,False,low
unknown state,Thank  you  sir,3,0.0,0.0,0.0,1.0,0.0,True,low
Positive,ಏನ್ರೀ ಇದು ಇಷ್ಟು ಜಾಹಿರಾತುಗಳು ಬರ್ತಾ ವೇ ಸ್ಕಿಪ್ ಮಾಡಿ ಮಾಡಿ ನೋಡಬೇಕಾಗಿದೆ,10,1.0,0.0,1.0,0.0,0.0,False,low
not-Kannada,Super super video,3,0.0,0.0,0.0,1.0,0.0,True,low
Positive,ಒಂದು Angle ನಲ್ಲಿ ನೋಡಿದ್ರೆ ಚೀನಾ ಕಮ್ಯುನಿಸ್ಟ್ ಪಕ್ಷಗಳು ಬೆಸ್ಟ್,8,1.0,0.0,1.0,0.0,0.0,False,low
unknown state,ಆದ್ರೆ ಚೀನಾ ಗೇ ಬಕೆಟ್ ಹಿಡಿತಾರೇ,5,1.0,0.0,1.0,0.0,0.0,False,low
unknown state,ಜೈ ಮೋರಿ ಜೈ ರೋಗಿ ಇಸ್ಲಾಂ ಸಾಯಿಸಿ ಇದೆ ಇವರ ಗುರಿ,9,1.0,0.0,1.0,0.0,0.0,False,low
Positive,ನಮ್ಮ ದೇಶದಲ್ಲಿ ಓತ್ಲಾನೆ ಜಾಸ್ತಿ,4,1.0,0.0,1.0,0.0,0.0,False,low
Mixed feelings,ಪ್ರಜಾಪ್ರಭುತ್ವ ಕಾನೂನಲ್ವಾ ಅದಕ್ಕೆ,3,1.0,0.0,1.0,0.0,0.0,True,low
Positive,ನಾವು ಕೇವಲ ಕನಸು ಮಾತ್ರ ಕಾಣುತ ಇದೇವೆ ಒಂದು ವೇಳೆ ಉತ್ಪಾದನೆ ಮಾಡಿದರು ಕೂಡ ಅದನ್ನು ಎಕ್ಸ್ಪೋರ್ಟ್ ಮಾಡಲು ಧೋಡ್ಡ ಗಾತ್ರದ ಹಡಗು ನಿಲ್ಲಿಸಲು ಬಂದರು ಕೂಡ ಇಲ್ಲ ಅದಕ್ಕೂ ನಾವು ದುಬೈ ಅವಲಂಬಿತ ರಗಿದೇವೆ. ತುಂಬಾ ಕೆಲಸಗಳು ಬಾಕಿ ಇದೆ,30,1.0,0.0,1.0,0.0,0.0,False,low
unknown state,ಎಲ್ಲಾ ಸರಿ ಗುರು,3,1.0,0.0,1.0,0.0,0.0,True,low
Negative,ಸಾರ್nಸಾವಿರ ರಾಜಕೀಯ ಪಕ್ಷ ಕಾಂಗ್ರೆಸ್ ಬಿಟ್ರೆ ಬೇರೆ ರಾಜಕೀಯ ಪಕ್ಷದ ಅಜೆಂಡಾ ಏನು?nಅಧಿಕಾರಕ್ಕೆ ಬಂದ ಮೇಲೆ ಸಾಧನೆ ಏನು?nಆದ್ರೂ ಅಜೆಂಡ್ ಇಲ್ಲದ ಪಕ್ಷ  ಗಳ ನ್ನೂn1947 ರಿಂದ ಬೆಂಬಲಿಸಿ ದ್ದಿವಿ!nಕಳೇದ 4,23,1.0,0.0,1.0,0.0,0.0,False,low
Positive,ನಾವು ವಾಕ್ ಸ್ವಾತಂತ್ರ್ಯದಲ್ಲಿ ಸೂಪರ್ ಪವರ್ ಆಗಿದ್ದೇವೆ...ಎಲ್ಲಿ ಪ್ರಜೆಗಳಿಗೆ ರಾಜನ ಭಯ ಇರೋದಿಲ್ಲವೋ,10,1.0,0.0,1.0,0.0,0.0,False,low
Mixed feelings,ಭರ್ಜರಿ ಆಪರೇಷನ್ ಗುರುವೇ...,3,1.0,0.0,1.0,0.0,0.0,True,low
Negative,China dali no donation large money all filled communist govt nnBut not India all in donation,16,0.0,0.0667,0.0667,0.9333,0.1333,False,low
unknown state,Well said bro,3,0.0,0.0,0.0,1.0,0.0,True,low
unknown state,Epic comment....,2,0.0,0.0,0.0,1.0,0.0,True,low
Positive,ತುಂಬಾ ಗತ್ತು ಇರುವ ಹಾಡು ಇದು.. ಒಂದೆರಡು ಸಲ ಕೇಳಿದ್ರೆ ಈ ಹಾಡಿಗೆ ಅಡಿಕ್ಷನ್ ಆಗೋದೇ.. ಒಂದ್ಸಲ ಕೇಳ್ಬೇಡಿ ಈ ಹಾಡು ಚೆನ್ನಾಗಿದೆ,17,1.0,0.0,1.0,0.0,0.0,False,low
Positive,ಹಾಡು ಅತ್ಯದ್ಭತವಾಗಿ ಬಂದಿದೆ.. ಸಾಹಿತ್ಯ ತುಂಬಾ ಗಟ್ಟಿಯಾಗಿ ಇದೆ..,7,1.0,0.0,1.0,0.0,0.0,False,low
Positive,ಆಂಗ್ಲ ಭಾಷೆ ಬಳಸೋ ಕಾಲದಲ್ಲಿ ಅಚ್ಚ ಕನ್ನಡದಲ್ಲಿ ಸಾಹಿತ್ಯ ಬರೆದಿರುವ ಬರಹಗಾರರಿಗೆ ಕೋಟಿ ಕೋಟಿ ನಮನಗಳು,12,1.0,0.0,1.0,0.0,0.0,False,low
Negative,Karthiks Reddy ನಿಮ್ಮ ಉತ್ತರ ಆಂಗ್ಲ ಭಾಷೆಯಲ್ಲಿ ಇಲ್ವಾ ಅದೇ ಥರಾ,9,0.875,0.125,1.0,0.0,0.0,False,low
Positive,ನಿಮ್ಮ ಅನಿಸಿಕೆಗೆ ನನ್ನ ನಮನಗಳು,4,1.0,0.0,1.0,0.0,0.0,False,low
Positive,hands up guru,3,0.0,0.0,0.0,1.0,0.0,True,low
Mixed feelings,ಈ ಚಿತ್ರದಲ್ಲಿ ಯಾವ್ ರೇಂಜ್ ಗೆ ಗ್ರಾಫಿಕ್ಸ್ ಮಾಡಿದ್ದಾರೆ ಅಂತ ಮತ್ತೊಬ್ಬ vfx ಆರ್ಟಿಸ್ಟ್ ಗೆ ಗೊತ್ತಾಗೋದು,13,0.9231,0.0769,1.0,0.0,0.0,False,low
Negative,ಇದರಲು ಅಂಗ್ಲ ಇದೆ,3,1.0,0.0,1.0,0.0,0.0,True,low
Negative,ಯಪ್ಪಾ ನನ್ನ ಒಂದು ಕಾಮೆಂಟ್ 3ಕೆ ಲೈಕ್ ತಗೊಳ್ಳುತ್ತೆ.. ಆದರೆ ನನ್ನಂತ ಸಾಮಾನ್ಯ ಯೂಟ್ಯೂಬ್ ಚಾನಲ್ 3ಕೆ ಫಾಲೋವರ್ಸ್ ಮಾಡೋಕೆ ಕಷ್ಟ ಪಡ್ತಿದ್ದಿನಿ.. ನನ್ನ ಚಾನಲ್ ಅಭಿವೃದ್ದಿ ಮಾಡ್ತೀರಾ??,21,1.0,0.0,1.0,0.0,0.0,False,low
unknown state,hands up english alva,4,0.0,0.0,0.0,1.0,0.0,False,low
unknown state,@maneesh / jlu,3,0.0,1.0,1.0,0.0,0.0,True,low
Mixed feelings,KEERTHAN KUMAR ಅದು ಒಂದ್ ಪದ ಬಿಟ್ಟು ನೋಡು,7,0.8333,0.1667,1.0,0.0,0.0,False,low
Mixed feelings,Manju Manju ಅದು ಒಂದ್ ಪದ ಬಿಟ್ಟು ನೋಡು,7,0.8333,0.1667,1.0,0.0,0.0,False,low
not-Kannada,@Sujan Tejas gssgssiweg,3,0.0,1.0,1.0,0.0,0.0,True,low
Negative,ಯಾರೆಲ್ಲ ಡಿಸ್ಲೈಕ್ ಮಾಡಿದ್ದಾರೆ ಅವರೆಲ್ಲ ರಶ್ಮಿಕ ಮಂದಣ್ಣ ಅವರ ಫ್ಯಾನ್ಸ್ ಇರ್ಬೊದು    nಪಾಪ ಉರಿತಾ ಇದೆ🤣..ನಮ್ಮ ತುಳುನಾಡಿನ ಪ್ರತಿಭೆನ ನೋಡಿ...,15,1.0,0.0,1.0,0.0,0.0,False,low
Mixed feelings,Suites for pub dances,4,0.0,0.0,0.0,1.0,0.0,False,low
Positive,ಅಚ್ಚ ಕನ್ನಡ ಸಾಂಗ್ ಸೂಪರ್,4,1.0,0.0,1.0,0.0,0.0,False,low
Positive,super song sir,3,0.0,0.0,0.0,1.0,0.0,True,low
Positive,ಮೆಲ್ಲನೆ ನಶೆ ಎರಿಸೊ ಹಾಡು,4,1.0,0.0,1.0,0.0,0.0,False,low
Positive,ಸಾಹಿತ್ಯ ತುಂಬಾ ಚನ್ನಾಗಿದೆ. Dance ತುಂಬಾ ಚೆನ್ನಾಗಿದೆ. Bgm ಕೂಡ ಚನ್ನಾಗಿದೆ..,9,1.0,0.0,1.0,0.0,0.0,False,low
Positive,ಕೇಳಿ ಕಾದಿರುವ ಬಾಂಧವರೇnಭುವಿಯಲ್ಲಿ ಅವನ ಅರಿತವರೆnಯಾರಿಲ್ಲ ಬಿಡಿ,6,1.0,0.0,1.0,0.0,0.0,False,low
Positive,Yaradru sahitya haktara anta nodtidd,5,0.0,1.0,1.0,0.0,0.0,False,low
Positive,Thank u thank u so much,6,0.0,0.0,0.0,1.0,0.0,False,low
unknown state,600 ನೆ ಲೈಕ್ ನನ್ನದೇ,4,1.0,0.0,1.0,0.0,0.0,True,low
Positive,ಸಾಹಿತ್ಯ ಓದಿ ಹಾಡು ಕೇಳಿ ಆನಂದಿಸಿ.,5,1.0,0.0,1.0,0.0,0.0,False,low
Negative,Ninige bere kelsa ilvaa madoke,5,0.0,1.0,1.0,0.0,0.0,False,low
unknown state,@ganesha m by,3,0.0,0.0,0.0,1.0,0.0,True,low
unknown state,Shivu Patil,2,0.0,1.0,1.0,0.0,0.0,True,low
Mixed feelings,HANDS UP,2,0.0,0.0,0.0,1.0,0.0,True,low
Positive,Super bro,2,0.0,0.0,0.0,1.0,0.0,True,low
not-Kannada,Repeat mode pe,3,0.0,0.0,0.0,1.0,0.0,True,low
Positive,ಅವರ ಇಚ್ಛೆಯಂತೆ 300 ಕೋಟಿಗೂ ಮೀರಿ ಕಲೆಕ್ಷನ್ ಮಾಡಲಿ,7,1.0,0.0,1.0,0.0,0.0,False,low
unknown state,Song lyrics in kannada n,5,0.0,0.0,0.0,1.0,0.0,False,low
Positive,Mast song anna...... Superbbbbbbbbb,4,0.0,0.0,0.0,1.0,0.0,True,low
Positive,Stand Up for  Hands Up Song,6,0.0,0.0,0.0,1.0,0.0,True,low
Positive,ಇದು ಚರಿತ್ರೆ ಸ್ರಷ್ಟಿಸೋ ಅವತಾರ...,4,1.0,0.0,1.0,0.0,0.0,False,low
Positive,ಅದ್ಭುತವಾದ ಹಾಡುnಹಿನ್ನಲೆ ಸಂಗೀತ ಇನ್ನೂ ಅದ್ಭುತ..,5,1.0,0.0,1.0,0.0,0.0,False,low
Positive,ಸೂಪರ್ ರಕ್ಷಿತ್ ಶೆಟ್ಟಿ.....ಅಜನೀಶ್ ಲೋಕನಾಥ್ ಏನ್ ಮ್ಯೂಸಿಕ್ ಗುರು ನಿಂದು...ಉಳಿದವರು ಕಂಡಂತೆ..ಕಿರಿಕಪಾರ್ಟಿ..ಅಕಿರ..ರಂಗಿತರಂಗ..ಬೆಲ್ ಬಾಟಮ್...ಪಡ್ಡೆಹುಲಿ...ಜಾನಿ ಜಾನಿ ಎಸ್ ಪಪ್ಪ...ವಾಸು...nಅಚ್ಚ ಕನ್ನಡ ಗೀತೆಗಳುnನೀನ್ ಕೊಟ್ಟಿರೋ ಫಿಲ್ಮ್ ಎಲ್ಲ ಮ್ಯೂಸಿಕ್ ಸೂಪರ್ ಹಿಟ್,21,1.0,0.0,1.0,0.0,0.0,False,low
Negative,ಕೆಲವರು ಡಿಬಾಸ್ ಬಾಸ್ ಅಂತಾರೆnಕೆಲವರು ಯಶ್ ಬಾಸ್ ಅಂತಾರೆnಕೆಲವರು ಕಿಚ್ಚ ಬಾಸ್ ಅಂತಾರೆnಕೆಲವರು ಪುನೀತ್ ಬಾಸ್ ಅಂತಾರೆnಇನ್ನೂ ಕೆಲವರು ಶಿವಣ್ಣ ಬಾಸ್ ಅಂತಾರೆnಆದರೆ ಅವರೆಲ್ಲರೂ ಅವನಿಗಾಗಿ ಕಾಯ್ತಾಇದಾರೆnಯಾರ್ ಅವನು  nಅವನೇ ಶ್ರೀಮನ್ನಾರಾಯಣ,23,1.0,0.0,1.0,0.0,0.0,False,low
Mixed feelings,@Abhilash Gowda neen anbeda bidolo,5,0.0,1.0,1.0,0.0,0.0,False,low
Positive,Repeat mood guru,3,0.0,0.0,0.0,1.0,0.0,True,low
Mixed feelings,Hands up,2,0.0,0.0,0.0,1.0,0.0,True,low
Positive,BGM chindi,2,0.0,1.0,1.0,0.0,0.0,True,low
Mixed feelings,1st ಶೋ ಅಷ್ಟೆ ಅಲ್ಲ,4,1.0,0.0,1.0,0.0,0.0,True,low
Positive,Super song.  .....sir,3,0.0,0.0,0.0,1.0,0.0,True,low
Mixed feelings,ಯುದ್ಧ ಮಾಡಬೇಕು...  ಓದಬಾರದು.. ಕಟುಕರ ಮುಂದೆ ಭಗವದ್ಗೀತೆ,6,1.0,0.0,1.0,0.0,0.0,False,low
not-Kannada,Super movie 🤩,3,0.0,0.0,0.0,1.0,0.0,True,low
Positive,ನಾನು ನೋಡಿ ಸತತವಾಗಿ 30 ನಿಮಿಷ ಕಣ್ಣೀರು ಹಾಕಿದ ಸಿನಿಮಾ,8,1.0,0.0,1.0,0.0,0.0,False,low
not-Kannada,Inspired from korean movie Midnight Runners,6,0.0,0.0,0.0,1.0,0.0,False,low
not-Kannada,Nice movie,2,0.0,0.0,0.0,1.0,0.0,True,low
not-Kannada,Excellent movie,2,0.0,0.0,0.0,1.0,0.0,True,low
not-Kannada,Superb movie,2,0.0,0.0,0.0,1.0,0.0,True,low
not-Kannada,Super movie sir,3,0.0,0.0,0.0,1.0,0.0,True,low
not-Kannada,Wow nice movie,3,0.0,0.0,0.0,1.0,0.0,True,low
not-Kannada,Nice movie,2,0.0,0.0,0.0,1.0,0.0,True,low
Positive,Full movie up load me sir,6,0.0,0.0,0.0,1.0,0.0,False,low
not-Kannada,Kannada or Tamil?,3,0.0,0.0,0.0,1.0,0.0,True,low
not-Kannada,Full movie send.,3,0.0,0.0,0.0,1.0,0.0,True,low
not-Kannada,Rakshasan Thamil BGM🤔🤔,3,0.0,1.0,1.0,0.0,0.0,True,low
not-Kannada,Suspense movie good kannada,4,0.0,0.0,0.0,1.0,0.0,False,low
not-Kannada,Bhai kgf 2 kab ayegi,5,0.0,1.0,1.0,0.0,0.0,False,low
not-Kannada,Is movie available in hindi dubbed?,6,0.0,0.0,0.0,1.0,0.0,False,low
Positive,Kannadadalle bandilla innu,3,0.0,1.0,1.0,0.0,0.0,True,low
not-Kannada,Good one in kannada.. feel great,6,0.0,0.0,0.0,1.0,0.0,False,low
not-Kannada,I'm speechless,2,0.0,0.0,0.0,1.0,0.0,True,low
unknown state,yarella shivaji surathkal nodidira,4,0.0,1.0,1.0,0.0,0.0,False,low
Positive,ಕನ್ನಡ ಸಿನಿಮಾಗಳಿಗೆ ದಯವಿಟ್ಟು ಸಪೋರ್ಟು ಮಾಡಿ,5,1.0,0.0,1.0,0.0,0.0,False,low
Positive,Naan sigappu manithan Vishal,4,0.0,1.0,1.0,0.0,0.0,True,low
not-Kannada,I like it  war,4,0.0,0.0,0.0,1.0,0.0,False,low
not-Kannada,Salute to sandalwood,3,0.0,0.0,0.0,1.0,0.0,True,low
not-Kannada,Super movie,2,0.0,0.0,0.0,1.0,0.0,True,low
not-Kannada,Very good movie,3,0.0,0.0,0.0,1.0,0.0,True,low
not-Kannada,Suuuuper D BOSS,3,0.0,0.0,0.0,1.0,0.0,True,low
not-Kannada,Super movie sir,3,0.0,0.0,0.0,1.0,0.0,True,low
Positive,ನಮ್ಮ ದರ್ಶನ್ ಸರ್ ಪ್ರೆಸ್ ಮೀಟಲ್ಲಿ ಹೇಳಿದರು ಇಂಥ ಸಿನಿಮಾಗಳನ್ನು ನೋಡಬೇಕು ಅಂತ ಕಂಡಿ ವಾಗಿಯೂ ಸಿನಿಮಾ ನೋಡುತ್ತೇವೆ ದರ್ಶನ ಅಣ್ಣ,16,1.0,0.0,1.0,0.0,0.0,False,low
not-Kannada,Movie is super,3,0.0,0.0,0.0,1.0,0.0,True,low
not-Kannada,Super film,2,0.0,0.0,0.0,1.0,0.0,True,low
Positive,Yen film  guru super,4,0.0,0.0,0.0,1.0,0.0,False,low
Positive,ಪ್ರಜ್ವಲ್ ಸರ್ ನಟಿಸಿರುವ ಜಂಟಲ್ ಮ್ಯಾನ್ ಚಿತ್ರದ ಟ್ರೈಲರ್ ತುಂಬಾ ಚೆನ್ನಾಗಿದೆ ಆಲ್ ದ ಬೆಸ್ಟ್ ಜೆಂಟಲ್ ಮ್ಯಾನ್ ಚಿತ್ರ ತಂಡದವರಿಗೆnಇಷ್ಟ ಇದ್ರೆ ನಮ್ಮ ದೌಲತ್ ಕಿರುಚಿತ್ರದ ಫಸ್ಟ್ ಲುಕ್ ನೋಡಿ ಕೆಳಗೆ ಲಿಂಕ್ ಕೊಟ್ಟಿದ್ದೇವೆn,26,1.0,0.0,1.0,0.0,0.0,False,low
Positive,It makes history....pakka,3,0.0,0.0,0.0,1.0,0.0,True,low
not-Kannada,I m waiting,3,0.0,0.0,0.0,1.0,0.0,True,low
Positive,ಪ್ರಜ್ವಲ್ ದೇವರಾಜ್ ಈ ಸಿನಿಮಾ ನಿನ್ನ ಜೀವನದ ಅತ್ಯದ್ಭುತ ಚಿತ್ರ ಗಳಲ್ಲಿ ಒಂದು ಆಗುತ್ತೆ ಮುಂದೆ ಒಳ್ಳೆ ಕಥೆ ಗಳೂ ಮಾಡು,16,1.0,0.0,1.0,0.0,0.0,False,low
not-Kannada,Muchele dagar munde sule,4,0.0,1.0,1.0,0.0,0.0,False,low
Positive,ಸೂಪರ್ ಸೂಪರ್ ಸೂಪರ್ ಸೂಪರ್ ಸೂಪರ್ ಸೂಪರ್ ಸೂಪರ್ ಗುರು,8,1.0,0.0,1.0,0.0,0.0,False,low
Positive,Good massage anna super,4,0.0,0.0,0.0,1.0,0.0,False,low
Mixed feelings,ಸೂಪರ್ ಗುರು ಲಾಸ್ಟ್ ಅಲ್ಲಿ ಹೇಳಿದ್ರಲ್ಲ ತಿಕ ಹೊಡಿಯೋ ದೇವ್ರು ನಾ ಕಟ್ಕೊಂಡಿದಾರೆ ಅಂತ 100% ನಿಜ ಸೂಪರ್,14,1.0,0.0,1.0,0.0,0.0,False,low
not-Kannada,Super bro,2,0.0,0.0,0.0,1.0,0.0,True,low
Positive,ತುಂಬಾ ಚೆನ್ನಾಗಿ ಬೈದ್ರಿ ನಿಮ್ಮ ಒಂದೊಂದು ಮಾತು ಮುತ್ತಿನಂತದ್ದು.......,7,1.0,0.0,1.0,0.0,0.0,False,low
Negative,ನೀವೇ ಹೇಳಿರುವುದು100 ಪರ್ಸೆಂಟ್ ನಿಜ ಆದರೆ ಅಸಭ್ಯವಾಗಿ ಹೇಳದೆ  ಸಭ್ಯವಾಗಿ ಹೇಳಬಹುದಿತ್ತು,9,1.0,0.0,1.0,0.0,0.0,False,low
Negative,ಟಿಕ್ ಟಾಕ್ ಮಾಡ್ತಾ idri ಅನ್ಸುತ್ತೆn.,5,0.8,0.2,1.0,0.0,0.0,False,low
not-Kannada,Brother u r awesome,4,0.0,0.0,0.0,1.0,0.0,False,low
Positive,ಜೈ ಕನ್ನ ಡಗ,3,1.0,0.0,1.0,0.0,0.0,True,low
Mixed feelings,ಸೂಪರ್ ಗುರು ಉಗಿರಿ ಟಿಕ್ ಟ್ಯಾಕ್ ಗೆ,6,1.0,0.0,1.0,0.0,0.0,False,low
Positive,Guru super,2,0.0,0.0,0.0,1.0,0.0,True,low
not-Kannada,Such a nice bro,4,0.0,0.0,0.0,1.0,0.0,False,low
Negative,ಹೌದು ಸ್ವಾಮಿ ಇಂತ ನನ್ ಮಕ್ಕಳಿಗೆ ಎಷ್ಟು ಉಗಿದರೂ ಬುದ್ಧಿ ಬರಲ್ಲ ನಮ್ಮಲ್ಲೇ ಹೌರೆ ಶತ್ರುಗಳು ಐ ಡೋಂಟ್ ಲೈಕ್ ಚೈನಾ,16,1.0,0.0,1.0,0.0,0.0,False,low
not-Kannada,Bro  so nice videos 🤣,5,0.0,0.0,0.0,1.0,0.0,False,low
Negative,ಮಿಂಡ್ರಿ ಮಕ್ಳಿಗೆ ಸರಿಯಾಗೆ ಉಗ್ದಿದ್ದೀಯ ಗುರು,5,1.0,0.0,1.0,0.0,0.0,False,low
Positive,ಸೂಪರ್ ಗುರು,2,1.0,0.0,1.0,0.0,0.0,True,low
not-Kannada,Bro super bro,3,0.0,0.0,0.0,1.0,0.0,True,low
Mixed feelings,Modalella yellogidde ninu,3,0.0,1.0,1.0,0.0,0.0,True,low
Negative,ಅಣ್ತಮ್ಮ ಸೂಪರ್ ಆಗಿ ಉಗ್ಧಿದಿಯ. ಬೋಲೋ ಮಕ್ಳಿಗೆ. ಬಾರ್ಡರ್ ನಲ್ಲಿ ಅವ್ರ ಅಪ್ಪ ನೋ ಅಣ್ಣ ತಮ್ಮ ಯಾರಾದ್ರೂ ಇದ್ದಿದ್ರೆ ಇತರ matadtirlilla bolimaklu,18,0.8889,0.1111,1.0,0.0,0.0,False,low
Positive,Superb  guru,2,0.0,0.0,0.0,1.0,0.0,True,low
not-Kannada,Love u boss,3,0.0,0.0,0.0,1.0,0.0,True,low
Negative,ಬ್ರೋ ಅವರು ಗೆ ದೇಶದ ಬಗ್ಗೆ ಅಭಿಮಾನ ಇಲ್ಲಾ ಬಿಡಿ,8,1.0,0.0,1.0,0.0,0.0,False,low
Negative,Awalegia gandane yake hadabeku bere yaradru hadabhdal,7,0.0,1.0,1.0,0.0,0.0,False,low
Positive,Supperb Anna masth agi vedio madidhira,6,0.0,1.0,1.0,0.0,0.0,False,low
Negative,ಇವರ್ನ ಚೀನಾ ಬೋರ್ಡರ್ಗೆ ಕಳಸಬೇಕು ಗೊತ್ತ ಆಗುತ್ತೆ,6,1.0,0.0,1.0,0.0,0.0,False,low
Positive,ಗುರುವೇ ಇವತ್ತಿನಿಂದ ನಿನ್ನ ಫ್ಯಾನ್ ಆಗಬಿಟ್ಟೆ... ನನ್ನ ದೇಶಾ ನನ್ನ ಹೆಮ್ಮೆ.... ಯಲ್ಲರು ಭಾರತೀಯ ವಸ್ತುಗಳನ್ನೇ ಬಳಸಿ ಭಾರತವನ್ನು ಉಳಿಸಿ.... ಜೈ ಹಿಂದ್..... ತೆನೆ ತೆನೆ ಕುಡಿದ್ರೆ ರಾಶಿ ಹನಿ ಹನಿ ಕುಡಿದ್ರೆ ಹಳ್ಳಾ...... ಪ್ಲೀಸ್ ಯಲ್ಲರು ಇನ್ನ ಆದ್ರೂ ಒಗ್ಗಟ್ಟಾಗಿ ದೇಶದ ಪರವಾಗಿ ನಿಲ್ಲಿ.... ಜೈ ಹಿಂದ್,35,1.0,0.0,1.0,0.0,0.0,False,low
Positive,Super guru,2,0.0,0.0,0.0,1.0,0.0,True,low
not-Kannada,Super video bro,3,0.0,0.0,0.0,1.0,0.0,True,low
Negative,ಬಿಂದು ಗೌಡ ಟಿಕ್ ಟಾಕ್  ಬ್ಯಾನ್ ಆಯಿತು ಮನೇಲಿ ಪಾತ್ರೆ ತೊಳಿ,9,1.0,0.0,1.0,0.0,0.0,False,low
Negative,ಸ್ವಾಭಿಮಾನ ಇಲ್ಲಾದವರು,2,1.0,0.0,1.0,0.0,0.0,True,low
Positive,Super anna,2,0.0,0.0,0.0,1.0,0.0,True,low
not-Kannada,Ultimate bro,2,0.0,0.0,0.0,1.0,0.0,True,low
not-Kannada,Super super super,3,0.0,0.0,0.0,1.0,0.0,True,low
not-Kannada,Oooo super sir,3,0.0,0.0,0.0,1.0,0.0,True,low
Negative,ನಮ್ಮ ದೇಶದಲ್ಲಿ ಇದ್ದು ನಮ್ಮ ದೇಶದ ಅನ್ನ ತಿಂದು ಬೇರೆ ದೇಶಕ್ಕೆ ಲಾಭ ಮಾಡ್ತಾ ಇದೀರಾ ನಾಚಿಕೆ ಆಗಬೇಕು ಹಿಂತವರಿಗೆ,15,1.0,0.0,1.0,0.0,0.0,False,low
Positive,ಸೂಪರ್ ಅಣ್ಣಾ ಚನ್ನಾಗಿ ಹೇಳಿದಿರ ದೇಶ ಅಭಿಮಾನ ಅಂದ್ರೆ ಇದು ಗುರು,9,1.0,0.0,1.0,0.0,0.0,False,low
Negative,ಸಕ್ಕತ್ತಾಗಿ ಉಗಿತಿರ ಅಣ್ಣ 🤮🤮🤮ದೊಡ್ಡ ಸ್ಟಾರ್ ಥರ ಅಡಿತವೇ.....  ಥು........,8,1.0,0.0,1.0,0.0,0.0,False,low
not-Kannada,I like you guru,4,0.0,0.0,0.0,1.0,0.0,False,low
not-Kannada,Superb sir,2,0.0,0.0,0.0,1.0,0.0,True,low
Negative,Nija chapali odibeku evarigella,4,0.0,1.0,1.0,0.0,0.0,False,low
Positive,ಸೂಪರ್ ಅಣ್ಣ ನೀನು,3,1.0,0.0,1.0,0.0,0.0,True,low
Mixed feelings,Nkn sakkat guru....,3,0.0,1.0,1.0,0.0,0.0,True,low
not-Kannada,Super Assam video posted dud,5,0.0,0.0,0.0,1.0,0.0,False,low
not-Kannada,Super bro,2,0.0,0.0,0.0,1.0,0.0,True,low
Positive,Super ri bro,3,0.0,0.0,0.0,1.0,0.0,True,low
Positive,Super bro ur video,4,0.0,0.0,0.0,1.0,0.0,False,low
Negative,SUPER GURU..SARIYAGI BAYDIDYA ESHTU UGUDHRU ENNA BUDDI BARALLA KELAVU MUNDEGALIGE..,10,0.0,0.0,0.0,1.0,0.0,True,low
not-Kannada,Bro super,2,0.0,0.0,0.0,1.0,0.0,True,low
Positive,ಸೂಪರ್ ಬಾಸ್ ನೀನು ಹೇಳ್ಳೇದ್ ಕ್ರೀಟ್ ಮಾಡಿದು ಸೂಪರ್,7,1.0,0.0,1.0,0.0,0.0,False,low
not-Kannada,Tik Tok Banned Jolly Jolly  Jai Hind Jai Karnataka,9,0.0,1.0,1.0,0.0,0.0,True,low
Positive,Super  Anna,2,0.0,0.0,0.0,1.0,0.0,True,low
Positive,ಗುರು ಎಲ್ಲಿದ್ದೆ ಗುರು ಇಷ್ಟು ದಿನ🤣,5,1.0,0.0,1.0,0.0,0.0,False,low
Negative,NKn idddu ಟ್ರೋಲ್ ಅಂದ್ರೇ...  ಬ್ರೋ ನಾನು ಟಿಕ್ ಟಾಕ್ ಗೆ ಅಡಿಕ್ಟ್ ಆಗಿದ್ದೇ... ಬಟ್ ನಮ್ ದೇಶಕ್ಕಿಂತ ದೊಡ್ದಲ್ಲ  ಈ ಟಿಕ್ ಟಾಕ್... ಅಷ್ಟೇ... ಇನ್ನೋಂದ್ ವಿಷ್ಯ ನಮ್ ದೇಶದ್ ರೊಪೊಸೋ ಡೌನ್ಲೋಡ್ ಮಾಡಿ ಓಪನ್ ಮಾಡಿ ನೊಡುದ್ರು... ಅವ್ನಮ್ಮನ್  ಆ ಕಿತ್ತೋದ್  ಮುಂಡೇ ಬಿಂದು ಗೌಡ... ಅದ್ರಲ್ಲೂ ಸಾಯ್ತಾವ್ಳೇ ಗುರು.... ಅವ್ಳ್ಳಿಗೇ ಏನಾದ್ರು ಮಾಡಿ ಫೋನ್ ಯುೂಸೇ  ಮಾಡ್ಬಾರ್ದು ಆ ತರ ಟ್ರೋಲ್ ಮಾಡಿ ಬ್ರೋ....  ಅವ್ನಮ್ಮನ್ ಹಂದಿ ತಿಕದ್ ತರ ಇರೋ ಮೂತಿನ ನೊಡಕ್ಕಾಕ್ತಿಲ್ಲ....,56,0.9818,0.0182,1.0,0.0,0.0,False,low
Negative,ಎನ್ ಇಡಿಟ ಮಾಡಿದಿರಾ ಗುರುವೆ,4,1.0,0.0,1.0,0.0,0.0,False,low
Positive,Anna suprrrrrr sir,3,0.0,0.0,0.0,1.0,0.0,True,low
not-Kannada,Super Sir,2,0.0,0.0,0.0,1.0,0.0,True,low
Positive,Lovely guru super,3,0.0,0.0,0.0,1.0,0.0,True,low
not-Kannada,100%  correct bro.,3,0.0,0.0,0.0,1.0,0.0,True,low
Positive,ಸರಿಯಾಗಿ ಹೇಳಿದಿರಿ ಬ್ರದರ್,3,1.0,0.0,1.0,0.0,0.0,True,low
Negative,Enu baitira guruve,3,0.0,1.0,1.0,0.0,0.0,True,low
Positive,Super anna super,3,0.0,0.0,0.0,1.0,0.0,True,low
Positive,Super  creative   guru,3,0.0,0.0,0.0,1.0,0.0,True,low
Positive,Super guru,2,0.0,0.0,0.0,1.0,0.0,True,low
not-Kannada,Super bro... Well said....,4,0.0,0.0,0.0,1.0,0.0,True,low
Positive,Nkn chindi rost guru....,4,0.0,1.0,1.0,0.0,0.0,True,low
Negative,ಬಿಟ್ಟ  ಸ್ಥಳ ತುಂಬಿ __ ಶಟ,5,1.0,0.0,1.0,0.0,0.0,False,low
not-Kannada,Super bro,2,0.0,0.0,0.0,1.0,0.0,True,low
not-Kannada,Super  bro,2,0.0,0.0,0.0,1.0,0.0,True,low
Negative,Sariya kuyde magaaa,3,0.0,1.0,1.0,0.0,0.0,True,low
not-Kannada,Bro super  nice,3,0.0,0.0,0.0,1.0,0.0,True,low
Mixed feelings,ಟಿಕ್ ಟಾಕ್ ಸೆಡೆಗಳು,3,1.0,0.0,1.0,0.0,0.0,True,low
Negative,Yapaa devre spr agi rost madidira sprrr,7,0.0,1.0,1.0,0.0,0.0,False,low
not-Kannada,Hi super bro,3,0.0,0.0,0.0,1.0,0.0,True,low
Negative,ಅರೆ  ಜನ ಕುಣಿದು ಕುಪ್ಪಳಿಸುತಿದ್ದಾರೆ ಅಂತ Tik tok ban ಮಾಡಿಲ್ಲ. ಇದನ್ನು ಬಳಸುವ ಬಹಳಷ್ಟು ಜನಾ ಕೇಂದ್ರ ಸರಕಾರದ ವೈಫಲ್ಯ ಎತ್ತಿ ತೋರಿಸಿ,18,0.8824,0.0588,0.9412,0.0588,0.1176,False,low
Negative,ಸೂಪರ್ ಬ್ರದರ್ ಚನ್ನಾಗಿ ಯುಗ್ಲಿದಿರ ಬೇವರ್ಸಿ ನನ್ ಮಕ್ಳನ್ನ,7,1.0,0.0,1.0,0.0,0.0,False,low
not-Kannada,Super bro love India,4,0.0,0.0,0.0,1.0,0.0,True,low
Positive,Love you anna,3,0.0,0.0,0.0,1.0,0.0,True,low
Positive,ಸೂಪರ್ ಕಾಮಿಡಿ ಸ್ಪೀಚ್ ಬ್ರದರ್,4,1.0,0.0,1.0,0.0,0.0,False,low
Positive,ಸೂಪರ್  ಬ್ರದರ್,2,1.0,0.0,1.0,0.0,0.0,True,low
unknown state,Kannadada Carrynಹೊಡಿ 9,3,0.5,0.5,1.0,0.0,0.0,True,low
Negative,ಬೇವರ್ಸಿ ಚೀನಾ ನನ್ನ ಮಕ್ಕಳು,4,1.0,0.0,1.0,0.0,0.0,False,low
Positive,ಬ್ರೂ ಯೂಟ್ಯೂಬ್ ಯಾ ದೇಶಕ್ಕೆ ಸೇರಿದ್ದು ಅಂತ ಗೊತ್ತಿಲ್ಲ  ಅದರ ಬಗ್ಗೆ ಮಾಹಿತಿ ತಿಳಿಸಿಕೊಡಿ,11,1.0,0.0,1.0,0.0,0.0,False,low
Positive,ಸೂಪರ್ ಆಗಿ ಹೇಳಿದ್ದೆ ಗುರು,4,1.0,0.0,1.0,0.0,0.0,False,low
Positive,Well msg guru,3,0.0,0.0,0.0,1.0,0.0,True,low
Positive,Super bro,2,0.0,0.0,0.0,1.0,0.0,True,low
Positive,Supper  guru,2,0.0,0.0,0.0,1.0,0.0,True,low
not-Kannada,Superb nice message to all,5,0.0,0.0,0.0,1.0,0.0,False,low
not-Kannada,Bro super bro amazing speech,5,0.0,0.0,0.0,1.0,0.0,False,low
not-Kannada,Bro super bro amazing speech,5,0.0,0.0,0.0,1.0,0.0,False,low
Positive,24 ಮಿಲಿಯನ್ಸ್ ಆದ್ಮೇಲೆ ನೋಡ್ತಾ ಇರೋರು ಲೈಕ್ ಮಾಡಿ,7,1.0,0.0,1.0,0.0,0.0,False,low
Positive,Idu charitre srustiso  avathara...,4,0.0,1.0,1.0,0.0,0.0,True,low
unknown state,After 10 pm,3,0.0,0.0,0.0,1.0,0.0,True,low
Mixed feelings,24 M view,3,0.0,0.0,0.0,1.0,0.0,True,low
Negative,tune at 2,3,0.0,0.0,0.0,1.0,0.0,True,low
Positive,Super song guru,3,0.0,0.0,0.0,1.0,0.0,True,low
Positive,Super dance,2,0.0,0.0,0.0,1.0,0.0,True,low
Positive,supper song,2,0.0,0.0,0.0,1.0,0.0,True,low
Positive,ಕನ್ನಡ ಹಾಡು ವಾವ್ ಏನ್ ಸಕ್ಕತ್ತಾಗಿ ಜೈ ಕರ್ನಾಟಕ ಮಾತೆ,8,1.0,0.0,1.0,0.0,0.0,False,low
Positive,ಸಿನಿಮಾದಲ್ಲಿ ಐದಾರು ಹಾಡುಗಳು ಇಡುವ ಕಾಲದಲ್ಲಿ  ಈಡಿ ಸಿನಿಮಾದ ಕಥೆ ಒಂದು ಹಾಡಿನಲ್ಲಿ   ಆಡಗಿದೆ ಯಾರೆಲ್ಲ ಆ ಹಾಡಿಗೆ ಕಾಯುತ್ತಿದಿರ?....,15,1.0,0.0,1.0,0.0,0.0,False,low
Positive,Super song nam Kannada song,5,0.0,0.0,0.0,1.0,0.0,False,low
Mixed feelings,No its 22M views,4,0.0,0.0,0.0,1.0,0.0,True,low
Mixed feelings,Super  VP sir,3,0.0,0.0,0.0,1.0,0.0,True,low
unknown state,Hi my friend,3,0.0,0.0,0.0,1.0,0.0,True,low
unknown state,Hi my friend,3,0.0,0.0,0.0,1.0,0.0,True,low
unknown state,Me bro,2,0.0,0.0,0.0,1.0,0.0,True,low
Mixed feelings,Super danger #1,3,0.0,0.0,0.0,1.0,0.0,True,low
unknown state,Vijay prakash,2,0.0,1.0,1.0,0.0,0.0,True,low
Positive,I love you,3,0.0,0.0,0.0,1.0,0.0,True,low
not-Kannada,GOOD SONG . GREAT,4,0.0,0.0,0.0,1.0,0.0,True,low
Positive,Super song in sandalwood,4,0.0,0.0,0.0,1.0,0.0,False,low
Positive,I love you RAKSHIT...,4,0.0,0.0,0.0,1.0,0.0,True,low
Positive,Super singing by Vijay Prakash...,5,0.0,0.0,0.0,1.0,0.0,True,low
Positive,Super song  kannada,3,0.0,0.0,0.0,1.0,0.0,True,low
not-Kannada,Hindi version plzzz,3,0.0,0.0,0.0,1.0,0.0,True,low
not-Kannada,For Bollywood,2,0.0,0.0,0.0,1.0,0.0,True,low
Mixed feelings,ಇದು    ನಮ್ಮ ಕನ್ನಡ,3,1.0,0.0,1.0,0.0,0.0,True,low
Positive,Super Super song  you happy,5,0.0,0.0,0.0,1.0,0.0,False,low
Positive,ಇದು ಚರಿತ್ರೆ ಸ್ರೃಷ್ಠಿಸೋ ಅವತಾರ🤩🤩🤩,4,1.0,0.0,1.0,0.0,0.0,False,low
not-Kannada,सर आप लोगो से निवेदन है आप छत्तीसगढ़ मध्य्प्रदेश इस तरफ़ खुद की टाकीज खरीद लीजिये जिसमे सिर्फ साउथ की डब मूवी ही चलेगी आपसे रिक्वेस्ट है आप पैसा इन्वेस्ट करके दिखे छत्तीसगढ़ दुर्ग में तरुण बिग सिनेमा खाली हो रहा है आप दुर्ग में इन्वेस्ट कर सकते है nफिर क्या आप लोग धीरे धीरे पूरे हर जिलों में 1 सिनेमा घर आप अलॉट करते जाना फिर देखना आपकी हर मूवी को हम देख सकते है और अच्छा बिजनेस भी कर सकेगी,82,0.0,0.0,0.0,1.0,0.0,True,low
unknown state,@AKSHAY ANAND,2,0.0,1.0,1.0,0.0,0.0,True,low
not-Kannada,So interesting film,3,0.0,0.0,0.0,1.0,0.0,True,low
not-Kannada,Very amazing song,3,0.0,0.0,0.0,1.0,0.0,True,low
unknown state,ಗಾಳಿ ಮಾತಿನ ಬಜಾರು ಸುದ್ದಿ ಸಾರಿದೆ ಸುಮಾರು,6,1.0,0.0,1.0,0.0,0.0,False,low
not-Kannada,I like it,3,0.0,0.0,0.0,1.0,0.0,True,low
Positive,Kannada films next level,4,0.0,0.0,0.0,1.0,0.0,False,low
Negative,Nanage ಅನ್ಸುತ್ತೆ ಈ ವೀಡಿಯೋ ವನ್ನು ರಶ್ಮಿಯ ಮಂದಣ್ಣ ಫ್ಯಾನ್ಸ್ deslike ಮಾಡಿರಬಹುದು,10,0.8,0.2,1.0,0.0,0.0,False,low
Positive,Super 🤟🤟🤟🤟 song,3,0.0,0.0,0.0,1.0,0.0,True,low
Positive,Super  song,2,0.0,0.0,0.0,1.0,0.0,True,low
Positive,Super song,2,0.0,0.0,0.0,1.0,0.0,True,low
Positive,Super means super,3,0.0,0.0,0.0,1.0,0.0,True,low
Positive,I like your comments,4,0.0,0.0,0.0,1.0,0.0,False,low
Negative,ಬಿಂದು ಡವ್ ಆಂಟಿ ಮತ್ತೆ ಅವರ ಸಂಗಡಿಗರ ಉರು ಬೋಸುಡಿ / ಯರು ಅಂತ ಪ್ರೂವ್ ಮಾಡ್ತಾ ಇದಾಳೆ 🤣🤣 ತಿಕ್ ಟಾಕ್ ಮಾಡ್ಲಿಲ್ಲ ಅಂದ್ರೆ evalge ಸಂಡಸ್ ಬರುತ್ತೋ ಇಲ್ವೊ ಈ ಚೀನಾಲಿ ಗೆ🤣🤣,26,0.9583,0.0417,1.0,0.0,0.0,False,low
Positive,ಗುರು ಉತ್ತರ ಕರ್ನಾಟಕ ಭಾಷೆ ದಾಗ ಗುಮ್ಮಿದಿ ಬ್ರೋ ಸೂಪರ್,8,1.0,0.0,1.0,0.0,0.0,False,low
Positive,ಬೆಂಕಿ ಜಕಾಸ್ ಇನ್ನೂ ಹೆಚ್ಚಿನ ದಾಗಿ ರೋಸ್ಟ್ ಮಾಡಿ,7,1.0,0.0,1.0,0.0,0.0,False,low
Negative,ನೀನು ಸೂಪರ್ ಗುರು  ಆದರೆ ನಮ್ಮ ಈಗಿನ ಯುವ ಜನತೆ ಯಾಕೆ ಎ ತರ ಸಮಯ ಅಲ್ಮಾಡ್ತಾರೋ ಗೊತ್ತಿಲ,14,1.0,0.0,1.0,0.0,0.0,False,low
Positive,ಎನ್ ಹೇಳ್ದೇ ಗುರು ಸೂಪರ್ ಲವ್‌ ಯು..,6,1.0,0.0,1.0,0.0,0.0,False,low
not-Kannada,Bro I like ur speech,5,0.0,0.0,0.0,1.0,0.0,False,low
Positive,Mam osm mam ninu,4,0.0,1.0,1.0,0.0,0.0,False,low
Negative,Dagar sule munde bindu,4,0.0,1.0,1.0,0.0,0.0,False,low
Negative,Ha gandu sule maga sikkre katte mele meravanige madi kallu odedu sayisbeku,12,0.0,0.9167,0.9167,0.0833,0.1667,False,low
Negative,ಉಗಿ ಕಳ್ಳ ನನ್ ಮಕ್ಲುಗೆ,4,1.0,0.0,1.0,0.0,0.0,False,low
Positive,Super Anna ....,3,0.0,0.0,0.0,1.0,0.0,True,low
Positive,Super guru nice,3,0.0,0.0,0.0,1.0,0.0,True,low
Positive,ಬ್ರೋ ಟಿಕ್ ಟೊಕ್ ಬ್ಯಾನ್ ಮಾಡ್ಬೇಕು,5,1.0,0.0,1.0,0.0,0.0,False,low
not-Kannada,Super bro.,2,0.0,0.0,0.0,1.0,0.0,True,low
Negative,Shaata  ivrnella borderg kalsbeku gotagutte,5,0.0,1.0,1.0,0.0,0.0,False,low
not-Kannada,All indians plz uninstall  chinese app,6,0.0,0.0,0.0,1.0,0.0,False,low
Negative,Pakka evrge Tika hodyotanka buddi baralla,6,0.0,1.0,1.0,0.0,0.0,False,low
Negative,Ena kachadagolo nivu istella adru tik tok bidalla antirallo nivella nam indea davara tu nima janmakke.,16,0.0,0.9375,0.9375,0.0625,0.125,False,low
Positive,ಸೂಪರ್ ಗುರು.... ಗುರು ನಿಮ್ಮೂರು,4,1.0,0.0,1.0,0.0,0.0,False,low
Positive,Chindi BRO,2,0.0,1.0,1.0,0.0,0.0,True,low
Positive,Superb bro...... Ever green,4,0.0,0.0,0.0,1.0,0.0,True,low
Positive,Tik Tok Ban Madrappa India Dalli,6,0.0,1.0,1.0,0.0,0.0,True,low
Negative,Yalla sule makkalu jasti thu,5,0.0,1.0,1.0,0.0,0.0,False,low
Negative,Kittod nanmaklu maarayya,3,0.0,1.0,1.0,0.0,0.0,True,low
Negative,inthavaranna gadibagakke kalsbeku tik tak madli,6,0.0,1.0,1.0,0.0,0.0,False,low
Positive,NIV helthiro Hela Mathu 100% sathya Anna,7,0.0,1.0,1.0,0.0,0.0,True,low
Positive,Anna super anna  🥰🥰🥰🥰  anna mind super,7,0.0,0.0,0.0,1.0,0.0,False,low
Negative,Kolath hogiro kobhari mukadhavale🤣🤣🤣,4,0.0,1.0,1.0,0.0,0.0,True,low
not-Kannada,supper bro 100%,3,0.0,0.0,0.0,1.0,0.0,True,low
Positive,ನಗು ಬರಲ್ಲ ಅಂತ ಹೇಳಿ ನಗುಸ್ತಿರಲ್ಲ ಬ್ರೊ,6,1.0,0.0,1.0,0.0,0.0,False,low
Negative,ಮೊಸರು ನನ್ನ ಮಗನ ಫಸ್ಟ್ ಟ್ರೋಲ್ ಮಾಡಿ ಬ್ರೋ ಮತ್ತೆ ಈ ಟಿಕ್ ಟಾಕ್ ಸೂಳೆಮಕ್ಕಳು ನ ತಿಕಹೊಡಿ ಬ್ರೋ,15,1.0,0.0,1.0,0.0,0.0,False,low
not-Kannada,I like good job,4,0.0,0.0,0.0,1.0,0.0,False,low
not-Kannada,Super songs bro,3,0.0,0.0,0.0,1.0,0.0,True,low
Positive,ಎಲ್ಲರೂ ನಾಳೆ ಅವನ ದರ್ಶನಕ್ಕೆ ಕಾಯುತಿದ್ದಾರೆ ಯಾರವನು???nಅವನೇ ಶ್ರಿಮನ್ನಾರಾಯಣnನಾಳೇನೇ ಅವನ ದರ್ಶನ ಯಾರ್ಯಾರು ಪಡೆಯುವಿರಿ,11,1.0,0.0,1.0,0.0,0.0,False,low
not-Kannada,Super song like please,4,0.0,0.0,0.0,1.0,0.0,False,low
Mixed feelings,Idu kannadada chitra........,3,0.0,1.0,1.0,0.0,0.0,True,low
Positive,ಅವನೇ ಶ್ರೀಮಾನ್ ನಾರಾಯಣ .. ಕುಡುಕನ ವರ್ಷನ್..nnಹೇ.. ನಿಮ್ಮನ್ನೆಲ್ಲ ಯಾರೋ ಒಳಾಗ್ ಬಿಟ್ಟಿದ್ದೂ..nnನನ್ ಮುಖ ನೋಡಿ ಕೇಳ್ತಿದೀಯಾnnಬೋರ್ಡು ಕಾಣುಸ್ತಾ ಇಲ್ವಾ,15,1.0,0.0,1.0,0.0,0.0,False,low
unknown state,Hen music guru,3,0.0,0.0,0.0,1.0,0.0,True,low
Positive,ತುಂಬಾ ಚೆನ್ನಾಗಿದೆ ಕನ್ನಡ ಬೆಳಸಿ ಕನ್ನಡ ಊಳಿಸಿ,6,1.0,0.0,1.0,0.0,0.0,False,low
not-Kannada,Kannada super song.....super boss..... hands up,6,0.0,0.0,0.0,1.0,0.0,False,low
Positive,ಕಂಕಣ ಸೂರ್ಯಗ್ರಹಣದ ಸಮಯದಲ್ಲಿ ಯಾರು ಯಾರು ಈ ಸಂಗೀತವನ್ನು ಕೇಳುತ್ತಿರುವದು.. ಇಷ್ಟ ಮಾಡಿ,10,1.0,0.0,1.0,0.0,0.0,False,low
unknown state,ರಾಬರ್ಟ್ ಫಸ್ಟ್ ಲುಕ್  ನೋಡಿದ್ದೀರಾ ಲೈಕ್ ಮಾಡಿ,6,1.0,0.0,1.0,0.0,0.0,False,low
unknown state,He he he..,3,0.0,0.0,0.0,1.0,0.0,True,low
Mixed feelings,ಕಂಕಣ ಸೂರ್ಯ ಗ್ರಹಣದ ಸಮಯದಲ್ಲಿ ಯಾರ್ ಯಾರ್ ನೋಡ್ತಿದ್ದಿರಾ...,7,1.0,0.0,1.0,0.0,0.0,False,low
not-Kannada,More than 10 times viewers like here,7,0.0,0.0,0.0,1.0,0.0,False,low
unknown state,Hands up ‍‍‍,3,0.0,0.0,0.0,1.0,0.0,True,low
Positive,ರಕ್ಷಿತ್ ಶೆಟ್ಟಿ ಸಿನಿಮಾ ಹಾಗೂ ಹಾಡು  ಒಂದೇ  ರೀತಿ ಒಮ್ಮೆ ನೋಡಿದರೆ  ಅರ್ಥ  ಆಗಲ್ಲ ಮತ್ತೊಮ್ಮೆ  ನೋಡಿದರೆ ಮಾತ್ರ ಕನೆಕ್ಟ್  ಆಗುತ್ತೆ  ಎಂದು ಮತ್ತೊಮ್ಮೆ ಕೇಳುವವರು  ಹಾಗೂ ನೋಡುವವರು  ಲೈಕ್ ಮಾಡಿ,23,1.0,0.0,1.0,0.0,0.0,False,low
Positive,ರಕ್ಷಿತ್  ನಿಮ್ಮ  ಕೈಯಲ್ಲಿ  ಕನ್ನಡ   nಸುರಕ್ಷಿತ,5,1.0,0.0,1.0,0.0,0.0,False,low
Positive,ಹಿತಿಹಾಸ ಬದಲಾಯಿಸಿದಿರಿ ನೀವು.,3,1.0,0.0,1.0,0.0,0.0,True,low
Positive,ಸೂಪರ್ ಸಾಂಗ್ .,3,1.0,0.0,1.0,0.0,0.0,True,low
not-Kannada,Hands up super song,4,0.0,0.0,0.0,1.0,0.0,False,low
Negative,ಈ ಫಿಲ್ಮ್ ಯಾವ ಲೆವೆಲ್ಲಿಗೆ Super Hit ಆಗಬೇಕು ಅಂದ್ರೆ ರಶ್ಮಿಕಾ ಮಂದಣ್ಣ ಮುಟ್ಟಿ ನೋಡಿಕೊಳ್ಳುವ ಹಾಗೆ,13,1.0,0.0,1.0,0.0,0.0,False,low
Negative,Urkond Sai beku,3,0.0,1.0,1.0,0.0,0.0,True,low
unknown state,100 times correct,3,0.0,0.0,0.0,1.0,0.0,True,low
unknown state,Slow poisoning song,3,0.0,0.0,0.0,1.0,0.0,True,low
Positive,ಸಾಹಿತ್ಯ ಬಹಳ ಸೊಗಸಗಿದೆ ಇದು ಕನ್ನಡದ ಹಾಡು,6,1.0,0.0,1.0,0.0,0.0,False,low
Positive,ದೃಷ್ಟಿ ಇವನೊಬ್ಬನ ಮೇಲಿಡಿ nತಪ್ಪದು ನಿಜ ಮನರಂಜನೆ,6,1.0,0.0,1.0,0.0,0.0,False,low
not-Kannada,BGM SOUND SUPER  SONG SUPER,5,0.0,1.0,1.0,0.0,0.0,True,low
Positive,ನೀ ಬೇಳಿಬೇಕು ಬ್ರದರ್ nಇನ್ನೂ ಎತ್ತರಕ್ಕೆ,5,1.0,0.0,1.0,0.0,0.0,False,low
Positive,ಸಕ್ಕತ್ ಸಾಂಗೂ ಗುರು,3,1.0,0.0,1.0,0.0,0.0,True,low
not-Kannada,I love song I'll supppppr,5,0.0,0.0,0.0,1.0,0.0,True,low
Mixed feelings,Poorthi hadanna ACCHA KANNADALLI baridavarige abinandanegalu.....,6,0.0,1.0,1.0,0.0,0.0,True,low
not-Kannada,Super Rakshit sir super super song super,7,0.0,0.0,0.0,1.0,0.0,False,low
Negative,ಬಿಟ್ಟ ಹೋಗಿರೋ ರಶ್ಮಿಕಾ ಗೆ ಹೇಗ್ ಆಗ್ಬೇಕು ಗೊತ್ತಾ ಯಾಕಾದ್ರೂ ಬಿಟ್ಟ ಹೋದೆ ರಕ್ಷಿತ ಅವರನ್ನ ಅಂತ ಫೀಲ್ ಆಗ್ಬೇಕು ಆ ತರಾ success ನಿಮ್ಮದಾಗಲಿ ಶ್ರೀನಮ್  ನಾರಾಯಣ ಸಿನಿಮಾ,22,0.9545,0.0,0.9545,0.0455,0.0909,False,low
Negative,Yes Nam ura hudgange mosa Madi hodlu ..amele Nam Karnataka kk avmana madidlu avlige yakadru hode ansbeku,17,0.0,0.9231,0.9231,0.0769,0.1538,False,low
unknown state,Manu Lachchi fa)ks,3,0.0,1.0,1.0,0.0,0.0,True,low
unknown state,@Manju Flower cbv,3,0.0,1.0,1.0,0.0,0.0,True,low
not-Kannada,Super,1,0.0,0.0,0.0,1.0,0.0,True,low
Positive,ರಕ್ಷಿತ್ ಶೆಟ್ಟಿ ಅಭಿಮಾನಿಗಳು ಈ ಹಾಡಿಗೊಂದು ಲೈಕ್ ಮಾಡಿ,7,1.0,0.0,1.0,0.0,0.0,False,low
Positive,Wonderfull Song...nಎಷ್ಟು ಸಲ ಕೇಳಿದರು... nಮೋಬೈಲ್ ಬ್ಯಾಟರಿ ಕಡಿಮೆಯಾಗುತ್ತದೆ ಹೊರತು ಹಾಡು ಬೇಜಾರಾಗಲಾರದು...nಪುಣ್ಯಾತ್ಮರ ಕಾರಣವಿಲ್ಲದೆ ಡಿಸ್ಲೈಕ್ ಒತ್ತಬೇಡಿnಏನಿದೆ ಇಷ್ಟವಾಗದ್ದು ಇದರಲ್ಲಿ...nAll The Best ASN Team...,19,0.9333,0.0667,1.0,0.0,0.0,False,low
Mixed feelings,song's1 idena 🤔,3,0.0,1.0,1.0,0.0,0.0,True,low
not-Kannada,Super song,2,0.0,0.0,0.0,1.0,0.0,True,low
Positive,ಸ್ಪಷ್ಟವಾದ  ಕನ್ನಡ,2,1.0,0.0,1.0,0.0,0.0,True,low
unknown state,ಹೌದು ಕನ್ನಡತಿ ಭುವನ ಅವ್ರೆ.ಜೈ ಕರ್ನಾಟಕ ಮಾತೆ.ಜೈ ಭುವನೇಶ್ವರಿ ತಾಯಿ.ಜೈ ಕನ್ನಡಿಗ.ಜೈ ಕನ್ನಡತಿ ಕಣ ಕಣದಲ್ಲೂ ಕನ್ನಡ.ಕನ್ನಡವೇ ಸತ್ಯ.ಕನ್ನಡವೇ ನಿತ್ಯ. ಸಿರಿಗನ್ನಡಂ ಗೆಲ್ಗೆ. ಸಿರಿಗನ್ನಡಂ ಬಾಳ್ಗೆ.ಕನ್ನಡದ ಭಕ್ತ ಶಿವರಾಮ್ ಗೌಡ ಮಂಡ್ಯ.6363014117.8296261615.,23,1.0,0.0,1.0,0.0,0.0,False,low
Negative,@Krishna Tirividi 🤦‍🤦‍,3,0.0,0.0,0.0,1.0,0.0,True,low
unknown state,@Bhimrao Naik nIde beda anta helodu,6,0.0,1.0,1.0,0.0,0.0,False,low
Mixed feelings,@Krishna Tirividi yes support all kannada cinema,7,0.0,0.0,0.0,1.0,0.0,False,low
Positive,ಈ ಕನ್ನಡ ಚಿತ್ರದ ಬಗ್ಗೆ ನನಗೆ ತುಂಬಾ ಹೆಮ್ಮೆ ಇದೆ. ಅವರು ಸಾಕಷ್ಟು ಪ್ರಚಾರವನ್ನು ಮಾಡಲಿಲ್ಲ. ಅವರು ಸ್ಪರ್ಧಾತ್ಮಕ ಜಗತ್ತಿನಲ್ಲಿದ್ದಾರೆ ಎಂಬುದನ್ನು ಅವರು ಮರೆತಿದ್ದಾರೆಯೇ? ನನ್ನ ಹೃದಯ ಕಳೆದುಹೋಗಿದೆ,21,1.0,0.0,1.0,0.0,0.0,False,low
Positive,#Dia ರೀ ರಿಲೀಸ್ ಮಾಡಿ,4,0.75,0.25,1.0,0.0,0.0,False,low
Positive,#ದಿಯಾ  ರೀ ರಿಲೀಸ್ ಮಾಡಿ,4,1.0,0.0,1.0,0.0,0.0,False,low
Mixed feelings,Good movie... Thanks die Team... Sorry.,6,0.0,0.0,0.0,1.0,0.0,True,low
Negative,ಟೆಲಿಗ್ರಾಮ್ ಅಂತ  app  ಇದೆ ಅದನ್ನ ಮೊದಲು ಬ್ಯಾನ್ ಮಾಡ್ಸಿ ಸರಿಹೋಗತ್ತೆ ...ಹೊಸ ಕನ್ನಡ ಸಿನಿಮಾ ರೀಲಿಸ್ ನಾಳೆಗೆ ಬಂದಿರುತ್ತೆ ಮೊಬೈಲ್ ಗೆ ಟೆಲಿಗ್ರಾಮ್ ಅಲ್ಲಿ,19,0.9474,0.0,0.9474,0.0526,0.1053,False,low
Negative,ಏನ್ ಹೇಳೋಣ.....?nSimply ಸೂಪರ್.......nದಿಯಾ ಮಾತ್ರ ಅಲ್ಲ... ಇಂಥಹ ಹಲವು ಸಿನಿಮಾಗಳು  ಗೆಲ್ಲುತ್ತಾ ಇಲ್ಲ...ನನ್ನ ಪ್ರಕಾರ ಥಿಯೇಟರ್ ನ ಟಿಕೆಟ್ ಬೆಲೆ ಕಡಿಮೆ ಅಗಬೇಕು.,17,1.0,0.0,1.0,0.0,0.0,False,low
Negative,7 ವರ್ಷ ಕಷ್ಟಪಟ್ಟು ಮಾಡಿರೋ ಸಿನಿಮಾವನ್ನು ಸರಿಯಾದ ಸಮಯಕ್ಕೆ ಬಿಡುಗಡೆ ಮಾಡ್ಬೇಕಿತ್ತು ಸರ್... ಕೊರೋನಾ ವೈರಸ್ ಬಗ್ಗೆ ತಿಂಗಳ ಹಿಂದೆ ಮಾಹಿತಿ ಇತ್ತು.. ನನ್ನ ಪ್ರಕಾರ ಸಿನಿಮಾ ಸೋತಿದ್ದೇ ಆಗಿದ್ರೆ ಅದು ನಿಮ್ಮದೇ ತಪ್ಪಿಂದ... ಆದ್ರೆ ಇಂತ ಅದ್ಬುತ ಸಿನಿಮಾವನ್ನು ಇನ್ನೊಮ್ಮೆ ರಿ ರಿಲೀಸ್ ಮಾಡಿ ಸರ್....,34,1.0,0.0,1.0,0.0,0.0,False,low
Negative,ಪ್ರತಿವೊಬ್ಬ ವ್ಯಕ್ತಿ ಜೀವನದಲ್ಲಿ ಆಗುವಂತ ಕಥೆ . ನಿಜಕು ಈ ಫಿಲಂ ಫೀಲಿಂಗ್ ನು ವ್ಯಕ್ತ ಪಡಿಸುತೆ .,14,1.0,0.0,1.0,0.0,0.0,False,low
Positive,ಕರೋನಾ ವೈರಸ್ ಹಾವಳಿ ಮುಗಿದ ನಂತರ ಮತ್ತೆ ತೆರೆಗೆ ತನ್ನಿ ದಯವಿಟ್ಟು,9,1.0,0.0,1.0,0.0,0.0,False,low
Positive,ಇನ್ನೊಮ್ಮೆ ಬಿಡುಗಡೆ ಮಾಡಿ ಗೆಲ್ಸೋ ಜವಾಬ್ದಾರಿ ನಮ್ಮದು....#ಮತ್ತೊಮ್ಮೆ ದಿಯಾ.,7,1.0,0.0,1.0,0.0,0.0,False,low
Positive,Super Film Dia,3,0.0,0.0,0.0,1.0,0.0,True,low
Positive,ದಿಯಾ ಅದ್ಭುತ ಚಿತ್ರ! ನನ್ನ ಪ್ರಕಾರ ಯಾಕೆ ಈ ಚಿತ್ರ ಸಿನೆಮಾದಲ್ಲಿ ಓಡಿಲ್ಲಾ ಅಂತ ನನ್ನ ಅನಿಸಿಕೆ  ಹೇಳುತ್ತೇನೆ,14,1.0,0.0,1.0,0.0,0.0,False,low
Mixed feelings,ಇಂತ ಮೂವಿ ನಾ ಥಿಯೇಟರ್ ನಲ್ಲಿ ನೋಡಿಲ್ಲ ಅಂತ ತುಂಬಾ ಪಶ್ಚಾತಾಪ ಆಗ್ತಿದೆ,10,1.0,0.0,1.0,0.0,0.0,False,low
Mixed feelings,ಚಿತ್ರ ಗೆದ್ದಿದೆ ಆಧರೆ nಪ್ರೇಕ್ಷಕ ಸೋತಿದ್ದಾನೆ,5,1.0,0.0,1.0,0.0,0.0,False,low
Positive,I love you Dia..,4,0.0,0.0,0.0,1.0,0.0,True,low
Positive,ಡೈರೆಕ್ಟರ್ ಗೆ  ಶರಣು,3,1.0,0.0,1.0,0.0,0.0,True,low
Negative,ಈಗಿನ ಬಿಜಿ ಕೆಲಸಗಳಲ್ಲಿ  ಸಮಯ  ದೊರೆಯದೆ ಸಿನಿಮಾ ಗಳನ್ನು ಥಿಯೇಟರ್ ಗಳಲ್ಲಿ ನೋಡಲು ಸಾಧ್ಯವಾಗಿರುವುದಿಲ್ಲ ಯಾವುದೇ ಸಿನಿಮಾ ನಾವು ಎಲ್ಲೇ ನೋಡಿದರು ಸಾಮಾನ್ಯ ಪ್ರೇಕ್ಷಕನಿಗೆ ಒಪ್ಪಿಗೆಯಾದಲ್ಲಿ ಅಯ್ಯೋ ಇಂತಹ ಒಳ್ಳೆಯ ಚಿತ್ರವನ್ನು ಚಿತ್ರಮಂದಿರದಲ್ಲಿ ಹಣವನ್ನು ಕೊಟ್ಟು ವೀಕ್ಷಿಸಲು ಸಾಧ್ಯವಾಗದಿರುವುದಕ್ಕೆ ನನ್ನ ಹಾಗೆ ಎಷ್ಟು ಜನ ಪಶ್ಚಾತಾಪ ಪಟ್ಟಿರುತ್ತಾರೆ ಇನ್ನು ಮುಂದೆ ದಯವಿಟ್ಟು ಚಿತ್ರಗಳ ನಿರ್ಮಾಪಕರ ಹಾಗೂ ನಿರ್ದೇಶಕರ ವಾಟ್ಸಪ್ ಫೇಸ್ಬುಕ್ನಲ್ಲಿ ತಮ್ಮ ಅಕೌಂಟ್ ನಂಬರನ್ನು ಅಥವಾ ಗೂಗಲ್ ಪೇ ಫೋನ್ ಪೇ ಸಂಬಂಧಪಟ್ಟ ನಂಬರ್ ಗಳನ್ನು ನಮೂದಿಸಿ ದಲ್ಲಿ ಸಿನಿಮಾ ಬಗ್ಗೆ ನಮ್ಮ ಅಭಿಪ್ರಾಯಗಳ ಸಮೇತ ತಮಗೆ ಹಣ ಸಂದಾಯ ಸಹಾಯ ರೂಪದಲ್ಲಿ ನೆರವಾಗುವ ಕಾರ್ಯಕ್ಕೆ ಕರ್ನಾಟಕ ಪ್ರೇಕ್ಷಕರಿಂದಲೇ ಚಾಲನೆ ಸಿಗಲಿnnಯಾರಿಗೊತ್ತು ಮುಂದೆ ಇದೇ ಹಣ ಸಾವಿರ ಗಳಲ್ಲಿ ಪ್ರಾರಂಭವಾಗಿ ಲಕ್ಷ ಅಥವಾ ಕೋಟಿಗಟ್ಟಲೆ ಆಗಬಹುದು ದಯವಿಟ್ಟು ನಿರ್ಮಾಪಕರು ನಿರ್ದೇಶಕರು ಅನ್ಯತಾ ತಪ್ಪು ತಿಳಿಯಬಾರದು.,88,1.0,0.0,1.0,0.0,0.0,False,low
Positive,Wonderful movie Osm,3,0.0,0.0,0.0,1.0,0.0,True,low
Positive,ಹೌದು ಸರ್ ಫಿಲ್ಮ್ ಸೂಪರ್ ಡುಪರ್ nಜನ ಯಾಕೇ ಬರುತ್ತಿಲ್ಲ ಅಂದರೆ ನನ್ನ ಪ್ರಕಾರ ಕರೊನಾ ವೈರಸ್ ಮೂಲಾ,14,1.0,0.0,1.0,0.0,0.0,False,low
Positive,ಇಂತ  ಸಿನಿಮಾ   ಕನ್ನಡ ಚಿತ್ರರಂಗಕ್ಕೆ   ಬೇಕು,5,1.0,0.0,1.0,0.0,0.0,False,low
Mixed feelings,ನಾನು ಕೇಳಿರುವಹಾಗೆ ಪುಟ್ಟಣ್ಣ ಕಣಗಾಲ್ ರವರ ರಂಗನಾಯಕಿ ಚಿತ್ರ ಕೂಡ ಮೊದಲನೇ ಬಾರಿ ತೆರೆಕಂಡಾಗ ಜನರು  ಮಿಶ್ರ ಪ್ರತಿಕ್ರೆಯೆ ನೀಡಿದ್ದರು ಏಕೆ ಎಂಬುವುದು ಯಕ್ಷ ಪ್ರಶ್ನೆ ಆದರೆ ದೇವರ ಮೇಲೆ ಭಾರಹಾಕಿ ಎರಡನೇಸಲ ಬಿಡುಗಡೆ ಮಾಡಿದಾಗ ಅದಕ್ಕೆ ಸಿಕ್ಕ ಪ್ರತಿಕ್ರಿಯೆ ಅಬೂತಪೂರ್ವಕ ನಿರ್ಮಾಪಕರಿಗೆ ತುಕ್ಕಿಡಿದ ಕಬ್ಬಿಣ ವಾಗಿದ್ದ ಸಿನಿಮಾ ಈಗ ಚಿನ್ನದ ಗಟ್ಟಿಯಾಗಿ ಹೊರಹೊಮ್ಮಿತು n ಹೀಗಾಗಿ ನಾನು ಚಿತ್ರತಂಡದಲ್ಲಿ ಮಾಡುವ ಕಳಕಳಿ ವಿನಂತಿ ಧಯಮಾಡಿ ಸಿನಿಮಾವನ್ನು (Corona effect )ಬಳಿಕ Re-Release ಮಾಡಿ nನನ್ನ ಈ ಕೋರಿಕೆಯನ್ನು ಚಿತ್ರತಂಡಕ್ಕೆ ತಿಳಿಸಿ,58,0.931,0.0172,0.9483,0.0517,0.1034,False,low
Positive,ಮೊವಿ ಸೂಪರ್ ಇಂತ ಒಳ್ಳೆ ಡೈರೆಕ್ಟರ್,5,1.0,0.0,1.0,0.0,0.0,False,low
Negative,ನಾನು‌ ಕೂಡ ಮೊಬೈಲ್‌ನಲಿ‌ ನೊಡಿದ್ದೆನೆ ಎಂಬ ಪ್ರಜ್ನೆ ಕಾಡತಾ ಇದೆ...ನಿರ್ಮಾಪಕರ ಖಾತೆ‌ ನಂ. ಹಾಕಿ‌ ದುಡ್ಡು ಹಾಕುವ.,13,1.0,0.0,1.0,0.0,0.0,False,low
Positive,ಕನ್ನಡದ ಅತ್ಯುತ್ತಮ ಚಿತ್ರ ದಿಯಾ ಅಂದರೆ ತಪ್ಪಾಗಲಾರದು..ಪುನಃ ರೀ ರಿಲಿಸ್ ಮಾಡಬೇಕು....,9,1.0,0.0,1.0,0.0,0.0,False,low
Positive,Master piece movie,3,0.0,0.0,0.0,1.0,0.0,True,low
Positive,Superb movieeeeeee ....,3,0.0,0.0,0.0,1.0,0.0,True,low
Negative,Plz send account details,4,0.0,0.0,0.0,1.0,0.0,False,low
Positive,Superb movie sir,3,0.0,0.0,0.0,1.0,0.0,True,low
Negative,ಇಡೀ ಸಿನಿಮಾ ಎಲ್ಲಿಯೂ ಕೂಡ ಬೇಸರ ಪಡಿಸದೆ ಉತ್ತಮವಾಗಿ‌ ಪ್ರೇಕ್ಷಕರ ಮನಸ್ಸನ್ನ  ಸೆಳೆಯುವಂತೆ ಮೂಡಿ ಬಂದಿದೆ ಗುಡ್ ಲಕ್ ಬ್ರದರ್,15,1.0,0.0,1.0,0.0,0.0,False,low
Mixed feelings,BECAUSE ONLY CORONA...n&nPIRACY...,3,0.0,0.0,0.0,1.0,0.0,True,low
Positive,ಸ್ವಲ್ಪ ದಿನದ ಹಿಂದೆ ಈ ಮೂವಿ ನೋಡ್ದೆ ನಿಜವಾಗಲೂ ಅದ್ಬುತವಾದ ಮೂವಿ... ಥೀಯೇಟರ್ನಲ್ಲಿ  ನೋಡ್ಲಿಲ್ವಾಲ ಅಂತ ತುಂಬಾ  ಫೀಲ್ ಆಯ್ತು..,15,1.0,0.0,1.0,0.0,0.0,False,low
Positive,ದಿಯಾ ತುಂಬಾ ಚೆನ್ನಾಗಿ ಇದೆ ಎಲ್ಲರೂ ನೊಡಿ ಆದರೆ ಚಿತ್ರಕ್ಕೆ ಸರಿಯಾದ climax ಬೆಕಾಗಿತ್ತು,11,0.9091,0.0,0.9091,0.0909,0.1818,False,low
Positive,ಈ ವರ್ಷದ ಅತ್ಯುತ್ತಮ ಚಿತ್ರಗಳು ದಿಯಾ & ಲವ್ ಮಾಕ್ಟೇಲ್....,8,1.0,0.0,1.0,0.0,0.0,False,low
Negative,ಪ್ರಚಾರದ ಕೊರತೆಯಿಂದ ಈ ಸಿನಿಮಾ ಸೊತಿದೆ......,5,1.0,0.0,1.0,0.0,0.0,False,low
Mixed feelings,An untold feelings,3,0.0,0.0,0.0,1.0,0.0,True,low
Positive,Love u team,3,0.0,0.0,0.0,1.0,0.0,True,low
unknown state,Diya,1,0.0,1.0,1.0,0.0,0.0,True,low
Positive,Ivaribbarde daralli ellrigu ista agodu,5,0.0,1.0,1.0,0.0,0.0,False,low
Positive,ತುಂಬಾ ಕಾಡುತ್ತೆ ಈ ಸಿನಿಮಾದ ಕಥೆ.....nಈ ಸಿನಿಮಾನ ನೋಡಿದವರು..  ಕಥಾ ಶ್ರೀಮಂತಿಕೆಯನ್ನು..  ಭಾವನೆಗಳ ಭಾವವನ್ನು  ತಮ್ಮ ಮನಸ್ಸಿನಲ್ಲಿ ತಾವೇ ಅನುಭವಿಸುವುದು ಖಂಡಿತ........n# ದಿಯಾ # ಸರಳ ಸಹಜ ಸುಂದರ ಸಿನಿಮಾ......,22,1.0,0.0,1.0,0.0,0.0,False,low
Negative,ದಿಯಾ ಮತ್ತು ಲವ್ ಮಾಕಟೆಲ ಚಿತ್ರದ ಬಗ್ಗೆ ಪ್ರಚಾರ ಕಮ್ಮಿ ಆಗಿದೆ,9,1.0,0.0,1.0,0.0,0.0,False,low
unknown state,Bere bashyalli anuvadha maadi,4,0.0,1.0,1.0,0.0,0.0,False,low
Negative,ನನ್ನ ಪ್ರಕಾರ ಸಿನೆಮಾದ ಹೆಸರಿನ ಬಗ್ಗೆ ಇನ್ನಷ್ಟು ಗಮನ ಹರಿಸಬೇಕಿತ್ತು ಅನ್ನಿಸುತ್ತಿದೆ,9,1.0,0.0,1.0,0.0,0.0,False,low
Positive,Awesome movie sir,3,0.0,0.0,0.0,1.0,0.0,True,low
Positive,Amazing film.. .. .. .. .. .. .. .,9,0.0,0.0,0.0,1.0,0.0,True,low
Positive,ನಿಮ್ಮ ದ್ವನಿ ಹೀಗೆ ಬರಲಿ ಸರ್ ಟ್ರೈಲರ್ ಅದ್ಭುತವಾಗಿದೆ,7,1.0,0.0,1.0,0.0,0.0,False,low
Negative,TUNNE YASH BOLIMAGANE,3,0.0,1.0,1.0,0.0,0.0,True,low
Positive,ಎಲ್ಲಾ ಯಶ್ ಬಾಸ್ ಅಭಿಮಾನಿಗಳಿಂದ ಶುಭ ಹಾರೈಸುತ್ತೇವೆ,6,1.0,0.0,1.0,0.0,0.0,False,low
Negative,SHYATA YASH,2,0.0,1.0,1.0,0.0,0.0,True,low
Mixed feelings,ಪ್ರಜ್ವಲ್ ಹೊಸ ತನದ ಸಿನಿಮಾ ಇದೆ ಅನಿಸತ್ತೆ,6,1.0,0.0,1.0,0.0,0.0,False,low
not-Kannada,Looks promising..,2,0.0,0.0,0.0,1.0,0.0,True,low
Positive,ಡಿ ಬಾಸ್ ಅಭಿಮಾನಿ ಸೂಪರ್ ಗುರು,5,1.0,0.0,1.0,0.0,0.0,False,low
Positive,ನಮ್ಮೆಲ್ಲರ ನೆಚ್ಚಿನ ನಟ ಪ್ರಜ್ವಲ್ ಅವರಿಗೆ ಅದ್ಬುತ ಯಶಸ್ಸು ಸಿಗಲಿ,8,1.0,0.0,1.0,0.0,0.0,False,low
Positive,ಸೂಪರ್ ಜೈ ಡಿ ಬಾಸ್,4,1.0,0.0,1.0,0.0,0.0,False,low
Positive,ಡಿ ಬಾಸ್ ಅಭಿಮಾನಿಗಳ ಕಡೆಯಿಂದ ಆಲ್ ದೀ ಬೆಷ್ಟ ಸೂಪರ್ ಟ್ರೇಲರ,9,1.0,0.0,1.0,0.0,0.0,False,low
Positive,Most handsome Kannada film industry,5,0.0,0.0,0.0,1.0,0.0,False,low
Positive,ಅಪ್ಪು ಫ್ಯಾನ್ಸ್ ಲೈಕ್ ಹಿಮ್,4,1.0,0.0,1.0,0.0,0.0,False,low
Positive,Superb trailer ......,3,0.0,0.0,0.0,1.0,0.0,True,low
Positive,ಜಂಟಲ್ ಮ್ಯಾನ್ ಟ್ರೈಲರ್ ತುಂಬಾ ಅದ್ಭುತವಾಗಿ ಮೂಡಿ ಬಂದಿದೆ ಎಲ್ಲರೂ ನೋಡಿ ತಪ್ಪದೇ ಶೇರ್ ಮಾಡಿ ಜೆಂಟಲ್ ಮ್ಯಾನ್ ಚಿತ್ರ ತಂಡದವರಿಗೆ ಸಪೋರ್ಟ್ ಮಾಡಿn,18,1.0,0.0,1.0,0.0,0.0,False,low
Positive,ಯಾದಗಿರಿ ಜಿಲ್ಲಾ ಶಾಪುರ್ ತಾಲ್ಲೂಕು ಡಿ ಬಾಸ್ ಅಭಿಮಾನಿಗಳು   ಕಡೆಯಿಂದ ಪ್ರಜ್ವಲ್ ದೇವರಾಜ್ ಮೂವಿ ಜೆಂಟಲ್ಮ್ಯಾನ್ all theಬೆಸ್ಟ್ ಸೂಪರ್ ಟ್ರೈಲರ್,16,0.9375,0.0,0.9375,0.0625,0.125,False,low
Negative,ರೀಮೇಕ್ ಮೂವಿ....ಇರ್ಬೇಕು ತಮಿಳ್ ವಿಶಾಲ್ ದು ಅಲ್ವಾ,6,1.0,0.0,1.0,0.0,0.0,False,low
unknown state,@Chethan Chethu ಜೈ ಡಿ ಬಾಸ್,5,0.75,0.25,1.0,0.0,0.0,False,low
unknown state,@psushilshankar ENT.,2,0.0,1.0,1.0,0.0,0.0,True,low
Positive,ಡಿ ಬಾಸ್ ಅಭಿಮಾನಿಗಳಿಂದ nಶುಭ ಆರೈಕೆ,5,1.0,0.0,1.0,0.0,0.0,False,low
unknown state,Let's pray,2,0.0,0.0,0.0,1.0,0.0,True,low
Positive,ವಾವ್ ಸೂಪರ್ ಹಿಟ್,3,1.0,0.0,1.0,0.0,0.0,True,low
Positive,HAI NANOO KOODA ...BHARATHnNANGU ASTE NIDDE ONDU DODDA KAYILE...AGIDE,9,0.0,1.0,1.0,0.0,0.0,True,low
unknown state,1st view bro,3,0.0,0.0,0.0,1.0,0.0,True,low
Positive,ಡಿ ಬಾಸ್ ಅಭಿಮಾನಿಗಳ ಕಡೆಯಿಂದ ಡೈನಾಮಿಕ್ ಪ್ರಿನ್ಸ್ ಪ್ರಜ್ವಲ್ ದೇವರಾಜ್ ಸರ್ ಗೆ ಅಭಿನಂದನೆಗಳು ಮತ್ತು ಈ ಚಿತ್ರವು ಜನರ ಮನಸ್ಸನ್ನು ಗೆಲ್ಲಲಿ ಎಂದು ಹಾರೈಸುತ್ತೇವೆ...n                            - ಜೈ ಡಿ ಬಾಸ್,23,1.0,0.0,1.0,0.0,0.0,False,low
unknown state,ಧ್ರುವ ಬಾಸ್ ಅಭಿಮಾನಿಗಳು ಲೈಕ್ ಮಾಡಿ,5,1.0,0.0,1.0,0.0,0.0,False,low
unknown state,ಯಾರ್ಯಾರು ಕಾಯ್ತಾ ಇದ್ದೀರಾ ಒಂದು ಲೈಕ ಮಾಡಿ,6,1.0,0.0,1.0,0.0,0.0,False,low
Negative,ಒಬ್ರು ಹೋಗಿ ಫಿಲ್ಮ್ ನೋಡಲ್ಲ,4,1.0,0.0,1.0,0.0,0.0,False,low
Negative,@Revan kumar khare heldi🤣,4,0.0,1.0,1.0,0.0,0.0,False,low
Mixed feelings,ಯಾರ್ಯಾರು ಕೇಯ್ತಾ ಇದ್ದೀರಾ ಒಂದು ಲೈಕ ಮಾಡಿ 🤣,7,1.0,0.0,1.0,0.0,0.0,False,low
unknown state,Hello Hindi song,3,0.0,0.0,0.0,1.0,0.0,True,low
unknown state,Hindi song trailer no promotion release Hindi trailer in Hindi channel,11,0.0,0.0,0.0,1.0,0.0,False,low
unknown state,Hindi me lao,3,0.0,0.0,0.0,1.0,0.0,True,low
Positive,Malayalam singer is good,4,0.0,0.0,0.0,1.0,0.0,False,low
Positive,Vijayprakash Golden Voice...,3,0.0,1.0,1.0,0.0,0.0,True,low
not-Kannada,Super song awesome,3,0.0,0.0,0.0,1.0,0.0,True,low
unknown state,Hidden details in trailer of Avane Srimanarayana ....n,8,0.0,0.0,0.0,1.0,0.0,False,low
not-Kannada,Need it in Hindiiiiiiii,4,0.0,0.0,0.0,1.0,0.0,True,low
unknown state,Malayalam singer,2,0.0,0.0,0.0,1.0,0.0,True,low
Mixed feelings,ಒಳ್ಳೆ ಫಿಲ್ಮ್ ಮಾಡಿದಿರ ಆದರೆ ಒಳ್ಳೆ promation ಯಾಕೆ ಮಾಡ್ತಾಇಲ್ಲ,8,0.875,0.125,1.0,0.0,0.0,False,low
unknown state,Next Shankar nag born,4,0.0,0.0,0.0,1.0,0.0,True,low
unknown state,Bro hindi language pls,4,0.0,0.0,0.0,1.0,0.0,False,low
not-Kannada,Hindi version release in t series,6,0.0,0.0,0.0,1.0,0.0,False,low
unknown state,Paramvah Music Hindi?,3,0.0,1.0,1.0,0.0,0.0,True,low
unknown state,I am looking for Hindi song...,6,0.0,0.0,0.0,1.0,0.0,False,low
not-Kannada,We need Hindi,3,0.0,0.0,0.0,1.0,0.0,True,low
Positive,Full fidaaaaaaaa.....!!!,2,0.0,0.0,0.0,1.0,0.0,True,low
not-Kannada,Release in Hindi pls,4,0.0,0.0,0.0,1.0,0.0,True,low
Positive,ಯಲ್ಲ ಭಾಷೆಲು  ನೋಡಿದೆ ಫುಲ್ ಬೆಂಕಿ ಪಾ,6,1.0,0.0,1.0,0.0,0.0,False,low
Positive,Idu charitre baryuva..Narayana..,3,0.0,1.0,1.0,0.0,0.0,True,low
unknown state,GTA 5 BRO,3,0.0,1.0,1.0,0.0,0.0,True,low
not-Kannada,Super bro,2,0.0,0.0,0.0,1.0,0.0,True,low
not-Kannada,I'm full happy bro 🤣🤣 Super Guru  l m full happy bro,12,0.0,0.0,0.0,1.0,0.0,False,low
not-Kannada,So nice bro,3,0.0,0.0,0.0,1.0,0.0,True,low
not-Kannada,Song sprrrrrr bro 🤣🤣🤣🤣,4,0.0,0.0,0.0,1.0,0.0,True,low
Positive,ನನಗೆ ನೀವ್‌ ಮಾತಾಡೋ ಸ್ಟೈಲ್ ತುಂಬಾ ಇಷ್ಟ ಅಣ್ಣ ಅದ್ರಲ್ಲು  ಮಂಡ್ಯ ಭಾಷೆ ಉಪಯೋಗಿಸ್ತೀರಲ್ಲ ಮಸ್ತು..... ನಿಮಗೆ ಜಾಸ್ತಿ ಸಬ್ ಸ್ಕ್ರೈಬರ್ಸ್ ಆಗಲಿ ಹೀಗೆ ಅಚೀವ್ ಮಾಡಿ ಅಣ್ಣ ನಮ್ಮನ್ನು ಹೀಗೆ ನಗಿಸಿ ಧನ್ಯವಾದಗಳು ಅಣ್ಣ nಅಣ್ಣ ಆಂಗ್ಲ ಪದ ಬಳಕೆ ಗೆ ಕ್ಷಮಿಸಿ ಆಮೇಲೆ ನನ್ನ ಕಾಮೆಂಟ್ ನಾ ಹಾಕೊಂಡ್ ರುಬ್ಬುಟೀರ,38,1.0,0.0,1.0,0.0,0.0,False,low
unknown state,Nys cmnt gagana mem,4,0.0,1.0,1.0,0.0,0.0,False,low
Positive,@Creative Kannadiga ಹೂ ಅಣ್ಣ ನಿಮ್ಮ ವೀಡಿಯೋ ದಿನಾ ನೋಡ್ತೀನಿ ನಾನು ತುಂಬಾ ಚೆನ್ನಾಗಿ ಮಾತಾಡ್ತೀರ ನಾನು ಲಾಸ್ಟ್ ಅಲ್ಲಿ ತಮಾಷೆ ಮಾಡ್ದೆ ಅಷ್ಟೇ ಅಣ್ಣ ಹೀಗೆ ನಗಿಸುತ್ತಾ ಇರೀ ಅಣ್ಣ ಆ ದೇವರು ನಿಮಗೆ ಒಳ್ಳೇದ್ ಮಾಡ್ಲೀ.....ತುಂಬಾ ಥ್ಯಾಂಕ್ಸ್ ರಿಪ್ಲೈ ಮಾಡಿದಕ್ಕೆ ಇದರಲ್ಲೇ ಗೊತ್ತಾಗುತ್ತೆ ನೀವು ಅಭಿಮಾನಿಗಳನ್ನ ಎಷ್ಟು ಪ್ರೀತಿಸುತ್ತೀರಾ ಅಂತ,38,0.973,0.0,0.973,0.027,0.0541,False,low
Negative,ಅಭಿಮಾನಿ ಅನ್ನೋದು ದೊಡ್ಡ ಮಾತು,4,1.0,0.0,1.0,0.0,0.0,False,low
Positive,@Creative Kannadiga ಯಾಕೆ ಹೀರೋ ಹೀರೋಯಿನ್ ಗಳಿಗೆ ಮಾತ್ರ ಅಭಿಮಾನಿ ಆಗ್ಬೇಕ ನಾವ್ ಟ್ಯಾಲೆಂಟ್ ಗೆ ಬೆಲೆ ಕೊಡ್ತೀವಿ ಅಣ್ಣ ನಿಮಗೆ ಟ್ಯಾಲೆಂಟ್ ಇದೆ ಅದಿಕ್ಕೆ ನಮಗೆ ಅಭಿಮಾನ ಇದೆ ಅಷ್ಟೇ🥰,23,0.9545,0.0,0.9545,0.0455,0.0909,False,low
Mixed feelings,Game name pls bro,4,0.0,0.0,0.0,1.0,0.0,False,low
Positive,Olle kelsa Alva mem,4,0.0,1.0,1.0,0.0,0.0,True,low
Positive,Ivrigella hige agbeku,3,0.0,1.0,1.0,0.0,0.0,True,low
unknown state,Olledaytu bidi mem,3,0.0,1.0,1.0,0.0,0.0,True,low
not-Kannada,Super song bro,3,0.0,0.0,0.0,1.0,0.0,True,low
not-Kannada,U r awesome bro,4,0.0,0.0,0.0,1.0,0.0,False,low
unknown state,ಏನ್ ....... ಪಾ ಅವರ್ನ್,4,1.0,0.0,1.0,0.0,0.0,True,low
Negative,ಎಲೆ ಅಡಿಕೆ ಅಕಂಡು ಉಗಿ ಗುರು,5,1.0,0.0,1.0,0.0,0.0,False,low
Positive,ಸೂಪರ್ ವಿಡಿಯೋ ಗುರು ಇದೆ ರೀತಿ ವಿಡಿಯೋ ಮಾಡಿ ಚೀನಾ ಉರೋಕೊಬೇಕು,9,1.0,0.0,1.0,0.0,0.0,False,low
Positive,Nanu tiktak ballisilla avivekialu youtub nu... Kuda almadutidira nimmantorinda aellu agutte,11,0.0,1.0,1.0,0.0,0.0,False,low
Positive,ಸೂಪರ್ ಬ್ರೋ,2,1.0,0.0,1.0,0.0,0.0,True,low
Negative,ಅ ಬಿಂದು ಲವಡಗೆ modalu ತಿಕ್ಕ odibeku ಗುರು.....,7,0.7143,0.2857,1.0,0.0,0.0,False,low
not-Kannada,Spr kannadiga 🤘🤘,3,0.0,1.0,1.0,0.0,0.0,True,low
Negative,ಲೋ ಫಸ್ಟ್ ನೀನು ಒಳ್ಳೆ ಮಾತನಾಡೋ,5,1.0,0.0,1.0,0.0,0.0,False,low
Positive,Super video bro,3,0.0,0.0,0.0,1.0,0.0,True,low
not-Kannada,Bro ur voice NYC bro,5,0.0,0.0,0.0,1.0,0.0,False,low
not-Kannada,Super guru,2,0.0,0.0,0.0,1.0,0.0,True,low
not-Kannada,A super bro,3,0.0,0.0,0.0,1.0,0.0,True,low
Negative,ಮೊದಲು ನಿನ್ನ ಗುಲಾಮು ಜಾಮ್ ಬಿದ್ದಿದ್ದ ನೋಡು,6,1.0,0.0,1.0,0.0,0.0,False,low
unknown state,Super Guru,2,0.0,0.0,0.0,1.0,0.0,True,low
Positive,ಸೂಪರ್ ಬಾಸ್ ಅದ್ಭುತ ಒಳ್ಳೆ ಟ್ಯಾಲೆಂಟ್ ಇದೆ ನಿಮ್ಮಲ್ಲಿ,7,1.0,0.0,1.0,0.0,0.0,False,low
Positive,FULL BENKI VIDEO,3,0.0,0.0,0.0,1.0,0.0,True,low
Positive,Last dialog 🤙,3,0.0,0.0,0.0,1.0,0.0,True,low
Positive,Super video anna,3,0.0,0.0,0.0,1.0,0.0,True,low
Negative,ಸರಿಯಾಗಿ ಹೇಳ್ದೆ ಗುರು ಊಗಿ ಚೀನಾಗೆ ಹುಟ್ದ್ ಗ್ ಆಡೋ ನಾಯ್ಗಳಿಗೆ,9,1.0,0.0,1.0,0.0,0.0,False,low
Positive,ಸಕ್ಕತಾಗಿ ಹೇಳಿದ್ಯಾ ಗುರು,3,1.0,0.0,1.0,0.0,0.0,True,low
Positive,Super  guru 🥰,3,0.0,0.0,0.0,1.0,0.0,True,low
Positive,ಗುರು ನಾವು ನಮ್  ಅಪ್ಪನ್ನ ಅಪ್ಪ  ಅಂತೀವಿ ಬೇರೇಯವರ್ನಲ್ಲ ಈ ಬಡ್ಡಿಹೈಕ್ಳು ಎಷ್ಟು ಜನಕ್ಕೆ ಹುಟ್ಟವೋ,12,1.0,0.0,1.0,0.0,0.0,False,low
Positive,ಸರ್ ನಿಮಗೆ ಇನ್ನು  ಸಿನಿಮಾದಲ್ಲಿ ನಟನೆ ಮಾಡೋಕ್ಕೆ ಚಾನ್ಸ್ ಸಿಗಬೇಕು,8,1.0,0.0,1.0,0.0,0.0,False,low
not-Kannada,God bless you sir.,4,0.0,0.0,0.0,1.0,0.0,False,low
Positive,ಏನೆ‌ ಆಗಲಿ ಮುಂದೆ ಸಾಗು ನಿ,5,1.0,0.0,1.0,0.0,0.0,False,low
Positive,ಗುಡ್ ಮೆಸೇಜ್  ಸರ್,3,1.0,0.0,1.0,0.0,0.0,True,low
Positive,All the Best sir...... ದೇವರು ನಿಮಗೆ ಒಳ್ಳೆದು ಮಾಡಲಿ ... ಎಲ್ಲರ ಜೀವನದಲ್ಲಿ ಏಳು ಬೀಳು ಅನ್ನೋದು ಇದ್ದೇ ಇರುತ್ತೆ ಕಷ್ಟ ಅನ್ನೋದು ಯಾರಿಗೂ ಬಿಡೊಲ್ಲಾ ಬರೋ ಕಷ್ಟಗಳನ್ನ ಧೈರ್ಯದಿಂದ ಎದುರಿಸೋರೆ ನಿಜವಾದ ಹೀರೊಗಳು,26,0.913,0.0,0.913,0.087,0.1739,False,low
Positive,ಶ್ರೀ ಶಂಕರ ಅಶ್ವಥ ಅವರ ಸ್ವಾಭಿಮಾನಿ ಜೀವನಕ್ಕೆ ನನ್ನ ನಮನಗಳು. ಅವರು ಬೆನ್ನಿನ ಆಪರೇಶನ್ ಆಗಿ ಎಡಗಾಲು ವೀಕ್ ಆಗಿದೆ ಆದರೂ ಛಲದಿಂದ ಕ್ಲಚ್ ಹಿಡಿದು ಕಾರನ್ನು ಓಡಿಸಿ ಜೀವನ ನಡೆಸುತ್ತಿದ್ದೇನೆ ಎಂದಾಗ ಕರುಳು ಚುರುಕ್ಕೆನ್ನುತ್ತೆ. ಯಾರಾದರೂ ಸಿನೆಮಾ ಸ್ಟಾರುಗಳಾಗಲೀ ಅಥವಾ ಯಾರಾದರೂ ಕೋಟ್ಯಾಧಿಪತಿಗಳಾಗಲೀ ಒಂದು ಅಟೋಮ್ಯಾಟಿಕ್ ಅಂದರೆ ಕ್ಲಚ್ ಇಲ್ಲದ  ಕಾರನ್ನು ದಾನವಾಗಿ ಕೊಟ್ಟರೆ ದೇವರು ದಾನಿಗಳಿಗೆ ಖಂಡಿತ ಒಳ್ಳೆಯದನ್ನು ಮಾಡುತ್ತಾನೆ.,45,1.0,0.0,1.0,0.0,0.0,False,low
Positive,ಒಬ್ಬರ ತಲೆ ಹೊಡೆದು ಬದುಕೋ ಶ್ರೀಮಂತರಗಿಂತ nಸ್ವಾಭಿಮಾನದಿಂದ  ಬದುಕುತ್ತಿರೋ ನಿಮ್ಮನ್ನು ನೋಡಿ ಹೆಮ್ಮೆ ಅನಿಸುತ್ತೆ,11,1.0,0.0,1.0,0.0,0.0,False,low
not-Kannada,Super correct sir,3,0.0,0.0,0.0,1.0,0.0,True,low
not-Kannada,Sir super keep it up,5,0.0,0.0,0.0,1.0,0.0,False,low
not-Kannada,It's 20.09 minutes,3,0.0,0.0,0.0,1.0,0.0,True,low
Negative,Avara ಕಷ್ಟ keloke ಹೋಗ್ತಿರೋ ಕಣ್ಣೀರೊ ಅಕ್ಸೋಕೆ ಹೋಗ್ತಿರೋ ನಿಮ್ trp ಗೋಸ್ಕರ ಹೋಗ್ತಿರೋ gotte ಆಗಲ್ಲ nim ಮಿಂಡ್ರಿ ge ಹುಟ್ಟಿರೋ ನ್ಯೂಸ್ ಚಾನೆಲ್ ಬುದ್ಧಿ,20,0.7,0.25,0.95,0.05,0.1,False,low
Negative,ಇದೆಲ್ಲ ಪಬ್ಲಿಸಿಟಿ stunt ಇವ್ರ ಅಪ್ಪ ಮಾಡಿದ್ ದುಡ್ಡೇಲ್ಲ ಚಿಂದಿ ಉಡಾಯ್ಸಿ ಇವಾಗ ಕಳ್ಳ ಕಣ್ಣೀರ್ ಹಾಕ್ತಾವ್ನೆ,13,0.9231,0.0,0.9231,0.0769,0.1538,False,low
not-Kannada,real life great sir,4,0.0,0.0,0.0,1.0,0.0,False,low
Positive,Ashwath avarge takka maga,4,0.0,1.0,1.0,0.0,0.0,False,low
not-Kannada,Salute to you sir,4,0.0,0.0,0.0,1.0,0.0,False,low
not-Kannada,S.r very nice,3,0.0,0.0,0.0,1.0,0.0,True,low
Negative,ನಮ್ಮ ಕನ್ನಡ ಇಂಡಸ್ಟ್ರಿ ಯಾಕೆ ನಮ್ಮ ಕಲಾವಿದರನ್ನ ಕೈ ಬಿಡ್ತಿರಾ..,8,1.0,0.0,1.0,0.0,0.0,False,low
Positive,ಯಾರಿಗೂ ಯಾರು ಗೂತೀಲಾ ಸರ್  ಆದರೇ   ನಮ್ಮ ಧುಢೀಮೇ ನಮಗೆ ಸರ್,9,1.0,0.0,1.0,0.0,0.0,False,low
Positive,ಈ ಮಹಾನ್ ವ್ಯಕ್ತಿಗೆ ಹೆಚ್ಚು ಹೆಚ್ಚು ಸಿನಿಮಾಗಳಲ್ಲಿ ಅವಕಾಶ ಕೊಡಿ,8,1.0,0.0,1.0,0.0,0.0,False,low
Mixed feelings,ಸರ್ ನಿಮಗೆ ಹೊರಗೊಂದು ಒಳಗೊಂದು ಮಾತನಾಡುವ ಯಾವುದೇ ಒಂದು ನೇರ ನಿಷ್ಟುರವಾಗಿ ಮಾತನಾಡುತ್ತೀರಿ ಆದುದರಿಂದ ಒಂದು ಕಡೆ ನಿಮ್ಮ ಮನಸ್ಸಿಗೆ ನೆಮ್ಮದಿ ಅನಿಸಿದರೂ ನಿಮ್ಮ ತಂದೆಯವರು ಮೊದಲನೆಯ ದರ್ಜೆ ಚಿತ್ರ ನಟರಾಗಿ ಅಭಿನಯಿಸುತ್ತಾರೆ ಆದರೆ ಇವತ್ತಿನ ತಳುಕು ಬಳಕಿನ ಅಭಿನಯಗಳು ಹುಚ್ಚುಹುಚ್ಚಾಗಿ ಡಬಲ್ ಮೀನಿಂಗ್ ಮಾತುಗಳು ಹೆಚ್ಚಾಗಿವೆ ತಾವು ತಮ್ಮತನವನ್ನು ಉಳಿಸಿಕೊಂಡು ತಂದೆಯವರ ಅನುಕರಿಸಿ ಜೀವನವನ್ನು ನಡೆಸುತ್ತಿದ್ದೀರಿ ಗೌರವನಟರಾಗಿ ಒಳ್ಳೆಯತನವನ್ನು ಉಳಿಸಿಕೊಂಡು ನಿಮ್ಮ ತಂದೆ ಅವರಾಗಲಿ ನೀವಾಗಲಿ ಕಲೆಗೆ ಬೆಲೆಯನ್ನು ಅಪೇಕ್ಷ ಪಡೆದೆ ಪಾರದರ್ಶಕತೆ ಯಲ್ಲಿ ತಾವು ಅಭಿನಯವನ್ನು ಮಾಡುತ್ತಾ ಬಂದಿರುತ್ತೀರಿ ಒಂದು ಒಂದೊಂದು ಸಲ ನಿಮ್ಮ ಸಾತ್ವಿಕತೆ ಗೆ ಆರ್ಥಿಕವಾದ ಹಿಂಜರಿತ ನಿಮ್ಮ ಮನಸ್ಸಿಗೆ ನೋವನ್ನುಂಟು ಮಾಡುತ್ತದೆ ಎಲ್ಲವೂ ಮಣ್ಣು ಇಲ್ಲಿಂದಲೇ ಬಂದು ಇಲ್ಲಿಗೆ ಹೋಗುವುದು ಆತ್ಮಸ್ಥೈರ್ಯವನ್ನು ತಂದುಕೊಳ್ಳಿ ಇಲ್ಲಿ ಆತ್ಮವಿಲ್ಲದ ಪ್ರೇತಾತ್ಮ ರಂತೆ ಬದುಕುತ್ತಿದ್ದಾರೆ ಯಾವುದು ಶಾಶ್ವತವಲ್ಲ ಆತ್ಮನು ಶಾಶ್ವತನಾ ಇದನ್ನ ಶ್ರೀಕೃಷ್ಣನು ಭಗವದ್ಗೀತೆ ಯಲ್ಲಿ ಹೇಳಿದ್ದಾನೆ,92,1.0,0.0,1.0,0.0,0.0,False,low
Positive,Raaja prathyaksha devatha ....,4,0.0,1.0,1.0,0.0,0.0,True,low
Positive,ಸಾರ್ ಇಂತಹ ವ್ಯಕ್ತಿಗಳು ವಿಶೇಷ ತಮ್ಮ ತಮ್ಮ ತಂದೆ ತುಂಬಾ ಪ್ರಾಮಾಣಿಕ ನಟ. ಅವರ ಆತ್ಮಕ್ಕೆ ಶಾಂತಿ ಸಿಗಲಿ ಎಂದು ಕೇಳುತ್ತ,16,1.0,0.0,1.0,0.0,0.0,False,low
Positive,DEVARU OLLEYAVARIGE  KASTA KODTHANE ADHARE  KAY BIDALA,7,0.0,1.0,1.0,0.0,0.0,True,low
Positive,ನಿಜವಾದ ಸಾಧಕರು. ಕಾಯಕವೇ ಕೈಲಾಸ,4,1.0,0.0,1.0,0.0,0.0,False,low
not-Kannada,I love you sir,4,0.0,0.0,0.0,1.0,0.0,False,low
Positive,ನಿಮ್ಮ ಒಳ್ಳೆಯತನಕ್ಕೆ ನನ್ನಂದು ಸಲಾಂ,4,1.0,0.0,1.0,0.0,0.0,False,low
Positive,ಸೋಮಣ್ಣ ಸರ್....... ಮತ್ತೊಮ್ಮೆ ಅಭಿನಂದನೆಗಳು.... ಇವರು ಸಮಾಜಕ್ಕೆ ಒಂದು ಮಾದರಿ..... ತಾನು ಮಾಡುವ ಕಾರ್ಯದಲ್ಲಿ ಇರುವ ಹೆಮ್ಮೆ......,13,1.0,0.0,1.0,0.0,0.0,False,low
Positive,ಸಾರ್ ಸಾರ್ಥಕ ಬದುಕು ನಿಮ್ಮದುnಸತ್ಯಶುದ್ಧ ಕಾಯಕ ನಿಮ್ಮದು,6,1.0,0.0,1.0,0.0,0.0,False,low
Negative,ನಮ್ಮ ಕನ್ನಡ ಚಿತ್ರರಂಗದಲ್ಲಿ ಇರುವಷ್ಟು ಹೊಟ್ಟೆಕಿಚ್ಚು ಜನಗಳು ಬೇರೆ ಯಾವ ಭಾಷೆಯಲ್ಲೂ ಸಿಗುವುದಿಲ್ಲ ಎಂಥ ದೊಡ್ಡ ವ್ಯಕ್ತಿ ಮಗ ಇವರು ಅಶ್ವಥ್ ಸಾರ್ ನಮ್ಮ ಕನ್ನಡ ಚಿತ್ರರಂಗದ ಮೇರು ನಟರು ಅವರ ಮಗನಿಗೆ ಇದೆಂಥಾ  ಪಜಿತಿ...ನಮ್ಮ ಕನ್ನಡ ಚಿತ್ರರಂಗದಲ್ಲಿ ಯಾರಿಗೆ ಯಾರೂ ಸಹಾಯ ಮಾಡುವುದಿಲ್ಲ ನೂರಾರು ಕೋಟಿ ಹಣವಿದ್ದರೂ ಅವರು ಸ್ವಾರ್ಥಿ ಗಳಾಗಿರುತ್ತಾರೆ ಇದೇ ಕಾರಣಕ್ಕೆ ರಜನಿಕಾಂತ್ ಅರ್ಜುನ್ ಸರ್ಜಾ ರಂತಹ ಮೇರು ನಟರು ನಮ್ಮ ಭಾಷೆ ಬಿಟ್ಟು  ಪರ ಬಾಷೆಗೆ ಹೋಗಿರುವುದು...,52,1.0,0.0,1.0,0.0,0.0,False,low
Positive,ತಾಯಿ ಚಾಮುಂಡೇಶ್ವರಿ ಕೃಪೆ ನಿಮ್ಮ ಮೇಲೆ ಇದೆ ಸರ್,7,1.0,0.0,1.0,0.0,0.0,False,low
Mixed feelings,ಬದುಕು ಒಂದೊಂದ್ ಸಾರಿ ಇಷ್ಟೊಂದು ಕ್ರೂರಿ ಆಗುತ್ತಾ ಅನ್ಸುತ್ತೆ...,7,1.0,0.0,1.0,0.0,0.0,False,low
Positive,ನಿಮಗೆ ಒಲೆಯದು ಆಗಲಿ ಸಾರ್,4,1.0,0.0,1.0,0.0,0.0,False,low
Negative,ಹುಚ್ಚ ವೆಂಕಟ್ ಸೇನೆ ಮಂಡ್ಯ,4,1.0,0.0,1.0,0.0,0.0,False,low
Negative,ಇದನ್ನೂ ಕೂಡ ಡಿಸ್ಲೈಕ್  ಮಾಡ್ತಿರಲ್ಲರೊ ಏನ್ರೊ ಎಲ್ಲಿಂದ ಬರ್ತೀರೊ ನೀವೆಲ್ಲಾ,8,1.0,0.0,1.0,0.0,0.0,False,low
not-Kannada,Super sir,2,0.0,0.0,0.0,1.0,0.0,True,low
Positive,ತುಂಬಾ ಅನುಕೂಲ ವಾದ ನಟರಿದ್ದಾರೆ ನಮ್ಮ ಇಂಡಸ್ಟ್ರಿ nallinಸುದೀಪ್sir. ಪುನೀತ್ sir. ಶಿವಣ್ಣ. ಧರ್ಶನ್ ಸರ್ nಇಂತಹ ಹಿರಿಯ ಕಲಾವಿದರಿಗೆ ಬಿಸಿನೆಸ್ ಗೆ nಹೆಲ್ಪ್ ಮಾಡಿದ್ರೆ ಚೆನಾಗಿರೋಧು ಇನ್ಕ್ಲೂಡಿಂಗ್  syedh ಇಂದ್ರಜಿತ್ ಅವರಿಗೂ kooda ಸಹಾಯ ಮಾಡಬಹುಧಾಲ್ಲವೇ,27,0.8889,0.0741,0.963,0.037,0.0741,False,low
unknown state,ಟೈಮ್ ಅನ್ನೋದೇ ಹೀಗೆ,3,1.0,0.0,1.0,0.0,0.0,True,low
not-Kannada,I am not understanding,4,0.0,0.0,0.0,1.0,0.0,False,low
not-Kannada,god bless you sir,4,0.0,0.0,0.0,1.0,0.0,False,low
Positive,ಸರ್ ನಿಮಗೂ ನಿಮ್ಮ ಕುಟುಂಬಕ್ಕೂ ತಾಯಿ ಚಾಮುಂಡೇಶ್ವರಿ ಆರೋಗ್ಯ ಆಯುಷ್ಯ ಕೊಟ್ಟು ಕಾಪಾಡಲಿ...,10,1.0,0.0,1.0,0.0,0.0,False,low
Positive,ನಿಜವಾಗಿಯೂ ನಿಮ್ಮ ಮಾತು ಸ್ಪೂರ್ತಿ ..ನಿಮಗೆ ಒಳ್ಳೆಯದು ಆಗಲಿ...,7,1.0,0.0,1.0,0.0,0.0,False,low
not-Kannada,Good news sir,3,0.0,0.0,0.0,1.0,0.0,True,low
not-Kannada,God bless you sir,4,0.0,0.0,0.0,1.0,0.0,False,low
unknown state,pratham hel oda,3,0.0,1.0,1.0,0.0,0.0,True,low
Positive,ಒಳ್ಳೆತನಕ್ಕೆ ಈ ಪ್ರಪಚದಲ್ಲಿ ಬೆಲೆ ಇಲ್ಲ ಸರ್ . ಆದ್ರೆ ಒಳ್ಳೆತನ ಯಾವತ್ತೂ ಸೋಲೋದ್ಧಿಲ್ಲ ಗೆದ್ಧ್ಚೆ ಗೆಲ್ಲುವೆ ಒಂದು ದಿನ,15,1.0,0.0,1.0,0.0,0.0,False,low
Positive,ಇಂತಹ ಮಹಾನ್ ವ್ಯಕ್ತಿಯ   ಸಂದರ್ಶನ ಮಾಡಿದ ನಿಮ್ಮ ಚಾನೆಲ್ಗೆ ತುಂಬಾ ಧನ್ಯವಾದಗಳು,9,1.0,0.0,1.0,0.0,0.0,False,low
Positive,Namma kannada chitra ranga evrge olle avakasha galna kodli antha kelkotini,11,0.0,0.9091,0.9091,0.0909,0.1818,False,low
not-Kannada,Sir Super Speech,3,0.0,0.0,0.0,1.0,0.0,True,low
Positive,ನಿಮ್ಮ ವ್ಯಕ್ತಿತ್ವ ದೇವರಂಥಹದು,3,1.0,0.0,1.0,0.0,0.0,True,low
Positive,ನಿಜಕ್ಕೂ ಗ್ರೇಟ್ ಪರ್ಸನ್,3,1.0,0.0,1.0,0.0,0.0,True,low
Positive,ತುಂಬಾ ಅದ್ಬುತ ಸ್ಪೂರ್ತಿದಾಯಕ ಮಾತುಗಳು,4,1.0,0.0,1.0,0.0,0.0,False,low
not-Kannada,super sr,2,0.0,0.0,0.0,1.0,0.0,True,low
not-Kannada,Super sir 🥰,3,0.0,0.0,0.0,1.0,0.0,True,low
unknown state,ಶಂಕರ್ ಅಶ್ವಥ್ ಸಾರ್,3,1.0,0.0,1.0,0.0,0.0,True,low
Positive,ಸಾರ್ ನೀವು ಎಷ್ಟೋ ಜನರಿಗೆ ಮಾದರಿ,5,1.0,0.0,1.0,0.0,0.0,False,low
Positive,ಒಳ್ಳೆತನಕೆ ಜಯ ಸಿಗುತ್ತೆ,3,1.0,0.0,1.0,0.0,0.0,True,low
Positive,ಸಾರ್ ಕಾಯಕವೇ ಕೈಲಾಸ ಹ್ಯಾಟ್ಸ್ ಆಫ್ ನಿಮ್ಗೆ ನಿಮ್ಮಿಂದ ಒಂದು ಪಾಠ ಕಲಿತೆ ಅದು ಕೆಲ್ಸ ಯಾವುದೇ ಆಗಲಿ ಅದನ್ನು ಶ್ರದ್ಧೆಯಿಂದ ಮಾಡ್ಬೇಕು ಅನ್ನೋದು ಧನ್ಯವಾದ ಸಾರ್ ನಿಮ್ಗೆ,21,1.0,0.0,1.0,0.0,0.0,False,low
Mixed feelings,ಸಿನೆಮಾ ವೃತ್ತಿ ನಂಬಿ ಬರಬೇಡಿ,4,1.0,0.0,1.0,0.0,0.0,False,low
Positive,ಸಾರ್ ಅಶ್ವತ್ಥ್ ಅಪ್ಪಾಜೀ ಅಂತಹ ತಂದೆಯವರನ್ನು ಪಡೆದ ನೀವು ಧನ್ಯರು,8,1.0,0.0,1.0,0.0,0.0,False,low
Positive,ನಕಾರಾತ್ಮದ ಸಣ್ಣ ಗೆರೆಯನ್ನು ಕಾಣಲಿಲ್ಲ ವ್ಯಕ್ತಿತ್ವದಲ್ಲಿ ನಮಗೆ ಆದರ್ಶ ನೀವು..,8,1.0,0.0,1.0,0.0,0.0,False,low
not-Kannada,Hook step is awesome,4,0.0,0.0,0.0,1.0,0.0,False,low
Mixed feelings,Avane shriman narayana,3,0.0,1.0,1.0,0.0,0.0,True,low
Positive,Idu chatire srushtiso avatara,4,0.0,1.0,1.0,0.0,0.0,False,low
Negative,Do more promotion,3,0.0,0.0,0.0,1.0,0.0,True,low
not-Kannada,Hands up,2,0.0,0.0,0.0,1.0,0.0,True,low
unknown state,Beard and walking style,4,0.0,0.0,0.0,1.0,0.0,False,low
not-Kannada,Making supper...... Amazing...,3,0.0,0.0,0.0,1.0,0.0,True,low
Positive,Raksihth settru super..............dooper..,3,0.0,1.0,1.0,0.0,0.0,True,low
Positive,Super song guru..,3,0.0,0.0,0.0,1.0,0.0,True,low
unknown state,ಕೇಳ್ತಾ ಕೇಳ್ತಾ,2,1.0,0.0,1.0,0.0,0.0,True,low
Positive,ಕನ್ನಡ ನಾಡಿನ ಹೆಮ್ಮೆಯ ಚಿತ್ರ,4,1.0,0.0,1.0,0.0,0.0,False,low
Positive,All d best.... From #DBOSS Fansz..,6,0.0,0.0,0.0,1.0,0.0,True,low
not-Kannada,Making is so different & good workout,7,0.0,0.0,0.0,1.0,0.0,False,low
Positive,ಇದು ಚರಿತ್ರೆ ಸೃಷ್ಟಿಸೊ ಅವತಾರ ಕನ್ನಡ ಚಿತ್ರರಂಗಕ್ಕೆ ರಕ್ಷಿತ್ ಶೆಟ್ಟಿ  ಸಂಗೀತ ನಿರ್ದೇಶನ ಸುಪರ್ ಮತ್ತೊಂದು ಬ್ಲಾಕ್ ಬಸ್ಟರ್ ಚಿತ್ರ ಬರ್ತಾ ಇದೆ,17,1.0,0.0,1.0,0.0,0.0,False,low
Positive,Idu charitrae srushtiso Cinemannae🤘,4,0.0,1.0,1.0,0.0,0.0,True,low
Positive,ಯುದ್ದ ಮಾಡಬೇಕು ಓದಬಾರದು ಕಟುಕರ ಮುಂದೆ ಭಗವದ್ಗೀತೆ.....ಇದು ಚರಿತ್ರೆ ಸೃಷ್ಟಿಸೊ ಅವತಾರ,9,1.0,0.0,1.0,0.0,0.0,False,low
not-Kannada,Yayayayayayay hitt songgg,3,0.0,1.0,1.0,0.0,0.0,True,low
Positive,Bossu niv greatu,3,0.0,1.0,1.0,0.0,0.0,True,low
Negative,yella OK iee aroygyake hankaraka bidi yake,7,0.0,1.0,1.0,0.0,0.0,False,low
Mixed feelings,ವಿಜಯ್ ಪ್ರಕಾಶ್ ಸರ್ Voice,4,1.0,0.0,1.0,0.0,0.0,True,low
not-Kannada,Feels like Rango but its great,6,0.0,0.0,0.0,1.0,0.0,False,low
Positive,ಅವನ ಲೆವಲೇ ಬೇರೇ,3,1.0,0.0,1.0,0.0,0.0,True,low
Positive,ಕನ್ನಡ ಚಿತ್ರರಂಗವು ಬೇರೆ ಚಿತ್ರರಂಗ ಕಿಂತ ಕಡಿಮೆ ಇಲ್ಲ ಎಂಬುವುದನ್ನು       ಅವನೇ... ಸಾಬೀತು ಪಡಿಸುತ್ತಾನೆ.,11,1.0,0.0,1.0,0.0,0.0,False,low
Positive,Superb bro...,2,0.0,0.0,0.0,1.0,0.0,True,low
Positive,ಹಾಡು ಯಾರಿಗೆ ಇಷ್ಟ ಆಯ್ತು Handsup ‍,6,1.0,0.0,1.0,0.0,0.0,False,low
unknown state,Ajanesh lokanath,2,0.0,1.0,1.0,0.0,0.0,True,low
unknown state,One side,2,0.0,0.0,0.0,1.0,0.0,True,low
Positive,ನಿಜವಾಗಿಯೂ ಇದು ಚರಿತ್ರೆ ಸೃಷ್ಟಿಸೋ ಅವತಾರ.. ಹ್ಯಾಟ್ಸ್ ಆಫ್ ನಾರಾಯಣ,8,1.0,0.0,1.0,0.0,0.0,False,low
not-Kannada,Superb music,2,0.0,0.0,0.0,1.0,0.0,True,low
not-Kannada,Nyc. . . .,4,0.0,0.0,0.0,1.0,0.0,True,low
Mixed feelings,ಹೌದು ಹುಲಿಯಾ ಹ್ಯಾಂಡ್ಸ್ ಅಪ್,4,1.0,0.0,1.0,0.0,0.0,False,low
Positive,Super guru song,3,0.0,0.0,0.0,1.0,0.0,True,low
Mixed feelings,Odeya  avane srimannarayana nRakshit shetty =likenDarshan = dislikenJai DBoobs dagarshan,10,0.0,1.0,1.0,0.0,0.0,False,low
Positive,ಅಭಿನಯಚಕ್ರವರ್ತಿ ಕಿಚ್ಚಾ ಸುದೀಪಣ್ಣ ಫ್ಯಾನ್ಸ್  ಸಪೋಟ್ ಇನ್ ಅವನೇ ಶ್ರೀ ಮನ್ನಾರಾಯಣ ಮೂವಿ,10,1.0,0.0,1.0,0.0,0.0,False,low
Positive,ಡಿ ಬಾಸ್ ಅಭಿಮಾನಿ nಸೂಪರ್ ಅಣ್ಣ,5,1.0,0.0,1.0,0.0,0.0,False,low
Positive,ಈ ಸಿನಿಮಾ ಹೊಸ ಚರಿತ್ರೆ  ಬರೆಯುತ್ತೆ  ಅನ್ನೋರು ಲೈಕ್ ಕೊಡಿ,8,1.0,0.0,1.0,0.0,0.0,False,low
Positive,ತುಂಬಾ ಚೆನ್ನಾಗಿದೆ.. ಹಿನ್ನೆಲೆ ಸಂಗೀತಕ್ಕೆ ಮಾರು ಹೋದೆ...,6,1.0,0.0,1.0,0.0,0.0,False,low
Mixed feelings,ನನಗು ಕನ್ನಡ ಸಾಕು,3,1.0,0.0,1.0,0.0,0.0,True,low
Mixed feelings,2.07 reminds I'm villain song,5,0.0,0.0,0.0,1.0,0.0,True,low
Negative,ನೀ ಬೆಳಿಬೇಕು ರಸ್ಮಿಕ ನಿನ್ನ ನೋಡಿ ಉರ್ಕೋಬೇಕು,6,1.0,0.0,1.0,0.0,0.0,False,low
not-Kannada,Groza Besta awm besta  keldag Ede  2 Kuda beku,9,0.0,1.0,1.0,0.0,0.0,False,low
unknown state,@Nithi nithinNav en madvappa....,4,0.0,1.0,1.0,0.0,0.0,True,low
Mixed feelings,Bucket fans like here,4,0.0,0.0,0.0,1.0,0.0,False,low
Positive,Super song guru,3,0.0,0.0,0.0,1.0,0.0,True,low
Negative,Macha neen badukbeka ???,4,0.0,1.0,1.0,0.0,0.0,True,low
not-Kannada,Meaningful video bro,3,0.0,0.0,0.0,1.0,0.0,True,low
not-Kannada,Super bro,2,0.0,0.0,0.0,1.0,0.0,True,low
Negative,ಚೇಳ್ ತಿನ್ನೋ ಚಪ್ಪರ್ ನನ್ಮಕ್ಳು🤣,4,1.0,0.0,1.0,0.0,0.0,False,low
not-Kannada,100 present super bro,4,0.0,0.0,0.0,1.0,0.0,True,low
not-Kannada,super,1,0.0,0.0,0.0,1.0,0.0,True,low
Negative,ಇನ್ನು ಟಿಕ್ ಟಾಕ್ ಮಾಡೋ ಚೂತ್ಯಾ ಸೂಳೆ ಮಕ್ಕಳಿಗೆ ಅಡ್ಡಡ್ಡಾ ಕಟ್ ಮಾಡ್ಬೇಕು,10,1.0,0.0,1.0,0.0,0.0,False,low
not-Kannada,Superb bro uninstalled all Chinese apps all plzzzz,8,0.0,0.0,0.0,1.0,0.0,False,low
Negative,ಗುರು ನಿನ್ ಮೊದಲು ಪಬ್ಜಿ ಡಿಲೀಟ್ ಮಾಡು ಆಮೇಲೆ ಬೇರೆಯವರಿಗೆ ಹೇಳು.,9,1.0,0.0,1.0,0.0,0.0,False,low
Negative,Addu. Pubg alla. Guru.  Sumney. Elbedda,6,0.0,1.0,1.0,0.0,0.0,True,low
not-Kannada,Jai. Creative kanadiga,3,0.0,1.0,1.0,0.0,0.0,True,low
Negative,Tiktok ಮಾಡೋರನ್ನ ಇಂಡಿಯಾ ಗಡಿ ಗೆ ತಗೊಂಡುಹೋಗಿ ಬಿಟ್ರೆ ಗೊತಾಗುತ್ತೆ ಅವಾಗ,9,0.8889,0.1111,1.0,0.0,0.0,False,low
not-Kannada,Super  bro,2,0.0,0.0,0.0,1.0,0.0,True,low
Negative,ಯಾರೋ ಚೀನಾ ತು×× ಹುಟ್ಟಿರೋ ಮಕ್ಳು ೬ ದೀಸ್ ಲೈಕ್ ಮಾಡಿದಾರೆ,9,1.0,0.0,1.0,0.0,0.0,False,low
Positive,ಟಿಕ್ ಟಾಕ್ ಬ್ಯನ್ ಆಗ್ಲೇ ಬೇಕು,5,1.0,0.0,1.0,0.0,0.0,False,low
not-Kannada,Super video bro,3,0.0,0.0,0.0,1.0,0.0,True,low
not-Kannada,Well said bro well content,5,0.0,0.0,0.0,1.0,0.0,False,low
not-Kannada,Bro superb keep doing,4,0.0,0.0,0.0,1.0,0.0,False,low
not-Kannada,Super  video  Bro l am support your  channel,8,0.0,0.0,0.0,1.0,0.0,False,low
Mixed feelings,Thankz brother  ಅವಳು ಏನಾದ್ರು ತಪ್ಪು ಮಾಡಿದ್ಲು ಅಂದಾಗ ಬಯ ಪಡಿಸೋಣ ಸುಮ್ ಸುಮ್ನೆ ಬೇಡ ಅಲ್ವಾ,13,0.8462,0.0769,0.9231,0.0769,0.1538,False,low
Positive,En helde guru..... Super agi helde....... #RIP Tiktok,8,0.0,1.0,1.0,0.0,0.0,True,low
Negative,Evarge tik tok elde kakkasu agola anusutte,7,0.0,1.0,1.0,0.0,0.0,False,low
not-Kannada,super bro,2,0.0,0.0,0.0,1.0,0.0,True,low
Negative,ಬಾರ್ಡರ್ ನಲ್ಲಿಚೀನಾ ಚಕ್ಕಗಳ ಆಟ ಟಿಕ್ ಟಾಕ್ ನಲ್ಲಿ  ಟ್ಯಾಲೆಂಟ್ ಇಲ್ಲದವರು ಕೊಡ್ತಾ ಇದಾರೆ ಕಾಟ ಟೋಟಲ್ ಆಗಿ ಟಿಕ್ ಟಾಕ್ ನನ್ ಶಾ[],18,1.0,0.0,1.0,0.0,0.0,False,low
Negative,Tiktak uninstal ಮಾಡಿದರೆ ಈ ತುಕಾಲಿ,5,0.6,0.4,1.0,0.0,0.0,False,low
Positive,Suuuuuuuuuuuuuuprb bro waiting next video bro,6,0.0,0.0,0.0,1.0,0.0,False,low
not-Kannada,Good Human being....,3,0.0,0.0,0.0,1.0,0.0,True,low
Positive,ಸಾರ್ ನಿಮ್ ತಂದೆಯವರ ಅಭಿನಯ ನೋಡ್ತಾ ಇದ್ರೆ ಏನೊ ಹಳೇದೆಲ್ಲಾ ನೆನಪಿಗೆ ಬಂದು ಅಳು ಬರುತ್ತೆ.. ಆ ರೀತಿ ಮನಸ್ಸನ್ನೆ ಕರಗಿಸೊ ಕಲೆ ಅವರಲ್ಲಿತ್ತು. ಅಂತಹವರ ಮಗನಾಗಿ ಹುಟ್ಟಿದ್ದು ನಿಮ್ಮ ಪೂರ್ವ ಜನ್ಮದ ಪುಣ್ಯ ಅಂದ್ರು ತಪ್ಪಾಗುತ್ತೆ.. ಒಳ್ಳೇದಾಗ್ಲಿ ಸರ್.. ಎಲ್ರೂ ಸಾಯೋದೆ.. ಅಲ್ಲಿವರೆಗೂ ಖುಷಿಯಾಗಿರ್ಬೇಕು ಅಷ್ಟೇ..! ದೇವ್ರ್ ಒಳ್ಳೆದ್ ಮಾಡ್ಲಿ ನಿಮ್ಗೆ,38,1.0,0.0,1.0,0.0,0.0,False,low
Positive,ಸರ್ ನಿಮ್ಮ ಪ್ರತಿಯೊಂದು ಮಾತು ನೂರಕ್ಕೆ ನೂರು ಸತ್ಯ nನಿಮ್ಮ ನೋಡಿ ಹೆಮ್ಮೆ ಆಗುತ್ತೆ ಸರ್,12,1.0,0.0,1.0,0.0,0.0,False,low
Positive,ನೀವು ಬಾಳ್ವೆ ನಡೆಸುತ್ತಿರುವ ರೀತಿ ತುಂಬಾನೇ ಚೆನ್ನಾಗಿದೆ.ನಿಮ್ಮ ಮಾತಿನಲ್ಲಿ ತುಂಬಾ ತೂಕವಿದೆ.,9,1.0,0.0,1.0,0.0,0.0,False,low
Positive,ಗೆದ್ದೇ ಗೆಲ್ಲುವೆ ಒಂದು ದಿನ ಗೆಲ್ಲಲೇ ಬೇಕು ನಿಮ್ಮ ಒಳ್ಳೆಯ ತನ,9,1.0,0.0,1.0,0.0,0.0,False,low
Positive,ಸರ್ ಅದು ಗೆದ್ದೇ,3,1.0,0.0,1.0,0.0,0.0,True,low
Negative,ಈ ಕಾಲದಲ್ಲಿ ಒಳ್ಳೆತನಕ್ಕೆ ಬೆಲೆ ಇಲ್ಲ ಮತ್ತೆ ಗೆಲ್ಲುವುದು ಹೇಗೆ,8,1.0,0.0,1.0,0.0,0.0,False,low
not-Kannada,WhatsApp Mumbai Bazar group,4,0.0,0.0,0.0,1.0,0.0,True,low
not-Kannada,Nice dialogue,2,0.0,0.0,0.0,1.0,0.0,True,low
Negative,ಕ್ಷಮಿಸಿ.... ಒಳ್ಳೆಯತನಕ್ಕೆ ಇಲ್ಲಿ ಬೇಲೆ ಇಲ್ಲ...,5,1.0,0.0,1.0,0.0,0.0,False,low
Positive,ಚಮಯ್ಯ ಮೇಸ್ಟ್ರು ಅವರ ಆಶೀರ್ವಾದ ಯಾವಾಗಲೂ ಇರುತ್ತೆ ನಿಮ್ಮಲ್ಲಿ ಸ್ವಾಭಿಮಾನ ಇದೆ ಆಗು ನಿಮ್ಮಲ್ಲಿ ಒಂದು ಛಲ ಇದೆ,14,1.0,0.0,1.0,0.0,0.0,False,low
Positive,ಸರ್ ನಿಮ್ಮ ಪಾದಗಳಿಗೆ ನಮಸ್ಕಾರಗಳು,4,1.0,0.0,1.0,0.0,0.0,False,low
Negative,So sad. Sir....,3,0.0,0.0,0.0,1.0,0.0,True,low
Positive,ಸಾಮಾನ್ಯ ಮನುಷ್ಯ ಶಂಕರ್ ಸರ್  ನಮಗೆ ನೀವು ಮಾದರಿ,7,1.0,0.0,1.0,0.0,0.0,False,low
Positive,jevanada sathya harithiruva jnani,4,0.0,1.0,1.0,0.0,0.0,False,low
not-Kannada,Sir super great,3,0.0,0.0,0.0,1.0,0.0,True,low
not-Kannada,Plz sir u r great,5,0.0,0.0,0.0,1.0,0.0,False,low
Positive,ಹಾ ದೇವರು ಒಳ್ಳೆಯವರಿಗೇ ಯಾವಾಗಲೂ ಕಷ್ಟ ಕೋಡದು ಸರ್ ನಿಮಗೇ ಒಳ್ಳೆದಾಗಲ್ಲಿ... ಸರ್..,10,1.0,0.0,1.0,0.0,0.0,False,low
Positive,Maadhari manushya,2,0.0,1.0,1.0,0.0,0.0,True,low
Positive,ನಯವಾದ  ಮಾತುಗಳು  ನೀವು ಚೇನ್ನಾಗಿ nಇರಬೇಕು ಸಾರ್,6,1.0,0.0,1.0,0.0,0.0,False,low
not-Kannada,I like feel better #person only you sir,8,0.0,0.0,0.0,1.0,0.0,False,low
Positive,ಸೂಪರ್ ಸೋಮಣ್ಣ ಮಾಚಿಮಾಡ  ಇಂತಹ ಒಳ್ಳೆಯ ಕೆಲಸ ಇನ್ನೂ ಮುಂದುವರಿಯಲಿ  ಶಂಕರ್ ಸರ್ ನಿಮ್ಮ ನೇರವಾದ ಮತ್ತು ವಾಸ್ತವವಾದ ಮಾತಿಗೆ,15,1.0,0.0,1.0,0.0,0.0,False,low
Positive,@Machi MediaSuper Sir. Nimagu Haagu Namma Sir gu Dussehra Habbada Shubhashayagalu,11,0.0,1.0,1.0,0.0,0.0,True,low
Positive,Lifestyle super guru,3,0.0,0.0,0.0,1.0,0.0,True,low
not-Kannada,U r great sir,4,0.0,0.0,0.0,1.0,0.0,False,low
Positive,ಶಂಕರ್ ಅಶ್ವಥ್ ಸರ್ ನೀವು ಒಬ್ಬ ಒಳ್ಳೆಯ ವ್ಯಕ್ತಿ,7,1.0,0.0,1.0,0.0,0.0,False,low
Negative,Bari shocki wala mosale kanniru,5,0.0,1.0,1.0,0.0,0.0,False,low
Negative,Thu.... Gaandu.... Ninobba gandsa,4,0.0,1.0,1.0,0.0,0.0,True,low
Negative,ರೀ ನಿಮ್ಮ ತಂದೆಯನ್ನು ನೆನೆದು ನೀವು ಮೊಸಳೆ ಕಣ್ಣೀರು ಹಾಕುತ್ತೀರಾ,8,1.0,0.0,1.0,0.0,0.0,False,low
Mixed feelings,rakshith naik ಅವ್ರು ಮೋದಿ ಭಕ್ತರು,5,0.6,0.4,1.0,0.0,0.0,False,low
Positive,God bless u Sir...,4,0.0,0.0,0.0,1.0,0.0,True,low
Mixed feelings,OIlle thana.....olleyavrige eegina kaladalli nijwaglu bele illa.....enidru anyaya,8,0.0,1.0,1.0,0.0,0.0,False,low
Mixed feelings,Tumba satyavada mathu kanri. Sakath bejar aguthe. Nav yargu mosa anyaya madilla.. Adru inu olleyade agtilla bega.. Eladralu struggle agtide,20,0.0,0.9375,0.9375,0.0625,0.125,False,low
Positive,Sachien  karnatakada cinemadalli adbuta nata ivara tande nanu bala ista pado vekti abarigondu nanna abhinandane,15,0.0,1.0,1.0,0.0,0.0,False,low
not-Kannada,I love you sir,4,0.0,0.0,0.0,1.0,0.0,False,low
not-Kannada,I love you sir,4,0.0,0.0,0.0,1.0,0.0,False,low
Positive,Driver.....superb sir.nObbara hangilladanthe badukbodu.nNamma jeevana dalli olledu ketdu aagle beku ade jeevana.,12,0.0,1.0,1.0,0.0,0.0,False,low
Positive,ಬೇಡ ನೀವು ಒಳ್ಳೆಯ ಮನುಷ್ಯ,4,1.0,0.0,1.0,0.0,0.0,False,low
Positive,ಕನ್ನಡ ನಾಡಿನ ಜನತೆಗೆ ನಿಮ್ಮಕದರ್,4,1.0,0.0,1.0,0.0,0.0,False,low
Positive,ಕಂಚಿನ ಕಂಠದಲ್ಲಿ ಮೂಡಿ ಬಂದ ತೊಗರಿತಿಪ್ಪ ಹಳೇ ನೆನಪು ತಾಜಾ ಮಾಡಿತು,9,1.0,0.0,1.0,0.0,0.0,False,low
not-Kannada,Super drama,2,0.0,0.0,0.0,1.0,0.0,True,low
unknown state,ನಾನು ಸಣ್ಣಾವಿದ್ಧಾಗ ನಮ್ಮ ಅಜ್ಜ,4,1.0,0.0,1.0,0.0,0.0,False,low
Positive,ಎರಡನೆ ಬಾಗ ಅಪ್ಲೋಡ್ ಮಾಡಿ,4,1.0,0.0,1.0,0.0,0.0,False,low
Positive,Ati sundarvada hasya chataki,4,0.0,1.0,1.0,0.0,0.0,False,low
Positive,Super sir.ನಾವು ಚಿಕ್ಕವರಿದ್ದಾಗ ನಮ್ಮ ಕುಟುಂಬದವರು ಎಲ್ಲರೂ ಸೇರಿ ಕೇಳುತ್ತಿದ್ದೆವು.ನಮ್ಮ ಅಪ್ಪನ ಅಚ್ಚುಮೆಚ್ಚಿನ ಹಾಸ್ಯ ಕಾರ್ಯಕ್ರಮ ಇದು,13,0.9231,0.0,0.9231,0.0769,0.1538,False,low
Positive,ತೂಗರಿ ತಿಪ್ಪ ಉತ್ತರ ಕರ್ನಾಟಕ ಜಾನಪದ ಹಾಸ್ಯಮಯವಾದ ಕಥೆ ತುಂಬಾ ಅದ್ಬುತವಾದದ್ದು,9,1.0,0.0,1.0,0.0,0.0,False,low
Positive,ತುಂಬಾ  ಸಂತೋಷ ಆಯಿತು  ಸರ್  25 ವರ್ಷದ  ಹಿಂದೆ  ತೊಗರಿ ತಿಪ್ಪನ ಕತೆ  ಕೇಳಿದ್ದು  ನೆನಪಾಯಿತು,12,1.0,0.0,1.0,0.0,0.0,False,low
Positive,ತೊಗರಿ ತಿಪ್ಪ.ಬಾಳ ಚಂದ ಐತರಿ,4,1.0,0.0,1.0,0.0,0.0,False,low
unknown state,Manu baligar avaru gadag jille shirahatti taluk Shigli gramadavaru. Nanu ade gramadavanu.,12,0.0,1.0,1.0,0.0,0.0,False,low
Positive,ತುಂಬಾ ಖುಷಿಯಾಯಿತು ಕೇಳಿ,3,1.0,0.0,1.0,0.0,0.0,True,low
Positive,30 ವರ್ಷಗಳ ಹಿಂದೆ ನಾವು 7 ನೇ ತರಗತಿಯಲ್ಲಿ ಇದ್ದಾಗ ಈ ಕಥೆಯ ಕ್ಯಾಸೆಟ್ ಮುಖಾಂತರ ಕೇಳಿ ಬಹಳ ಖುಷಿಪಡುತ್ತಿದ್ದೆವು. ಮತ್ತೊಮ್ಮೆ ಈ ಕಥೆಯನ್ನು ಕೇಳಲು ಅವಕಾಶ ಕಲ್ಪಿಸಿಕೊಟ್ಟ ಅಶ್ವಿನಿ ಕ್ಯಾಸೆಟ್ ಕಂಪನಿಗೆ ತುಂಬಾ ಧನ್ಯವಾದಗಳು....,26,1.0,0.0,1.0,0.0,0.0,False,low
Positive,ಗುರುಗುಳ. ನಾನು ಚಿಕ್ಕವನು ಇದ್ದಾಗ ಟೇಪ ರಿಕಾರ್ಡರ್ ನ್ಯಾಗ ಕೇಳಿದ್ದೇ ಮತ್ತೆ ಇವಾಗ ಕೇಳಿ ಬಾಹಳ ಖುಷಿಯಾತು... ರೀ..,14,1.0,0.0,1.0,0.0,0.0,False,low
Positive,ತೊಗರಿ ತಿಪ್ಪ  ಕಥೆ ತುಂಬಾ ಚನ್ನಾಗಿದೆ ಮತ್ತು ತುಂಬಾ ಹಾಸ್ಯಾಸ್ಪದವಾಗಿದೆ.,8,1.0,0.0,1.0,0.0,0.0,False,low
Positive,ಶಂಭು ಬಳೆಗಾರ ಸರ್ ಗೆ ತುಂಬಾ ದನ್ಯವಾದಗಳು,6,1.0,0.0,1.0,0.0,0.0,False,low
not-Kannada,Super cool nice,3,0.0,0.0,0.0,1.0,0.0,True,low
unknown state,ಸುಪರ್ ತೊಗರಿ ತಿಫ ಲಾಚನಕೇರಿ,4,1.0,0.0,1.0,0.0,0.0,False,low
Positive,ತುಂಬಾ ಚೆನ್ನಾಗಿದೆ ಸರ್ ನಾನು ಸನ್ನಾವಿದ್ಧಾಗ ಕೆಳಿದ ನಾಟಕ ನನ್ನ ಬಾಲ್ಯದ ನೆನಪುಗಳು ಮರುಕಳಿಸಿದವು🥰🥰,11,1.0,0.0,1.0,0.0,0.0,False,low
Positive,ತೊಗರಿ ಅಭಿವೃದ್ಧಿ ನಿಗಮದ ವ್ಯವಸ್ಥಾಪಕ ನಿರ್ದೇಶಕರಿಗೆ,5,1.0,0.0,1.0,0.0,0.0,False,low
Positive,ಉತ್ತರ ಕರ್ನಾಟಕ ಶೈಲಿಯ ಕಲೆಯನ್ನು ಉಳಿಸಿ,5,1.0,0.0,1.0,0.0,0.0,False,low
Positive,ಚನ್ನಾಗಿದೇ ಇದು ತೋಗರಿ ತಿಪ್ಪನ ಕತೆ,5,1.0,0.0,1.0,0.0,0.0,False,low
not-Kannada,Manju. D. Uttangi,3,0.0,1.0,1.0,0.0,0.0,True,low
Positive,ಡಾ//ಶಂಭು ಬಳಿಗಾರರ ಮಾತು ಹುಗ್ಗಿ ಹಾಲು ಉಂಡಷ್ಟು ರುಚಿ... ನಾನು ಬಾಲ್ಯದಿಂದಲೇ ಅವರ ಈ ಹಾಸ್ಯ ಕಥೆಗಳನ್ನು ಕೇಳುತ್ತ ಬೆಳೆದವನು...,15,1.0,0.0,1.0,0.0,0.0,False,low
Positive,ತುಂಬಾ ಚನ್ನಾಗಿದೆ ಸಾರ,3,1.0,0.0,1.0,0.0,0.0,True,low
Positive,ಧ್ವನಿ ಅದಲಾ ಅದು nಉತ್ತರ ಕರ್ನಾಟಕದ ಭಾಷೆಯಲ್ಲಿ ಮಿಂದ nಕಂಚಿನ ಕಂಠದ ಹೆಮ್ಮೆ,10,1.0,0.0,1.0,0.0,0.0,False,low
Positive,ಈ ಕಥೆಯ ಮೂಲಕ ಸಂಸಾರ ಮಾಡೋಕೆ ತುಂಬಾ ಚೆನ್ನಾಗಿದೆ. ಸಂಸ್ಕಾರ ಬಹಳ ಮೂಖ್ಯ ರಿ,11,1.0,0.0,1.0,0.0,0.0,False,low
not-Kannada,My like video,3,0.0,0.0,0.0,1.0,0.0,True,low
Positive,ನನಗೆ ನಿನ್ನೆ ಕಥೆ ಹೇಳಿದರು ಒಬ್ಬರು ಅದಕ್ಕೆ ವಿಡಿಯೋ ನೆನಪು ಆಯಿತು. ಸುಪರ್.... ಇವನ ಊರು ಶಿಗ್ಗ್ಲಿ,13,1.0,0.0,1.0,0.0,0.0,False,low
Positive,ಬಾಳ ಚೊಲೋ ಐತ್ರಿ ನೌನ್ ಕಥಿ,5,1.0,0.0,1.0,0.0,0.0,False,low
Positive,ತೋ ಗರಿ  ತಿಪ್ಪಾ ಸೂಪರ,4,1.0,0.0,1.0,0.0,0.0,False,low
Positive,ಸೂಪರ್ ತೊಗರಿ ತಿಪ್ಪ ....,4,1.0,0.0,1.0,0.0,0.0,True,low
unknown state,Suryana Mari,2,0.0,1.0,1.0,0.0,0.0,True,low
Negative,ಇದು ಹೊಸಬರು ಇದ್ದರೂ. ಪ್ರಸಿದ್ಧ ನಟ ನಟಿಯರು ಕೆಲವರು (ಪೋಷಕ ಪಾತ್ರ ಕ್ಕೆ) ಇರಬೇಕಿತ್ತು. ಒಂದೆರಡು ಸುಮಧುರ ಸಂಗೀತದ ಹಾಡುಗಳು ಇರಬೇಕಿತ್ತು.,16,1.0,0.0,1.0,0.0,0.0,False,low
Positive,ನಿಮ್ಮಂತಹ ಕಲಾವಿದರಿಗೆ ಶ್ರಮಕ್ಕೆ ಪ್ರತಿಫಲ ಸಿಗುತ್ತದೆ......ಈ ಸಿನಿಮಾದ ಮೂಲಕ ಕನ್ನಡಿಗರ ಹೃದಯದಲ್ಲಿ ಸ್ಥಾನ ಪಡೆದು ಕೊಂಡಿದ್ದೀರ ..... ಮುಂದಿನ ಸಿನಿಮಾಗಳಿಗೂ ಸದಾ ನಿಮ್ಮ ಜೊತೆ ಬರುತ್ತಾರೆ ... ಮುಂಬರುವ ಸಿನಿಮಾಗಳಿಗೆ ಒಳ್ಳೆಯದಾಗಲಿ,23,1.0,0.0,1.0,0.0,0.0,False,low
Positive,ಥಿಯಾ ಸುಂದರವಾದ ರೋಮ್ಯಾಂಟಿಕ್ ಮಹಾಕಾವ್ಯವಾಗಿದ್ದು,4,1.0,0.0,1.0,0.0,0.0,False,low
not-Kannada,Nice movie love from tamil,5,0.0,0.0,0.0,1.0,0.0,False,low
not-Kannada,Tamil fans hit like,4,0.0,0.0,0.0,1.0,0.0,False,low
Positive,ಪೃಥ್ವಿ ಅವ್ರು ಕಾಸರಗೋಡಿನವರು ಅಂತ ಕೇಳಿ ತುಂಬಾ ಖುಷಿಯಾಯ್ತು,7,1.0,0.0,1.0,0.0,0.0,False,low
Negative,ನೀವು 6-5=2 ಸಿನಿಮಾ ವನ್ನು ರಿಯಲ್ ಸ್ಟೋರಿ ಅಂತ ಯಾಕೆ ಸುಳ್ಳು ಹೇಳಿದ್ದು,10,1.0,0.0,1.0,0.0,0.0,False,low
Negative,ಪ್ರಚಾರ ಇಲ್ಲದ ಕಾರಣ ನಮಗೆ ಒಳ್ಳೆಯ ಚಿತ್ರ ನೋಡಲು ಅವಕಾಶ ಆಗಲಿಲ್ಲ.,9,1.0,0.0,1.0,0.0,0.0,False,low
Mixed feelings,ಕ್ಷಮಿಸಿ ದಿಯಾ ಟೀಮ್ .....,4,1.0,0.0,1.0,0.0,0.0,True,low
Positive,Ultimate kannada movie super,4,0.0,0.0,0.0,1.0,0.0,False,low
Positive,ದಿಯಾ ಕನ್ನಡದ ಒಂದು ಸುಂದರ ಪ್ರೇಮ ಕಥೆ...ಭಾವನಾತ್ಮಕ ಚಿತ್ರ..ಹೊಸ ನಟನಟಿಯರ ಚಿತ್ರ ಅದೇನೂ ನೋಡೋದು ಸ್ವಾಭಾವಿಕ ಆದರೆ ಆತರದ ಅಭಿಪ್ರಾಯವನ್ನು ಸುಳ್ಳು ಮಾಡಿದ ಚಿತ್ರ.....ದೊಡ್ಡ ದೊಡ್ಡ ಸ್ಟಾರ್ ನಟರ ಚಿತ್ರಕ್ಕೆ  ಕತೆನಿಲ್ಲದೆ ಬಾರಿ ಬಿಲ್ಡಪ್ ಚಿತ್ರ ಇರುತ್ತೆ....ದಿಯಾ ಚಿತ್ರ ನೋಡಿ ಕನ್ನಡಕ್ಕೆ...ಹೊಸ ನಟರಿಗೆ ಬೆನ್ನು ತಟ್ಟಿ ಪ್ರೋತ್ಸಾಹಿಸಿ.....ಬೆಸ್ಟ್ ಆಕ್ಟಿನ್ಗ್ ಇದೆ ಬೆಸ್ಟ್ ಕತೆ ಇದೆ... ನೀವು ಈ ಚಿತ್ರ ನೋಡಿದ ನಂತರ ಒಂದಿಷ್ಟು ಹೊಸ ರೀತಿಯ ಅನುಭವವನ್ನು ಪಡೆಯುವಿರಿ....,49,1.0,0.0,1.0,0.0,0.0,False,low
Negative,ಅದ್ಭುತವಾದ ಸಿನಿಮಾ. ನಾನು ಇತ್ತೀಚೆಗೆ ನೋಡಿದ ಎಲ್ಲ ಕನ್ನಡ ಸಿನಿಮಾಗಳಿಗಿಂತ ಇದು ಒಂದು ತೂಕ ಜಾಸ್ತಿ. ಭಾವನೆಗಳ ಭಂಡಾರವನ್ನು ತುಂಬಿ ಕೊಡುವ ಇಂತಹ ಚಿತ್ರಗಳು ಹಿಟ್ ಆಗದಿರುವುದು ಕನ್ನಡ ಚಿತ್ರರಂಗದ ವಿಪರ್ಯಾಸ. ನಿರ್ದೇಶಕರ ಕಲಾತ್ಮಕತೆ ಹಾಗೂ ಸೃಜನಶೀಲತೆಯನ್ನು ಹೊಗಳಲು ಪದಗಳೇ ಸಾಲವು.. ಇಂತ ಸದಭಿರುಚಿಯ ಚಿತ್ರಗಳೇ ಕನ್ನಡ ಚಿತ್ರರಂಗದ ಜೀವಾಳ. ಕಥೆ,37,1.0,0.0,1.0,0.0,0.0,False,low
Positive,ತುಂಬಾ ಒಳ್ಳೆ ಚಿತ್ರ,3,1.0,0.0,1.0,0.0,0.0,True,low
not-Kannada,Wonderful movie love you DIA movie,6,0.0,0.0,0.0,1.0,0.0,False,low
Positive,Number 1 movie,3,0.0,0.0,0.0,1.0,0.0,True,low
Positive,Super super super film I can't explain,7,0.0,0.0,0.0,1.0,0.0,False,low
Positive,Miss India Dia,3,0.0,0.0,0.0,1.0,0.0,True,low
not-Kannada,I big big fan of Dia,6,0.0,0.0,0.0,1.0,0.0,False,low
Positive,ಕ್ಲೈಮಾಕ್ಸ್ ಚೇಂಜ್ ಮಾಡಿ ರೀ ರಿಲೀಸ್ ಮಾಡಿ ಚಿತ್ರ ಸುಪರ್ ಹಿಟ್ ಆಗುತ್ತೆ ಗ್ಯಾರೆಂಟಿ,11,1.0,0.0,1.0,0.0,0.0,False,low
Negative,ಈ ಸಿನಿಮಾ ರಿಲೀಸ್ ಆದ ಸಮಯ ಸರಿಯಿಲ್ಲ.... ಈ ತರ ಸಿನೆಮಾ ಸ್ಟೂಡೆಂಟ್ ಹಾಗೂ IT ವಲಯದವರಿಗೆ ಹೆಚ್ಚಾಗಿ ಇಷ್ಟವಾಗುತ್ತಿತ್ತೇನೋ...,15,1.0,0.0,1.0,0.0,0.0,False,low
Positive,ಎರಡು ಒಳ್ಳೆಯ ವಿಷಯಗಳು ಆಗಬೇಕು ಇವಾಗn1. ದಿಯಾ ಮತ್ತೆ ರಿಲೀಸ್ ಆಗಬೇಕುn2. ಕೊರೋನಾ ನಿಯಂತ್ರಣ ಆಗಬೇಕು.,12,1.0,0.0,1.0,0.0,0.0,False,low
unknown state,@siddu raj,2,0.0,1.0,1.0,0.0,0.0,True,low
Negative,ಲವ್ ಮೂವಿ ಅಂದ್ರೆ ನಮ್ ಬರ್ಗೆಟ್ಟಿರೋ ಜನ ಲೈಕು ಮಾಡ್ತಾರೆ ಹೋಗಳಿಕೇನು ಕೊಡ್ತಾರೆ ಸರ್ but ಇದೆಲ್ಲ ಮೂವಿ ಗೆ ಕೊಡ್ತಾ ಇರೊ ಲೈಕ್ ಅಲ್ಲ  ಈ ಮೂವಿಲಿ ಇರೊ ಲವ್ ಸೀನ್ ಮತ್ತು ಲವ್ ಡೈಲಾಗ್ ಗೆ ಅಷ್ಟೆ. ಹೀರೋಯಿನ್ ಹೀರೋ ಗೆ ಪ್ರೊಪೋಸ್ ಮಾಡಿದ್ರೆ ಸಾಕು ನಮ್ ಜನ ಬೆಸ್ಟ್ ಮೂವಿ ಅಂತ ಹೇಳ್ತಾರೆ but ಮೋವಿಲಿ ತುಂಬಾ fault ಇರುತ್ತೆ ಫ್ಯಾಮಿಲಿ ನೋಡೋ ತರ ಇರಲ್ಲ. ದಿಯ ಮೂವಿ ತುಂಬಾ ಬೋರಿಂಗ್ ಇದೆ ಫ್ಯಾಮಿಲಿ ಜೊತೆ ನೋಡೋ ತರ ಇಲ್ಲ ಮನೇಲಿ ಒಬ್ನೆ ನೋಡೋಕೆ ಬೆಸ್ಟ್ ಮೂವಿ ಗಳಲ್ಲಿ ನನ್ನ ಪ್ರಕಾರ ದಿಯಾ ಕೂಡ ಒಂದು. ಎಲ್ಲರ ಆಕ್ಟಿಂಗ್ ಸೂಪರ್ ಡೈಲಾಗ್ ಸೂಪರ್ but overall ಮೂವಿ ಲಿ improvement ಬೇಕೇ ಬೇಕು ಇಲ್ಲಾಂದ್ರೆ ಫ್ಯಾಮಿಲಿ ನೋಡಲ್ಲ. nಬೇಜಾರ್ ಮಾಡ್ಕೋಬೇಡಿ ಇದು ನನ್ನ ಅನಿಸಿಕೆ ಅಷ್ಟೆ.,92,0.9348,0.0,0.9348,0.0652,0.1304,False,low
Positive,Super movie I like it,5,0.0,0.0,0.0,1.0,0.0,False,low
not-Kannada,I love Diya movie,4,0.0,0.0,0.0,1.0,0.0,True,low
Positive,ನಾನು ನೋಡಿದ  ಸೂಪರ್ ಮೂವಿ ಹೃದಯ ಮುಟ್ಟಿದ ಸಿನಿಮಾ ಬಾವನೆಯ ಸಿನಿಮಾ ಲವ್ ಉ ದಿಯಾ,12,1.0,0.0,1.0,0.0,0.0,False,low
Positive,Best cinema Dia,3,0.0,0.0,0.0,1.0,0.0,True,low
Positive,ಈ ಸಿನಿಮಾದಿಂದ ಗೊತ್ತಗುತ್ತೆ ಸಿನಿಮಾಕ್ಕೆ ಕಥೆ,5,1.0,0.0,1.0,0.0,0.0,False,low
not-Kannada,Hi Dia Team,3,0.0,0.0,0.0,1.0,0.0,True,low
Positive,ದಿಯಾ ಬರಿ ಚಲನಚಿತ್ರ ಮಾತ್ರವಲ್ಲ ನಮ್ಮ ಕನ್ನಡ ಚಲನಚಿತ್ರ ರಂಗದ ಇತಿಹಾಸದಲ್ಲೆ ಎಂದು ಎಂದೆಂದೂ ಮರೆಯಾಲಾಗದ ಅಪರೂಪದ ಅದ್ಭುತವಾದ ಕನ್ನಡ ಚಲನಚಿತ್ರದ ಮಹಾನ್ ಕೃತಿ ಈ ಚಲನಚಿತ್ರವನ್ನ ನೀವುಗಳೆಲ್ಲರೂ ನೋಡಲೆ ಬೇಕು ದಿಯಾ ಚಲನಚಿತ್ರದ ನಿರ್ದೇಶಕನಿಗೆ ನನ್ನದೊಂದು ಪ್ರೀತಿಯ ನಮಸ್ಕಾರಗಳು ನಮ್ಮ ಕನ್ನಡ ಚಲನಚಿತ್ರಕ್ಕೆ ನೀವೊಬ್ಬರು ಮತ್ತೊಬ್ಬ ಪುಟ್ಟಣ್ಣ ಕಣ್ಣಗಾಲ್nn ವಿಲೇಜ್ ರೋಡ್ ಫಿಲಂಸ್,39,1.0,0.0,1.0,0.0,0.0,False,low
Mixed feelings,Bejar manporchi #PruthviAmber,3,0.0,1.0,1.0,0.0,0.0,True,low
Positive,super film guru,3,0.0,0.0,0.0,1.0,0.0,True,low
Positive,ದಿಯಾ ಕನ್ನಡದ ಅದ್ಭುತ ಸಿನಿಮಾಗಳಲ್ಲಿ ಒಂದು. nಕನ್ನಡದಲ್ಲಿ ಕಥೆ ಇಲ್ಲ ಏನ್ನುವವರಿಗೆ ದಿಯಾ ತಕ್ಕ ಉತ್ತರ ಕೊಟಿದ್ದೆ. ಇಂತಹ ಸಿನಿಮಾ ಸೋತರೆ ಕನ್ನಡಿಗರೇ ಸೋತ ಹಾಗೆ ಹಾಗಾಗಿ ಕನ್ನಡ ಸಿನಿ ಪ್ರೇಕ್ಷಕರು ದಿಯಾಳನ್ನು ಚಿತ್ರಮಂದಿರದಲೆ ನೀಡಬೇಕಾಗಿ ವಿನಂತಿ. nದಿಯಾಳ ಮನೋಜ್ಞ ಅಭಿನಯnಆದಿಯ ಲವಲವಿಕೆಯ ನಟನೆnರೋಹಿತ್ ಮುಗ್ಧ ನಟನೆ nಸಂಗೀತ ನಿರ್ದೇಶಕರ ಹಿನ್ನೆಲೆ ಸಂಗೀತ ಎಲ್ಲವೂ ಅದ್ಭುತ. (ಆದಿಗು ದಿಯಾಗು ಒಂದು ಮೇಲೋಡಿ ಡುಯೇಟ್,45,1.0,0.0,1.0,0.0,0.0,False,low
Positive,ಜನ ಮರುಳೋ ಜಾತ್ರೆ ಮರುಳೋnಅಂದಹಾಗೆ....nಬೇರೆ ಭಾಷೆಯ ಚಿತ್ರಗಳನ್ನು ನೋಡಿnಸೂಪರ್,7,1.0,0.0,1.0,0.0,0.0,False,low
Positive,ನನಗೆ ತುಂಬಾ ಇಷ್ಟವಾದ ಚಿತ್ರ ದಿಯ,5,1.0,0.0,1.0,0.0,0.0,False,low
Negative,Gichhh movie,2,0.0,0.0,0.0,1.0,0.0,True,low
not-Kannada,Super bro....,2,0.0,0.0,0.0,1.0,0.0,True,low
not-Kannada,you are correct bro..,4,0.0,0.0,0.0,1.0,0.0,False,low
Positive,Super guru,2,0.0,0.0,0.0,1.0,0.0,True,low
not-Kannada,video sir,2,0.0,0.0,0.0,1.0,0.0,True,low
Positive,Guru super video  Tq guru,5,0.0,0.0,0.0,1.0,0.0,False,low
Negative,ಕೆಲವರು ಟಿಕ್ ಟಾಕ್ ಅಲ್ಲಿ ಫಿಲಂ ಡೈಲಾಗ್ಸ್ ಮಿಕ್ಸ್ ಮಾಡಿ ಸ್ವಾಮಿ ವಿವೇಕಾನಂದ ಎಪಿಜೆ ಅಬ್ದುಲ್ ಕಲಾಂ ಜಿ ಥರ ಆಡ್ತಾರೆ ಅವರನ್ನ ಹೀಗೆ ಬಿಟ್ಟಿದ್ದರೆ ಕಲಿಯುಗದ ಸರ್ವಜ್ಞ  ಹಾಗಿ   ಬಿಡುತ್ತಿದ್ದರು  ಥ್ಯಾಂಕ್ಯೂ ಮೋದಿಜಿ ಟಿಕ್ ಟಾಕ್ ಬ್ಯಾನ್ ಮಾಡಿದ್ದಕ್ಕೆ.,29,1.0,0.0,1.0,0.0,0.0,False,low
not-Kannada,No words bro just,4,0.0,0.0,0.0,1.0,0.0,False,low
Negative,Kachada Nan nagini gane,4,0.0,1.0,1.0,0.0,0.0,True,low
Positive,ಸೂಪರ್ ಬ್ರೋ ನಿಜ,3,1.0,0.0,1.0,0.0,0.0,True,low
Positive,Tiktok Ban Madi olle kelsa Madi edare,7,0.0,1.0,1.0,0.0,0.0,False,low
not-Kannada,Áÿįøøøøø super broooo love u,5,0.0,0.0,0.0,1.0,0.0,True,low
not-Kannada,Yes  super bro,3,0.0,0.0,0.0,1.0,0.0,True,low
Negative,Tika hogibeku avlige,3,0.0,1.0,1.0,0.0,0.0,True,low
Negative,ಇಂಡಿಯಾದಲ್ಲಿ ಚೈನಾಗೆ ಹುಟ್ಟಿರೋ ಚಕ್ಕಗಳ ತಿಕದಲ್ಲಿ ಇನ್ನು ಸ್ವಲ್ಪ ಕಾರಪುಡಿ  ಆಕ್ಬೇಕಿತ್ತು ಅನ್ಸುತ್ತೆ ಬ್ರಾ,11,1.0,0.0,1.0,0.0,0.0,False,low
Negative,ಸರಿ ಬುಡ್ಲ ಅಣ್ತಮ್ಮ,3,1.0,0.0,1.0,0.0,0.0,True,low
not-Kannada,Super video 🤩,3,0.0,0.0,0.0,1.0,0.0,True,low
Negative,Bindu gowdaaaaaa yakamma,3,0.0,1.0,1.0,0.0,0.0,True,low
Negative,ಸೂಪರ್ ಗುರು ಇನ್ನು ಸ್ವಲ್ಪ ಉಗಿರಿ ಟಿಕ್ ಟಾಕ್ ಮಾಡೋರ್ಗೆ,8,1.0,0.0,1.0,0.0,0.0,False,low
Positive,Super comment guru,3,0.0,0.0,0.0,1.0,0.0,True,low
Positive,ಇಂತವರಿಗೆ ಟಪ ಟಪ ಟಪ ಟಪ ಹೊಡಿಬೇಕು,6,1.0,0.0,1.0,0.0,0.0,False,low
not-Kannada,Superb bro,2,0.0,0.0,0.0,1.0,0.0,True,low
not-Kannada,super bro,2,0.0,0.0,0.0,1.0,0.0,True,low
not-Kannada,Love u brooo,3,0.0,0.0,0.0,1.0,0.0,True,low
not-Kannada,Super Jai hind,3,0.0,0.0,0.0,1.0,0.0,True,low
Positive,Super Anna,2,0.0,0.0,0.0,1.0,0.0,True,low
Mixed feelings,ಒಂದೊಂದು ಮಾತು ಚಪ್ಪಲಿ  ಹೊಡೆದಂತೆ ಇತ್ತು ಗುರು ಒಬ್ಬೊಬ್ರು ನೋಡಬೇಕಿತ್ತು ಸರ್ ಚೀನಾಗೆ ಹುಟ್ಟಿರುವ ತರಹ ಆಡುತ್ತಾರೆ ನಮ್ಮ ದೇಶದಲ್ಲಿ ಎಷ್ಟು ಜನ ಸೈನಿಕರು  ಸಾಯ್ತಾರೆ ಅವರಿಗೆ ಏನಾಗಬೇಕು ಟಿಕ್ ಟಾಕ್ ಲೈಕ್ ಬಂದ್ರೆ ಸಾಕು ನನ್ನ ಕಮೆಂಟ್ ಅಲ್ಲಿ ಏನಾದರೂ ತಪ್ಪಿದ್ದರೆ ಕ್ಷಮಿಸಿ ಜೈ ಹಿಂದ್ ಜೈ ಕರ್ನಾಟಕ ಮಾತೆ,37,1.0,0.0,1.0,0.0,0.0,False,low
Positive,ಏನ್ ಹೇಳಿದಿ ಗುರೂ.. ಸೂಪರ್ ಬಾಸ್n...,5,1.0,0.0,1.0,0.0,0.0,False,low
Negative,ಗುರು ಇವರಿಗೆ ದೇಶದ ಅಭಿಮಾನ ಇಲ್ಲ ಇವರಿಗೆ ವಿಡಿಯೋ ಮಾಡೋದೇ ಮುಖ್ಯ ಇವರಿಗೆ,10,1.0,0.0,1.0,0.0,0.0,False,low
not-Kannada,I love you bro nice talking style,7,0.0,0.0,0.0,1.0,0.0,False,low
Negative,Mettu tagand hodibeku soolemaklige soolerge avren chinadalliro mindrige hunttidira nimmoun t....u,11,0.0,1.0,1.0,0.0,0.0,False,low
Positive,ಸೂಪರ್ ಗುರು ನಿಜ,3,1.0,0.0,1.0,0.0,0.0,True,low
Positive,ಅಣ್ಣ ಏನು ನಿನ್ನ ಮತ್ತು ಒಂದೊಂದು ಮಾತಿನಲ್ಲಿ ಅರ್ಥ ಇದೆ,8,1.0,0.0,1.0,0.0,0.0,False,low
Positive,ಆ ನೂರ ಕೋಟಿ ಭಾರತಕ್ಕೆ ಅಲ್ಲ ಇಡಿ ವಿಶ್ವಕ್ಕೆ,7,1.0,0.0,1.0,0.0,0.0,False,low
not-Kannada,Nyc bro,2,0.0,0.0,0.0,1.0,0.0,True,low
Negative,ಬ್ರೋ ಸೂಪರ್ ಆಗಿ til tokersನ roast ಮಾಡ್ತಿರ til tok maadorella ಶ್ಯಾ ಟ ಗಳು,13,0.6154,0.3077,0.9231,0.0769,0.1538,False,low
not-Kannada,I like your content,4,0.0,0.0,0.0,1.0,0.0,False,low
Negative,Nannaga thubba bajaru sir‍‍‍‍‍‍‍‍‍‍‍‍,4,0.0,1.0,1.0,0.0,0.0,True,low
not-Kannada,Salute you sir. I met once you. I am happy,10,0.0,0.0,0.0,1.0,0.0,False,low
Positive,Sir ondu mathu nange thumba esta aithu ಹೂಗಳಿಕೆ ಹೂಟ್ಟೆ ತುಂಬಿಸಲ್ಲ ದುಡಿಮೆ ಹೂಟ್ಟೆ ತುಂಬಿಸತ್ತೆ ನಿಜ ಸರ್,15,0.5333,0.4,0.9333,0.0667,0.1333,False,low
Positive,ಸ್ವಾಭಿಮಾನಿ ಶಂಕರ,2,1.0,0.0,1.0,0.0,0.0,True,low
Positive,ಸ್ವಾಭಿಮಾನಿ ಶಂಕರ,2,1.0,0.0,1.0,0.0,0.0,True,low
Positive,ನಿಮ್ಮ ತಂದೆಯ ನಾನು ಫ್ಯಾನ್ ಹಾಗೆ ನಿಮ್ಮ ಫ್ಯಾನ್ ಸೂಪರ್ ಸರ್,9,1.0,0.0,1.0,0.0,0.0,False,low
Positive,ಅನ್ನ. ನೀಡುವ ಯಾವ ಕೆಲಸವೂ ಕಡಿಮೆಯಲ್ಲ . ಶಂಕರರವರೆ ನಿಮ್ಮn ಸ್ವಾ ಭಿಮಾನಿ ಜೀವನಕ್ಕೆ  nನನ್ನ ದೊಂದು ಸಲಾಂ.,14,1.0,0.0,1.0,0.0,0.0,False,low
Negative,Ashwathvru badukiddaga saryagi nodkollalillva ivnu,5,0.0,1.0,1.0,0.0,0.0,False,low
Positive,ನಿಮ್ಮ ಜೀವನ ಇನ್ನೂ ಚೆನ್ನಾಗಿ ಇರಲಿ,5,1.0,0.0,1.0,0.0,0.0,False,low
Negative,ಯೂಟ್ಯೂಬ್ನಲ್ಲಿ ದಿನನಿತ್ಯ ತುಂಬಾ ವಿಡಿಯೋಗಳು  ನೋಡಿದ್ದೆ  ಆದರೆ ನನಗೆ ತುಂಬಾ ಇಷ್ಟವಾದ ವಿಡಿಯೋ ಇದು. ತುಂಬಾ ಅದ್ಭುತವಾದ ಮಾತುಗಳು ಸರ್ ಆ ದೇವರು ನಿಮಗೆ ಇನ್ನೂ ಆಯಸ್ಸು ಆರೋಗ್ಯ ಹೆಚ್ಚು ಕೊಡಲಿ ಎಂದು ಪ್ರಾರ್ಥಿಸುತ್ತೇವೆ. ನಿಮ್ಮ ನಿಷ್ಕಲ್ಮಶವಾದ ಮನಸ್ಸು ನು ಯಾವತ್ತಿಗೂ ಆ ದೇವರು ಕೈ ಬಿಡುವುದಿಲ್ಲ ನಿಮಗೂ ನಿಮ್ಮ ಕುಟುಂಬದವರಿಗೂ ದಸರಾ ಹಾಗೂ ದೀಪಾವಳಿ ಹಬ್ಬದ ಶುಭಾಶಯಗಳು.... ಹಾಗೂ ಈ ವಿಡಿಯೋ ಮಾಡಿದ ಮಾಧ್ಯಮದವರಿಗೂ ದನ್ಯವಾದಗಳು,48,1.0,0.0,1.0,0.0,0.0,False,low
Positive,ನಿಮ್ಮ ಮಾತುಗಳು ಅಕ್ಷರಶಃ ಸತ್ಯ... ನಿಮ್ಮ ಈ ಸಾಮಾನ್ಯ ಜೀವನ ನೋಡಿ ಕುಷಿ ಆಯಿತು.,11,1.0,0.0,1.0,0.0,0.0,False,low
Positive,ಶಂಕರ ಅಶ್ವತ್  ಕಷ್ಟಪಟ್ಟು ಜೀವನ ನಡೆಸುತ್ತಿರುವ ಉತ್ತಮ ಗುಣಮಟ್ಟದ ವಕ್ತಿ,8,1.0,0.0,1.0,0.0,0.0,False,low
not-Kannada,Good job sir,3,0.0,0.0,0.0,1.0,0.0,True,low
Positive,Devru nimge olledu maadli,4,0.0,1.0,1.0,0.0,0.0,False,low
Positive,ಬದುಕಿನ ವೈಚಿತ್ಯ್ರ ಮತ್ತು  ದುರಂತಗಳಲಿ ಗಳಲಿ ಇದೂ ಓಂದು...ಚೆನ್ನಿಗಿರಿ ಶಂಕ್ರಣ್ಣ,8,1.0,0.0,1.0,0.0,0.0,False,low
Positive,ಸರ್ ನಿಮ್ಮಂತಹ ವ್ಯಕ್ತಿತ್ವದ ಜೀವನಕ್ಕೆ ನನ್ನ ಶರಣು-ಶರಣಾರ್ಥಿಗಳು! ಆ ಸೃಷ್ಟಿಕರ್ತನ ಅನುಗ್ರಹ ಸದಾ ನಿಮಗಿರಲಿ ಎಂದು ಹಾರೈಸುವೆ,13,1.0,0.0,1.0,0.0,0.0,False,low
not-Kannada,ASHWATH SIR ACTING,3,0.0,1.0,1.0,0.0,0.0,True,low
not-Kannada,Good  job,2,0.0,0.0,0.0,1.0,0.0,True,low
Positive,100% nija sir. Appaji tarah yaaru barolla.. ulidre kelavu snetaru bartaare.. Devru saha barolla..,14,0.0,0.9091,0.9091,0.0909,0.1818,False,low
Negative,Tital nodi ...ond matu helbeku anth annistu ...Pade pade prashne Keli ...alohage maditirode nivu ....nachike agbeku ..nimge.,17,0.0,1.0,1.0,0.0,0.0,False,low
not-Kannada,uoppi  3,2,0.0,1.0,1.0,0.0,0.0,True,low
Positive,ನಿವು ಹೇಳಿರೋ ಮಾತು ನನಗೆ ಜೀವನ ಶೈಲಿಯ ಒಂದು ಪಾಠ ಸರ್,9,1.0,0.0,1.0,0.0,0.0,False,low
not-Kannada,U r great sir,4,0.0,0.0,0.0,1.0,0.0,False,low
Positive,ಚಿತ್ರರಂಗದ ಧನಿಕರು ಎಲ್ಲಿದ್ದಿರ. ನಾಲ್ಕು ಜನ ಸೇರಿದರೆ ಸಾಕು,7,1.0,0.0,1.0,0.0,0.0,False,low
Positive,ಸಾರ್ ಟೈಟಲ್ ಕ್ಯಾಬ್ ನಲ್ಲಿ ಭಾವುಕರಾದ ಶಂಕರ್ ಅಂತ ಹಾಕಿ.nnView ಜಾಸ್ತಿ ಆಗಲು ಕಸರತ್ತು ಮಾಡದಿರಿ.nnಕಂಟೆಂಟ್ ಇದ್ದರೆ ಜನ ನೋಡ್ತಾರೆ.,15,1.0,0.0,1.0,0.0,0.0,False,low
Negative,ಕಣ್ಣೀರು ಹಾಕಿರುವ ಕಾರಣ ತಂದೆಯ ನೆನೆಪು ಅವರು ಕಷ್ಟ ಕಾಲದಲ್ಲಿ ಮಗನ ಬೆಂಗಾವಲಾಗಿ ನಿಂತಿದ್ದಕ್ಕೆ.ಇದನ್ನು ಕೆಲವರು ಅಪಾರ್ಥ ಕಲ್ಪಿಸಿಕೊಂಡಿದ್ದಾರೆ.,14,1.0,0.0,1.0,0.0,0.0,False,low
Positive,ಜೀವನದಲ್ಲಿ ಶ್ರದ್ಧೆ ಮುಖ್ಯ.....  ಶ್ರದ್ಧೆ    ನಮ್ಮನ್ನು ಯಶಸ್ಸಿನ ಬೆನ್ನ ಹತ್ತುತ್ತಿಸುತ್ತದೆ.....,8,1.0,0.0,1.0,0.0,0.0,False,low
Negative,ನನ್ನ ಈ ಕಾಮೆಂಟ್ ಕನ್ನಡ  ಚಲನಚಿತ್ರ ನಟ ನಟಿಯರು,7,1.0,0.0,1.0,0.0,0.0,False,low
not-Kannada,Super human you are sir,5,0.0,0.0,0.0,1.0,0.0,False,low
not-Kannada,Hats up u sir.,4,0.0,0.0,0.0,1.0,0.0,False,low
not-Kannada,God bless you sir.,4,0.0,0.0,0.0,1.0,0.0,False,low
not-Kannada,Super sir,2,0.0,0.0,0.0,1.0,0.0,True,low
not-Kannada,Super great words sir,4,0.0,0.0,0.0,1.0,0.0,False,low
Positive,ಸರ್ ತಂದೆಗೆ ತಕ್ಕ ಮಗ ಸರ್ ನೀವು ಯಾವುದೇ ಆಶದಾಯಕವಾದಿ ಅವಕಾಶವಾದಿಯು ಅಲ್ಲ  ನಿಮ್ಮ ತಂದೆಯವರ ಆದರ್ಶಗಳಿಂದ ನನ್ನಂತಹ ಕೊಟ್ಯಾಂತರ ಜನ ಬದುಕು ಕಟ್ಟಿ ಸತ್ಯ ಮಾರ್ಗದಲ್ಲಿ ನಡೆಯುತ್ತಾರೆ ನಿಮಗೆ ಅನಂತ ಕೋಟಿ ಧನ್ಯವಾದಗಳು,25,1.0,0.0,1.0,0.0,0.0,False,low
not-Kannada,Super sir true..,3,0.0,0.0,0.0,1.0,0.0,True,low
Positive,ಪ್ರಜಾಪ್ರಭುತ್ವದಲ್ಲಿ ಬ್ರಿಟನ್ ರಾಣಿ ಉಳಿಸಿಕೊಂಡರು,4,1.0,0.0,1.0,0.0,0.0,False,low
Positive,ಇಂತಹ ಒಳ್ಳೆಯ ನಟನಿಗೆ ..ಅಭಿನಯದ ಅವಕಾಶಗಳು ಯಾಕೆ ಸಿಕ್ತಿಲ್ಲಾ...ದಯವಿಟ್ಟು ಧಾರವಾಹಿ ಗಳಲ್ಲಿ ಅವಕಾಶ ನೀಡಿ..,11,1.0,0.0,1.0,0.0,0.0,False,low
Positive,ಅಂತಾ ದೊಡ್ಡ ಮನುಷ್ಯನ ಹೊಟ್ಟೆಲಿ ದೊಡ್ಡಮನುಷ್ಯಾನೆ ಹುಟ್ಟೋದುಶ್ರಮ ಜೀವಿ ಸರ್ ನೀವು,9,1.0,0.0,1.0,0.0,0.0,False,low
Positive,ಹಲೋ ಸರ್ ಅಪ್ಪಾಜಿ ತರ ಅದ್ಭುತ ಪಾತ್ರಗಳನ್ನು ನಿರ್ವಹಿಸಿ ಖಂಡಿತ ಯಶಸ್ವಿ ಆಗ್ತೀರಾ,10,1.0,0.0,1.0,0.0,0.0,False,low
Mixed feelings,Devaru kododu nidana hagide nAndre jaasthi kodthane hantanThilkoli,8,0.0,1.0,1.0,0.0,0.0,False,low
Positive,Sir Nimma Swabhimana innu jasthi agli hage Devru nimge innu jasthi Shakthi kodli antha devaranna nanu kelikolluthene,17,0.0,0.9231,0.9231,0.0769,0.1538,False,low
Positive,ಮಹಾನ್ ವ್ಯಕ್ತಿಯ ರಕ್ತ ಅಲ್ಲವೇ,4,1.0,0.0,1.0,0.0,0.0,False,low
Positive,ನಾನು ತುಂಬಾ ಇಷ್ಟ ಪಡೋ  ಹೆಸರು ಅದು ಶಂಕರ್.. ಆ ಇಬ್ಬರು ವ್ಯಕ್ತಿಗಳು ಅಂದರೆ ೧.ಶಂಕರ್ ನಾಗ್n೨.ಶಂಕರ್ ಅಶ್ವಥ್,14,1.0,0.0,1.0,0.0,0.0,False,low
not-Kannada,Love you sir,3,0.0,0.0,0.0,1.0,0.0,True,low
Positive,ಅವರಪ್ಪ ಒಳ್ಳೆಯ ನಟ ಆಗಿದ್ರು,4,1.0,0.0,1.0,0.0,0.0,False,low
Positive,Yaru yarigu illa anno sathya sangathi idu,7,0.0,1.0,1.0,0.0,0.0,False,low
not-Kannada,Love u sir,3,0.0,0.0,0.0,1.0,0.0,True,low
Positive,ನಿಮ್ಮ ಸ್ವಾವಲಂಬಿ ಬದುಕಿಗೆ ನನ್ನದೊಂದು ಸಲಾಂ ಸರ್,6,1.0,0.0,1.0,0.0,0.0,False,low
Positive,ಶಂಕರ್ ಅಶ್ವಥ್ ರೊಂದಿಗೆ ಅತ್ಯಂತ ಸುಂದರವಾದ ಸಂದರ್ಶನ,6,1.0,0.0,1.0,0.0,0.0,False,low
Positive,ನಿಮ್ಮ ಮಾತು ಕೇಳಿ ಚಾಮಯ್ಯ ಮೇಷ್ಟ್ರು ನೆನಪಾದರು,6,1.0,0.0,1.0,0.0,0.0,False,low
not-Kannada,Hats up sir,3,0.0,0.0,0.0,1.0,0.0,True,low
Positive,ಸರ್ ನೀವು ದುಡಿದು ಬದುಕ್ತಿದಿರ,4,1.0,0.0,1.0,0.0,0.0,False,low
Positive,Neevu namma spurthi,3,0.0,1.0,1.0,0.0,0.0,True,low
Positive,ತಪ್ಪು ಏನು ಇಲ್ಲ drive ಮಾಡಿದ್ರೇ. ನಿಮ್ಮ ಬಗ್ಗೆ ಬಹಳ ಹೆಮ್ಮೆ ಇದೆ. ನಮ್ಮ ಬಹಳ ಯುವಕರು ಕೆಲಸ ಮಾಡದೇ ಕುತಿದ್ದಾರೇ. ಅವರಿಗೆ ನೀವು ಒಂದು ಮಾದರಿ.  ಶ್ರೀಮಂತಿಕೆ ಗುಣದಲ್ಲಿ,22,0.9545,0.0,0.9545,0.0455,0.0909,False,low
Positive,ಜೀವನ ಬಹಳ ಚೆನ್ನಾಗಿ ಅರ್ಥ ಮಾಡಿಕೊಂಡಿದ್ದೀರ ಬಹಳ ಸರಳ ಜೀವಿ,8,1.0,0.0,1.0,0.0,0.0,False,low
not-Kannada,I salute u,3,0.0,0.0,0.0,1.0,0.0,True,low
not-Kannada,Supper episode... love it.....,4,0.0,0.0,0.0,1.0,0.0,True,low
Positive,Sir Nimm Mathininda Navu Kalibeku Agirodu Ennu Thumba Ede.....nTqq U So Much...nHelth Na Channagi Nodkoli Sir...nGod Bless You,18,0.0,0.0,0.0,1.0,0.0,True,low
Positive,ಸರ್.. ನೀವು ಕೊನೆಯಲ್ಲಿ ಹೇಳಿರುವ ಮಾತು ಸೂಪರ್ ಸರ್...,7,1.0,0.0,1.0,0.0,0.0,False,low
Positive,ಕ್ಯಾಬ್ ಡ್ರೈವರ್ ಅಂದ್ರೆ ಕಳ್ದ್ರು ತರ ನೋಡೋ ಈ ಸಮಾಜದಲ್ಲಿ ನಾನು ಕ್ಯಾಬ್ ಚಾಲಕ ಅಂತ ಹೆಮ್ಮೆಯಿಂದ ಹೆಳ್ತೀರಲ್ಲಾ ತುಂಬಾ ಖುಷಿಯಾಯ್ತು ಸಾರ್ ಈ ಸಮಾಜದಲ್ಲಿ ಇರೋರು ನಿಮ್ಮನ್ನ ನೋಡಿ ಕಲಿಯೋದು ತುಂಬಾ ಇದೇ ನೀವು ಯುವ ಜನಾಂಗಕ್ಕೆ ಸ್ಫೂರ್ತಿ ಸರ್  ನಿಮಗೆ ಒಂದೂ ದೊಡ್ಡ ನಮಸ್ಕಾರ ಯಾವ ಒಂದೂ   ವಿಶ್ವವಿದ್ಯಾನಿಲಯ ಕಲಿಸದ ಪಾಠವನ್ನು ಜೀವನ ಕಲಿಸುತ್ತದೆ ಎಂಬುದಕ್ಕೆ ನಿಮ್ಮ ಜೀವನವೇ ಉತ್ತಮ ಉದಾಹರಣೆ ಸಾರ್ ದೇವರು ನಿಮಗೆ ಒಳ್ಳೆಯದು ಮಾಡಲಿ ಧನ್ಯವಾದ.,52,1.0,0.0,1.0,0.0,0.0,False,low
Positive,ಮೊದಲು ನೋಡಿದಾಗ ಓಕೆ ಓಕೆ ಅನ್ನಿಸ್ತು.....nನಿಧಾನವಾಗಿ ಮನಸಿನೊಳಗೆ ಆವರಿಸುತ್ತಾ ಹೋಗುತ್ತೆ nnನಿಜ ತಾನೆ?,10,1.0,0.0,1.0,0.0,0.0,False,low
unknown state,Yes bro correct,3,0.0,0.0,0.0,1.0,0.0,True,low
Positive,ಯಾರು ಆವಾಗಾವಾಗ ಬಂದು ಹಾಡು ಕೇಳ್ತಾ ಇದ್ದೀರಾ ...? nಒಂಥರಾ ಚೆನ್ನಾಗಿದೆ,9,1.0,0.0,1.0,0.0,0.0,False,low
not-Kannada,Mind blowing song...,3,0.0,0.0,0.0,1.0,0.0,True,low
Positive,Iddu charitre badalisuva avatara,4,0.0,1.0,1.0,0.0,0.0,False,low
unknown state,Awesome song! 2nd Shankarnag to KFI,6,0.0,0.0,0.0,1.0,0.0,True,low
Positive,Idu charitre srustiso avathaara,4,0.0,1.0,1.0,0.0,0.0,False,low
not-Kannada,Super song,2,0.0,0.0,0.0,1.0,0.0,True,low
Positive,ಸುಪರ್ ಅವನೆ ಶ್ರೀಮನ ನಾರಾಯಣ,4,1.0,0.0,1.0,0.0,0.0,False,low
Positive,ಸುಪರ್ ಅವನೆ ಶ್ರೀಮನ ನಾರಾಯಣ,4,1.0,0.0,1.0,0.0,0.0,False,low
Positive,Iddu benki,2,0.0,1.0,1.0,0.0,0.0,True,low
Positive,See #2 on trending .,5,0.0,0.0,0.0,1.0,0.0,True,low
unknown state,@Raja Vishnuvardhana Ohh,3,0.0,0.0,0.0,1.0,0.0,True,low
Positive,ಇದು ಚರಿತ್ರೆ ಸೃಷ್ಟಿಸುವ ಹೊಸ ಚಲನಚಿತ್ರn ಯಾವದು ಅದುnಅವನೇ ಶ್ರೀಮನ್ನರಾಯಣ,8,1.0,0.0,1.0,0.0,0.0,False,low
not-Kannada,Super nice bro,3,0.0,0.0,0.0,1.0,0.0,True,low
Positive,ಅದ್ಬುತವಾಗಿದೆ ಅವನೇ ಶ್ರೀಮನ್ನಾರಾಯಣ ಚಿತ್ರದ ಹಾಡು ಹ್ಯಾಂಡ್ಸಪ್,6,1.0,0.0,1.0,0.0,0.0,False,low
Positive,Idu charithre srustiso avathaaaara.....,4,0.0,1.0,1.0,0.0,0.0,True,low
not-Kannada,Super song,2,0.0,0.0,0.0,1.0,0.0,True,low
not-Kannada,Kannada and even tamil super,5,0.0,0.0,0.0,1.0,0.0,False,low
Positive,Idu chaitre srustiso avatara,4,0.0,1.0,1.0,0.0,0.0,False,low
Positive,ಅದ್ಬುತ ಕಲೆ ಸಾಹಿತ್ಯ ಸಂಗೀತ ಗಾಯನ,5,1.0,0.0,1.0,0.0,0.0,False,low
Positive,ಮ್ಯೂಜಿಕ್ ಮಸ್ತ್ ..ರೆಟ್ರೋ ಫೀಲ್ ಇದೆರ,5,1.0,0.0,1.0,0.0,0.0,False,low
Positive,Still trending No1...nAfter 4days....,4,0.0,0.0,0.0,1.0,0.0,True,low
Positive,Still trending number one !!,5,0.0,0.0,0.0,1.0,0.0,False,low
not-Kannada,Fan from Tollywood,3,0.0,0.0,0.0,1.0,0.0,True,low
Positive,ಎನ್ ಗುರು ಇದು ನಿದಾನವಾಗಿ ನೆಚ್ಚಿನ ಗೀತೆಯಾಗಿ ಮಾಡಿತು ..,8,1.0,0.0,1.0,0.0,0.0,False,low
not-Kannada,Super song Kannada,3,0.0,0.0,0.0,1.0,0.0,True,low
Positive,ಸುದೀಪ್ ಸರ್ ಅಂಡ್ ದರ್ಶನ್ ಸರ್ ಅವರಿಗೆ ಇರೋ ಫ್ಯಾನ್ಸ್ ಫಾಲೋಯಿಂಗ್ ರಕ್ಷಿತ್ ಶೆಟ್ಟಿ ಇಲ್ಲ ಅಂದ್ರು ಸಾಂಗ್ 2m  ಮತ್ತು ಟೀಸರ್ 8.5.m ಬೆಂಕಿ ಗುರು ಮೂವಿ  ವೇಟಿಂಗ್,22,1.0,0.0,1.0,0.0,0.0,False,low
Positive,ಟಿಕ್ ಟಾಕ್ ಅಲ್ಲಿ ಸಾಂಗ್ ಕೇಳಿರೋರ್ ಲೈಕ್ ಮಾಡಿ,7,1.0,0.0,1.0,0.0,0.0,False,low
not-Kannada,Really amazing song.....,3,0.0,0.0,0.0,1.0,0.0,True,low
unknown state,ಹಾಡು ಮಾತ್ರ,2,1.0,0.0,1.0,0.0,0.0,True,low
Mixed feelings,Full different song,3,0.0,0.0,0.0,1.0,0.0,True,low
not-Kannada,W h e r e  i s  H i n d i ! !,14,0.0,0.0,0.0,1.0,0.0,False,low
not-Kannada,Super signature step..,3,0.0,0.0,0.0,1.0,0.0,True,low
Positive,ಆ ಮ್ಯೂಸಿಕ್ ಅಲ್ಲಿ ಏನೋ ಕಿಕ್ ಇದೆ,6,1.0,0.0,1.0,0.0,0.0,False,low
Positive,Really superb.... Future Super star Rajinikanth,6,0.0,0.0,0.0,1.0,0.0,True,low
not-Kannada,Superb song hands up,4,0.0,0.0,0.0,1.0,0.0,False,low
unknown state,Hands up song ge,4,0.0,0.0,0.0,1.0,0.0,False,low
Positive,ಹಾಡು  ತುಂಬಾ  ಚೆನ್ನಾಗಿ ಇದೇ ಹುಲಿಯ nಇದೇ ಡಿಸೆಂಬರ್ 27 ಕ್ಕೆ ಮೂವಿ ತೆರೆಗೆ ಬರ್ತಿದೇ ಯಲ್ಲ  ಹಳೆ ರೆಕಾರ್ಡ್ ಗಳ್ ಗೆಲ್ಲ RIP. ಬರ್ತಾ ಇರೋದು ನಮ್ಮ  ಹುಲಿಯ,22,1.0,0.0,1.0,0.0,0.0,False,low
unknown state,Slow poison song hit like if u agree,8,0.0,0.0,0.0,1.0,0.0,False,low
Positive,Trending number 1,3,0.0,0.0,0.0,1.0,0.0,True,low
Positive,ಪಾತ್ರದ ಪರಿಚಯ ಇರೋರು...nLIKE HERE,4,1.0,0.0,1.0,0.0,0.0,True,low
not-Kannada,Super song lovely,3,0.0,0.0,0.0,1.0,0.0,True,low
Positive,ಸೂಪರ್ ಸೂಪರ್ ಸೂಪರ್,3,1.0,0.0,1.0,0.0,0.0,True,low
Positive,Enn Guru BGM .chindhi maadbitte,5,0.0,1.0,1.0,0.0,0.0,True,low
Positive,ನಾಲ್ಕು ದಿಕ್ಕುಗಳಿಗೆ ಬೇಕು ಇವನು ಬಂದೂಕು ಹಿಡಿದ ಮಾನವನು ಅವನೇ ಶ್ರೀಮನ್ನಾರಾಯಣ,9,1.0,0.0,1.0,0.0,0.0,False,low
Mixed feelings,I have listened 1st time ok ok,7,0.0,0.0,0.0,1.0,0.0,False,low
Positive,Still no 1 trending,4,0.0,0.0,0.0,1.0,0.0,True,low
Positive,ಈ ಸಿನಿಮಾ ಚರಿತ್ರೆ ಸೃಷ್ಟಿ ಮಾಡಲಿ,5,1.0,0.0,1.0,0.0,0.0,False,low
Positive,ಚೆರಿತ್ರೆ ಸೃಷ್ಟಿಸೊ ಅವತಾರ ಯಾಕಂದ್ರೆ 5ನೇ ದಿನನೂ Trending No.1ನಲ್ಲಿದೆ,8,1.0,0.0,1.0,0.0,0.0,False,low
Positive,ಎಂಥೆಂಥದೋ ಡಬ್ಬಾ ಹಾಡುಗಳಿಗೆ ನೂರು-ಇನ್ನೂರು ಮಿಲಿಯನ್ ಗಟ್ಟಲೆ ವಿಕ್ಷಣೆ ಆಗ್ತಾವೆ...ಆದರೆ ಇಂಥಹ ಚೆನ್ನಾಗಿರೋ ಹಾಡಿಗೆ ಮೂರು ದಿನಗಳಾದ್ರೂ ೨ ಮಿಲಿಯನ್ ಆಗ್ತಿಲ್ಲ ಅಂದ್ರೆ...ನಮ್ ಜನ ಇಲ್ಲಿನ,19,1.0,0.0,1.0,0.0,0.0,False,low
Positive,ಒಳ್ಳೆಯ ಟೇಸ್ಟ್ ಅನ್ನೋದು ಎಲ್ಲರಿಗೂ ಇರೊಲ್ಲ ಕೆಲವರಿಗೆ ಮಾತ್ರ,7,1.0,0.0,1.0,0.0,0.0,False,low
Negative,ಒಳ್ಳೇದು ಯಾರ್ಗೂನು ಬೇಕಾಗಿಲ್ಲ...,3,1.0,0.0,1.0,0.0,0.0,True,low
unknown state,Yes true guru,3,0.0,0.0,0.0,1.0,0.0,True,low
Positive,@ֆաǟʍʏ ɢօաɖǟ ನಿಜ...nnಆದ್ರೆ ಆ ಗೆಲುವು ಇತಿಹಾಸ ಆಗ್ಬೇಕಂದ್ರೆ ಎಲ್ಲಾ ರೀತಿಯ ಪ್ರಯತ್ನಗಳು ಆಗಿರಬೇಕಾಗುತ್ತೆ,11,1.0,0.0,1.0,0.0,0.0,False,low
Positive,Super movie I like it,5,0.0,0.0,0.0,1.0,0.0,False,low
Positive,ಅತ್ಯದ್ಭುತ ಕನ್ನಡದ ಸಿನಿಮಾ. ಕಲಾವಿದರು ಕೂಡ  ತುಂಬಾ ಚೆನ್ನಾಗಿ ನಟಿಸಿದ್ದಾರೆ.,8,1.0,0.0,1.0,0.0,0.0,False,low
Negative,ನಾನು ಕೂಡ ಬಿಟ್ಟಿಯಾಗಿ ನೋಡಿದೇನಿ ನನಗೆ ಒಂತರಾ ಮನಸ್ಸಿಗೆ ನೋವು ಆಗ್ತಾ ಇದೆ ನಾನು ಸಿನಿಮಾ ಗೆದ್ದಿದೆ ಬಟ್ ದುಡ್ಡು ಬರಲಿಲ್ಲ ಸಿನಿಮಾಗೆ,17,1.0,0.0,1.0,0.0,0.0,False,low
Negative,ಚಿತ್ರಮಂದಿರ ಒಳಗೆ ಜನ ಬರಬೇಕು ಅಂತರೆ ಇದು ತಮಷೆ ಅಲ್ಲ. ಮೊದಲು Tik tok Ban ಆಗಬೇಕು. ಸಿನಿಮಾ ನಟ ನಟಿ   Tik tok ಮಾಡಬಾರದು. ದೋಡ್ಡ ದೋಡ್ಡ ಸ್ಟಾರ್ ನಟರು Tik tok ಬಗ್ಗೆ ದಂಗೆ ಎಳೆಬೇಕು ಸರ್ಕಾರ ಕ್ಕೆ ಮನವಿ ಮಾಡಿ tik tok ಬ್ಯಾನ್ ಮಾಡಿ ಅಂತ. ಇಷ್ಟು ಕೆಲಸ ಮಾಡಿಲ್ಲ ಅಂದರೆ ಮುಂದೆ ಒಂದು ದಿನ ನಿಮ್ಮ ಸಿನಿಮಾ ನೀವೇ ನೋಡಬೇಕು,48,0.8864,0.1136,1.0,0.0,0.0,False,low
Positive,Super movie 🤩,3,0.0,0.0,0.0,1.0,0.0,True,low
Negative,Kannadadalli mado badlu hindinalli madidre superrhit agodhu,7,0.0,1.0,1.0,0.0,0.0,False,low
Positive,Superb movie sir.... awesome,4,0.0,0.0,0.0,1.0,0.0,True,low
Positive,Super movie,2,0.0,0.0,0.0,1.0,0.0,True,low
Negative,ಮೊಬೈಲಲ್ಲಿ ಅಷ್ಟೊಂದ್ ಒಳ್ಳೇ ಕ್ಲಾರಿಟಿಲಿ ಬಿಟ್ಟಿದ್ದಾರೆ. ಎಲ್ರೂ ಡೌನ್‌ಲೋಡ್ ಮಾಡ್ಕೊಂಡ್ ನೋಡ್ತಿದಾರೆ. ಥಿಯೇಟರಿಗೆ ಜನ ಬರದೇ ಇರಲು ಕಾರಣ ಮೊಬೈಲಲ್ಲಿ ಲೀಕ್ ಆಗಿರೋದು.,17,1.0,0.0,1.0,0.0,0.0,False,low
unknown state,@krishnanand naik ಸರ್,3,0.3333,0.6667,1.0,0.0,0.0,True,low
Positive,ಚಿತ್ರತಂಡದ ಕಾರ್ಯ ಅದ್ಬುತವಾಗಿದೆ.nಕನ್ನಡದ ಮೇರು ಚಿತ್ರಗಳ ಸಾಲಿನಲ್ಲಿ ಈ ದಿಯಾ ಚಿತ್ರ ನಿಲ್ಲಲಿದೆ.nಎಲ್ಲಾ ನಟರು ತಮ್ಮ ಪಾತ್ರಕ್ಕೆ ಜೀವತುಂಬಿದ್ದಾರೆ.,14,1.0,0.0,1.0,0.0,0.0,False,low
Positive,ತುಳುನಾಡ ತುಳು ಸಿನಿಮಾ ಹೀರೋ ಪೃಥ್ವಿ ಅಭಿನಯ ಸೂಪರ್...,7,1.0,0.0,1.0,0.0,0.0,False,low
Positive,ಪದಗಳು ಸೋತಿದೆ....ಸಿನಿಮಾದnಅಂತರಾಳ ಅರಿಯಲು....nಹೃದಯದ ಕಿನ್ನರಿಯಲಿ ಹೊಸ ನಾದಲಯವ ಮೊಳಗಿಸಿದ...ಈ ಚಿತ್ರ ತಂಡಕ್ಕೆ ಸಾಸಿರ ನಮನ.....,11,1.0,0.0,1.0,0.0,0.0,False,low
Mixed feelings,ನನ್ನ ಪ್ರಕಾರ ಈ ಟೆಲಿಗ್ರಾಂ ಅನ್ನೋ ಆಪ್ ನಲ್ಲಿ ಎಲ್ಲ ಸಿನಿಮಾಗಳ ಲಿಂಕ್ ಹಾಗೂ Hd ಸಿನಿಮಾಗಳು ಸಿಗುತ್ತಿವೆ ಇದನ್ನೂ ನಿಲ್ಲಿಸಿದರೆ ನಿಜವಾಗಿಯೂ ಎಲ್ಲ ಕನ್ನಡ ಸಿನಿಮಾಗಳು ಹಾಗೂ ಬೇರೆ ಸಿನಿಮಾಗಳು ಕೂಡಾ ಬೆಳೆಯುತ್ತದೆ ನನ್ನ ಸ್ನೇಹಿತರು ಕೂಡಾ ಇದೆ ತರಹ ನಿಮ್ಮ ಸಿನಿಮಾ ನೋಡಿದ್ದಾರೆ ಹಾಗೂ ಅವರು ಕೂಡಾ ಬೇರೆ ಅವರಿಗೆ ತುಂಬಾ ಚೆನ್ನಾಗಿ ಇದೆ ನೋಡಿ ಅಂತ ಮೊಬೈಲ್ ಅಲ್ಲಿ ಕಳುಸ್ತಾ ಇದ್ದರೆ ಇದು ನನಗೆ ತುಂಬಾ ಬೇಜಾರಾಗಿದೆ ಆದರೆ ದಿಯಾ ಸಿನೆಮಾ ತುಂಬಾ ಅಂದ್ರೆ ತುಂಬಾ ಚೆನ್ನಾಗಿ ಇದೆ ನನ್ನ ಕಣ್ಣಲಿ ನೀರು ತುಂಬಿದ್ದು ನಿಜ ಅದೀ  ಪಾತ್ರ ಹಾಗೂ ದಿಯಾ ಪಾತ್ರ ತುಂಬಾ ಚೆನ್ನಾಗಿ ಮೂಡಿ ಬಂದಿದೆ ನನ್ ಮಾತಾಡಿದ್ದು ಸರಿ ಎನಿಸಿದರೆ ಕಮೆಂಟ್ ಮಾಡಿ ಧನ್ಯವಾದಗಳು,80,1.0,0.0,1.0,0.0,0.0,False,low
Positive,Mast movie,2,0.0,0.0,0.0,1.0,0.0,True,low
Negative,ಮರಿಯೋಕ್ ಸಾದ್ಯ ಆಗ್ದೆ ಇರೊ ಸಿನೆಮಾ,5,1.0,0.0,1.0,0.0,0.0,False,low
Positive,ನಿಜವಾಗ್ಲೂ ತುಂಬಾ ಒಳ್ಳೆ ಫಿಲ್ಮ್  ತುಂಬಾ ಇಷ್ಟ ಆಯಿತು,7,1.0,0.0,1.0,0.0,0.0,False,low
Negative,ಕನ್ನಡದವರು ಈ ತರ ಸಿನಿಮಾ ಮಾಡ್ತಾರೆ ಅಂತ ದಿಯಾ ಸಿನಿಮಾ ತಂಡ ಸಾಬೀತು  ಮಾಡಿದೆ....ಬರೀ ತೆಲಗು ತಮಿಳು ಸಿನಿಮಾ ನೋಡದಲ್ಲ ಕನ್ನಡ ಸಿನಿಮಾ ನೋಡಿ ಮಿಸ್   ಮಾಡಬೇಡಿ,20,1.0,0.0,1.0,0.0,0.0,False,low
Positive,Super movie,2,0.0,0.0,0.0,1.0,0.0,True,low
Positive,super movie,2,0.0,0.0,0.0,1.0,0.0,True,low
Positive,ಸೂಪರ್ ಫಿಲ್ಮ್...ಇನ್ನು ಎನು ಹೇಳೊಕಾಗಲ್ಲ...,4,1.0,0.0,1.0,0.0,0.0,False,low
Mixed feelings,ಮತ್ತೆ ಟೀಯೇಟರ್ಗೆ ಅಕ್ರಿnಇಂತಹ ಸಿನಿಮಾನ ಬೆಳಿಸೋಣ,5,1.0,0.0,1.0,0.0,0.0,False,low
Positive,ದಿಯಾ ತಂಡಕ್ಕೆ ನನ್ನ ಕಡೆ ಇಂದ ಕ್ಷಮೆ ಇರಲಿ... ಇಂತ ಮೂವೀನ ಥೀಯೇಟರ್ ಗೆ ಹೋಗಿ ನೋಡಿಲ್ಲ  ಅಂತ ಬೇಜಾರ್ ನನ್ನ ಕಾಡ್ತಾ ಇದೆ...nPlease sir ಮತ್ತೇ ರಿ ರಿಲಿಜ್ ಮಾಡಿ ....,24,0.9565,0.0,0.9565,0.0435,0.087,False,low
Positive,Diy supar movise,3,0.0,1.0,1.0,0.0,0.0,True,low
Positive,Super And Best Film My entire life..,7,0.0,0.0,0.0,1.0,0.0,True,low
Positive,ಈ ಚಿತ್ರವನ್ನು ಮತ್ತೊಮ್ಮೆ ಚಿತ್ರಮಂದಿರಗಳಿಗೆ ತನ್ನಿ ನಮ್ಮ ಕನ್ನಡಿಗರು ಕೈಬಿಡುವುದಿಲ್ಲ ಮತ್ತೊಮ್ಮೆ ರಿಲೀಸ್ ಮಾಡಿ,11,1.0,0.0,1.0,0.0,0.0,False,low
Negative,ದಿಯಾ ಕನ್ನಡದಲ್ಲೆ sooper film...ಕಾಸು ಕೊಡದೆ ಬಿಟ್ಟಿಯಾಗಿ ನೋಡಿದೆ ಅನ್ನೋ ಬೇಜಾರಿದೆ..ಸಿನಿಮಾ ಗೆಲ್ಲಲಿ..,10,0.9,0.1,1.0,0.0,0.0,False,low
Positive,ಸರ್ ಪ್ಲೀಸ್ ರೀ ರಿಲೀಸ್ ಮಾಡಿ ಮೂವೀ ನಾ.....,7,1.0,0.0,1.0,0.0,0.0,False,low
Positive,SUPER DUPER MOVIE,3,0.0,0.0,0.0,1.0,0.0,True,low
Negative,ಮೊಬೈಲ್ ಅಲ್ಲಿ ಮೂವೀ ನ ಬಿಟ್ಟಿದ್ದಾರೆ ಥಿಯೇಟರ್ ಗೆ ಯಾರ್ ಬರ್ತಾರೆ. ನಾನ್ ಮೊಬೈಲ್ ಅಲ್ಲೇ 2 ಟೈಮ್ ನೋಡ್ದೆ,15,1.0,0.0,1.0,0.0,0.0,False,low
Positive,ದೀಯಾ ಗೆ ಮೊದಲ ಪ್ರೀತಿಯ ಮಧ್ಯಾಂತರ  ಶಾಕ್ ಕೊಟ್ಟರೆ ಎರಡನೇ ಪ್ರೀತಿಯು ಕೊನೆಯಲ್ಲಿ ಶಾಕ್ ಕೊಡುತ್ತದೆ... ಕಥೆ ಚಿತ್ರಕಥೆ ಸಂಭಾಷಣೆ ನಿರ್ದೇಶನ ಸೂಪರ್ 4 ಜನರು ತುಂಬಾ ಚೆನ್ನಾಗಿ ನಟನೆ ಮಾಡಿದ್ದಾರೆ ... ಇಬ್ಬರೂ ನಟರು ಸೂಪರ್ ನಟಿಯೂ ಸೂಪರ್ ಪವಿತ್ರ ಲೋಕೇಶ್ ಅವರ ನಟನೆ ಅದ್ಬುತ ..‌ಒಂದೊಳ್ಳೆ ಅದ್ಬುತವಾದ ಸಿನಿಮಾ ...,38,1.0,0.0,1.0,0.0,0.0,False,low
Negative,ಅದ್ಭುತವಾದ ಚಿತ್ರ ಆದ್ರೆ ಚಿತ್ರ ಮಂದಿರದಲ್ಲಿ ನೋಡಲಿಲ್ಲ ಆ ನೋವು ತುಂಬಾ ಕಾಡುತ್ತಿದೆ,10,1.0,0.0,1.0,0.0,0.0,False,low
Negative,Sry bro.... ಥಿಯೇಟರ್  ಅಲ್ಲಿ  ನೋಡೋಕೆ ಕರೋನ  ಎಫೆಕ್ಟ್  ಕೊಡ್ತಾ  ಇದೆ.... plz  ಡೈರೆಕ್ಟರ್ ಬ್ಯಾಂಕ್ ಅಕೌಂಟ್  ನಂಬರ್ ಕೊಡಿ ನನ್ ಟಿಕೆಟ್ ದುಡ್ ಹಾಕ್ತಿನಿ,19,0.8889,0.0556,0.9444,0.0556,0.1111,False,low
Negative,ದಿಯಾ ಚಲನಚಿತ್ರ ತುಂಬಾನೇ ಚೆನ್ನಾಗಿದೆ. ಸ್ವಲ್ಪ ಪ್ರಚಾರದಲ್ಲಿ ಕೊರತೆ ಇರಬಹುದು. ಹಾಡುಗಳನ್ನ ಹಾಕಿದ್ದರೆ ಇದು ಇನ್ನೊಂದ್ದು ಮುಂಗಾರು ಮಳೆ ಆಗುತಿತ್ತು. ಹಾಟ್ಸ್ ಆಫ್ ಟು ಡೈರೆಕ್ಟರ್ ಅಶೋಕ್,20,1.0,0.0,1.0,0.0,0.0,False,low
Negative,ವಾರಕ್ಕೆ 10-15 ಸಿನಿಮಾ ರಿಲೀಸ್ ಆದರೆ ಯಾರ್ ನೋಡ್ತಾರೆ,7,1.0,0.0,1.0,0.0,0.0,False,low
Positive,Super movie wow amazing ...,5,0.0,0.0,0.0,1.0,0.0,False,low
Positive,ಖುಷಿ ತುಂಬ ನೋವಾವಿತಮ್ಮ. ನೈಜ ನಟನೆ ನನಗೆ ನಿನ್ನ ನೋಡಿ ತುಂಬ ಅತ್ತುಬಿಟ್ಟೆ.,10,1.0,0.0,1.0,0.0,0.0,False,low
Positive,Nijwaglu thumba chanagide,3,0.0,1.0,1.0,0.0,0.0,True,low
Positive,ನಾನು ಕೂಡಾ.. ಫಿದಾ ಆದೆ..,4,1.0,0.0,1.0,0.0,0.0,False,low
Negative,ಭಾವನಾತ್ಮಕವಾಗಿ ಕಾಡುವ ಸಿನಿಮಾ.nಥಿಯೇಟರ್ನಲ್ಲಿ ಈ ಸಿನಿಮಾ ನೋಡಲಿಲ್ಲ ಎಂಬ ಬೇಜಾರು ಇದೆ.,9,1.0,0.0,1.0,0.0,0.0,False,low
Positive,ನನ್ನ ಪ್ರಕಾರ ಈ ಫಿಲ್ಮ್ ಅನ್ನು re-release ಮಾಡಸಬೇಕು,7,0.8571,0.1429,1.0,0.0,0.0,False,low
not-Kannada,I too agree,3,0.0,0.0,0.0,1.0,0.0,True,low
Positive,ಇಂತಹ ಒಳ್ಳೆಯ ಕನ್ನಡ ಸಿನಿಮಾಗಳನ್ನ ಬೆಳೆಸೋಣ,5,1.0,0.0,1.0,0.0,0.0,False,low
not-Kannada,Super song 100%,3,0.0,0.0,0.0,1.0,0.0,True,low
Positive,0% ಜಾತ್ರೆ..n100% talent.....,3,1.0,0.0,1.0,0.0,0.0,True,low
Positive,What a song  Jai Kannada,5,0.0,0.0,0.0,1.0,0.0,True,low
not-Kannada,2020 super song,3,0.0,0.0,0.0,1.0,0.0,True,low
Mixed feelings,ಹೋದರೆ ಹೋಗ್ಲಿ ಬಿಡಿ ರಶ್ಮಿಕ ಅವಳೇನು ತ್ರಿಪುರ ಸುಂದರಿನಾ ಬಿಟ್ಟಾಕಿ,8,1.0,0.0,1.0,0.0,0.0,False,low
Positive,ಸುಪರ್ ಇಟ್ ಸಾಂಗ್ ಡಿ ಬಾಸ್ ಆಗಲೇ ಬೇಕಿತ್ತು ಸೂಪರ್ ರಕ್ಷಿತ್ ಶೆಟ್ಟಿ,10,1.0,0.0,1.0,0.0,0.0,False,low
Positive,ಸೂಪರ್ ಅಜನಿಷ್ ಲೋಕನಾಥ್ ಬೆಲ್ ಬಾಟಮ್ ನಲ್ಲಿ ಏತಕೆ ಬೊಗಸೆ ತುಂಬಾ  ಇಂದು ಹೆಂಡಸಾಪ್ yuwar music ಸೂಪರ್,14,0.8571,0.0714,0.9286,0.0714,0.1429,False,low
unknown state,ರಾಮ ರಾಮ ತುಸು ದಕ್ಷ ವೃಪ ಜಾರಿಪ,6,1.0,0.0,1.0,0.0,0.0,False,low
unknown state,Bipin Chettejana Rama Rama Tusu Daksha Vrutha Jaripa.,8,0.0,1.0,1.0,0.0,0.0,True,low
not-Kannada,One of the unique person,5,0.0,0.0,0.0,1.0,0.0,False,low
Positive,ಸೂಪರ್ ಹೊಸ ಪ್ರಯತ್ನ,3,1.0,0.0,1.0,0.0,0.0,True,low
unknown state,ta ta ta ta ta da da da,8,0.0,0.0,0.0,1.0,0.0,False,low
Negative,ಏನ್ ಗುರು ನಿನ್ನ ಚರಿತ್ರೆ ಸೃಷ್ಟಿಸುವ ಅವತಾರ ತುಂಬಾ ಚೆನ್ನಾಗಿ ಇದೆ ರಶ್ಮಿಕಾಗೆ ತುಂಬಾ ಉರುಸು,12,1.0,0.0,1.0,0.0,0.0,False,low
Positive,ಇದು ನಿಜಾವಾಗಿಯೂ ಚರಿತ್ರೆ ಸೃಷ್ಟಿಸೋ ಅವತಾರ,5,1.0,0.0,1.0,0.0,0.0,False,low
Positive,ರಕ್ಷಿತ್ ಶೆಟ್ಟಿಯವರು ವಷ೯ಕೊಂದು nಮೂವಿ ಮಾಡಿ ಅನ್ನೋರು ಲೈಕ್nಮಾಡಿ,7,1.0,0.0,1.0,0.0,0.0,False,low
Positive,ondu sakagalla Inna beku,4,0.0,1.0,1.0,0.0,0.0,True,low
Positive,ಪುಣ್ಯಕೋಟಿ ಮೂವಿ ಬರುವ ತನಕ ರಕ್ಷಿತ್ ಶೆಟ್ಟಿ ಯವರ ಮೂವಿ ವೇಟ್ ?,10,1.0,0.0,1.0,0.0,0.0,False,low
not-Kannada,Super move,2,0.0,0.0,0.0,1.0,0.0,True,low
not-Kannada,Super  song,2,0.0,0.0,0.0,1.0,0.0,True,low
Positive,Super movie guru,3,0.0,0.0,0.0,1.0,0.0,True,low
not-Kannada,Singer voice awesome,3,0.0,0.0,0.0,1.0,0.0,True,low
not-Kannada,Super dance step,3,0.0,0.0,0.0,1.0,0.0,True,low
not-Kannada,Kannada super song,3,0.0,0.0,0.0,1.0,0.0,True,low
not-Kannada,Super song,2,0.0,0.0,0.0,1.0,0.0,True,low
Positive,ರಶ್ಮಿಕಾ ಗಿಂತ ಒಳ್ಳೆ ಹುಡುಗಿ ಸಿಗಲಿ ಒಳ್ಳೇದು ಅಗುಲಿ ನಿಮಗೆ,8,1.0,0.0,1.0,0.0,0.0,False,low
unknown state,444444 super 30,3,0.0,0.0,0.0,1.0,0.0,True,low
unknown state,6 6 6 6 6 6  super 30,8,0.0,0.0,0.0,1.0,0.0,True,low
Positive,ಈ ಹಾಡಿಗೆ ಅಚ್ಚ ಕನ್ನಡದಲ್ಲಿ ಸಾಹಿತ್ಯ ಬರೆದಿರುವ ನಾಗಾರ್ಜುನ ಶರ್ಮಾ,8,1.0,0.0,1.0,0.0,0.0,False,low
Positive,Super song alva,3,0.0,0.0,0.0,1.0,0.0,True,low
not-Kannada,Deserves more views.,3,0.0,0.0,0.0,1.0,0.0,True,low
not-Kannada,Nice video song,3,0.0,0.0,0.0,1.0,0.0,True,low
Positive,ಅಚ್ಯುತಣ್ಣ ಕ್ಯಾರೆಕ್ಟರ್ ಯಾರಿಗೆಲ್ಲ ಇಷ್ಟ ಆಯಿತು........,5,1.0,0.0,1.0,0.0,0.0,False,low
Negative,ಅಲ್ಲಾ ಅವನು ಅ'ಚುತ್ಯಾ',3,1.0,0.0,1.0,0.0,0.0,True,low
not-Kannada,@Manjunath BJP Jorapur ybsbjdis,4,0.0,1.0,1.0,0.0,0.0,True,low
not-Kannada,@Manjunath BJP Jorapur yakpa,4,0.0,1.0,1.0,0.0,0.0,True,low
Positive,Super movie,2,0.0,0.0,0.0,1.0,0.0,True,low
unknown state,Looks like Rango Movie,4,0.0,0.0,0.0,1.0,0.0,True,low
Positive,Sampoorna kannadada hadu thumba channagide,5,0.0,1.0,1.0,0.0,0.0,False,low
Positive,Happy new year guru,4,0.0,0.0,0.0,1.0,0.0,False,low
Positive,ಚಂದನ್ ಶೆಟ್ಟಿ ಟ್ರೊಲ್ ವಿಡಿಯೋ ನೀವು ನೋಡಿ ನೆಗಡ್ಡೆ ಇದ್ರೆ ನಾವ್ ಗ್ಯಾರಂಟಿ,10,1.0,0.0,1.0,0.0,0.0,False,low
Positive,ಚಂದನ್ ಶೆಟ್ಟಿ ಟ್ರೊಲ್ ವಿಡಿಯೋ ನೀವು ನೋಡಿ ನೆಗಡ್ಡೆ ಇದ್ರೆ ನಾವ್ ಗ್ಯಾರಂಟಿ,10,1.0,0.0,1.0,0.0,0.0,False,low
Positive,ಚಂದನ್ ಶೆಟ್ಟಿ ಟ್ರೊಲ್ ವಿಡಿಯೋ ನೀವು ನೋಡಿ ನೆಗಡ್ಡೆ ಇದ್ರೆ ನಾವ್ ಗ್ಯಾರಂಟಿ,10,1.0,0.0,1.0,0.0,0.0,False,low
Positive,ಚಂದನ್ ಶೆಟ್ಟಿ ಟ್ರೊಲ್ ವಿಡಿಯೋ ನೀವು ನೋಡಿ ನೆಗಡ್ಡೆ ಇದ್ರೆ ನಾವ್ ಗ್ಯಾರಂಟಿ,10,1.0,0.0,1.0,0.0,0.0,False,low
Positive,ಚಂದನ್ ಶೆಟ್ಟಿ ಟ್ರೊಲ್ ವಿಡಿಯೋ ನೀವು ನೋಡಿ ನೆಗಡ್ಡೆ ಇದ್ರೆ ನಾವ್ ಗ್ಯಾರಂಟಿ,10,1.0,0.0,1.0,0.0,0.0,False,low
Positive,ಚಂದನ್ ಶೆಟ್ಟಿ ಟ್ರೊಲ್ ವಿಡಿಯೋ ನೀವು ನೋಡಿ ನೆಗಡ್ಡೆ ಇದ್ರೆ ನಾವ್ ಗ್ಯಾರಂಟಿ,10,1.0,0.0,1.0,0.0,0.0,False,low
Positive,Super song,2,0.0,0.0,0.0,1.0,0.0,True,low
Positive,ಚಂದನ್ ಶೆಟ್ಟಿ ಟ್ರೊಲ್ ವಿಡಿಯೋ ನೀವು ನೋಡಿ ನೆಗಡ್ಡೆ ಇದ್ರೆ ನಾವ್ ಗ್ಯಾರಂಟಿ,10,1.0,0.0,1.0,0.0,0.0,False,low
Positive,ಚಂದನ್ ಶೆಟ್ಟಿ ಟ್ರೊಲ್ ವಿಡಿಯೋ ನೀವು ನೋಡಿ ನೆಗಡ್ಡೆ ಇದ್ರೆ ನಾವ್ ಗ್ಯಾರಂಟಿ,10,1.0,0.0,1.0,0.0,0.0,False,low
Positive,ಚಂದನ್ ಶೆಟ್ಟಿ ಟ್ರೊಲ್ ವಿಡಿಯೋ ನೀವು ನೋಡಿ ನೆಗಡ್ಡೆ ಇದ್ರೆ ನಾವ್ ಗ್ಯಾರಂಟಿ,10,1.0,0.0,1.0,0.0,0.0,False,low
Positive,ಚಂದನ್ ಶೆಟ್ಟಿ ಟ್ರೊಲ್ ವಿಡಿಯೋ ನೀವು ನೋಡಿ ನೆಗಡ್ಡೆ ಇದ್ರೆ ನಾವ್ ಗ್ಯಾರಂಟಿ,10,1.0,0.0,1.0,0.0,0.0,False,low
Positive,ಏನ್ ಸಾಂಗ್ ಗುರು ಇದು ಕನ್ನಡ ಇಂಡಸ್ಟ್ರಿ ಅಲ್ಲಿ ಚರಿತ್ರೆ  ಸೃಷ್ಟಿಸೋ ಹಾಡು,10,1.0,0.0,1.0,0.0,0.0,False,low
Positive,ಚಂದನ್ ಶೆಟ್ಟಿ ಟ್ರೊಲ್ ವಿಡಿಯೋ ನೀವು ನೋಡಿ ನೆಗಡ್ಡೆ ಇದ್ರೆ ನಾವ್ ಗ್ಯಾರಂಟಿ,10,1.0,0.0,1.0,0.0,0.0,False,low
Negative,Swalpa jasti bildup ayitu annisutte.,5,0.0,1.0,1.0,0.0,0.0,False,low
Positive,ಚಂದನ್ ಶೆಟ್ಟಿ ಟ್ರೊಲ್ ವಿಡಿಯೋ ನೀವು ನೋಡಿ ನೆಗಡ್ಡೆ ಇದ್ರೆ ನಾವ್ ಗ್ಯಾರಂಟಿ,10,1.0,0.0,1.0,0.0,0.0,False,low
Positive,ಚಂದನ್ ಶೆಟ್ಟಿ ಟ್ರೊಲ್ ವಿಡಿಯೋ ನೀವು ನೋಡಿ ನೆಗಡ್ಡೆ ಇದ್ರೆ ನಾವ್ ಗ್ಯಾರಂಟಿ,10,1.0,0.0,1.0,0.0,0.0,False,low
Positive,ಚಂದನ್ ಶೆಟ್ಟಿ ಟ್ರೊಲ್ ವಿಡಿಯೋ ನೀವು ನೋಡಿ ನೆಗಡ್ಡೆ ಇದ್ರೆ ನಾವ್ ಗ್ಯಾರಂಟಿ,10,1.0,0.0,1.0,0.0,0.0,False,low
Positive,ಚಂದನ್ ಶೆಟ್ಟಿ ಟ್ರೊಲ್ ವಿಡಿಯೋ ನೀವು ನೋಡಿ ನೆಗಡ್ಡೆ ಇದ್ರೆ ನಾವ್ ಗ್ಯಾರಂಟಿ,10,1.0,0.0,1.0,0.0,0.0,False,low
Positive,ಚಂದನ್ ಶೆಟ್ಟಿ ಟ್ರೊಲ್ ವಿಡಿಯೋ ನೀವು ನೋಡಿ ನೆಗಡ್ಡೆ ಇದ್ರೆ ನಾವ್ ಗ್ಯಾರಂಟಿ,10,1.0,0.0,1.0,0.0,0.0,False,low
Positive,ಇದು ಚರಿತ್ರೆ ಸೃಷ್ಟಿಸೊ ಅವತಾರ,4,1.0,0.0,1.0,0.0,0.0,False,low
Positive,ಚಂದನ್ ಶೆಟ್ಟಿ ಟ್ರೊಲ್ ವಿಡಿಯೋ ನೀವು ನೋಡಿ ನೆಗಡ್ಡೆ ಇದ್ರೆ ನಾವ್ ಗ್ಯಾರಂಟಿ,10,1.0,0.0,1.0,0.0,0.0,False,low
Positive,ಚಂದನ್ ಶೆಟ್ಟಿ ಟ್ರೊಲ್ ವಿಡಿಯೋ ನೀವು ನೋಡಿ ನೆಗಡ್ಡೆ ಇದ್ರೆ ನಾವ್ ಗ್ಯಾರಂಟಿ,10,1.0,0.0,1.0,0.0,0.0,False,low
Positive,ಚಂದನ್ ಶೆಟ್ಟಿ ಟ್ರೊಲ್ ವಿಡಿಯೋ ನೀವು ನೋಡಿ ನೆಗಡ್ಡೆ ಇದ್ರೆ ನಾವ್ ಗ್ಯಾರಂಟಿ,10,1.0,0.0,1.0,0.0,0.0,False,low
Positive,#handsup ಇದು ಚರಿತ್ರೆ ಸೃಷಿಸೂ ಅವತಾರ,5,0.8,0.2,1.0,0.0,0.0,False,low
not-Kannada,wowww superb song,3,0.0,0.0,0.0,1.0,0.0,True,low
Positive,ಕೆಜಿಎಫ್  ಒಂದು ದೊಡ್ಡ ಸಾಮ್ರಾಜ್ಯ ಕಟ್ಟಿದೆ nಅವನು ಅದಕ್ಕಿಂತ ದೊಡ್ಡ ಸಾಮ್ರಾಜ್ಯ ಕಟ್ಟುತ್ತಾನೆ ಪಕ್ಕ n,12,0.9167,0.0,0.9167,0.0833,0.1667,False,low
Positive,ಅವಾಗ  ಕಬ್ಜ. ದರ್ಶನ. ಇವ್ರೆಲ್ಲಾ ಬಂದು  ಕೆಡವಕ್ತಾರೆ.,6,1.0,0.0,1.0,0.0,0.0,False,low
Mixed feelings,Hidden detail in  trailer of Avane Srimanarayana....n,7,0.0,0.0,0.0,1.0,0.0,False,low
Positive,@Raj Kannadiga idhu idhu namma    Nijavaada kannadigana  maathu,8,0.0,1.0,1.0,0.0,0.0,False,low
Positive,ಸೂಪರ್ ಆಗಿ ಇದೆn ಕೆಜಿಎಫ್ ಮತ್ತು ಅವನೇ ಶ್ರೀಮಾನ್ನಾರಯಣ ಇಂತಹ ಅನೇಕ ಕನ್ನಡ ಸಿನಿಮಾಗಳು ನಮ್ಮ ಕನ್ನಡಕ್ಕೆ ಬೇಕು ನಮ್ಮ ಕನ್ನಡ ಸಿನಿಮಾಗಳು ರಾಷ್ಟ್ರ ಮತ್ತು ದೇಶ ಮಟ್ಟದಲ್ಲಿ ಬೆಳೆಯಬೇಕು,22,1.0,0.0,1.0,0.0,0.0,False,low
Positive,ಇದು ಚರಿತ್ರೆ ಸೃಷ್ಟಿಸೋ ಅವತಾರ,4,1.0,0.0,1.0,0.0,0.0,False,low
Positive,ದಯವಿಟ್ಟು ಕನ್ನಡ ಅಭಿಮಾನಿಗಳು ಒಂದಾಗಿ ಕೆಲ್ಸ ಮಾಡೋ ಸಮಯ,7,1.0,0.0,1.0,0.0,0.0,False,low
Mixed feelings,ನಮ್ ಕನ್ನಡ ಸಿನಿಮಾ,3,1.0,0.0,1.0,0.0,0.0,True,low
not-Kannada,Music  super,2,0.0,0.0,0.0,1.0,0.0,True,low
Positive,ರಾಕಿಂಗ್ ಸ್ಟಾರ್ ಯಶ್ ಅಭಿಮಾನಿಗಳಿಂದ ಶುಭ ಹಾರೈಕೆಗಳು,6,1.0,0.0,1.0,0.0,0.0,False,low
Positive,ಈ ಚಿತ್ರ  ಕನ್ನಡ ಚಿತ್ರರಂಗಕ್ಕೆ ಇನ್ನೊಂದು ಪ್ರಮುಖ ಮೈಲು,7,1.0,0.0,1.0,0.0,0.0,False,low
Positive,ಇದು ಚರಿತ್ರೆ ಸ್ರುಷ್ಟಿಸೊ ಅವತಾರ,4,1.0,0.0,1.0,0.0,0.0,False,low
Positive,ಚರಿತ್ರೆ ಸೃಷ್ಠಿಸೋ ಅವತಾರದ ಈ ಸಾಂಗ್ & ಸಿನಿಮಾಗೆ...ಕಿಚ್ಚ ಫ್ಯಾನ್ಸ್ ಕಡೆಯಿಂದ ಆಲ್ ದ ಬೆಸ್ಟ್...,12,1.0,0.0,1.0,0.0,0.0,False,low
not-Kannada,Wonderful song.,2,0.0,0.0,0.0,1.0,0.0,True,low
Positive,ಇದು ಚರಿತ್ರೆ ಸೃಷ್ಟಿಸೋ ಚಿತ್ರ ಅನ್ನೋರು ಲೈಕ್ ಮಾಡಿ,7,1.0,0.0,1.0,0.0,0.0,False,low
Positive,ಇದು ಸ್ಲೋ ಅಡಿಕ್ಟ್ ಸಾಂಗ್ ಗುರು.nಅಡಿಕ್ಟ್ ಆಗೋದು ಪಕ್ಕಾ...,7,1.0,0.0,1.0,0.0,0.0,False,low
Positive,ಅವನೇ ಶ್ರೀಮನ್ ನಾರಾಯಣ ಶೆಟ್ರು,4,1.0,0.0,1.0,0.0,0.0,False,low
Positive,ಅದ್ಭುತ ಹಾಡು,2,1.0,0.0,1.0,0.0,0.0,True,low
Positive,Charitree shrushtisoo avatara!!!,3,0.0,1.0,1.0,0.0,0.0,True,low
Positive,ಈ ಚಲನಚಿತ್ರಕ್ಕಾಗಿ ಎಷ್ಟು ಜನರು ಕಾಯುತ್ತಿದ್ದಾರೆ nLike madi nodana,8,0.625,0.375,1.0,0.0,0.0,False,low
Positive,ಇದು ಪಾನ್ ಇಂಡಿಯಾ ಮೂವಿ ಮಾಡೋ ಅವಶ್ಯಕತೆ ಇತ್ತ ಲೋ ಬಡ್ಜೆಟ್ ಡಬ್ಬ ಮೂವಿ ಸಾಂಗ್ಸ್ ಶಾಟ ತರ ಇದೆ ಆದ್ರುನು ಚೈಲ್ಡ್ ರಕ್ಷಿತ್ ಫ್ಯಾನ್ಸ್ ಬಿಲ್ಡಪ್ ಕೊಡ್ತವ್ರೆ,21,1.0,0.0,1.0,0.0,0.0,False,low
Positive,ನಾವ್ ಕನ್ನಡ ಚಿತ್ರ ಸರ್ಪೊಟ್ ಮಾಡ್ತಿವಿ ಅನ್ನೊರು Hands up........,8,1.0,0.0,1.0,0.0,0.0,False,low
Positive,ಈ ಚಲನಚಿತ್ರಕ್ಕಾಗಿ ಎಷ್ಟು ಜನರು ಕಾಯುತ್ತಿದ್ದಾರೆ nLike madi nodana,8,0.625,0.375,1.0,0.0,0.0,False,low
not-Kannada,Music super,2,0.0,0.0,0.0,1.0,0.0,True,low
unknown state,DAGAR IN BAR nAFTER RAKSHIT  HITnn,6,0.0,1.0,1.0,0.0,0.0,True,low
unknown state,@Nikhil Karkala,2,0.0,1.0,1.0,0.0,0.0,True,low
unknown state,ನನ್ನ ಗೆಲ್ಬೋದು ಅನ್ನುತ  ನಿಂತನು ಓರ್ವ ರಾಕ್ಷಸ,6,1.0,0.0,1.0,0.0,0.0,False,low
not-Kannada,Hands up...,2,0.0,0.0,0.0,1.0,0.0,True,low
Positive,Super hands up,3,0.0,0.0,0.0,1.0,0.0,True,low
not-Kannada,Super super super,3,0.0,0.0,0.0,1.0,0.0,True,low
Positive,#1 trending in India,4,0.0,0.0,0.0,1.0,0.0,True,low
not-Kannada,GOOD OBSERVATION,2,0.0,0.0,0.0,1.0,0.0,True,low
not-Kannada,What a music man....whaaaaaa,4,0.0,0.0,0.0,1.0,0.0,True,low
unknown state,mode ON,2,0.0,0.0,0.0,1.0,0.0,True,low
Negative,ದಯವಿಟ್ಟು ಬಿಡುಗಡೆ ದಿನಾಂಕವನ್ನು ಹೇಳಿ,4,1.0,0.0,1.0,0.0,0.0,False,low
Positive,ಕನ್ನಡ ಚಿತ್ರರಂಗದಲ್ಲಿ ಸಂಗೀತ ಮತ್ತೊಮ್ಮೆ ಅವನ ರೂಪದಲ್ಲಿ ಹುಟ್ಟಿತುnಯಾರ್ ಅವನು🤔?nಅವನೇ ನಮ್ಮ ಲೋಕನಾಥ🤩 ಅಜನೀಶ್..nMusic blasted,12,0.9167,0.0,0.9167,0.0833,0.1667,False,low
Positive,ಅಬ್ಬಾ ಎಂತಹ bgm,3,0.6667,0.3333,1.0,0.0,0.0,True,low
not-Kannada,Super song amazing lyrics,4,0.0,0.0,0.0,1.0,0.0,False,low
Negative,Rip Rashmika Mandanna In Advance,5,0.0,0.0,0.0,1.0,0.0,True,low
not-Kannada,Osm,1,0.0,1.0,1.0,0.0,0.0,True,low
Positive,ಸೂಪರ್ ಹಾಡು,2,1.0,0.0,1.0,0.0,0.0,True,low
Positive,ನೋವು ನಲಿವಿಗೆ ಕಾರಣ...nಅವನೇ ಶ್ರೀಮನ್ನಾರಾಯಣ,4,1.0,0.0,1.0,0.0,0.0,False,low
Positive,Avanilade enu illa ee bhoomimele,5,0.0,1.0,1.0,0.0,0.0,False,low
Positive,Nam guru songs always different,5,0.0,0.0,0.0,1.0,0.0,False,low
Negative,ಚಿಂದಿ ಸಿಗ್ನೇಚರ್ ಸ್ಟೇಪ್ ಸೂಪರ್,4,1.0,0.0,1.0,0.0,0.0,False,low
Positive,Best Wishes #ASN!,3,0.0,0.0,0.0,1.0,0.0,True,low
Positive,Jai Kiccha,2,0.0,1.0,1.0,0.0,0.0,True,low
Positive,ಕನ್ನಡ ಸಿನಿಮಾ ದ ಅವತಾರ ಶುರುವಾಯಿತು,5,1.0,0.0,1.0,0.0,0.0,False,low
Positive,D BOSS fans kadeindaaa best of luck,7,0.0,0.0,0.0,1.0,0.0,False,low
Positive,Super song guru,3,0.0,0.0,0.0,1.0,0.0,True,low
Positive,Super  bro,2,0.0,0.0,0.0,1.0,0.0,True,low
unknown state,57 time,2,0.0,0.0,0.0,1.0,0.0,True,low
Positive,Song is amazing,3,0.0,0.0,0.0,1.0,0.0,True,low
Positive,Sakkath Guru ..luv luv luv,5,0.0,1.0,1.0,0.0,0.0,False,low
Mixed feelings,Wt a song,3,0.0,0.0,0.0,1.0,0.0,True,low
Negative,Kannada industry dhool....,3,0.0,0.0,0.0,1.0,0.0,True,low
Positive,supper  guru,2,0.0,0.0,0.0,1.0,0.0,True,low
unknown state,@MOVIES BOX o Robert,4,0.0,0.0,0.0,1.0,0.0,True,low
Positive,D  Boss,2,0.0,0.0,0.0,1.0,0.0,True,low
Mixed feelings,D8055 Chakravarty... Rakshit innu Raaja,5,0.0,1.0,1.0,0.0,0.0,True,low
Mixed feelings,Defenetely rakshit shetty,3,0.0,1.0,1.0,0.0,0.0,True,low
Positive,ರಂಗೇರಿದೆ ಮಾಯಜಾಲ ಅನುಭವಿಸು ಓ ಪ್ರೇಕ್ಷಕನೇ...nnnಇದು ಚರಿತ್ರೆ ಸೃಷ್ಟಿಸೋ ಅವತಾರ....ಅವನೇ ಶ್ರೀಮನ್ನಾರಾಯಣ...nRakshit Shetty's Brilliance.,11,1.0,0.0,1.0,0.0,0.0,False,low
Positive,ಮೆರೆಯಲಿ ಗಗನದಲಿ ನಿಮ್ಮ ಲಾಂಛನ,4,1.0,0.0,1.0,0.0,0.0,False,low
Positive,Hands ups..................................... ASN🤗,3,0.0,0.0,0.0,1.0,0.0,True,low
Positive,Rakshit shetty 🤗,3,0.0,1.0,1.0,0.0,0.0,True,low
not-Kannada,Waiting for Hindi version,4,0.0,0.0,0.0,1.0,0.0,True,low
unknown state,Like from Kasaragod,3,0.0,0.0,0.0,1.0,0.0,True,low
Positive,ಹಾಡಿನ ಫುಲ್ ಅವನೇ ಶ್ರೀಮನ್ ನಾರಾಯಣ ಇದಾನೆ(ಶ್ರೀ ಕೃಷ್ಣ) ಅವನ ತತ್ವ ಗಳೇ ಇದಾವೆ....ಲಿರಿಕ್ಸ್ BGM ಅಂದ್ರೆ ಇದು,14,1.0,0.0,1.0,0.0,0.0,False,low
Positive,ಅನಿಸುತ್ತೆ ಬಂದಹಾಗಿದೆ ರಚಿಸಲು ಹೊಸ ಶಾಸನnಮೆರೆಯಲಿ ಗಗನದಿ ನಿಮ್ಮದೆ ಲಾಂಚನ,8,1.0,0.0,1.0,0.0,0.0,False,low
Positive,ರಣಧೀರ ನೆನಪಾದ ರಕ್ಷಿತ ಜಾದಲಿnರಣಭೇಟೆಯಾಡುವ ರಾಕ್ಷಸ ದಾರಿಯಲಿnರಕ್ತಚರಿತ್ರೆಯೋ ರಕ್ಕಸನ ಕಥೆಯೋnನಿಗೂಢ ಮನೆಯೊಳಗೆ ನಡುಕ ಹುಟ್ಟಿಸೋnಸಿನೆಮಾ ಪರದೆಯ ಹಳುಗುಣಿಯೊ.....,13,1.0,0.0,1.0,0.0,0.0,False,low
Positive,ಶುದ್ದ ಕನ್ನಡದ ಸಂಗೀತಕ್ಕೆ ಸಾಮಾನ್ಯ ಕನ್ನಡಿಗ ನಿಂದ ಧನ್ಯವಾದಗಳು,7,1.0,0.0,1.0,0.0,0.0,False,low
Negative,VIKRANTH DHANUSH  ನೀವೂ ಮಾಡಿರೋ ಪದ ಆಂಗ್ಲಭಾಷೆಯಲ್ಲಿ ಇದೆ ಅದು ಹಾಗೆ..,9,0.875,0.125,1.0,0.0,0.0,False,low
Positive,ರಕ್ಷಿತ್ ಶೆಟ್ಟಿ ರವರ ಚಿತ್ರ ಮತ್ತು ಅಜನೀಶ ರವರ ಸಂಗೀತದ ಈ ಹಾಡು ಕೇಳತಾ ಇದ್ರೆ... ಹಂಸಲೇಖ ಹಾಗೂ ರವಿಚಂದ್ರನ್ ರವರ ಹಾಡುಗಳೇ ನೆನಪಾಗುತ್ತೆ... ಚಿತ್ರತಂಡಕ್ಕೆ ಶುಭವಾಗಲಿ...nನಾಗಾರ್ಜುನ ಶರ್ಮಾರವರ ಸಾಹಿತ್ಯ,22,1.0,0.0,1.0,0.0,0.0,False,low
unknown state,His gun is like a flair gun,7,0.0,0.0,0.0,1.0,0.0,False,low
unknown state,Different song,2,0.0,0.0,0.0,1.0,0.0,True,low
unknown state,Pakkar agidhe .......song,3,0.0,1.0,1.0,0.0,0.0,True,low
Positive,ಸೂಪರ್ .. ತುಂಬಾ ಚೆನ್ನಾಗಿದೆ ..,5,1.0,0.0,1.0,0.0,0.0,True,low
Positive,Rocking star and simple star,5,0.0,0.0,0.0,1.0,0.0,False,low
Positive,Superb song,2,0.0,0.0,0.0,1.0,0.0,True,low
Mixed feelings,ಚೆನ್ನಾಗಿದೆ ಅನ್ನೋರು ಲೈಕ್ ಮಾಡಿ,4,1.0,0.0,1.0,0.0,0.0,False,low
Positive,Idu Charitre srustiso avatara ......ASN,5,0.0,1.0,1.0,0.0,0.0,True,low
Positive,Idu Charitre srustiso avatara ......ASN,5,0.0,1.0,1.0,0.0,0.0,True,low
Positive,ಹಾಡು ಸೂಪರ್,2,1.0,0.0,1.0,0.0,0.0,True,low
Positive,ಲೈಕ್ ಮಾಡಿ ಇಲ್ಲ ಅಂದ್ರೆ ನಿಮ್ಮನೆ ದೇವ್ರು ಶ್ರೀ ಮನ್ನಾರಾಯಣ ನ ಮೇಲಾಣೆ.nnHANDS UP...,11,1.0,0.0,1.0,0.0,0.0,False,low
Mixed feelings,@JV Mirajakar  thank u,4,0.0,0.0,0.0,1.0,0.0,True,low
Positive,Hands up ......... Super song,5,0.0,0.0,0.0,1.0,0.0,True,low
Positive,ಅಚ್ಚ ಕನ್ನಡದ ಹಾಡು ಕೇಳಿ ಅದ್ಭುತ,5,1.0,0.0,1.0,0.0,0.0,False,low
Positive,ಏನು ಗುರು ನೀನು .... ಹಾಲಿವುಡ್ ಫಿಲ್ಮ್ ಥರ ಮಾಡಿರ .... ನಿಮ್ಗೆ ಒಂದ್ ಸಲಾಂ,12,1.0,0.0,1.0,0.0,0.0,False,low
unknown state,Even i felt the same..,5,0.0,0.0,0.0,1.0,0.0,False,low
Mixed feelings,Same feelings for me,4,0.0,0.0,0.0,1.0,0.0,False,low
Mixed feelings,I felt same,3,0.0,0.0,0.0,1.0,0.0,True,low
Positive,ಶೆಟ್ರೇ ಸಿಗ್ನೇಚರ್ ಸ್ಟೆಪ್ .....ಮ್ಯಾಜಿಕಲ್ ಕಂಪೋಸ್ ಮತ್ತೊಮ್ಮೆ ...ಅಜನೀಶ್ ಲೋಕನಾಥ್............ ಮಾಸ್ ಎಲಿಮೆಂಟಿನಾ ಈ ಹಾಡು ಬಹಳ ತುಂಬಾ ದಿನದ ಮೇಲೇ ಮತ್ತೆ ಮತ್ತೆ ಹಾಕಿ ಕೇಳಿದೆ........... ಹಾಡಿನಲ್ಲಿರುವ ಸಾಹಿತ್ಯದಂತೆ ಅವನೆ ಶ್ರೀಮನ್ನಾರಯಣ ಚರಿತ್ರೆ ಸೃಷ್ಟಿಸುವ ಅವತಾರವಾಗಲಿ,27,1.0,0.0,1.0,0.0,0.0,False,low
Negative,s** tara ide,3,0.0,0.0,0.0,1.0,0.0,True,low
unknown state,So good boss,3,0.0,0.0,0.0,1.0,0.0,True,low
Mixed feelings,KICHCHA BOSS FANS,3,0.0,1.0,1.0,0.0,0.0,True,low
Positive,Super song anna....liked it,4,0.0,0.0,0.0,1.0,0.0,True,low
Positive,ಏನೋ ಪಾ.. ಅಷ್ಟ್ ಇಷ್ಟ ಆಗ್ಲಿಲ್ಲ.. ಏನೇನೋ ಇದೆ.. ಹಿಂದಿ ಪ್ರೇಕ್ಷಕರಿಗೆ ವಿಚಿತ್ರ ಎನ್ನಿಸ ಬಹದು,12,1.0,0.0,1.0,0.0,0.0,False,low
Mixed feelings,ತಗೋ ಗುರು ನಂದೊಂದು ಲೈಕ್,4,1.0,0.0,1.0,0.0,0.0,False,low
Positive,ಇದು ಚರಿತ್ರೆ ಸೃಷ್ಟಿಸೋ ಕಮೆಂಟು..,4,1.0,0.0,1.0,0.0,0.0,False,low
unknown state,Very true bro,3,0.0,0.0,0.0,1.0,0.0,True,low
Negative,Nkn ಚಿಂದಿ,2,0.5,0.5,1.0,0.0,0.0,True,low
not-Kannada,Excellent,1,0.0,0.0,0.0,1.0,0.0,True,low
Negative,Chindi,1,0.0,1.0,1.0,0.0,0.0,True,low
not-Kannada,Just say WOW,3,0.0,0.0,0.0,1.0,0.0,True,low
unknown state,uff  kedu,2,0.0,1.0,1.0,0.0,0.0,True,low
Mixed feelings,YASH BOSS DID IT,4,0.0,1.0,1.0,0.0,0.0,True,low
Negative,465 Lashmika fans found🤣,4,0.0,0.0,0.0,1.0,0.0,True,low
not-Kannada,Super sir,2,0.0,0.0,0.0,1.0,0.0,True,low
Mixed feelings,Gauri Keshav thookada mathu,4,0.0,1.0,1.0,0.0,0.0,True,low
Positive,Gauri Keshav ಆಂಗ್ಲ ಭಾಷೆ ಬಳಸೋ ಕಾಲದಲ್ಲಿ ಅಚ್ಚ ಕನ್ನಡದಲ್ಲಿ ಸಾಹಿತ್ಯ ಬರೆದಿರುವ ಬರಹಗಾರರಿಗೆ ಕೋಟಿ ಕೋಟಿ ನಮನಗಳು,14,0.9231,0.0769,1.0,0.0,0.0,False,low
Positive,ಆಂಗ್ಲ ಭಾಷೆ ಬಳಸೋ ಕಾಲದಲ್ಲಿ ಅಚ್ಚ ಕನ್ನಡದಲ್ಲಿ ಸಾಹಿತ್ಯ ಬರೆದಿರುವ ಬರಹಗಾರರಿಗೆ ಕೋಟಿ ಕೋಟಿ ನಮನಗಳು,12,1.0,0.0,1.0,0.0,0.0,False,low
Negative,@Troll Stupid Fans ley gaandu soole magane modlu ninnathra adu idiya antha nodkolo hodiyoke bandu hodsokondanthu hogthiya,17,0.0,0.9333,0.9333,0.0667,0.1333,False,low
Negative,@10 R Amma akka antha baiyokke ellrugu baruthe.. nim manelu hengsru iddare hushaaru,13,0.0,0.9091,0.9091,0.0909,0.1818,False,low
Negative,@Troll Stupid Fans heno helkodthidallla  adunna helkodo munche neenu kaltho henge irbeku antha suvar gandu anthidde ivga ninge baididke thika huritha,21,0.0,0.9444,0.9444,0.0556,0.1111,False,low
Positive,ನಮ್ಮ ಚಂದನವನದ ಚಲನಚಿತ್ರಗಳು ತುಂಬಾ ವಿಭಿನ್ನವಾಗಿ ವಿಶಿಷ್ಟವಾಗಿ ಸುಂದರವಾಗಿ ಮೂಡಿ ಬರುತ್ತವೆ ಇದು ನಮ್ಮ ಹೆಮ್ಮೆಯ ಕನ್ನಡದ ಸಿನಿಮಾಗಳು ಯಾವ ಪರ ಬಾಷೆ ಚಲನಚಿತ್ರಗಳಿಗೂ ನಮ್ಮ ಕನ್ನಡ ಸಿನಿಮಮಾಗಳು ಕಮ್ಮಿ ಇಲ್ಲ ಕನ್ನಡವೇ ಸತ್ಯ ಕನ್ನಡವೇ ನಿತ್ಯ,27,1.0,0.0,1.0,0.0,0.0,False,low
Positive,ಅಚ್ಚ ಕನ್ನಡ ಬಳಸಿ ಸ್ವಚ್ಛವಾಗಿ ಸುಂದರ ಹಾಡನ್ನು ನಿರ್ಮಿಸಿದ ಬರಹಗಾರರಿಗೆ ಅಭಿನಂದನೆಗಳು,9,1.0,0.0,1.0,0.0,0.0,False,low
Negative,@Troll Stupid Fans nin Amman thullu sulemagne gaandu nayi sulemakla mucchkondiro Nim Amman thullu GE devegowda du halasiro thunni hakbeku rande soole magne nayisulemagne kachada byavarsi soole rande magne nayisulemaga nim appa chaappar nan maga sulemaga,36,0.0,0.9333,0.9333,0.0667,0.1333,False,low
Positive,ತುಂಬಾ ಚೆನ್ನಾಗಿದೆ ಸರ್ ಯುದ್ಧ ಯಾರು ಮಾಡಿದರೆ ಏನು ಗೆಲುವು ನಮ್ಮದೇ  ಆಗಿರಬೇಕು ಅವನೇ Srimannarayana,12,1.0,0.0,1.0,0.0,0.0,False,low
not-Kannada,Hands up,2,0.0,0.0,0.0,1.0,0.0,True,low
not-Kannada,We need Hindi,3,0.0,0.0,0.0,1.0,0.0,True,low
not-Kannada,Super O super,3,0.0,0.0,0.0,1.0,0.0,True,low
Positive,ಸಾಹಿತ್ಯ ಅಧ್ಬುತ nಸಿನಿಮಾ 100 ದಿನವು ಅಧ್ಬುತ nಯಶಸ್ಸು ಕಾಣಲಿ,8,1.0,0.0,1.0,0.0,0.0,False,low
Positive,ಮಸ್ತ್ ಐತಿ... ಅನಾಹುತ ಸಾಂಗ್ .. ಗಿಚ್ಚ್ ಐತಿ 🤘,8,1.0,0.0,1.0,0.0,0.0,False,low
Positive,Hodtha Guru sng,3,0.0,1.0,1.0,0.0,0.0,True,low
Positive,Jai ASN Rakshith shetty,4,0.0,1.0,1.0,0.0,0.0,True,low
Mixed feelings,ಜೈ ಕನ್ನಡ,2,1.0,0.0,1.0,0.0,0.0,True,low
not-Kannada,We want grow Kannada industry,5,0.0,0.0,0.0,1.0,0.0,False,low
not-Kannada,Super  song,2,0.0,0.0,0.0,1.0,0.0,True,low
Positive,ಇದು ಚರಿತ್ರೆಯನ್ನು ಸೃಷ್ಟಿಸೋ ಅವತಾರ.,4,1.0,0.0,1.0,0.0,0.0,False,low
Mixed feelings,BOSS VIDEO SONG MOSTER HIT,5,0.0,0.0,0.0,1.0,0.0,True,low
Mixed feelings,ರಿಷಬ್ ಶೆಟ್ಟಿನಾ ನೊಡಿದ್ರ,3,1.0,0.0,1.0,0.0,0.0,True,low
Negative,@Gajendra hv ayyo bewarsi,4,0.0,1.0,1.0,0.0,0.0,False,low
Negative,@Gajendra hv neen en maadirodu mele,6,0.0,1.0,1.0,0.0,0.0,False,low
Positive,ಅವನೇ ಶ್ರೀಮನ್ನಾರಾಯಣ ಪಾರ್ಟಿ 2 ಬರುವಂತಾಗಲಿ,5,1.0,0.0,1.0,0.0,0.0,False,low
Negative,ಸಾಂಗ್ ಚಿಂದಿ ಗುರು,3,1.0,0.0,1.0,0.0,0.0,True,low
Negative,ನಿಮ್ಮ ನಾಯಕರಿಗೆ ಹೇಗೆ ಬೇಕಾದರೂ ಹೊಗಳಿಕೊಳ್ಳಿ ಆದರೆ ಇಲ್ಲಿ ರಶ್ಮಿಕಾ ಮಂದಣ್ಣನವರನ್ನು ಎಳೆದು ತರುವುದು ಏಕೆ,12,1.0,0.0,1.0,0.0,0.0,False,low
Positive,ನಿಜವಾದ ಕನ್ನಡಿಗರು ಲೈಕ್ ಮಾಡಿ ಈ ಸಿನಿಮಾ ನಮ್ಮ ಸಿನಿಮಾ ಎಂದು ಗೆಲ್ಲಿಸೋಣ,10,1.0,0.0,1.0,0.0,0.0,False,low
Positive,ಅದು ಅನವರತ ನಾನು ಅಜ್ಞಾತnಈ ಪದಗಳು ಬೇರೆ ಯಾವುದಾದ್ರೂ ಕನ್ನಡ ಸಿನಿಮಾ ಹಾಡುಗಳಲ್ಲಿ ಇದ್ದರೆ ಕಾಮೆಂಟ್ ಮಾಡಿ,13,1.0,0.0,1.0,0.0,0.0,False,low
Positive,ಸಕ್ಕತಾಗಿದೆ ಮರಯ,2,1.0,0.0,1.0,0.0,0.0,True,low
unknown state,Telugu r we joke of u,6,0.0,0.0,0.0,1.0,0.0,False,low
Negative,@satishnithyanandam nin yogyathege meeri mathgal aadbardu.,6,0.0,1.0,1.0,0.0,0.0,False,low
Negative,@Nandi Parthasarathi ನಿನ್ ತುಲ್ಲಗೆ ಕಿಂಗಫಿಶರ್ ಬಿಯರ್ ತುರ್ಕಾ... ನಿನ್ ತುಲ್ಲಿಗೆ ನನ್ ರಾಡ್ ಹಾಕ್ಲಿ ಎಷ್ಟೇ ನಿಂದು ತುಲ್ಲು,15,0.9286,0.0714,1.0,0.0,0.0,False,low
Mixed feelings,@Vishal Shetty ಓಹ್ ನೀನ್ ಗಂಡು ಡಗಾರ್ ಕೆಲಸ ಮಾಡೋದಾ? ಅದಕ್ಕೆ ಅಷ್ಟೊಂದು ಖರ್ಚು ಮಾಡೋಕೆ ದುಡ್ಡು ಸಿಗೋದು.... ಅದ್ರ ಬದಲು ಕೂಲಿ ಮಾಡಿ ತಿನ್ನೋ,19,0.9444,0.0556,1.0,0.0,0.0,False,low
Negative,@Vishal Shetty ಹು... ಹೌದೌದು ... ನಿನಗೆ ಕೆಲಸ ಜಾಸ್ತಿ.... ಮೊದಲೇ ಗಂಡು ಡಗಾರ್ ನೀನು.... ಅದೆಷ್ಟು gayಗಳು ಕಾದಿರುತ್ತಾರೋ ಏನೋ.... ಹೋಗು ಕೆಲ್ಸ ನೋಡ್ಕೋ.... ದಿನದ ಖರ್ಚಿಗೆ ಬೇಕಲ್ಲ....,22,0.95,0.05,1.0,0.0,0.0,False,low
Negative,@Nandi Parthasarathi ninna akkna tullu haritini nodo iga sulemgne,9,0.0,1.0,1.0,0.0,0.0,False,low
Negative,@Nandi Parthasarathi gaandu sule,4,0.0,1.0,1.0,0.0,0.0,True,low
not-Kannada,@Ŕävîñđŕå_02_GøWđřú super bro,3,0.0,0.0,0.0,1.0,0.0,True,low
Negative,@Nandi Parthasarathi jai gojjekesari gayashini Sule magne cheeti kalla  badige tulla,11,0.0,1.0,1.0,0.0,0.0,False,low
Negative,@Nandi Parthasarathi ಅಲಾ ಹಾದರಗಿತ್ತಿ ನಿಮ್ಮದು ದೊಡ್ಡ ತುಲ್ಲು ಬಿಡೆ,8,0.8571,0.1429,1.0,0.0,0.0,False,low
Mixed feelings,@Vasantha Setty illi gojjekesari Yash du nayinu musalla,8,0.0,1.0,1.0,0.0,0.0,False,low
Negative,@Nandi Parthasarathi ಚಕ್ಕ ಮುಂಡೆ... ನಿನ್ ತುಲ್ಲಗೆ ನನ್ ತುಣ್ಣಿ ಹಾಕ ಎಷ್ಟೇ ನಿನ್ ರೇಟು,12,0.9091,0.0909,1.0,0.0,0.0,False,low
Negative,@Nandi Parthasarathi ನಿಮ್ಮ ಅಕ್ಕುನ್ ತುಲ್ಲು,5,0.75,0.25,1.0,0.0,0.0,False,low
Mixed feelings,@Nandi Parthasarathi ನಿಮ್ಮ ಅಕ್ಕುನ್,4,0.6667,0.3333,1.0,0.0,0.0,True,low
Mixed feelings,@Nandi Parthasarathi ನಿಂದು ನಾಯಿ ತುಲ್ಲು,5,0.75,0.25,1.0,0.0,0.0,False,low
Negative,@Nandi Parthasarathi ನಿಂದು ಬೀದಿ ನಾಯಿ ತುಲ್ಲು ಅನ್ಸುತ್ತೆ,7,0.8333,0.1667,1.0,0.0,0.0,False,low
Negative,@Nandi Parthasarathi ನಿನ್ ತುಲ್ಲು ಊರ್ ಬಾಗ್ಲು,6,0.8,0.2,1.0,0.0,0.0,False,low
Negative,@Nandi Parthasarathi ಸೇಮ್ ಟು ಯು ಅಂತೇ..... ನಿನ್ ತುಲ್ಲುಗೆ ನಾ,9,0.875,0.125,1.0,0.0,0.0,False,low
Positive,@Nandi Parthasarathi ಡಗಾರ್ ಸೂಳೆ ನಿನ್ ತುಲ್ಲಗೆ ಬಕಾರ್ಡಿ ಬಿಯರ್ ತುರ್ಕಾ,9,0.875,0.125,1.0,0.0,0.0,False,low
Mixed feelings,@Nandi Parthasarathi ನಿನ್ ತುಲ್ಲಗೆ 7ಅಪ್ ತುರ್ಕಾ,6,0.8,0.2,1.0,0.0,0.0,False,low
unknown state,@Nandi Parthasarathi nim Amman thulavru,5,0.0,1.0,1.0,0.0,0.0,True,low
unknown state,@Sammy Gunda s bro,4,0.0,0.0,0.0,1.0,0.0,True,low
Negative,@Nandi Parthasarathi 🤘ಉರ್ಕೊಂಡು ಊರ ಬಿದ್ದರು ಅಂದ್ರೆ🤫🤫 ತಿಕ ಕುಡ್ಕೊಂಡು ಕಾಮೆಂಟ್ ಮಾಡಕ್ ಬಂದಿದ್ದೀರಾ🤣🤣,11,0.9,0.1,1.0,0.0,0.0,False,low
Negative,@Nandi Parthasarathi ನಂದಿನಿ ನಂದಿನಿ ನಿನ್ ತುಲ್ಲ್ ಕೊಡೆ,7,0.8333,0.1667,1.0,0.0,0.0,False,low
Negative,@Ŕävîñđŕå_02_GøWđřú ಏನ ನಿಂದು ಮುಕುಳ್ಯ,4,1.0,0.0,1.0,0.0,0.0,True,low
Mixed feelings,@Nandi Parthasarathi ನಂದಿನಿ ನಂದಿನಿ ನಿನ್ ಹಾಲ್ ಕೊಡೆ,7,0.8333,0.1667,1.0,0.0,0.0,False,low
Mixed feelings,@Nandi Parthasarathi ನಂದಿನಿ ನಂದಿನಿ ನಿನ್ ತುಲ್ಲಗೆ ನನ್ ರಸ,8,0.8571,0.1429,1.0,0.0,0.0,False,low
Mixed feelings,@Nandi Parthasarathi ನಂದಿನಿ ನಂದಿನಿ ನಿನ್ ತುಲ್ ಊರ್ ಬಾಗ್ಲು,8,0.8571,0.1429,1.0,0.0,0.0,False,low
Negative,@Nandi Parthasarathi ನಂದಿನಿ ನಂದಿನಿ ನಿಮ್ಮ ಅವ್ವ ಬಸುರಿ,7,0.8333,0.1667,1.0,0.0,0.0,False,low
Negative,@Nandi Parthasarathi ನಂದಿನಿ ನಂದಿನಿ ನಿನ್ ಶಾಟ ವಾಸ್ನಿ,7,0.8333,0.1667,1.0,0.0,0.0,False,low
Negative,@Nandi Parthasarathi ನಂದಿನಿ ನಂದಿನಿ ನಿನ್ ತುಲ್ಲು ಕೆಂಗೇರಿ ಮೋರಿ,8,0.8571,0.1429,1.0,0.0,0.0,False,low
Negative,@Nandi Parthasarathi ನಂದಿನಿ ನಂದಿನಿ ನಿನ್ ತುಲ್ಲ್ ಗಲೀಜು,7,0.8333,0.1667,1.0,0.0,0.0,False,low
Mixed feelings,@Nandi Parthasarathi ನಂದಿನಿ ನಂದಿನಿ ನಿನ್ ಹಾಲು... ಸ್ಮೆಲ್ ಬರ್ತಾ ಇದೇ,9,0.875,0.125,1.0,0.0,0.0,False,low
Negative,@Nandi Parthasarathi ನಂದಿನಿ ಅವ್ರೆ ನಿಮ್ಮ ತುಲ್ಲುಗೆ ಗಬ್ಬು ವಾಸ್ನಿ,8,0.8571,0.1429,1.0,0.0,0.0,False,low
Negative,@Nandi Parthasarathi ನಂದಿನಿ ನಂದಿನಿ ನಿನ್ ಕೊಜ್ಜೆ,6,0.8,0.2,1.0,0.0,0.0,False,low
Negative,@Nandi Parthasarathi ನಂದಿನಿ ನಿಮ್ಮ ಅಪ್ಪ ನಾಮರ್ದ ಅಂತೇ ಹೌದೇನೇ,8,0.8571,0.1429,1.0,0.0,0.0,False,low
Negative,@Nandi Parthasarathi ನಂದಿನಿ ಪಾರ್ಥ ಸಾರಥಿ ನಿನ್ ತುಲ್ಲು ಗೊಬ್ಬರ,8,0.8571,0.1429,1.0,0.0,0.0,False,low
Negative,@Nandi Parthasarathi,2,0.0,1.0,1.0,0.0,0.0,True,low
Negative,@Nandi Parthasarathi ಉಮ್ಮ್ ನಿನ್ ತುಲ್ಲುಗೆ ನನ್ ರಸ,7,0.8333,0.1667,1.0,0.0,0.0,False,low
Negative,@Nandi Parthasarathi ಒನ್ ನೈಟ್ ಸಿಗೆ,5,0.75,0.25,1.0,0.0,0.0,False,low
Mixed feelings,@Nandi Parthasarathi ಹಾದರಗಿತ್ತಿ,3,0.5,0.5,1.0,0.0,0.0,True,low
Negative,@TROLL MONSTER_KANNADA ಲೋ ಬೀದಿ ಸೂಳೆ ಮಗನೆ..... ನಿಂಗೆ ಅಷ್ಟು ತಾಕತ್ ಇದ್ರೆ.... ನೀನು ಒಬ್ನೆ ಅಪ್ಪನಿಗೆ ಹುಟ್ಟಿದ್ರೆ..... ನೀನ್ ಹೇಳೋ ನಿನ್ ತುಣ್ಣೆ ನಿಂಗೆ ಗಟ್ಟಿಗೆ ನಿಂತಿದ್ರೆ.... ನನ್ ಅಡ್ರೆಸ್ ಕೊಡ್ತೀನಿ ಬಾರೋ.... ಪಾರ್ಥಸಾರಥಿ,26,0.96,0.0,0.96,0.04,0.08,False,low
Negative,@Nandi Parthasarathi ನಿಮ್ಮ ಅಮ್ಮನ್  ಕಳುಸ್ತೀಯ,5,0.75,0.25,1.0,0.0,0.0,False,low
Negative,@Nandi Parthasarathi ಓಹೋ ನಂದಿನಿ ನಿಂದು ಮಿಲ್ಕ್ ಪಾರ್ಲರ್ ಬೇರೆ ಇದಿಯಾ,9,0.875,0.125,1.0,0.0,0.0,False,low
Negative,@Nandi Parthasarathi ನಿಮ್ಮ ಅಪ್ಪ ಹುಚ್ಚಾ ವೆಂಕಟ್ ಅಂತೇ ಹೌದ,8,0.8571,0.1429,1.0,0.0,0.0,False,low
Negative,@Nandi Parthasarathi ನಿನ್ ತುಲ್ಲುತುಮುಕೂರು ಹೈವೇ ಅಲ್ಲಿ ಎಲ್ಲಿ ಹೇಳೋ ಮಿಂಡ್ರಿಕೆ,9,0.875,0.125,1.0,0.0,0.0,False,low
Negative,@Nandi Parthasarathi ನೀನೇನು ಬರೋದು ತುಲ್ಲೇ ನಾನೆ ಬರ್ತೀನಿ ಬೋಳಿಮಗನೇ crct ಅಡ್ರೆಸ್ ಹೇಳೋ ಬೇಕೂಪ,12,0.8182,0.1818,1.0,0.0,0.0,False,low
Negative,@Nandi Parthasarathi ನಿಮ್ಮ ಅಪ್ಪ ಗಂಡ್ಸ...?? 🤔🤔🤔,6,0.75,0.25,1.0,0.0,0.0,False,low
Negative,@Nandi Parthasarathi ನಿಮ್ಮ ಅಪ್ಪ ದೊಡ್ ಗಾಂಡು ಸೂಳೆಮಗ,7,0.8333,0.1667,1.0,0.0,0.0,False,low
Negative,@TROLL MONSTER_KANNADA ಆಯ್ತು ಕಣಲೇ ಬೋಳಿ ಸೂಳೆಗೆ ಹುಟ್ಟಿರೋ ರಂಡಿ ಮಗನೇ.... ನಾನು ಗಂಡಸಲ್ಲ.... ನೀನು ಗಂಡಸು ತಾನೆ,14,0.9231,0.0,0.9231,0.0769,0.1538,False,low
Negative,@Nandi Parthasarathi ನಿಮ್ಮ ಅಪ್ಪ ಸೂಳೆಮಗ,5,0.75,0.25,1.0,0.0,0.0,False,low
Mixed feelings,@Nandi Parthasarathi ಷಂಡ,3,0.5,0.5,1.0,0.0,0.0,True,low
Negative,@Nandi Parthasarathi ಅಂತೂ ಒಪಿಕೊಂಡಲ್ಲ ದೊಡ್ಡ ಷಂಡ ಅಂತಾ,7,0.8333,0.1667,1.0,0.0,0.0,False,low
Mixed feelings,ನಿಮ್ಮ Dedication ನಿಜಕ್ಕೂ ಅಧ್ಬುತ‌,4,1.0,0.0,1.0,0.0,0.0,True,low
Mixed feelings,ಹೌದೋ ಹುಲಿಯಾ,2,1.0,0.0,1.0,0.0,0.0,True,low
Positive,ರಕ್ಷಿತ್ ಶೆಟ್ಟಿ ನಮ್ಮ ಕನ್ನಡ  ಇಂಡಸ್ಟ್ರಿ ನ ಬೆಳವಣಿಗೆ ಮಾಡಲಿಕ್ಕೆ ಬಂದ ಇನ್ನೊಬ್ಬ ರಜಕುಮರ್ ಅಣ್ಣಾವ್ರು ಒಂದು ಲೈಕ್ ಮತ್ತೆ ಎಷ್ಟೊಂದು ಜನರು ಕನ್ನಡದಲ್ಲಿ ಕಾಮೆಂಟ್ ಮಾಡಿದವರಿಗೂ ಹ್ಯಾಂಡ್ಸಪ್ ಜೈ ಕರ್ನಾಟಕ ಮಾತೆ,24,1.0,0.0,1.0,0.0,0.0,False,low
Negative,@Shashank Raj ninu thika muchho lo yeno artha aythu ninge ಕಾಮೆಂಟ್ಸ್ ಓದೋದು ಕಲಿ 🤣🤣,14,0.25,0.6667,0.9167,0.0833,0.1667,False,low
Negative,@Shashank Raj ಲೊ ತಮ್ಮಾ ನಿನಗೆ ಏನು ಅರ್ಥ ಆಗಿಲ್ವವಂತ ಗೊತಾಯ್ತು ಬೇರೆ ಕೆಲಸ ನೋಡ್ಕೋ ಸುಮ್ನೆ ಮರ್ಯಾದೆ ಹೋಗೋದು ಬೇಡ...,16,0.9333,0.0667,1.0,0.0,0.0,False,low
unknown state,@Venu ahgbowdu.,2,0.0,1.0,1.0,0.0,0.0,True,low
Positive,Jai narayana jaihooooooo,3,0.0,1.0,1.0,0.0,0.0,True,low
Positive,ಫೆಂಟಾಸ್ಟಿಕ್ ಸಾಂಗ್ ಇನ್ ಕನ್ನಡ ಇಂಡಸ್ಟ್ರಿ ಫುಲ್ ಡಿಫರೆಂಟ್ ಟೈಪ್ song ಫುಲ್ ಗಿಚ್ಚ,11,0.9091,0.0,0.9091,0.0909,0.1818,False,low
not-Kannada,Music is unique,3,0.0,0.0,0.0,1.0,0.0,True,low
Positive,ತುಂಬಾ ಹೊಸ ಹಾಗೂ ರಚನಾತ್ಮಕ ಹಾಡು.,5,1.0,0.0,1.0,0.0,0.0,False,low
Positive,super song guru,3,0.0,0.0,0.0,1.0,0.0,True,low
Positive,Charitre shrushtiso avatara,3,0.0,1.0,1.0,0.0,0.0,True,low
unknown state,Hindi.  ?,2,0.0,0.0,0.0,1.0,0.0,True,low
Positive,ಹಿಂದಿ ಸಾಂಗ್ ಬಿಡಿ ಸ್ವಾಮಿ ಒಳ್ಳೇ ಕಲೆಕ್ಷನ್ ಆಗುತ್ತೆ,7,1.0,0.0,1.0,0.0,0.0,False,low
not-Kannada,Still Waiting for Hindi version!?,5,0.0,0.0,0.0,1.0,0.0,True,low
not-Kannada,I can't see Hindi?,4,0.0,0.0,0.0,1.0,0.0,True,low
not-Kannada,Hindi.. Where...?,2,0.0,0.0,0.0,1.0,0.0,True,low
Positive,Idu charitre shrustiso avatara @ RAKSHIT SHETTY,7,0.0,1.0,1.0,0.0,0.0,False,low
Positive,ಅದ್ಬುತವಾಗಿದೆ ಅವನೇ ಶ್ರೀಮನ್ನಾರಾಯಣ ಚಿತ್ರದ ಹಾಡು ಹ್ಯಾಂಡ್ಸಪ್,6,1.0,0.0,1.0,0.0,0.0,False,low
not-Kannada,Hindi mai karo plz,4,0.0,0.0,0.0,1.0,0.0,False,low
Positive,I like it in kannada,5,0.0,0.0,0.0,1.0,0.0,False,low
Negative,Concentrate on hindi promotion.. sir,5,0.0,0.0,0.0,1.0,0.0,False,low
unknown state,hindi song link pls,4,0.0,0.0,0.0,1.0,0.0,False,low
Positive,Supar sangs ..,3,0.0,1.0,1.0,0.0,0.0,True,low
not-Kannada,Pls in hindi,3,0.0,0.0,0.0,1.0,0.0,True,low
unknown state,Hi Paramvah Music,3,0.0,0.0,0.0,1.0,0.0,True,low
Negative,I like dis song i not like k .g .f,10,0.0,0.0,0.0,1.0,0.0,False,low
not-Kannada,Pls Update Hindi version,4,0.0,0.0,0.0,1.0,0.0,True,low
Positive,Super song,2,0.0,0.0,0.0,1.0,0.0,True,low
unknown state,Please upload drama song,4,0.0,0.0,0.0,1.0,0.0,False,low
unknown state,@anup kulkarni T-Series,3,0.0,1.0,1.0,0.0,0.0,True,low
not-Kannada,सर आप लोगो से निवेदन है आप छत्तीसगढ़ मध्य्प्रदेश इस तरफ़ खुद की टाकीज खरीद लीजिये जिसमे सिर्फ साउथ की डब मूवी ही चलेगी आपसे रिक्वेस्ट है आप पैसा इन्वेस्ट करके दिखे छत्तीसगढ़ दुर्ग में तरुण बिग सिनेमा खाली हो रहा है आप दुर्ग में इन्वेस्ट कर सकते है nफिर क्या आप लोग धीरे धीरे पूरे हर जिलों में 1 सिनेमा घर आप अलॉट करते जाना फिर देखना आपकी हर मूवी को हम देख सकते है और अच्छा बिजनेस भी कर सकेगी,82,0.0,0.0,0.0,1.0,0.0,True,low
unknown state,Paramvah Music uuuujnxgjmifjkijhn Ya jinhen,5,0.0,1.0,1.0,0.0,0.0,True,low
Positive,ಸೂಪರ್ ಸೂಪರ್ ಸೂಪರ್ ಸೂಪರ್ ಸೂಪರ್ ಸಾಂಗ್,6,1.0,0.0,1.0,0.0,0.0,False,low
not-Kannada,Miss u Hindi song,4,0.0,0.0,0.0,1.0,0.0,True,low
Positive,Super my favorite song,4,0.0,0.0,0.0,1.0,0.0,False,low
not-Kannada,38 M,2,0.0,0.0,0.0,1.0,0.0,True,low
not-Kannada,325K+ likes,2,0.0,0.0,0.0,1.0,0.0,True,low
not-Kannada,Make it in Hindi also,5,0.0,0.0,0.0,1.0,0.0,False,low
Positive,Vijay Prakash sakkath Voice,4,0.0,1.0,1.0,0.0,0.0,True,low
Positive,Super song,2,0.0,0.0,0.0,1.0,0.0,True,low
Positive,ಕನ್ನಡದಲ್ಲಿ ಡೈಲಿ ಟೆಕ್ ಅಪ್ಡೇಟ್ಸ್ ಪಡೆಯಲು ಸಬ್ಸ್ಕ್ರೈಬ್ ಮಾಡಿ ನಮ್ಮ ಚನ್ನೆಲ್ಗೆ,9,1.0,0.0,1.0,0.0,0.0,False,low
unknown state,@Raghul SUNIL PANZER WAS,4,0.0,1.0,1.0,0.0,0.0,True,low
not-Kannada,Raja Vishnuvardhana it’s available only in Kannada on Amazon prime,10,0.0,0.0,0.0,1.0,0.0,False,low
not-Kannada,37 M,2,0.0,0.0,0.0,1.0,0.0,True,low
Positive,Supar.  Love,2,0.0,1.0,1.0,0.0,0.0,True,low
Positive,Super song great song,4,0.0,0.0,0.0,1.0,0.0,False,low
Negative,ಇಂಥ ಒಳ್ಳೆ ಸಾಂಗ್ ಅನ್ನು ಕೂಡ dislike ಮಾಡ್ತಾರಲ್ಲ ಆವರು ಮನುಷ್ಯ ಜನ್ಮಕ್ಕೆ ನಿಜವಾಗಿಯು ಸೇರಿಲ್ಲ ಅನ್ಸುತ್ತೆ ನಿಮ್ಮ ಕೈ ಅಲ್ಲಿ ಲೈಕ್ ಮಾಡುಕೆ ಆಗಲ್ಲಾ ಅಂದ್ರೆ ಸುಮಸುಮ್ನೆ ಇಂಥ ಸಾಂಗ್ ಗೆ dislike matra ಮಾಡಬೇಡಿ,27,0.8889,0.037,0.9259,0.0741,0.1481,False,low
unknown state,AGT-KELU (KANNADA RAP 2019),4,0.0,1.0,1.0,0.0,0.0,True,low
Positive,ಈ ಹಾಡು ತುಂಬಾ ಇಷ್ಟವಾಯ್ತು,4,1.0,0.0,1.0,0.0,0.0,False,low
Positive,ಈ ಹಾಡು 'ಅವನೆ ಶ್ರೀಮನ್ ನಾರಾಯಣ' ಚಿತ್ರದ ನನ್ನ ನೆಚ್ಚಿನ ಹಾಡು.,9,1.0,0.0,1.0,0.0,0.0,False,low
Positive,ಅಪ್ಪಟ ಕನ್ನಡ ಚಿತ್ರ ಸೂಪರ್,4,1.0,0.0,1.0,0.0,0.0,False,low
Positive,Super hit song in kannada,5,0.0,0.0,0.0,1.0,0.0,False,low
Positive,Keep rocking bro,3,0.0,0.0,0.0,1.0,0.0,True,low
unknown state,SLOW POISON SONG,3,0.0,0.0,0.0,1.0,0.0,True,low
Positive,ಬಾಸ್ ಇನ್ನು ಮುಂದೆ ಬೆಳೀಬೇಕು,4,1.0,0.0,1.0,0.0,0.0,False,low
not-Kannada,Superb Song,2,0.0,0.0,0.0,1.0,0.0,True,low
Positive,ಸುದೀಪ್ ಅಣ್ಣನ ಅಭಿಮಾನಿಗಳಿಂದ ಕಡೆಯಿಂದ ಅವನೆ ಶ್ರೀಮನ್ ನಾರಾಯಣ ಚಿತ್ರ ಶತದಿನೋತ್ಸವ ಆಚರಿಸಲೆಂದು ಶುಭಕೊರುತ್ತೆವೆ,11,1.0,0.0,1.0,0.0,0.0,False,low
unknown state,Ggggggggggggggggggggg song of 2019 to 2020 one like for 2020,10,0.0,0.0,0.0,1.0,0.0,False,low
not-Kannada,Super movie super songs,4,0.0,0.0,0.0,1.0,0.0,False,low
Negative,Flop movie........ Boring,3,0.0,0.0,0.0,1.0,0.0,True,low
Negative,ಹೌದೋ ಹುಲಿಯಾ  ಗಿಚ್ಚಿ ಗಿಚ್ಚಿ ಗಿಲಿ ಗಿಲಿ ಹಾಡು,7,1.0,0.0,1.0,0.0,0.0,False,low
unknown state,Story e movie plus point,5,0.0,0.0,0.0,1.0,0.0,False,low
not-Kannada,Best movie... Keep it up,5,0.0,0.0,0.0,1.0,0.0,True,low
not-Kannada,Super super song,3,0.0,0.0,0.0,1.0,0.0,True,low
not-Kannada,Super movie,2,0.0,0.0,0.0,1.0,0.0,True,low
Positive,ನನಗೇನೋ ರಕ್ಷಿತ್ ಶೆಟ್ಟಿ ಶಂಕರ್ನಾಗ್ ಸರ್ ತರಾನೇ ಕಾಣಿಸುತ್ತಾರೆ 🤩,8,1.0,0.0,1.0,0.0,0.0,False,low
unknown state,Shankranna= RakshithnUppi Dada= Rishabh,4,0.0,1.0,1.0,0.0,0.0,True,low
unknown state,Poornima Poornima oooooooooooo brami,4,0.0,1.0,1.0,0.0,0.0,True,low
unknown state,@Pradeep.Uppi. Uppi.,2,0.0,1.0,1.0,0.0,0.0,True,low
Mixed feelings,I love you,3,0.0,0.0,0.0,1.0,0.0,True,low
Positive,ರಶ್ಮಿಕಾ ಮದನ ಡಗಾರ್,3,1.0,0.0,1.0,0.0,0.0,True,low
Positive,ಅತ್ಯುತ್ತಮ ಪ್ರಯತ್ನ ಶುಭವಾಗಲಿ,3,1.0,0.0,1.0,0.0,0.0,True,low
not-Kannada,Super Song...,2,0.0,0.0,0.0,1.0,0.0,True,low
Mixed feelings,ಕೇಳಿ ಕಾದಿರುವ ಭಾ೦ದವರೇnಭುವಿಯಲ್ಲಿ ಅವನ ಅರಿತವರೆnಯಾರಿಲ್ಲ ಬಿಡಿ ಮುನ್ನುಡಿnಇದ್ದರದೊಂದು ದಂತ ಕಥೆ..nನಾಕು ದಿಕ್ಕಿನಲು ಬೇಕವನುnಬಂದೂಕು ಹಿಡಿದ ಮಾನವನುnತಲೆ ಮೇಲಿದೆ ಕಿರೀಟ..nತೀರ ಹಠ..nಗುರಿ ಬೆನ್ನಟ್ಟೋ ನೇತಾರನು!nnಗಾಳಿ ಮಾತಿನ ಬಜಾರುnಸುದ್ದಿ ಸಾರಿದೆ ಸುಮಾರುnಪಾತ್ರದ ಪರಿಚಯ ಇರೋರುnಆ ಬಂದೂಕಿಗೆ ಇದೆ ಘನ ಹೆಸರುnnಹ್ಯಾಂಡ್ಸ್ ಅಪ್..nಅದು ಅನವರತ!nಹ್ಯಾಂಡ್ಸ್ ಅಪ್..nನಾ ಅಜ್ಞಾತ!nಹ್ಯಾಂಡ್ಸ್ ಅಪ್..nಇದೆ ವೇದಾಂತ..!nnಇದು ಚರಿತ್ರೆ ಸೃಷ್ಟಿಸೋ ಅವತಾರ..nnರಂಗೇರಿದೆ ಮಾಯಾ ಜಾಲnಅನುಭವಿಸು ಓ ಪ್ರೇಕ್ಷಕನೇ!nದೃಷ್ಟಿ ನನ್ನೊಬ್ಬನ ಮೇಲಿಡಿnತಪ್ಪದು ನಿಜ ಮನರಂಜನೆ!nನನ್ನ ಗೆಲ್ಬೋದು ಅನ್ನುತnನಿಂದನು ಓರ್ವ ರಾಕ್ಷಸ!nತಪ್ಪಲ್ಲ ಆದರು ಅದುವೇnಊಹೆಗೂ ಮೀರಿದ ಸಾಹಸ!nಅನಿಸುತ್ತೆ..nಬಂದ ಹಾಗಿದೆ ರಚಿಸಲು ಹೊಸದೇ ಶಾಸನ!nಮೆರಯಲಿ ಗಗನದಲಿ ನಿಮ್ಮದೇ ಲಾಂಛನ..nಯುಧ್ಧ ಮಾಡಬೇಕು,61,1.0,0.0,1.0,0.0,0.0,False,low
not-Kannada,Awesome movie best movie in Kannada 2019,7,0.0,0.0,0.0,1.0,0.0,False,low
not-Kannada,super songs super steps,4,0.0,0.0,0.0,1.0,0.0,False,low
Positive,Jai Kirk Star,3,0.0,1.0,1.0,0.0,0.0,True,low
Positive,Prathiyobbara ಜೀವನ Da ಆಸೆಗಳು,4,0.6667,0.3333,1.0,0.0,0.0,True,low
Positive,ಹಾಡು ಸುಪರ್ ಸಂಗೀತ ಸಂಯೋಜನೆ ಸುಪರ್ ಸುಪರ್,6,1.0,0.0,1.0,0.0,0.0,False,low
unknown state,6) vijaya devarakonda,3,0.0,1.0,1.0,0.0,0.0,True,low
unknown state,ha ha ha ha,4,0.0,0.0,0.0,1.0,0.0,False,low
unknown state,Haha  nija,2,0.0,1.0,1.0,0.0,0.0,True,low
not-Kannada,U ROCKED BRO,3,0.0,0.0,0.0,1.0,0.0,True,low
Mixed feelings,@Vinod Kumar.C ೧೦೦% ನಿಜ ಹೇಳಿದೆ ಗುರು,6,0.6667,0.3333,1.0,0.0,0.0,False,low
not-Kannada,Super song,2,0.0,0.0,0.0,1.0,0.0,True,low
Negative,@Lakshmi Shetty wt,3,0.0,0.0,0.0,1.0,0.0,True,low
not-Kannada,Hindi songs plzzz,3,0.0,0.0,0.0,1.0,0.0,True,low
not-Kannada,Super song,2,0.0,0.0,0.0,1.0,0.0,True,low
not-Kannada,Well said bro,3,0.0,0.0,0.0,1.0,0.0,True,low
not-Kannada,best song ever,3,0.0,0.0,0.0,1.0,0.0,True,low
not-Kannada,100 day's fix,3,0.0,0.0,0.0,1.0,0.0,True,low
Positive,ಚರಿತ್ರೆ ಇದೆ. ಇದು ಒಂದು ದಂತಕಥೆ.,5,1.0,0.0,1.0,0.0,0.0,False,low
Positive,ನಾನು ಅವರ ಫ್ಯಾನ್,3,1.0,0.0,1.0,0.0,0.0,True,low
not-Kannada,Amazed Amazing Amazefull,3,0.0,0.0,0.0,1.0,0.0,True,low
unknown state,Super song and super dance,5,0.0,0.0,0.0,1.0,0.0,False,low
unknown state,One like for music,4,0.0,0.0,0.0,1.0,0.0,False,low
Positive,ಕನ್ನಡ ಚಿತ್ರರಂಗದ ಹೆಮ್ಮೆ ಪಡುವಂತಹ ಕೆಲಸ,5,1.0,0.0,1.0,0.0,0.0,False,low
Positive,ರಕ್ಷಿತ್ ಶೆಟ್ಟಿ ಅಭಿಮಾನಿ,3,1.0,0.0,1.0,0.0,0.0,True,low
Positive,ವಿಜಯ್ ಪ್ರಕಾಶ್ ಅವರ ದ್ವನಿ ನಾರಾಯಣನಿಗೆ ಹೇಳಿ ಮಾಡಿಸಿದಂತಿದೆ..,7,1.0,0.0,1.0,0.0,0.0,False,low
not-Kannada,Making super 🤩,3,0.0,0.0,0.0,1.0,0.0,True,low
Positive,yen song guru ...super,4,0.0,0.0,0.0,1.0,0.0,True,low
Positive,Shetruuu Superrruuuu ಇದು ಚರಿತ್ರೆ ಸೃಷ್ಟಿಸೊ ಅವತಾರ,6,1.0,0.0,1.0,0.0,0.0,False,low
unknown state,Vp super voice,3,0.0,0.0,0.0,1.0,0.0,True,low
Positive,ಅವನೆ ಶ್ರೀಮಾನ್ ನಾರಾಯಣ 300 ಕೋಟಿ ಅರಾಮಾಗಿ ಮಾಡುತ್ತೆ ಅನ್ನುವವರು ಲೈಕ್ ಮಾಡಿ,10,1.0,0.0,1.0,0.0,0.0,False,low
Mixed feelings,ನನ್ನ ಪ್ರಕಾರ ಸಿನಿಮಾ ನೋಡೋದಕ್ಕೆ ಬಂದವರಿಗೆ ಒಂದೊಂದು ಈರುಳ್ಳಿ ಉಚಿತ ಅಂದ್ರೆ ಜನ ಸಾಗರವೆ ಬರಬಹುದು,12,1.0,0.0,1.0,0.0,0.0,False,low
Positive,ರಕ್ಷಿತ್ ಶೆಟ್ಟಿ.....nಅವನೇ ಶ್ರೀ ಮನ್ನಾರಾಯಣ...,4,1.0,0.0,1.0,0.0,0.0,False,low
Positive,ಏನ್ ಸಾಂಗ್ ಗುರು ಮಸ್ತ್...,4,1.0,0.0,1.0,0.0,0.0,False,low
Positive,ಇದು ಚರಿತ್ರೆ ಸೃಷ್ಟಿಸೂ ಅವತಾರ,4,1.0,0.0,1.0,0.0,0.0,False,low
Positive,ರಿಮೇಕ್ ಮಾಡಿ ವರ್ಷಕ್ಕೆ ನೂರು ಸಿನಿಮಾಗಳನ್ನು ಮಾಡುವ ಬದಲು...!ವರ್ಷಕ್ಕೊಮ್ಮೆ ಸ್ವಮೇಕ್ ಸಿನಿಮಾ ಮೂಲಕ ಬರುವುದು ಉತ್ತಮ..! ರಕ್ಷಿತ್ ಶೆಟ್ಟಿ,14,1.0,0.0,1.0,0.0,0.0,False,low
Positive,ಕೆ ಜಿ ಎಪ್ ನಂತರ ಮತ್ತೂಂದು ಕನ್ನಡದ  ಹೆಮ್ಮೆ,7,1.0,0.0,1.0,0.0,0.0,False,low
Positive,Idu charitre srustisuva avataranME,4,0.0,1.0,1.0,0.0,0.0,False,low
not-Kannada,Always unique... great,3,0.0,0.0,0.0,1.0,0.0,True,low
Positive,ನೀನು ಅವನೇ ಅಂತ nನಾವು ನಂಬ್ತಿವಿ ..nಚರಿತ್ರೆ ಸೃಷ್ಟಿಸೋ ಅವತಾರದವನು ..nಶ್ರೀಮನ್ನಾರಾಯಣ,9,1.0,0.0,1.0,0.0,0.0,False,low
unknown state,AwesomenJai kichcha 🤩,3,0.0,1.0,1.0,0.0,0.0,True,low
not-Kannada,#Vp Sir Super singing,4,0.0,0.0,0.0,1.0,0.0,True,low
Positive,ಇದು ಚರಿತ್ರೆ ಸೃಸ್ಟಿಸೋ ಅವತಾರ,4,1.0,0.0,1.0,0.0,0.0,False,low
Mixed feelings,@Dhee Pu adu hachchagannda allappa achchakannada,6,0.0,1.0,1.0,0.0,0.0,False,low
Negative,@Dhee Pu kannada bhashe Sanskrit bhasheyinda sakastu padagalannu eravalu(badige)padedukondide.aaddarinda anthaha padagalannu balasuvudaralli tappenilla,13,0.0,0.9091,0.9091,0.0909,0.1818,False,low
Mixed feelings,@Dhee Pu nin baayige .,5,0.0,1.0,1.0,0.0,0.0,True,low
unknown state,@Dhee Pu adu Acchhagannada,4,0.0,1.0,1.0,0.0,0.0,True,low
Positive,@pavan mohareer nತಪ್ಪೇನಿಲ್ಲ..nಆದರೆ ಎರವಲು ಪದಗಳ ಬದಲು ಅಚ್ಚಗನ್ನಡ/ಅಣ್ಣೆಗನ್ನಡ/ಹಚ್ಚಗನ್ನಡ ದ ಪದಗಳನ್ನು ಹೆಚ್ಚಾಗಿ ಬಳಸಲು ಒತ್ತು ಕೊಟ್ಟರೆ,13,0.8462,0.1538,1.0,0.0,0.0,False,low
Positive,ಇದು ಚರಿತ್ರೆ ಶ್ರುಷ್ಟಿಸೋ ಅವತಾರ,4,1.0,0.0,1.0,0.0,0.0,False,low
Negative,Rashimika ilde iro avtara,4,0.0,1.0,1.0,0.0,0.0,False,low
Positive,ಇದು ಚರಿತ್ರೆ ಸೃಷ್ಟಿಸೊ ಅವತಾರ..nನಾರಾಯಣ ನ ಅವತಾರ,6,1.0,0.0,1.0,0.0,0.0,False,low
not-Kannada,Super....bGOOD d boss's .like hear,5,0.0,0.0,0.0,1.0,0.0,False,low
Negative,ಈ ಹಾಡು ರಶ್ಮಿಕ ಮಂಗಣ್ಣನವರಿಗೆ ಅರ್ಪಣೆ 🤗,6,1.0,0.0,1.0,0.0,0.0,False,low
Positive,ನಿಜವಾದ ಕನ್ನಡ ಸಿನಿ ಪ್ರೇಮಿ ಇದನ್ನು,5,1.0,0.0,1.0,0.0,0.0,False,low
not-Kannada,Lyrics lit VP voice,4,0.0,0.0,0.0,1.0,0.0,True,low
Positive,ಇದು ಚರಿತ್ರೆ ಸೃಷ್ಟಿಸೋ ಅವತಾರ,4,1.0,0.0,1.0,0.0,0.0,False,low
unknown state,#BOSS FAN'S YELLA LIKE MADRO,5,0.0,0.0,0.0,1.0,0.0,True,low
Positive,ವಿಡಿಯೋ ನೋಡ್ತಿರುವ ಎಲ್ಲ ಕನ್ನಡಿಗರು ಲೈಕ್ ಮಾಡಿ!,6,1.0,0.0,1.0,0.0,0.0,False,low
Negative,Dislikers bayalli shegani Ida....🤫,4,0.0,1.0,1.0,0.0,0.0,True,low
Positive,ಎಷ್ಟು ಗುಣಮಟ್ಟವಾಗೀದೆ. ಕನ್ನಡದ ಹೆಮ್ಮೆ.,4,1.0,0.0,1.0,0.0,0.0,False,low
Positive,ಡಬ್ಬಿಂಗ್ ಪ್ರೋತ್ಸಾಹಿಸುವವರು ಲೈಕ್ ಮಾಡಿ,4,1.0,0.0,1.0,0.0,0.0,False,low
Positive,ಚರಿತ್ರೆ ಸೃಷ್ಟಿಸುವ ಅವಥಾರ... nಅವನೇ ಶ್ರೀಮಾನ್ ನಾರಾಯಣ....nನಿಜಾ ಗುರು ಈ ಚಿತ್ರ ಚರಿತ್ರೆಯನ್ನು ಸೃಷ್ಟಿ ಮಾಡುತ್ತದೆ....,12,1.0,0.0,1.0,0.0,0.0,False,low
Mixed feelings,ಆ ಬಂದುಕಿಗೆ ಇದೆ ಘನ ಹೆಸರು..,5,1.0,0.0,1.0,0.0,0.0,False,low
unknown state,Wow wt I seen ?? Osmm,6,0.0,0.0,0.0,1.0,0.0,False,low
Mixed feelings,Yalru Hands Up Madi Avane Srimannarayana,6,0.0,1.0,1.0,0.0,0.0,True,low
Negative,ಕರ್ನಾಟಕ ಬಿಟ್ಟು ಬೇರೆ ಕಡೇ ಪ್ರೊಮೋಷನ್ ಮಾಡರಪ್ಪ ಸುಮ್ನೆ ಇಂತ movie ನಾ ಹಾಳ ಮಾಡ್ಬೇಡಿ,12,0.9167,0.0,0.9167,0.0833,0.1667,False,low
Negative,Urko sanvi dagar rashmika...,4,0.0,1.0,1.0,0.0,0.0,True,low
Positive,Avanae srimannarayana...- Eddhu Charitra shrushtisuva avatara.... 🤗,7,0.0,1.0,1.0,0.0,0.0,True,low
unknown state,HistorynBefore sanvinAfter shanvi,3,0.0,1.0,1.0,0.0,0.0,True,low
Positive,ಒಬ್ಬ ನಾಯಕನ ಕಥೆಯಲ್ಲಿ ೨ ಯುದ್ದ ಬರುತ್ತೆ ಸಾನ್ವಿ ಬಂದ್ಮೇಲೆ ಒಂದು ಇನೊಂದು ಸಾನ್ವಿ ಹೋದಮೇಲೆ ಅವನೇ ಶ್ರೀಮನಾರಯನ್,14,1.0,0.0,1.0,0.0,0.0,False,low
Positive,Konegu Rakshith shety kainal Dance madsok AVNE barbrkitu nYaaaaravnu ~~~~~~~ #ASN,11,0.0,1.0,1.0,0.0,0.0,False,low
Positive,ಇದು ಚರಿತ್ರೆ ಸೃಷ್ಟಿಸೂ ಅವತಾರ,4,1.0,0.0,1.0,0.0,0.0,False,low
Negative,@Sachin Shetty nYeno alpa swalpa budhi upiyogiside,7,0.0,1.0,1.0,0.0,0.0,False,low
not-Kannada,Super song  Handsup,3,0.0,0.0,0.0,1.0,0.0,True,low
unknown state,Moorne kgf 2,3,0.0,1.0,1.0,0.0,0.0,True,low
not-Kannada,Hand's Up super,3,0.0,0.0,0.0,1.0,0.0,True,low
Positive,Chiki chiki chikappa nidhe madidh saku helappa🥰🥰🥰,7,0.0,1.0,1.0,0.0,0.0,False,low
unknown state,Nice PD 🤘,3,0.0,0.0,0.0,1.0,0.0,True,low
Positive,ಜೈ ಆಂಜನೇಯ,2,1.0,0.0,1.0,0.0,0.0,True,low
Negative,ನೀವು ಈ ತರ ಪ್ರಯೋಗಾತ್ಮಕ ಮೋವಿಗಳನ್ನೆ ಮಾಡಿ  ನಿಮ್ಗೆ ಈ ತರನೆ ಸೆಟ್ ಆಗೋದು,11,1.0,0.0,1.0,0.0,0.0,False,low
not-Kannada,Supper trailer I like,4,0.0,0.0,0.0,1.0,0.0,False,low
unknown state,sleeping beauty syndrome,3,0.0,0.0,0.0,1.0,0.0,True,low
Positive,ಪ್ರಜ್ವಲ್ ದೇವರಾಜ್ ಅಭಿನಯದ e ಇ ಚಿತ್ರ ಅವ್ರ ಲೈಪ್ ನಲ್ಲಿ ಒಂದು ಮೈಲಿಗಲ್ಲು ಆಗುತ್ತೆ,12,0.9167,0.0,0.9167,0.0833,0.1667,False,low
Positive,One next level movie🤑🤑,4,0.0,0.0,0.0,1.0,0.0,False,low
Positive,Trailer Andre Eg Erbeku...,4,0.0,0.0,0.0,1.0,0.0,True,low
not-Kannada,amazing  🤟,2,0.0,0.0,0.0,1.0,0.0,True,low
unknown state,Super movie 100 days,4,0.0,0.0,0.0,1.0,0.0,True,low
Positive,Guru Deshpande sir you are just amazing,7,0.0,0.0,0.0,1.0,0.0,False,low
not-Kannada,Super Jai D Boss,4,0.0,0.0,0.0,1.0,0.0,True,low
Positive,Waiting... Atyadbuta katahandara,3,0.0,1.0,1.0,0.0,0.0,True,low
Positive,Super bro nD BOSS FANS,5,0.0,0.0,0.0,1.0,0.0,True,low
Positive,ಟ್ರೈಲರ್ ನೋಡಿ ಮೈಯೆಲ್ಲ ರೋಮಾಂಚನವಾಯಿತು! ಪ್ರಜ್ವಲ್ ದೇವರಾಜ್,6,1.0,0.0,1.0,0.0,0.0,False,low
not-Kannada,Making Super sir,3,0.0,0.0,0.0,1.0,0.0,True,low
not-Kannada,Super d boss 🥰 🤳,5,0.0,0.0,0.0,1.0,0.0,True,low
Positive,ತುಂಬಾ  ಚೆನ್ನಾಗಿದೆ ಟ್ರಯ್ಲರ್ ಲುಕ್ ತುಂಬಾ  ಚೆನ್ನಾಗಿದೆ ಸೂಪರ್  ಒಳ್ಳೆಯದಾಗಲಿ,8,1.0,0.0,1.0,0.0,0.0,False,low
not-Kannada,Song was awesome I hope Movie Too,7,0.0,0.0,0.0,1.0,0.0,False,low
Positive,ಜೈ ಡಿ ಬಾಸ್ ಫ್ಯಾನ್ ಪ್ಲೀಸ್ ಸಪೋಟ ಮಾಡಿ..,7,1.0,0.0,1.0,0.0,0.0,False,low
not-Kannada,D BOSS FAN,3,0.0,0.0,0.0,1.0,0.0,True,low
not-Kannada,D boss fans like here,5,0.0,0.0,0.0,1.0,0.0,False,low
Positive,ಸಾಹಸಸಿಂಹ ಅಭಿಮಾನಿಗಳ ಇಂದ ಆಲ್ ದ ಬೆಸ್ಟ್,6,1.0,0.0,1.0,0.0,0.0,False,low
not-Kannada,Fab Trailer,2,0.0,1.0,1.0,0.0,0.0,True,low
Positive,Jai APPU BOSS,3,0.0,1.0,1.0,0.0,0.0,True,low
not-Kannada,Super trailer sir,3,0.0,0.0,0.0,1.0,0.0,True,low
Positive,ಟ್ರೈಲರ್ ತುಣುಕೇನೋ ಸಕ್ಕತ್ತಾಗಿದೆ       ಒಳ್ಳೇದಾಗ್ಲಿ ಚಿತ್ರ ತಂಡಕ್ಕೆ,6,1.0,0.0,1.0,0.0,0.0,False,low
unknown state,ಭಾರೀ ಚಲೋ ಅಯ್ತ್ರಿ,3,1.0,0.0,1.0,0.0,0.0,True,low
not-Kannada,Super boss I like it,5,0.0,0.0,0.0,1.0,0.0,False,low
Positive,ಪ್ರಯತ್ನಕ್ಕೆ ದೊಡ್ಡ ಸಲಾಂ,3,1.0,0.0,1.0,0.0,0.0,True,low
not-Kannada,Super  Pak,2,0.0,0.0,0.0,1.0,0.0,True,low
Positive,ಯಶ್ ಬಾಸ್ ಅಭಿಮಾನಿಗಳಿಂದ All The Best,6,1.0,0.0,1.0,0.0,0.0,True,low
Positive,ಅಭಿನಯ ಚಕ್ರವರ್ತಿ ಅಭಿಮಾನಿಗಳ ಶುಭ ಹಾರೈಕೆಗಳು,5,1.0,0.0,1.0,0.0,0.0,False,low
Positive,ಟ್ರೈಲರ್ ನೋಡುದ್ರೆ ಕ್ಯುರ್ಯಾಸಿಟಿ ತುಂಬಾ ಇದೆ ಸಿನಿಮಾ ನೋಡಬೇಕು ಚೆನಾಗಿರುತ್ತೆ ಅಂತ ಭಾವಿಸ್ತಿನಿ ಆಲ್ ದಿ ಬೆಸ್ಟ್ ಯಶ್ ಬಾಸ್ ಫ್ಯಾನ್ಸ್ ಕಡೆಯಿಂದ,17,1.0,0.0,1.0,0.0,0.0,False,low
Positive,ಟ್ರೈಲರ್ ತುಂಬಾ ಚೆನ್ನಾಗಿದೆnಜೈ ಡಿ ಬಾಸ್.......,5,1.0,0.0,1.0,0.0,0.0,False,low
unknown state,a d b boss,4,0.0,0.0,0.0,1.0,0.0,False,low
not-Kannada,I am waiting,3,0.0,0.0,0.0,1.0,0.0,True,low
Mixed feelings,He need break..,3,0.0,0.0,0.0,1.0,0.0,True,low
Mixed feelings,He need break..,3,0.0,0.0,0.0,1.0,0.0,True,low
unknown state,@Deepa CH Roll no-24,4,0.0,1.0,1.0,0.0,0.0,True,low
Positive,ಎಲ್ಲಾ  ಡಿ ಬಾಸ್ ಅಭಿಮಾನಿಗಳು  ಪ್ರಜ್ವಲ್ ನ ಈ ಸಿನಿಮಾ ನೋಡಿ ಆರೈಸಿ ಪ್ರಜ್ವಲ್ ನ ಈ ಸಿನಿಮಾ ದಾಖಲೆ ಗಳ ಸಿನಿಮಾ  ಸಾಲಿನಲ್ಲಿ  ಸೆರಲಿ,19,1.0,0.0,1.0,0.0,0.0,False,low
Positive,super guru  D BOSS,4,0.0,0.0,0.0,1.0,0.0,True,low
Positive,ತುಂಬಾ ತ್ರಿಲಿಂಗ್ ಇರೋ ಹಾಗೆ ಇದೆ ಬೇಗ ರೇಲಿಜ ಮಾಡಿ,8,1.0,0.0,1.0,0.0,0.0,False,low
Mixed feelings,Ee Tara hosa prayatna namge,5,0.0,1.0,1.0,0.0,0.0,False,low
Mixed feelings,ಈಗ ನಿಜವಾದ ನಾಯಕ PRAJWAL  ಯಾರ್ಯಾರು ಕಾಯ್ತಾ ಇದ್ದೀರಾ ಒಂದು ಲೈಕ ಮಾಡಿ,10,1.0,0.0,1.0,0.0,0.0,False,low
Mixed feelings,Looks like it's a suspense movie,6,0.0,0.0,0.0,1.0,0.0,False,low
Positive,ಈ ಟ್ರೈಲರ್ ಪ್ರಜ್ವಲ್ ದೇವರಾಜ್ ಕೆರಿಯರ್ ನ ಬೆಸ್ಟ್ ಟ್ರೈಲರ್ ಒಳ್ಳೆಯದಾಗಲಿ ಆಲ್ ದಿ ಬೆಸ್ಟ್ ಫ್ರಮ್ ಅಪ್ಪು ಬಾಸ್ ಫ್ಯಾನ್ಸ್,16,1.0,0.0,1.0,0.0,0.0,False,low
Positive,ಸೂಪರ್  ಸರ್,2,1.0,0.0,1.0,0.0,0.0,True,low
Positive,ಸೂಪರ್ ಏತ ಆಗಿನ ಕಾಲದಲ್ಲಿ ಸೂಪರ್ ಸ್ಟಾರ್ ತೋಗರಿ ತೀಪ,8,1.0,0.0,1.0,0.0,0.0,False,low
Positive,Togari thipan hasya chataki supar,5,0.0,1.0,1.0,0.0,0.0,False,low
not-Kannada,Super  sir,2,0.0,0.0,0.0,1.0,0.0,True,low
Positive,ತೊಗರಿತಿಪ್ಪನ  ದ್ರಟ್ಸಾಂತ  ಕೆಳಿದರೆ   ಸಂತೊಷವೆ  ಸಂತೊಷ,5,1.0,0.0,1.0,0.0,0.0,False,low
Positive,ತೊಗರಿ ತಿಪ್ಪ ಸ್ಟೋರಿ ಹಿಂದೆ ಟೇಪ್ ರೆಕಾರ್ಡನಲ್ಲಿ ಕ್ಯಾಸೆಟ್ ಹಾಕಿ ಕೇಳಿದ ನೆನಪನ್ನು ಮರುಕಳಿಸಿದ ಅಶ್ವೀನಿ ಆಡಿಯೋದವರಿಗೆ ಧನ್ಯವಾದಗಳು...,14,1.0,0.0,1.0,0.0,0.0,False,low
Positive,ಸೂಪರ್ ಹಿಟ್ ಕಾಮಿಡಿ,3,1.0,0.0,1.0,0.0,0.0,True,low
unknown state,Godiyaga isfet adatida,3,0.0,1.0,1.0,0.0,0.0,True,low
unknown state,Godiyaga ata aadtida,3,0.0,1.0,1.0,0.0,0.0,True,low
Positive,ವಿಕಾಸ  ನಾಟಿಕಾರ ಇವರು ಹರನಾಳದವರು.ವಳ್ಳೆಯ ಕಥೆ,5,1.0,0.0,1.0,0.0,0.0,False,low
Positive,2019 Noduvaru like please.........,4,0.0,0.0,0.0,1.0,0.0,True,low
Positive,ನಾವು ಸಣ್ಣವರದ್ದೀಗಾ ಈ ನಾಟಕ ಹಳೇ ನೆನಪು ಬರತ್ತ ಇದೆ ಇದನ್ನ ಕೇಳಿ ಪುನಃ ಪುನಃ ಕೇಳಬೇಕು ಅನಿಸುತ್ತೆ ಶಂಭು ಬಳಿಗಾರ ದೊಡ್ಡ ನಮಸ್ಕಾರ ಇದೇ ತರ ನುಚ್ಚಿನ ಮಲ್ಲಯ್ಯ ನಾಟಕ ಆಪ್ ಲೋಡ್ ಮಾಡಿ,26,1.0,0.0,1.0,0.0,0.0,False,low
Positive,ಸುಮಾರು ೨೪-೨೫ ವರ್ಷದ ಹಿಂದೆ ಕ್ಯಾಸೆಟ್ ಮೂಲಕ ಕೇಳಿದ ತೊಗರಿ ತಿಪ್ಪನ ಕಥೆಯಿದು. ಇಂದಿಗೂ ಅದೇ ನಗು,13,1.0,0.0,1.0,0.0,0.0,False,low
not-Kannada,Super voice sir,3,0.0,0.0,0.0,1.0,0.0,True,low
Positive,ಸೂಪರ್ ತೊಗರಿ ತಿಪ್ಪನ್ ಕಥೆ,4,1.0,0.0,1.0,0.0,0.0,False,low
Positive,ಓಳ್ಳೆ ಕಥೆ ಬಹಳ ವರ್ಷ ಆಗಿತ್ತು ಕೇಳಿ,6,1.0,0.0,1.0,0.0,0.0,False,low
unknown state,ನನಗೆ ಯಾದಿ ಮೇ ಶಾದಿ  ಕ್ಯಾಸೆಟ್ ಹಾಡುಗಳು ಬೇಕಾಗಿವೆ,7,1.0,0.0,1.0,0.0,0.0,False,low
unknown state,ನನಗೆ. ಯಾದೀಮೇ. ಶಾದೀ.ಹಾಡುಗಳು.ಬೇಕಾಗೀವೇ,3,1.0,0.0,1.0,0.0,0.0,True,low
Positive,ಇಂಥ ಕಥೆ ಹುಟ್ಟುಹಾಕಿದ ಮಹಾನುಭಾನಿಗೆ ನಮೋನಮಹಾ,5,1.0,0.0,1.0,0.0,0.0,False,low
not-Kannada,Upload volume 2 please,4,0.0,0.0,0.0,1.0,0.0,True,low
Positive,ಸರ್ ...ನಾವ್ ಬೇಜಾರ್ ಆದಾಗ ಇಂತಹ ಕಥೆ ಕೇಳ್ತಿನಿ.,7,1.0,0.0,1.0,0.0,0.0,False,low
not-Kannada,Super fast kate,3,0.0,0.0,0.0,1.0,0.0,True,low
Positive,ಶಂಭು ಬಳಿಗೇರ ಗುರುಗಳೇ ನಿಮಗೆ ಧನ್ಯವಾದಗಳು ನಿಮ್ಮಕಥೆ ಹೇಳುವ  ಶೈಲೀಗೆ ನಮನಗಳು,9,1.0,0.0,1.0,0.0,0.0,False,low
Positive,ಸರ್.. ನಾನು ಪ್ರೊ॥ ಶಂಭು ಬಳಿಗಾರ ಅವರ ಅಭಿಮಾನಿ.. ನಾನು ಅವರ ಇ ೬ ಆಡಿಯೋಗಳನ್ನು ಸುಮಾರು ೧೦೦೦ ಕ್ಕಿಂತಲೂ ಹೆಚ್ಚು ಬಾರಿ ಕೇಳಿದ್ದೀನಿ.. nಕೆರೆಗೆ ಹಾರ..nಗೋಧಿ ಹುಗ್ಗಿ ಗಂಗಯ್ಯ..nತೊಗರಿ ತಿಪ್ಪ-೧..nತೊಗರಿ ತಿಪ್ಪ-೨..nಹಾಲುಂಡ ತವರು..nನುಚ್ಚಿನ ಮಲ್ಲಯ್ಯ..nnಸರ್.. ನೀವು ನಿರೂಪಿಸಿರುವ ಮತ್ತೆ ಯಾವ ಯಾವ ರಚನೆಗಳಿವೆ.. ದಯವಿಟ್ಟು ತಿಳಿಸಿ ಸರ್.,35,1.0,0.0,1.0,0.0,0.0,False,low
not-Kannada,Super,1,0.0,0.0,0.0,1.0,0.0,True,low
Negative,ಸಾರ್  ಇದು ಕಲ್ಪನೆಯ ಕಥೆಯ ಏನು ನಿಜವಾದ ಕಥನ,7,1.0,0.0,1.0,0.0,0.0,False,low
not-Kannada,Togari tippa togari tippa.....sathvik sobarad,5,0.0,1.0,1.0,0.0,0.0,False,low
Positive,ಒಳ್ಳೆಯ ಕಥೆ ಯೂಟ್ಯೂಬಲ್ಲಿ ಇಂತಹ ಒಳ್ಳೆಯ ಹಾಸ್ಯಮಯವಾದ ಮತ್ತು ಜನರಿಗೆ ಅನುಕೂಲವಾಗುವ ರೀತಿಯ ಸಮಾಜಕ್ಕೆ ಸಂದೇಶ ಸಾರುವ ನೀತಿಕಥೆಗಳನ್ನು ಹಾಕಿದ್ದೀರಿ ಅವರಿಗೆ ಧನ್ಯವಾದಗಳು ಹಾಗೂ ತೊಗರಿ ತಿಪ್ಪ ಗೋಧಿ ಹುಗ್ಗಿ ಗಂಗಯ್ಯ ಒಳ್ಳೆಯ ಕಥೆಗಳನ್ನು ಅಪ್ಲೋಡ್ ಮಾಡಿ,27,1.0,0.0,1.0,0.0,0.0,False,low
Positive,ನಾವ್ ಲಕ್ಷ್ಮೇಶ್ವರ ದವರ nಸೂಪರ್,4,1.0,0.0,1.0,0.0,0.0,False,low
Positive,Bisilu nadalli hola uluvavane nijavada raita,6,0.0,1.0,1.0,0.0,0.0,False,low
not-Kannada,Super stories. Ipadent,3,0.0,0.0,0.0,1.0,0.0,True,low
not-Kannada,Please upload vol 2,4,0.0,0.0,0.0,1.0,0.0,True,low
Positive,ಶಂಭು ಬಳಿಗಾರವರೆ ತುಂಬಾ ಧನ್ಯವಾದಗಳು ಹಾಸ್ಯ ಜಾನಪದ ಕಥೆ,7,1.0,0.0,1.0,0.0,0.0,False,low
Positive,ತೋಗರಿ ತಿಪ್ಪ‌  ಜಾನಪದ ಹಸ್ಯ ಕಥೆ,5,1.0,0.0,1.0,0.0,0.0,False,low
Positive,ತೊಗರಿ ತಿಪ್ಪ ಹಾಸ್ಯ ಚಟಾಕಿ ಸುಪರ್,5,1.0,0.0,1.0,0.0,0.0,False,low
Positive,ತುಂಬಾ ಅದ್ಭುತ ಕತೆ,3,1.0,0.0,1.0,0.0,0.0,True,low
Positive,ಇದು ನಮ್ಮ ಉತ್ತರ ಕರ್ನಾಟಕದ ಶೈಲಿಯಲ್ಲಿ ಸಿನಿಮಾ ಆಗಬೇಕು,7,1.0,0.0,1.0,0.0,0.0,False,low
Positive,ತುಂಬಾ ಚೆನ್ನಾಗಿದೆ ಸಾರ್,3,1.0,0.0,1.0,0.0,0.0,True,low
Positive,ಹಳೆಯ ನೆನಪು...ತೋಗರಿ ತಿಪ್ಪ,3,1.0,0.0,1.0,0.0,0.0,True,low
unknown state,Chalu ati nataka,3,0.0,1.0,1.0,0.0,0.0,True,low
Positive,ಸುಂದರ ಕಲ್ಪನೆಯ ಹಾಸ್ಯ ಪ್ರಸಂಗಗಳು.nಡಾ. ಶಂಭು ಬಳಿಗಾರರ ಹೇಳುಗಾರಿಕೆ ಜನಮೆಚ್ಚುವಂಥದ್ದು.,8,1.0,0.0,1.0,0.0,0.0,False,low
Positive,2019 ರಲ್ಲಿ ಈ ಕಥೆ ಯಾರ್ ಯಾರ್ ಕೇಳಿರೆಪಾ,7,1.0,0.0,1.0,0.0,0.0,False,low
Positive,ತೊಗರಿ ತಿಪ್ಪ ಸೂಪರ ನಾಟಕ,4,1.0,0.0,1.0,0.0,0.0,False,low
Positive,ತೊಗರಿ ತಿಪ್ಪಾ ಹಾಸ್ಯ ಚಟಾಕಿ ಮಸ್ತ ಐತಿ ರಿ,7,1.0,0.0,1.0,0.0,0.0,False,low
Positive,ಸೂಪರ್ ರಿ ಸರ್,3,1.0,0.0,1.0,0.0,0.0,True,low
Positive,ಎಷ್ಟು ದಿನ ಆಯಿತು ಕೇಳಿ ಓ ತುಂಬಾ ಖುಷಿ ಆಯಿತು,8,1.0,0.0,1.0,0.0,0.0,False,low
not-Kannada,Manjunatha  Manju,2,0.0,1.0,1.0,0.0,0.0,True,low
not-Kannada,Manjunatha  Manju,2,0.0,1.0,1.0,0.0,0.0,True,low
Positive,ಹೆಸರಿಗೆ ತಕ್ಕ ತಿಪ್ಪ.....ಹಾಸ್ಯಮಯ Super,4,1.0,0.0,1.0,0.0,0.0,True,low
Negative,Ayya Yappa Togari Tippa valyappa Yappa,6,0.0,1.0,1.0,0.0,0.0,True,low
not-Kannada,Nice I like it,4,0.0,0.0,0.0,1.0,0.0,False,low
not-Kannada,R.. R.. MADAR,3,0.0,0.0,0.0,1.0,0.0,True,low
Positive,Super re pa,3,0.0,0.0,0.0,1.0,0.0,True,low
Positive,ಮಸ್ತ ತೊಗರಿ ತಿಫ್ಪ,3,1.0,0.0,1.0,0.0,0.0,True,low
not-Kannada,Arajun Galagali thippesh,3,0.0,1.0,1.0,0.0,0.0,True,low
Positive,Korlahalli tippa kavalur sidda. Anna tamma.,6,0.0,1.0,1.0,0.0,0.0,False,low
Positive,ತಿಪ್ಪನ ಕಥೆ ತುಂಬಾ ಚೆನ್ನಾಗಿದೆ  ಅಕ್ಕ,5,1.0,0.0,1.0,0.0,0.0,False,low
not-Kannada,Sundara vada camedey,3,0.0,1.0,1.0,0.0,0.0,True,low
Positive,ತೊಗರಿ ತಿಪ್ಪ ಸೂಪರ,3,1.0,0.0,1.0,0.0,0.0,True,low
Positive,ತೊಗರಿ ತಿಪ್ಪnಜಾನಪದ ಹಾಸ್ಯ ತುಂಬಾ ಚೆನ್ನಾಗಿ ಇದೆ ಡಾ.ಶಂಭು ಬಳಿಗಾರ ರವರಿಗೆnಧನ್ಯವಾದಗಳು,9,1.0,0.0,1.0,0.0,0.0,False,low
not-Kannada,Very nice story,3,0.0,0.0,0.0,1.0,0.0,True,low
Positive,ಸರ್ ಇದನ್ನ ನಮ್ಮ ಕಲ್ಪನೆ ಸಿನಿಮಾ,5,1.0,0.0,1.0,0.0,0.0,False,low
Negative,Kateya kone channagilla,3,0.0,1.0,1.0,0.0,0.0,True,low
Negative,hawdale thugari tippa,3,0.0,1.0,1.0,0.0,0.0,True,low
Mixed feelings,೨೫ ವರ್ಷಗಳ ಹಿಂದಕ್ಕೆ ಕರೆದೊಯ್ದು ಬಿಸಾಕಿ ಬಿಟ್ಟಿತು ಈ ಕಥೆ,8,1.0,0.0,1.0,0.0,0.0,False,low
Positive,ಸುಪರ್ ತೊಗರಿ ತಿಪ್ಪ,3,1.0,0.0,1.0,0.0,0.0,True,low
Positive,ನನಗೆ ಇಷ್ಟವಾದ ಕಥೆ ತೊಗರಿ ತಿಪ್ಪ,5,1.0,0.0,1.0,0.0,0.0,False,low
Positive,ನಾನು ೨೫ ವರ್ಶದ ಹಿಂದೆ ಕೇಳಿದೆ ಬಹಳ ಚೆನ್ನಾಗಿದೆ,7,1.0,0.0,1.0,0.0,0.0,False,low
Positive,ಬದುಕಿಗೆ ನೂರು ದಾರಿ..ಆ ಕಾಲದ ತೊಗರತಿಪ್ಪನಿ  ಬುದ್ಧಿಮತ್ತೆಗೆ ನೂರು ಸಲಾಂ.. ಹಿರೇಮಠ ಹೋತಪೇಟ,10,1.0,0.0,1.0,0.0,0.0,False,low
not-Kannada,Sharanappa Hosur ঐযয,3,0.0,1.0,1.0,0.0,0.0,True,low
Positive,ಕರ್ನಾಟಕದ ಶ್ರೀಮನ್ನಾರಾಯಣ ಬಗ್ಗೆ ತಲೆ ಕೆಡಿಸಿಕೊಳ್ಳಬೇಡಿ promotion ನ ವಿಚಾರವಾಗಿ ಇಲ್ಲಿಗೆ ನಮ್ಮ ಟ್ರೋಲ್‌ಪೇಜ್ ನವರೆ ಸಾಕು..nಕರ್ನಾಟಕದಾಚೆಗೆ ಹೆಚ್ಚಿನ ಪ್ರಮೋಷನ್‌ನ ಅವಶ್ಯಕತೆ ಇದೆ. ಪ್ರಮುಖವಾಗಿ ಉತ್ತರ ಭಾರತದಲ್ಲಿ.nಇದು ಕನ್ನಡಿಗರ ವಿನಂತಿ,22,0.9545,0.0,0.9545,0.0455,0.0909,False,low
Positive,Yaru nammamatu kelalla avarige tochiddu avaru madtare,7,0.0,1.0,1.0,0.0,0.0,False,low
Positive,ಹೌದು ಹುಲಿಯಾ,2,1.0,0.0,1.0,0.0,0.0,True,low
not-Kannada,Don't dislike,2,0.0,0.0,0.0,1.0,0.0,True,low
Mixed feelings,First like,2,0.0,0.0,0.0,1.0,0.0,True,low
Positive,Thumbha ಒಳ್ಳೆಯ ಮಾಹಿತಿ Anna. Dhanyavaadagalu.,5,0.6667,0.3333,1.0,0.0,0.0,True,low
Positive,ದೇಶ ಬದಲಾವಣೆ ಆಗಬೇಕು ಸರ್,4,1.0,0.0,1.0,0.0,0.0,False,low
Positive,Amar prasad sir ಈ ಕೆಲವು ಅತಿ ಉತ್ತಮ ವಿಷಯಗಳನ್ನು ಗಮನಿಸಿದರೆ ನಾವು ಚೀನ ದೇಶದಿಂದ ತುಂಬ ವಿಷಯಗಳನ್ನು ಕಲಿತು ನಮ್ಮ ಜೀವನದಲ್ಲಿ ಅಳವಡಿಸಿಕೊಳ್ಳಬೇಕು. ಆಗ ಮಾತ್ರ ನಾವು ನಿಜವಾಗಿಯೂ ಸಶಕ್ತ ವಾಗಲು ಸಾಧ್ಯವಾಗಬಹುದು ಎಂದೆನಿಸುತ್ತದೆ... ಈ ಮಾಹಿತಿ ಗಾಗಿ ತುಂಬ ಧನ್ಯವಾದಗಳು ಸರ್..,32,0.9062,0.0625,0.9688,0.0312,0.0625,False,low
Negative,sooooo many adds,3,0.0,0.0,0.0,1.0,0.0,True,low
Positive,ನಿಮ್ಮ ಎಲ್ಲಮಾತನ್ನ100% ಒಪ್ಪುವಂತದ್ದೇ.ಚೀನಾ ಅಭಿವೃದ್ಧಿಯಲ್ಲಿ ಮುಂದಿರಬಹುದು.ಆದರೆ ಭಾರತದ ಜನರಿಗಿರುವಷ್ಟು ಸ್ವಾತಂತ್ರ್ಯ ಚೀನಾದ ಜನರಿಗಿಲ್ಲ.ಜನರು ಬಹಿರಂಗವಾಗಿ ಮಾತನಾಡೋಹಾಗೇ ಇಲ್ಲ.ಜನರಿಗೆ ಸ್ವತಂತ್ರವಾಗಿ ಬದುಕೋಹಕ್ಕೇ ಇಲ್ಲ ಅಂದ್ಮೇಲೆ ಎಷ್ಟಿದ್ರೆ ಏನುಪ್ರಯೋಜನ?ಮೇರಾಭಾರತ್ ಮಹಾನ್.,20,1.0,0.0,1.0,0.0,0.0,False,low
Positive,Sir ಇದಂತೂ ದೊಡ್ಡ ಪ್ರಯತ್ನ ವಾಗಿದೆ . ನಮ್ಮ ಜನರಲ್ಲಿ ಪ್ರಾಯೋಗಿಕ ಮನೋಭಾವನೆ ಮೂಡಿಸುವ ಮತ್ತು ನಮ್ಮ ದೇಶದ  ಜನರ ನೋನೋಬನೆ ಬಗ್ಗೆ ತುಂಬಾ ಚೆನ್ನಾಗಿ ಹೇಳಿದ್ದೀರಿ ಇಂತ ಪ್ರಯತ್ನ ಗಳಿಂದ ನಮ್ಮ ತಪ್ಪುಗಳ ಹರಿವು ಆಗುದು ಮತ್ತೆ ಬದಲಾವಣೆಗೂ ಸದ್ಯ ವಾಗುತ್ತೇ ದಯವಿಟ್ಟು ಇದೇ ತರಹದ ಇನು ಹೆಚ್ಚಿನ ವೀಡಿಯೋ ಗಳ ಅವಶ್ಯಕತೆ ಇದೇ. ನಿಮ್ಮ ಒಂದು ವಾಹಿನಿಯ ಮೂಲಕ ಜನರ ತಪ್ಪು ಹರಿವು ಆಗಬೇಕು....nನನ್ನ ಮೂಲಕ ನಿಮ್ಮ ಪ್ರಯತ್ನಕ್ಕೆ ಹೃದಯ ಪೂರಕ ಧನ್ಯವಾದಗಳು .,55,0.9811,0.0,0.9811,0.0189,0.0377,False,low
not-Kannada,Good comment bro....nContinue ......,4,0.0,0.0,0.0,1.0,0.0,True,low
Mixed feelings,ಡುಬೇಕ್ add ಕಾನುನುಬದ್ದವಾಗಿದೆಯ??? ಇಂಜಿನಿಯರಿಂಗ್ ಮಾಡಿ ಕೆಲಸ ಮಾಡೊದ ಬಿಟ್ಟು ಜೂಜ್ ಆಡ್ತನಂತೆ ಲಕ್ಷ  ಕಳೆದುಕೊಂಡು ಮೇಲೆ ಬುದ್ಧಿ ಬರತ್ತೆ,15,0.9333,0.0,0.9333,0.0667,0.1333,False,low
unknown state,Prajakeeya barle beku,3,0.0,1.0,1.0,0.0,0.0,True,low
Positive,ತುಂಬಾ ಹರಿತವಾದ ಕಣ್ತೆರೆಸುವ ಪ್ರಾಮಾಣಿಕ ಪ್ರಯತ್ನ. ಇಂತಹ ಇನ್ನೂ ಹೆಚ್ಚಿನ ಕಾರ್ಯ ಕ್ರಮಗಳು ಮೂಡಿಬರುವ ಮೂಲಕ ಪರಿಸ್ಥಿತಿಯನ್ನು ಸಮರ್ಥವಾಗಿ ಸುಧಾರಿಸಲು ಸೀರಿಯಸ್ ಕಾರ್ಯ ತತ್ಪರ ಮನಸ್ಥಿತಿಯನ್ನು ತರುವ ನಿಟ್ಟಿನಲ್ಲಿ ಸತತ ಪ್ರಯತ್ನ ತೀವ್ರ ವಾಗಬೇಕು..... ನಿಮ್ಮ ಪ್ರಯತ್ನ ಶ್ಲಾಘನೀಯ....ಯೋಗೀಶ್ ಭಟ್ ಬೆಂಗಳೂರು,30,1.0,0.0,1.0,0.0,0.0,False,low
not-Kannada,good   one,2,0.0,0.0,0.0,1.0,0.0,True,low
Positive,Tumba olle vishya tilsidira geleya ellaru prayatna madona,8,0.0,1.0,1.0,0.0,0.0,False,low
Negative,ನಮ್ಮ ದೇಶದಲ್ಲಿ ರಾಜಕೀಯ ಪಕ್ಷಗಳ ಕಿತ್ತಾಟ ಜಾಸ್ತಿ. ದೇಶಕ್ಕೆ ಅವಶ್ಯಕತೆ ಇರುವ ಅಭಿವೃದ್ಧಿ ಕೆಲಸ ಮಾಡಲೂ ಹೊರಟಾಗ ಇದರಲ್ಲಿ ಏನು ಭ್ರಷ್ಟಾಚಾರ ಇದೆ ಅನ್ನೊಂದು.... ಹಾಗೇಯೆ ನಮ್ಮ ದೇಶದಲ್ಲಿ ದೇಶದ ಅಭಿವೃದ್ಧಿಗಿಂತ  ವೈಯಕ್ತಿಕ ಅಭಿವೃದ್ಧಿ ಮಾಡಿಕೊಳ್ಳುವ ವರೆ ಜಾಸ್ತಿ( ಭ್ರಷ್ಟಾಚಾರ) ಮಿತಿ ಮೀರಿದೆ.. ತಂತ್ರಜ್ಞಾನದ ಕೊರತೆ ಕೂಡ ಇದೆ. ಮೊದಲು ನಮ್ಮಲ್ಲಿ ಇರುವ ಸಮಸ್ಯೆಗಳನ್ನು ಪರಿಹರಿಸಿಕೊಡರೆ ನಮ್ಮ ದೇಶದಲ್ಲಿಯೇ ನಮಗೆ ಬೇಕಾದ ಅಗತ್ಯ ವಸ್ತುಗಳ ತಯಾರಿಕಾ ಕಂಪನಿಗಳು ಸ್ಥಾಪಿಸಬಹುದು....nಧನ್ಯವಾದಗಳು ಅಣ್ಣ,50,1.0,0.0,1.0,0.0,0.0,False,low
Positive,ಚೀನಾ ಎಷ್ಟೇ ಮುಂದುವರೆದಿದ್ದರೂ ಅದು ಅನ್ಯದೇಶವೇ ಹೊರತು ನಮ್ಮ ದೇಶವಾಗುವುದಿಲ್ಲ. ಅವರನ್ನು ಹೊಗಳಿ ನಮ್ಮನ್ನು ತೆಗಳಿ ಯಾವುದೇ ಪ್ರಯೋಜನವಿಲ್ಲ. ನಾವು ಪ್ರಜೆಗಳಾಗಿ ಯಾವರೀತಿ ನಡೆದರೆ ದೇಶವನ್ನು ಮುನ್ನಡೆಸಲು ಸಾಧ್ಯ ಎಂದು ನಮ್ಮಲ್ಲಿ ಅರಿವು ಮೂಡಿಸುವ ಸಂಘಟನೆ ಅತ್ಯಗತ್ಯ. ಮೋದಿ ಸ್ವಚ್ಛ ಭಾರತ ಅಭಿಯಾನವನ್ನು ಆಡಿಕೊಂಡು ಹಂಗಿಸಿದವರೆ‌ ಹೆಚ್ಚು. ಸ್ವಚ್ಛ ಭಾರತವನ್ನು ಮೋದಿ ಮಾಡುವುದಲ್ಲ ಬದಲಾಗಿ ಅದು ದೇಶದ ನಾಗರೀಕರ ಕರ್ತವ್ಯ ಎಂದು ಒಬ್ಬರಿಗೂ ಅನಿಸಲಿಲ್ಲ. ಈಗಲೂ ಮೋದಿ ಏತಿ ಎಂದರೆ‌ ಅಲ್ಲ ಪ್ರೇತಿ ಎನ್ನುವ ಜನರಿದ್ದಾರೆ.   ಯಾವುದೇ ಒಳ್ಳೆಯ ಕೆಲಸಕ್ಕೆ ಕಾಲೆಳೆಯುವ ಜನರು ದೇಶದಲ್ಲಿ ತುಂಬಿ ತುಳುಕುತ್ತಿದ್ದಾರೆ. ದೇಶ ದ್ರೋಹಿಗಳನ್ನು ಬೆಂಬಲಿಸುವ,65,1.0,0.0,1.0,0.0,0.0,False,low
Positive,ಮೋದಿ ನೋಡಿ ಕಲಿಯಬೇಕು ಬರಿ ಬಾಯಿ ಮಾತಿನಲ್ಲಿ ಹೇಳಿ ಉಪಯೋಗ ಇಲ್ಲ ಚೀನಾ ತರ ಮಾಡಿ ತೋರಿಸು ಅವರು ರಫ್ತು ಮಾಡುವ  ಜಿಡಿಪಿ ನಮ್ಮ ಇಡೀ ದೇಶದಲ್ಲಿ ಇಲ್ಲ ಮೋದಿ ನಿನಗೆ ಮತ್ತು ನಿನ್ನ ಸಂಘಿಗಳಿಗೆ ಬರಿ ಹಿಂದು ಮತ್ತು ಮುಸ್ಲಿಂ ಅಂತ ಕೋಮುವಾದ ಮಾಡಿ ನಮ್ಮ ದೇಶವನ್ನು ಪಾತಲಕೆ ನೂಕಿದೆ,37,1.0,0.0,1.0,0.0,0.0,False,low
Positive,Nim maaathu elrugu kelsohagididdre thumba olledagtitthu ....,7,0.0,1.0,1.0,0.0,0.0,False,low
Positive,idella nodidre sarvadikarane sari ansutte. prajaprabhutdvalli 1000 bhrashtaru. sarvadikara adalitadalli obbane bhrashta. adakke soudi,14,0.0,0.9231,0.9231,0.0769,0.1538,False,low
Positive,ನಮ್ಮ ದೇಶದ ರಾಜಕಾರಣಿಗಳು ಚಿಲ್ಲರೆಗಳು ನಿಜಕ್ಕು ಸತ್ಯ,6,1.0,0.0,1.0,0.0,0.0,False,low
Negative,Avara desha dalli erodu aethu....nnHagadre Namma deshadalli avarige arthikate Alli seddu hodeyuvanta vishyagalu yavu edave.....,15,0.0,1.0,1.0,0.0,0.0,False,low
Negative,ಚೀನಾ ಕಾಮಿನಿಸ್ಟ್  ದೇಶ.? ನಮ್ಮ ದೇಶದಲಿ ರಾಜಕೀಯ  106 ಪಾರ್ಟಿ. n106 ಕ್ಯಾಸ್ಟ್.  106 ಧರ್ಮ . 1006 ಮಾತುಗಳು ಸಮಸ್ಯೆಳು,16,1.0,0.0,1.0,0.0,0.0,False,low
unknown state,Hiii......Amar Prasad avre,3,0.0,1.0,1.0,0.0,0.0,True,low
Negative,ನಮ್ಮ ದೇಶದಲ್ಲಿ ರಾಜಕೀಯ ದಲ್ಲಿ ಗೆಲ್ಲಲು ಈಗ ದುಡ್ಡು ಬೇಕಾಗಿಲ್ಲ ಪಾಕಿಸ್ತಾನ ಅಥವಾ  ಇಸ್ಲಾಂ ಮೇಲೆ  ಅವಾಜ್ ಹಾಕಿದರೆ ಅವನಿಗೆ ಪ್ರಧಾನಿ ಪಟ್ಟ ಕೊಡುತ್ತಾರೆn ನಮ್ಮ ಮೋರಿಗೆ ಮುಸಲ್ಮಾನರನ್ನು ಸಾಯಿ ಸೋದೆ ಅವರ ಅಭಿವೃದ್ಧಿ,25,1.0,0.0,1.0,0.0,0.0,False,low
Negative,ಕಳಪೆ ವಸ್ತುಗಳ್ನು ಉತ್ಪದಾನೆ ಮಾಡಿ ಬೇರೆಯವರ ಹೊಟ್ಟೆಮೇಲೆ ಒಡಿಯೋದು ತಪ್ಪಲ್ವ,8,1.0,0.0,1.0,0.0,0.0,False,low
Positive,ಯಾರು ನಿಜವಾದ ವಿಶ್ವಗುರು? ಇದು ಬರೀ ಘೋಷಣೆಗಳ ಸರ್ಕಾರ!,7,1.0,0.0,1.0,0.0,0.0,False,low
Positive,ಭಾರತದಲ್ಲಿ ಬರಿ ರಾಜಕಾರಣ ಮತ್ತು ತಮ್ಮ  ಮಕ್ಕಳ  ರಾಜಕೀಯ ಪ್ರವೇಶ ಮತ್ತು ಹಣ ಮಾಡು ರೀತಿ ಯಾವ ಕಾಯೀಲೇ ಬಂದ್ರೇ ಪ್ರವಾಹ ಆದರೆ ಎಷ್ಟೊ ಹಣ ಬರುತ್ತೆ ಮತ್ತುnಯಾವ ರೀತಿ ಬರುತ್ತೆ ಕೂಳ್ಳೇ ಹೊಡೆದು ಯಾವ ಜಾಗದಲ್ಲಿ  ಇದರ ಬಗ್ಗೇ ಯೋಚನೆ,30,1.0,0.0,1.0,0.0,0.0,False,low
Positive,ನಿಮ್ಮ ಮಾತು ಕೇಳಿದ್ರೆ. ನಾವು ಭಾರತೀಯರು ಬಹಳಾ ಮುಗ್ದ ಜನ ಅನ್ನೋ ಯೋಚನೆ ಬರುತ್ತೆ.what seylusin,12,0.9167,0.0833,1.0,0.0,0.0,False,low
Positive,ನಮ್ಮ ದೇಶದಲ್ಲಿ ದೊಡ್ಡದಾದ ಬಂಡವಾಳಗಳನ್ನ ಹೂಡಿ ಬಿಜಿನೆಸ್ ಮಾಡಿ ಲಾಭ ಮಾಡಬೇಕುನ್ನುವವರು ಬಹಳಾ ಜನ ಇದಾರೆ ಲಾಭ ಹೆಚ್ಟಾದಷ್ಟು .ಸರ್ಕಾರ ಇನ್ಕಮ್ ಇಡಿ ಅಂತ ತೊಂದರೆಗೊಳಗಾಗುವ ಸಾಧ್ಯತೆಯಿರುತ್ತದೆಂದು ಮುಂದೆ ಬರುವುದಿಲ್ಲ,22,1.0,0.0,1.0,0.0,0.0,False,low
Mixed feelings,ಯಾರು ದೊಡ್ಡ ಮಟ್ಟದಲ್ಲಿ ಬೆಳೆಯುತ್ತಾರೆ ಅವರನ್ನು ಪಕ್ಷಕ್ಕೆ ಸೇರುವಂತೆ ಒತ್ತಾಯ ಮಾಡುದು ಪಕ್ಷಕ್ಕೆ ಸೇರದಿದ್ದರೆ ಐಟಿ ಇಡೀ ರೈಡ್ ಮಾಡಿಸುದು ಅವರಿಗೆ ಬೇರೆ ದಾರಿ ತೋಚದೆ ಆತ್ಮಹತ್ಯೆ ಮಾಡುದು,21,1.0,0.0,1.0,0.0,0.0,False,low
unknown state,Yes bro ...,3,0.0,0.0,0.0,1.0,0.0,True,low
Positive,ಮೊದಲು ನಾವು ಬದಲಾಗ ಬೇಕು,4,1.0,0.0,1.0,0.0,0.0,False,low
Positive,Thank you sir,3,0.0,0.0,0.0,1.0,0.0,True,low
Negative,ಚೀನೀಯರ ವಿಚಿತ್ರ ಆಚಾರ ಹಾಗೂ ಅದರ ಧುಷ್ಪರಿನಾಮ ತಿಳಿಸಿ. ಉದಾಹರಣೆ,8,1.0,0.0,1.0,0.0,0.0,False,low
Positive,ನಾವು ವಿಶ್ವ ಗುರುಗಳು ...🤣,4,1.0,0.0,1.0,0.0,0.0,True,low
Positive,ಪ್ರಜಾಕೀಯ ಇದಕೆಲ್ಲ ಪರಿಹಾರ. ಹಾಗಂತ ನಾನು ಮೋದಿಯವರನ್ನ ವಿರೋಧಿಸಿ ಅಂತ ಹೇಳುತಿಲ್ಲ. ಮೊದಲಿಗೆ ಕರ್ನಾಟಕದಲ್ಲಿ ಪ್ರಜಾಕಿಯ ಸ್ಥಾಪಿಸಿ,13,1.0,0.0,1.0,0.0,0.0,False,low
Positive,I like it sr good job,6,0.0,0.0,0.0,1.0,0.0,False,low
Positive,Sir ond mathelthini  ond sarkara minimom 20 Varsha irbeku avaga desha abiruddiagokke ankula aguthe brastachara nilbeku,16,0.0,0.9286,0.9286,0.0714,0.1429,False,low
Positive,ನಮಸ್ತೆ ಮಸ್ತ್ ಮಗಾ.ಕಾಮ್nnನಿಮ್ಮ ಚಾನಲ್ ಅಭಿಮಾನಿಗಳಲ್ಲೊಬ್ಬ ನಾನು...nನಿಮ್ಮ ವಿಡಿಯೋಗಳಿಗಾಗಿ ಕಾಯ್ತಿರ್ತೇನೆ...nnಈ ವಿಡಿಯೋ ನೋಡಿ ಯಾಕೋ ಒಂದಷ್ಟು ಚರ್ಚೆ ಮಾಡಬಹುದೇನೋ ಅನ್ನಿಸ್ತು... ನನಗನಿಸಿದ್ದನ್ನ ಹೇಳ್ತಿದೇನೆ... nಸರ್ಕಾರಗಳ ನಿರ್ಲಕ್ಷ್ಯದ ಬಗ್ಗೆ ನೀವಂದದ್ದು ಸರಿಯೇ... nಆದರೆ ತೀವ್ರತರ ಕೈಗಾರಿಕಾ ಕ್ರಾಂತಿ ಪರಿಸರದ ಮೇಲೆ ಮತ್ತು ವೈಯಕ್ತಿಕ ಜೀವನದ ಮೇಲೆ ಭಯಾನಕ ಪರಿಣಾಮ ಬೀರುತ್ತದೆ... n1. ಇಲ್ಲಿರುವ ಜನಸಂಖ್ಯಾ ಸಾಂದ್ರತೆಗೆ ತಕ್ಕ ಉದ್ಯೋಗಾವಕಾಶ ಸೃಷ್ಟಿ ಕಷ್ಟ...n2. ಇಂಧನ ಮತ್ತು ವಿದ್ಯುತ್ ಪೂರೈಕೆಗೂ ಹೆಚ್ಚಿನ ಪರಿಸರ ನಾಶ ಅನಿವಾರ್ಯವಾಗಬಹುದು...n3. ಇಲ್ಲಿನ ರಾಜಕೀಯ ಸ್ವರೂಪ ಮತ್ತು ಭ್ರಷ್ಟಾಚಾರ ಎಷ್ಟು ನಾಚಿಕೆಗೇಡಿನದ್ದಾಗಿದೆಯೋ ಅಷ್ಟೇ ಹೀನವಾಗಿ ಇಲ್ಲಿನ ಸಾಮಾಜಿಕ ಪಿಡುಗುಗಳಿವೆ (ಜಾತಿ,64,1.0,0.0,1.0,0.0,0.0,False,low
Positive,Super video sir,3,0.0,0.0,0.0,1.0,0.0,True,low
Mixed feelings,ನಮ್ಮ ದೇಶ ಹಾಗೆ ಹೀಗೆ,4,1.0,0.0,1.0,0.0,0.0,False,low
Positive,ಈಗಲಾದರೂ ಜನ ರಾಜಕಾರಣವನ್ನ ಒದ್ದೋಡಿಸಿ,4,1.0,0.0,1.0,0.0,0.0,False,low
Positive,Bro.... Suprb......ur voice is amazing....?!!!,5,0.0,0.0,0.0,1.0,0.0,True,low
Positive,ಸರ್ ಈ ತರಹ  ಸ್ಪೀಚ್ ಬೇಕು  ಪ್ರತಿ ನಿತ್ಯ  ಇಂತಹ  ವೀಡಿಯೋಸ್ ಬೇಕು  ಸರ್  ತುಂಬಾ ಧನ್ಯವಾದಗಳು,13,1.0,0.0,1.0,0.0,0.0,False,low
Positive,ಸರ್ ನೀವು ತುಂಬಾ ಚೆನ್ನಾಗಿ ಅರ್ಥ ಮಾಡ್ಸಿದಿರಿ ಆದ್ರೆ ನೀವು ಬರಿ ರಾಜಕೀಯದ್ದೇ 24 ಗಂಟೆ ತೋರಿಸ್ಥಿರೀ....ಅವರನ್ನ ಬಿಟ್ಟು ನಮ್ಮ್ ದೇಶದ  ರೈತರ ಬಗ್ಗೆ ಯೋಧರ ಬಗ್ಗೆ  ತಂತ್ರಜ್ಞಾನ ಮುಖಾಂತರ ನಮ್ಮ್ ದೇಶ ಉತ್ತಮ ಗೊಳ್ಳಬೇಕು ಅದನ್ನ ದಿನಾಲು ತೋರ್ಸಿ  ಆಗ ಮಾತ್ರ ನಮ್ ಜನಗಳು ಬಾದ್ಲ್ಆಗ್ತಾರೆ...,34,1.0,0.0,1.0,0.0,0.0,False,low
Positive,ತುಂಬಾ ಒಳ್ಳೆಯ ಮಾಹಿತಿ ನೀಡಿದ್ದೀರಿ ಸರ್ ಧನ್ಯವಾದಗಳು ನಿಮಗೆ,7,1.0,0.0,1.0,0.0,0.0,False,low
not-Kannada,Super super super,3,0.0,0.0,0.0,1.0,0.0,True,low
Positive,Nam deshadali jati satre desha uddara agothe ....nChunavanne barli nive nodi gothagothe Hindu...Muslim abbbaaa halka rajkarnnigallu...,16,0.0,0.9167,0.9167,0.0833,0.1667,False,low
Negative,Jaathigalu ee deshada belavanigege athi dodda thodakaagide.,7,0.0,1.0,1.0,0.0,0.0,False,low
not-Kannada,Well said sir,3,0.0,0.0,0.0,1.0,0.0,True,low
Positive,ಇವನೊಬ್ಬನ ಮುಂದೆ ಕನ್ನಡದ ಎಲ್ಲಾ ಟೀವಿ ಚಾನಲ್ ಗಳು ಮಂಡಿ ಯೂರಿ ಕುಳಿತು ಕಲಿತುಕೊಳ್ಳಬೇಕು.,11,1.0,0.0,1.0,0.0,0.0,False,low
Mixed feelings,Bharatadalli vanchakarige gourava jasti.,4,0.0,1.0,1.0,0.0,0.0,False,low
Positive,ಮೋದಿ ಇನ್ನು ಹತ್ತು ವರ್ಷ ಪ್ರಧಾನಿಯಾದರೆ ಖಂಡಿತ  ಚೀನಾಗಿಂತ  ಮೊದಲು ನಮ್ಮ ಭಾರತ ಇರುತ್ತೆ ಸರ್,12,1.0,0.0,1.0,0.0,0.0,False,low
Negative,ಕಷ್ಟ ಪಟ್ಟು  ಸಾಲ ಸೋಲ ಮಾಡಿ ಕ೦ಪನಿ ಸ್ಥಾಪಿಸಿದ್ರು GST ಕಟ್ಸಿ ಕಟ್ಸಿ ದಿವಾಳಿ ಮಾಡ್ಸಿ ಬಿಡ್ತಾರೆ ಈ ರಾಜಕಾರಣಿಗಳು.,15,1.0,0.0,1.0,0.0,0.0,False,low
Negative,@Asif Shaikh hesru adru nettug tilkolo,6,0.0,1.0,1.0,0.0,0.0,False,low
Negative,Yar yar jasti nidde madthira nn,6,0.0,1.0,1.0,0.0,0.0,False,low
unknown state,Like Thalapathy Vijay Fans,4,0.0,0.0,0.0,1.0,0.0,True,low
Negative,ಚಿತ್ರದಲ್ಲಿ ಏನೋ ಇದೆ,3,1.0,0.0,1.0,0.0,0.0,True,low
Positive,ಡಿ ಬಾಸ್ ದಶ೯ನ್ ಸರ್ ಅಭಿಮಾನಿಗಳ ಕಡೆಯಿಂದ ಆಲ್ ದಿ ಬೆಸ್ಟ್,9,1.0,0.0,1.0,0.0,0.0,False,low
not-Kannada,Movie quality superb,3,0.0,0.0,0.0,1.0,0.0,True,low
not-Kannada,To L ok I oooo Havana it ok poop ok ok look like to do ok I'll i,18,0.0,0.0,0.0,1.0,0.0,False,low
Positive,Superb... sandalwood Gentle man,4,0.0,0.0,0.0,1.0,0.0,True,low
Positive,ಅಭೀನಯ ಚಕ್ರವರ್ತಿ. ಕರುನಾಡ ಕನ್ಮಣಿ .ಅಭೀನಯ ಭಾರ್ಗವ.ಕನ್ನಡ ಕಲಾ ಕುಸುಮ.ಕರುನಾಡ ಸಿಂಹಾ.ಬಾದ್ಷಾ .ಕಿಚ್ಚಾ ಸುದೀಪ ಅಣ್ಣನ ಅಭೀಮಾನಿಗಳಿಂದ ಈ ಸಿನಿಮಾ ಶತದಿನೋತ್ಸವ ಆಚರಿಸಲಿ,17,1.0,0.0,1.0,0.0,0.0,False,low
Positive,ಕನ್ನಡದಲ್ಲಿ ಪ್ರತಿಭೆಗಳಿಗೆ ಕೊರತೆಯಿಲ್ಲ,3,1.0,0.0,1.0,0.0,0.0,True,low
Mixed feelings,ಅಬ್ಬಾ ಏನ್ ಗುರು ಟ್ರೈಲರ್,4,1.0,0.0,1.0,0.0,0.0,False,low
Positive,ಹೊಸ ಪ್ರಯೋಗ ಯಶಸ್ಸು ಸಿಗಲಿ.,4,1.0,0.0,1.0,0.0,0.0,False,low
Positive,ಎಲ್ಲಿ ವರೆಗು.ನಿವು ಟೈಟಲ್ ಕೆಳಿ ಸಿನಿಮಾ ಒಪ್ಪಿ ಕೊಳ್ಳುತ್ತಿರೊ.ಅಲ್ಲಿವರೆಗೆ ನಿಮ್ಮ ಯಶಸ್ಸಿನ ಬಾಗಿಲ ನಿಮ್ಮ ಪಕ್ಕದಲ್ಲಿ ಇರುತ್ತೆ ವಿನಃ ಅದು ತೆರೆಯಲ್ಲ.ಅಣ್ಣ ನಮ್ಮಂತ ಮಾಸ್ ಆಡಿಯನ್ಸ್ ಗೆnನಿವು ತುಂಬ ಒಳ್ಳೆಯ ನಟ..ಸ್ವಲ್ಪ ಎಚ್ಚರಿಕೆಯಿಂದ ಕಥೆನ ಸೆಲೆಕ್ಟ್ ಮಾಡಿ..ನಿಮಗೆ ಕಂಡಿತ ಒಳ್ಳೆಯದಾಗುತ್ತೆ..,29,1.0,0.0,1.0,0.0,0.0,False,low
not-Kannada,D BOOS FANS ALL THE BEST,6,0.0,0.0,0.0,1.0,0.0,True,low
Positive,ರಾಜವಂಶದ ಅಭಿಮಾನಿಗಳಿಂದ ಶುಭ ಹಾರೈಕೆಗಳು,4,1.0,0.0,1.0,0.0,0.0,False,low
Negative,@Mahesh Babu gandu sulemagane.....urko....,4,0.0,1.0,1.0,0.0,0.0,True,low
Negative,@Mahesh Babu sule magne,4,0.0,1.0,1.0,0.0,0.0,True,low
unknown state,ABHINAYA CHAKRAVARTHI KICCHA SUDEEP FANS Like HERE,7,0.0,1.0,1.0,0.0,0.0,True,low
Positive,#ಕನ್ನಡಿಗರು ಲೈಕ್ ಮಾಡಿ ಪ್ಲೀಸ್,4,1.0,0.0,1.0,0.0,0.0,False,low
not-Kannada,Love you boss super,4,0.0,0.0,0.0,1.0,0.0,False,low
Positive,ಡಿ ಬಾಸ್ ಅಭಿಮಾನಿಗಳು ಲೈಕ್ ಮಾಡಿ,5,1.0,0.0,1.0,0.0,0.0,False,low
not-Kannada,looks promising,2,0.0,0.0,0.0,1.0,0.0,True,low
Positive,ಕನ್ನಡದಲ್ಲಿ ಹೊಸ ಪ್ರಯತ್ನಕ್ಕೆ ಒಳ್ಳೆದಾಗಲಿ,4,1.0,0.0,1.0,0.0,0.0,False,low
Positive,ಕಲರ್ ಫುಲ್ ಆಗಿದೆ,3,1.0,0.0,1.0,0.0,0.0,True,low
Positive,ಡಿಬಾಸ್ ಭಕ್ತರ ಕಡೆಯಿಂದ   ಶುಭಾಶಯಗಳು,4,1.0,0.0,1.0,0.0,0.0,False,low
unknown state,Rocking star Yash fans like here,6,0.0,0.0,0.0,1.0,0.0,False,low
Positive,Just Woww  Super Prajju  anna!! Gud luck,7,0.0,0.0,0.0,1.0,0.0,True,low
Positive,ಫೈಟ್ ಸೀನ್ ಅಮೇಜಿಂಗ್ ಪ್ರಜ್ವಲ್ ಲುಕ್ಕು ಬ್ಯೂಟಿಫುಲ್ ಆಲ್ ದಿ ಬೆಸ್ಟ್ ಜಂಟಲ್ಮ್ಯಾನ್    ಫ್ರಮ್ ಡಿ ಬಾಸ್ ಫ್ಯಾನ್,14,1.0,0.0,1.0,0.0,0.0,False,low
Negative,Hauda angadre hogi avn tunne unnu,6,0.0,1.0,1.0,0.0,0.0,False,low
Negative,ಪುಣ್ಯಾತ್ಮ... ಸರಣಿ ಫ್ಲಾಪ್ ಕಥೆಗಳು ಮಾಡಿ,5,1.0,0.0,1.0,0.0,0.0,False,low
Positive,ಈ ಚಿತ್ರ ಪ್ರಜ್ವಲ್ ಅವ್ರ ಕ್ಯರಿಯರ್ ಚೇಂಜ್ ಮಾಡೋ ಹಾಗೆ ಕಾಣ್ತಿದೆ ರಾಕಿ ಭಾಯ್ ಯಶ್ ಅಭಿಮಾನಿಗಳ ಕಡೆಯಿಂದ ಶುಭಾಶಯಗಳು🤗🤗🤗,15,1.0,0.0,1.0,0.0,0.0,False,low
not-Kannada,Trailer looks interesting. Feel like to watch,7,0.0,0.0,0.0,1.0,0.0,False,low
Positive,Super Anna Jai D boss,5,0.0,0.0,0.0,1.0,0.0,True,low
Positive,Super d boss fans,4,0.0,0.0,0.0,1.0,0.0,False,low
Negative,@naveen v  looo bolimagane thikaana muchkondu idre sari nim ammun thullu nin yaavano mathadsidhu nim avan vishya bandna neenu naan bagge matra madthadbeku,23,0.0,0.9091,0.9091,0.0909,0.1818,False,low
Negative,@Ambrish Mallad nin Amman thullu sulemagne gaandu nayi sulemakla mucchkondiro,10,0.0,1.0,1.0,0.0,0.0,False,low
Negative,@Ambrish Mallad beliyodu shata,4,0.0,1.0,1.0,0.0,0.0,True,low
not-Kannada,#1.46 Bgm music super,4,0.0,0.0,0.0,1.0,0.0,True,low
Positive,Yeshto dinagal nantra sanchari vinay avranna nodi kushi aithu,9,0.0,1.0,1.0,0.0,0.0,False,low
Positive,ದರ್ಶನ್ ಅಭಿಮಾನಿಗಳ ಕಡೆಯಿಂದ ಆಲ್ ದ ಬೆಸ್ಟ್ ಆಲ್ ದ ಬೆಸ್ಟ್,9,1.0,0.0,1.0,0.0,0.0,False,low
not-Kannada,Super trailer,2,0.0,0.0,0.0,1.0,0.0,True,low
Mixed feelings,ನಾನು ಒಂದ್ ಸಲ ಸತ್ತೀದ್ನಿ ಇನ್ ಒನ್ದ್ ಸಲ ಸಾಯಲ್ಲ್,8,1.0,0.0,1.0,0.0,0.0,False,low
Negative,Tamil Vishal dubbing,3,0.0,0.0,0.0,1.0,0.0,True,low
not-Kannada,Super  ..,2,0.0,0.0,0.0,1.0,0.0,True,low
Positive,ಆಲ್ ದಿ ಬೆಸ್ಟ್ ಫ್ರಮ್ ಡಿ ಬಾಸ್ ಫ್ಯಾನ್ಸ್ ಕೋಲಾರ್,8,1.0,0.0,1.0,0.0,0.0,False,low
Negative,@Vinay Vn ತೆಲುಗು ಜೆಂಟಲ್ ಮ್ಯಾನ್ ಟ್ರೇಲರ್ ನೋಡ್ದೆ.ಆದ್ರೆ ಅದಕ್ಕೂ ಇದಕ್ಕೂ ಯಾವ್ದೇ ಸಿಮಿಲಾರಿಟೀಸ್ ಇಲ್ವಲ್ಲಾ 🤔🤔,13,0.9091,0.0909,1.0,0.0,0.0,False,low
Negative,@Vinay Vn nim akkan keytini bosdi magna nim avvagu hadteni,10,0.0,1.0,1.0,0.0,0.0,False,low
unknown state,Prajwal devraj,2,0.0,1.0,1.0,0.0,0.0,True,low
Positive,ಮೂವಿ ನೋಡಲು ವೇಟಿಂಗ್ ನಲ್ಲಿ ಇದ್ದೀನಿ,5,1.0,0.0,1.0,0.0,0.0,False,low
unknown state,Prajwal devaraj,2,0.0,1.0,1.0,0.0,0.0,True,low
unknown state,One more lucia movie,4,0.0,0.0,0.0,1.0,0.0,False,low
Positive,ನಮ್ಮ ಪ್ರೀತಿಯ ಯಜಮಾನ ಚಾಲೆಂಜಿಂಗ್ ಸ್ಟಾರ್ ಡಿ  ಬಾಸ್ ಅವರು ಕ್ಲಾಪ್ ಮಾಡಿ ಶುಭ ಹಾರೈಸಿರುವ nಡೈನಾಮಿಕ್ ಪ್ರಿನ್ಸ್ ಪ್ರಜ್ವಲ್ -ದೇವರಾಜ್ ಅಣ್ಣಾ --- ಅಭಿನಯದ ಜಂಟಲ್ ಮನ್ ಚಿತ್ರದ ಟ್ರೈಲರ್ ಬಿಡುಗಡೆಯಾಗಿದೆ ನೋಡಿ ಆನಂದಿಸಿ,26,1.0,0.0,1.0,0.0,0.0,False,low
unknown state,Jai dboss,2,0.0,1.0,1.0,0.0,0.0,True,low
not-Kannada,All The Best For D Boyzzzzzz,6,0.0,0.0,0.0,1.0,0.0,True,low
Positive,ಪ್ರಜ್ವಲ್ ದೇವರಾಜ್ ಅಭಿಮಾನಿಗಳು ಮಾತ್ರ ಈ ಕಾಮೆಂಟ್ ಲೈಕ್ ಮಾಡಿ,8,1.0,0.0,1.0,0.0,0.0,False,low
Negative,Nimman kelu adna,3,0.0,1.0,1.0,0.0,0.0,True,low
not-Kannada,Love u boss,3,0.0,0.0,0.0,1.0,0.0,True,low
Positive,ಸೂಪರ್ ಟ್ರೈಲರ್nಇಂಟರೆಸ್ಟಿಂಗ್ ಟ್ರೈಲರ್,3,1.0,0.0,1.0,0.0,0.0,True,low
Positive,ತುಂಬಾ ಚೆನ್ನಾಗಿ ಮೂಡಿಬಂದಿದೆ ಶುಭವಾಗಲಿ ಪ್ರಜ್ವಲ್ ಭಾಯ್....ಡಿ ಬಾಸ್ ಭಕ್ತ...,8,1.0,0.0,1.0,0.0,0.0,False,low
Positive,ಡಿ ಬಾಸ್ ಫ್ಯಾನ್ಸ್ ಲೈಕ್ ಮಾಡ್ರೋ,5,1.0,0.0,1.0,0.0,0.0,False,low
Positive,Only 124 dislike,3,0.0,0.0,0.0,1.0,0.0,True,low
not-Kannada,Love u junior D Boss,5,0.0,0.0,0.0,1.0,0.0,False,low
Positive,ಪಜ್ಜು ಸರ್ ಗೆ ಒಳ್ಳೆ ಸಕ್ಸಸ್ ಸಿಗ್ಲಿ  ತುಂಬಾ ಚನ್ನಾಗಿದೆ ಟ್ರೈಲರ್,9,1.0,0.0,1.0,0.0,0.0,False,low
Negative,Tamil movie remake,3,0.0,0.0,0.0,1.0,0.0,True,low
Positive,ಪ್ರೀತಿಗೋಸ್ಕರ ಪ್ರಾಣನೆ ಬಿಡ್ತಾರೆ,3,1.0,0.0,1.0,0.0,0.0,True,low
Positive,Spr ಜೈ ಡಿ ಬಾಸ್,4,0.75,0.25,1.0,0.0,0.0,False,low
not-Kannada,We Support Swamake Movies,4,0.0,0.0,0.0,1.0,0.0,True,low
Positive,ಡಿ ದೇವರ ಅಭಿಮಾನಿಗಳ ಕಡೆಯಿ೦ದ  ಆಲ್ ದಿ ಬೆಸ್ಟ್,7,1.0,0.0,1.0,0.0,0.0,False,low
Negative,ಎಲ್ಲಿಂದನೋ ಕದ್ದಿರೋ ಹಾಗಿದೆ...🤔🤔,3,1.0,0.0,1.0,0.0,0.0,True,low
Positive,ನಿಮಗೆ ಒಳ್ಳೇದು ಆಗಲಿ ಸುದೀಪಣ್ಣ ಅಭಿಮಾನಿಗಳು,5,1.0,0.0,1.0,0.0,0.0,False,low
not-Kannada,Love you boss,3,0.0,0.0,0.0,1.0,0.0,True,low
Positive,ಸೂಪರ್ ಟ್ರೈಲರ್ ಅಲ್ ದಿ ಬೆಸ್ಟ್ ಫ್ರಮ್ ಡಿ ಬಾಸ್ ಫ್ಯಾನ್.  ಜೈ ಡಿ ಬಾಸ್,12,1.0,0.0,1.0,0.0,0.0,False,low
Negative,Firstu neen beldu,3,0.0,1.0,1.0,0.0,0.0,True,low
Positive,ಸೂಪರ್ ಆಗಿ ಬಂದಿದೆ ನಿಮ್ಮ ಟ್ರೈಲರ್ ಈ ಫಿಲಂ ನಿಮ್ಮ ಲೈಫ್ ಅನ್ನು ಚೇಂಜ್ ಮಾಡಲಿ ಪ್ರಜ್ವಲ್ ಅವರೇ ಕೆಲವರಿರುತ್ತಾರೆ ಅವರ ಲೈಫಲ್ಲಿ ಏನೂ ಮಾಡಲಿಕ್ಕೆ ಆಗಲ್ಲ ಇನ್ನೊಬ್ಬರ ಬಗ್ಗೆ ಮಾತನಾಡುತ್ತಾರೆ ಅಂತ ರಿಗೆ ನೀವು ಏನು ಹೇಳಿದರೂ ಪ್ರಯೋಜನ ಇಲ್ಲ ನಿಮ್ಮ ಈ ಫಿಲ್ಮ್ ಯಶಸ್ಸು ಕಾಣಲಿ ಜೈ ಕರ್ನಾಟಕ,37,1.0,0.0,1.0,0.0,0.0,False,low
Positive,ಚಾಲೆಂಜಿಂಗ್ ಸ್ಟಾರ್ ದರ್ಶನ್ ಅಭಿಮಾನಿಗಳ ಕಡೆಯಿಂದ ಈ ಚಿತ್ರವು ಶತದಿನೋತ್ಸವ ಆಚರಿಸಲಿ ಎಂದು ಶುಭ ಕೋರುತ್ತೇವೆ ...............................ಚಿತ್ರದುರ್ಗ ಡಿ ಬಾಸ್ ಅಭಿಮಾನಿಗಳ ಬಳಗ,17,1.0,0.0,1.0,0.0,0.0,False,low
not-Kannada,Hit like for Dboss,4,0.0,0.0,0.0,1.0,0.0,True,low
Positive,ನಿನಕ್ಕೂ ತುಂಬಾ ಪ್ರಾಮಿಸಿಂಗ್ ಆಗಿದೆ ಟ್ರೈಲರ್.... ಟ್ರೈಲರ್ ನೋಡ್ತಾ ಇದ್ರೆ ಸಿನೆಮಾ ನೋಡಬೇಕು ಅಂತ ಅನ್ಸುತ್ತೆ... ಪ್ರಜ್ವಲ್ ಸಿನಿ ಲೈಫ್ ಗೆ ಟರ್ನಿಂಗ್ ಕೊಡೋ ತರ ಇದೆ.. ಒಳ್ಳೆಯದಾಗಲಿ ಜಂಟಲ್ ಮನ್ ಸಿನಿಮಾ ಟೀಮ್ ಗೆ ಹಾಗೂ ಪ್ರಜ್ವಲ್ ದೇವರಾಜ್ ಗೆ....,30,1.0,0.0,1.0,0.0,0.0,False,low
Positive,Kannda Alli Enta Movie Barbeku Sandalwood Rock,7,0.0,1.0,1.0,0.0,0.0,True,low
Positive,ಪಕ್ಕಾ ಈ ಮೂವಿ ಪ್ರಜ್ವಲ್ ಕೆರಿಯರ್ ನ ಚೇಂಜ್ ಮಾಡುತ್ತೆ ಅನ್ನೋರು ಲೈಕ್ ಮಾಡಿ,11,1.0,0.0,1.0,0.0,0.0,False,low
Negative,@Kirankumarkk Gowda muchtiya solpa?,4,0.0,1.0,1.0,0.0,0.0,True,low
Negative,@Kirankumarkk Gowda muchole sakku dengbeka bagsi,6,0.0,1.0,1.0,0.0,0.0,False,low
Negative,@Kirankumarkk Gowda ninanthra elllide kithakoke..mathe trimer chahrge ulsakke ee gimicks.sule magne,11,0.0,1.0,1.0,0.0,0.0,False,low
Positive,ಟ್ರೈಲರ್ ಜಬರ್ ದಸ್ತ್ ಆಗಿದೆ,4,1.0,0.0,1.0,0.0,0.0,False,low
Positive,Usefull tq amar prasad,4,0.0,1.0,1.0,0.0,0.0,False,low
Positive,ವಾಸ್ತವದ ವಿವರಣೆಗೆ ಧನ್ಯವಾದ,3,1.0,0.0,1.0,0.0,0.0,True,low
Mixed feelings,Super Anna ಆದ್ರೆ ನಮ್ ಹತ್ರ ಏನ್ ಇದ್ದೆ yala ದೊಡ್ಡ ದೊಡ್ಡ ಹಣ್ಣ ಇದ್ದವರು ಕೈ ನಲಿ  ಇದೆ ಏನ್ ಮಾಡೋದು,17,0.875,0.0625,0.9375,0.0625,0.125,False,low
Positive,100 nija edu,3,0.0,1.0,1.0,0.0,0.0,True,low
Positive,Nice message bro,3,0.0,0.0,0.0,1.0,0.0,True,low
not-Kannada,Super sir..,2,0.0,0.0,0.0,1.0,0.0,True,low
Positive,ಹೊಲಸ ರಾಜಕಿಯ ದಿಂದ ನಮ್ಮ ದೆಶ ಅದಕ್ಕೆ ಹಿಂದ ಉಳಿದಿದೆ,8,1.0,0.0,1.0,0.0,0.0,False,low
Positive,ನನ್ನ ಬಂದುಗಳೆ ಒಂದನ್ನು ನಾವು ತಿಳಿಲೇಬೇಕಾದ ಅವಶ್ಯಕತೆ ಇದೆ ಅದು ಏನಂದ್ರೆ ಮೊದಲಿಗೆ ಮನುಷ್ಯನಲ್ಲಿ ಅಥವಾ ಸಮುದಾಯದಲ್ಲಿ ಅಥವಾ ಒಂದು ದೇಶಕ್ಕೆ ನಾನು ದೊಡ್ಡವನು ಎಂಬ ಭಾವನೆ ಬಂದುಬಿಟ್ಟರೆ ಅದು ಕೇವಲ 200 ಅಥವಾ 300 ವರ್ಷಗಳಲ್ಲಿ ತನ್ನ ಸರ್ವನಾಶ ಮಾಡಿಕೊಂಡು ಬಿಡುತ್ತೆ. ಯಾಕೆ ಅಂದ್ರೆ ನೀವು ಇತಿಹಾಸ ನೋಡಿದಾಗ  ಮನುಷ್ಯನಲ್ಲಿ ಒಂದು ಆಸೆ ಬರೋದು ಸಹಜ ನಾನು ಎಲ್ಲರಿಗಿಂತ ದೊಡ್ಡವನಾಗಿ ಇರಬೇಕು ಬೇರೆಯವರಿಗಿಂತ ಎತ್ತರಕ್ಕೆ ಬೇಳಿಬೇಕು ಎಂದು ಇದೆ ಭಾವನೆ 1200 ವರ್ಷಗಳ ಹಿಂದೆ ಅರಬ್ ದೇಶದ ಮುಸ್ಲೀಂ ಧರ್ಮದ ಜನರಲ್ಲಿ ಬಂದು ಅಂದಿನ ಹಿಂದೂಗಳ ದೇಶವಾದಂತ ಭಾರತ,64,1.0,0.0,1.0,0.0,0.0,False,low
Positive,ನೀನು ಹೇಳಿದ್ದೆಲ್ಲ ಕೇಳಿ ನನಗೆ ಅನಿನಿಸಿದ್ದು ನಮ್ಮ ದೇಶಾನ ಕಮ್ಮುನಿಸ್ಟ್ ದೇಶ ಮಾಡಬೇಕು ಅಂತ,11,1.0,0.0,1.0,0.0,0.0,False,low
Negative,ನಮ್ಮ ದೇಶದಲ್ಲಿ ಎಣ್ಣೆ ಗೆ. ಇಂಪಾರ್ಟೆಂಟ್ ಕೊಡ್ತಾರೆ..,6,1.0,0.0,1.0,0.0,0.0,False,low
Positive,ಸರ್ ನಿಮ್ಮಲ್ಲಿ ಕೇಳಿಕೊಳ್ಳೋದು ಇಷ್ಟೆ nಭಾರತವನ್ನು ಮುನ್ನಡೆಸುವ ಜವಾಬ್ದಾರಿ ನಮ್ಮೆಲ್ಲರದಾಗಿದೆ ಅದಕ್ಕಾಗಿ ಸರ್ inspire ವಿಡಿಯೋಗಳು ಯಾವ್ತರ ಯಾವುದರಲ್ಲಿ ಬೆಳೆಯಬೇಕು ಅನ್ನೋದು ಒಂದು ವಿಡಿಯೋ ಮಾಡಿ ಸರ್ ಪ್ಲೀಸ್. Mi ranga ಬಳ್ಳಾರಿnಈ ಕರೋನ ದಲ್ಲಿ ಎಂದು ಯಾವ ತರ ಬೆಳಿಬೇಕು ಅನ್ನೋದು ವಿಡಿಯೋ ಮಾಡಿ ಸರ್ ಪ್ಲೀಸ್,35,0.9412,0.0294,0.9706,0.0294,0.0588,False,low
Negative,ರಾಜಕಾರಣಿ ಗಳಿಂದ ನಮ್ಮ ದೇಶ ಹಾಳಾಗಿದೆ Brother...,6,1.0,0.0,1.0,0.0,0.0,False,low
not-Kannada,its miss guide,3,0.0,0.0,0.0,1.0,0.0,True,low
Positive,ಆದರೆ ನಮ್ಮ ದೇಶದಲ್ಲಿ ರಾಜಕಾರಣದಲ್ಲಿ ಇಚ್ಛಾಶಕ್ತಿ ಕೊರತೆ ಇದೆ ಇದು ಸಾಕಾರ ಆಗುವವರೆಗೂ ಇದೆಲ್ಲ ಸಾಧ್ಯವಿಲ್ಲ..,12,1.0,0.0,1.0,0.0,0.0,False,low
Mixed feelings,Bari mosa Kano,3,0.0,1.0,1.0,0.0,0.0,True,low
Negative,Namma deshadalli Somberigalu jaasthi..,4,0.0,1.0,1.0,0.0,0.0,True,low
Positive,ನಮ್ಮ ಸಾಂವಿದಾನ ಕಾನೂನು ಕಾರಣ,4,1.0,0.0,1.0,0.0,0.0,False,low
Negative,ನಮ್ಮದೇಶ ದ ಕತೆ ಇಷ್ಟೆ ಕಣೋಪ್ಪ,5,1.0,0.0,1.0,0.0,0.0,False,low
Negative,ನಮ್ಮ ಜನರನ್ನು ಕೇವಲ ಸುಳ್ಳಿನ ಭ್ರಮಾಲೋಕದಲ್ಲೇ ಸುತ್ತಿಸುವ ನಮ್ಮ ಕನ್ನಡದ ಮಾಧ್ಯಮದೊಳಗೆ ಸತ್ಯದ ಕಹಿಯನ್ನು ನೇರವಾಗಿ ತಿಳಿಸಿದ್ದಕ್ಕೆ ಧನ್ಯವಾದಗಳು ಅಮರ್ ರವರೇ.,16,1.0,0.0,1.0,0.0,0.0,False,low
Positive,Innodhu viruss bandhidhyalla China dalli mungusi viruss adra bagge thilsi,10,0.0,1.0,1.0,0.0,0.0,False,low
Negative,ದೇಶಧ್ರೋಹಿಗಳು ಡಿಸ್ ಲೈಕ್ ಮಾಡಿದರೆ ನೀವು ನಿಜವಾದ ದೇಶ ದ್ರೋಹಿಗಳು ನಾಚಿಕೆ ಆಗಬೇಕು ನಿಮ್ಮ ಜನ್ಮಕ್ಕೆ.... ಇಂತಹ ಅದ್ಭುತವಾದ ವಿಡಿಯೋ ಗಳಿಗೂ ಡಿಸ್ ಲೈಕ್  ಮಾಡಿದ್ರಲ್ಲ ನಿಮಗೆ ನಾಚಿಕೆ ಆಗಲ್ವಾ.....,22,1.0,0.0,1.0,0.0,0.0,False,low
Positive,ಚೈನಾ ಮಾಲ್ ಗಳ ಉತ್ಪಾದನೆ ರಫ್ತು ಹಾಗೂ ಮಾರ್ಕೆಟಿಂಗ್ ಬಗ್ಗೆ ಎಲ್ಲಾ ಮಾಹಿತಿ ನಿೇಡಿದ್ದಿೇರಿ  ನಮನ,12,1.0,0.0,1.0,0.0,0.0,False,low
Positive,ರಾತ್ರಿ ಫುಲ್ ನ್ಯೂಸ್ ಗಾಗಿ ಕಾಯುವ ಉಡುಪಿ,6,1.0,0.0,1.0,0.0,0.0,False,low
Positive,ಕೌಶಲ್ಯ ಇದ್ದವರ ಸಂಖ್ಯೆ ಕಡಿಮೆ ಇಲ್ಲ ಸರ್ ತುಂಬಾ ಪ್ರತಿಭಾವಂತರಿದ್ದಾರೆ.... influence ಪವರ್ ತುಂಬಾ ಇದೆ ನಮ್ಮ ದೇಶದಲ್ಲಿ influence ಇಲ್ಲ ಅಂದ್ರೆ ಯಾವನು ಮೂಸಿ ಕೂಡ ನೋಡಲ್ಲ ನಮ್ಮ ದೇಶದಲ್ಲಿ....ಅದಕ್ಕೆ ಕೌಶಲ್ಯ ಇದ್ದೋರಿಗೆ ಕೆಲಸ ಸಿಗ್ತಿಲ್ಲ.....,27,0.9259,0.0,0.9259,0.0741,0.1481,False,low
Positive,Best episode sir,3,0.0,0.0,0.0,1.0,0.0,True,low
Positive,Ottinalli navu uddara,3,0.0,1.0,1.0,0.0,0.0,True,low
Positive,ನಮ್ಮ ದೇಶದ ನಂತರ ಅವರಿಗೆ ಸ್ವತಂತ್ರ ಸಿಕ್ಕಿರುವುದು ಅವರೇಕೆ ಅಷ್ಟು ಮುಂದುವರೆದರು nnನಮ್ಮ ದೇಶ ಕಾಂಗ್ರೆಸ್ ಹಂದಿಗಳು ಯಾಕೆ ಉದ್ಧಾರ ಮಾಡಲಿಲ್ಲ,16,1.0,0.0,1.0,0.0,0.0,False,low
Negative,ಏನು ಮಾಡೋದು ಸರ್ ದೇಶ ಉದ್ದಾರ ಮಾಡುವಷ್ಟು ದುಡ್ಡನ್ನು ನಕಲಿ ಗಾಂಧಿಗಳು ಲೂಟಿ ಮಾಡಿದ್ದಾರೆ ಅದು ಅಲ್ದೇ ಒಬ್ಬ ವಿದೇಶಿ ಮಹಿಳೆ ಕೈಯಲ್ಲಿ ದೇಶ ಸಿಕ್ಕು ಬರಬಾರದ ಪರಸ್ಥಿತಿಯಲ್ಲಿ ಬಂದುಬಿಟ್ಟಿದೆ ಅವಳ ಬ್ಯಾಂಕ್ ಬ್ಯಾಲೆನ್ಸ್ 3 ಬಿಲಿಯನ್ ಇದೆ ಯಾರಪ್ಪನ ಮನೆ ದುಡ್ಡು ಅದು ಸ್ವಲ್ಪ ಅದರ ಬಗ್ಗೆ ಒಂದು ವಿಡಿಯೋ ಮಾಡಿ ಲೂಟಿಕೋರರ ನಕಲಿ ಗಾಂಧಿಗಳ ಬಗ್ಗೆ,42,1.0,0.0,1.0,0.0,0.0,False,low
Negative,ಚೀನಾದ ಭವಿಷ್ಯ ಕ್ಕಾಗಿ ಸ್ಥಿರ ಆಡಳಿತಕ್ಕಾಗಿ ಜಿನ್ ಪಿಂಗ್ ರನ್ನು ಜೀವಮಾನದ ವರೆಗೆ ಅಧ್ಯಕ್ಷ ರಾಗಿ ಆಯ್ಕೆ ಆಗಿದ್ದಾರೆ. ಆದರೆ ಭಾರತ ದಲ್ಲಿ ಪ್ರತಿ ವರ್ಷ ಒಂದಿಲ್ಲೊಂದು ಚುನಾವಣೆ ಗಳು ಇರ್ತಾವೆ ಈ election ಗೆಲ್ಲೊಕೇ ಹೊಲಸು ರಾಜಕೀಯ ನಾಯಕರ ( ಹಂದಿಗಳು)  ಹರಾಚಾಟ ಜಾತಿ ಧರ್ಮ ಬ್ರಷ್ಟಾಚಾರ ಅಧಿಕಾರ ದಾಹ  ಸುಳ್ಳುಗಳು ಕೆಸರು ಎರೆಚಾಟ ಇಂತ ಹೊಲಸು ರಾಜಕೀಯ ವನ್ನೇ 24*7 ಬ್ರೇಕಿಂಗ್ ನ್ಯೂಸ್ ಆಗಿ ತೋರಿಸೋ ಮೂರು ಬಿಟ್ಟು ಬಾಯಿ ಬಡುಕೊಳ್ಳೋ news ಚಾನೆಲ್ ಗಳು..... ಇದು ನಮ್ ಗೋಳು ಗಳು nಇದರ ಮಧ್ಯ ಜನ ಸಮಾನ್ಯನಿಗೆ ಶಿಕ್ಷಣ ಆರೋಗ್ಯ ಉದ್ಯೋಗ ಒಳ್ಳೆ ಪರಿಸರ ಬರಿ ಕನಸು.... nಇನ್ನೂ social ಮಿಡಿಯಾ ದಲ್ಲಿ ಭಾರತ ವಿಶ್ವ ಗುರು,78,0.9605,0.0,0.9605,0.0395,0.0789,False,low
Positive,hello amar prasad tumbha chenda itthu nimma ee pryatna saakashut vishyagalannu  munde ittiri idu namege gothe iralilla. china nijakku entha samartha desha deshpreemigale tumbiruvantha desha moodalu nammale ee daridara raajakihavannu oddu military adalita barabeku ega itndu kobbiruva raajakaarnigalaga asthi pasthigalannu ondu rupeenu beedade kitthukondu avarannu beedhi bhikharimaadidare namma desha sirivanthavaaguvudaralli no doubt,52,0.0,0.9038,0.9038,0.0962,0.1923,False,low
Positive,ಯಾರೇ ಆಗಲಿ.....ನನಗೆ ನನ್ನ ದೇಶದ ವಸ್ತು ಬೇಕು....ಬೇರೆ ದೇಶದ ವಸ್ತು ಎಷ್ಟೇ ಕಮ್ಮಿ ಬೆಲೆಗೆ ಸಿಕ್ಕರೂ ನಾನು ಕೊಂಡು ಕೊಳ್ಳುವುದಿಲ್ಲ ಅಂತ ಮನಸ್ಸು ಮಾಡಿದರೆ...ಯಾರು ಏನು ಮಾಡಲಾಗಲ್ಲ,20,1.0,0.0,1.0,0.0,0.0,False,low
Positive,Bro tells about  diploma exam,5,0.0,0.0,0.0,1.0,0.0,False,low
Positive,Super comment bro,3,0.0,0.0,0.0,1.0,0.0,True,low
Negative,ಕಾಂಗ್ರೇಸ್ನವರು ದೇಶದಲ್ಲಿ ಜಾತಿ,3,1.0,0.0,1.0,0.0,0.0,True,low
Positive,Well said sir,3,0.0,0.0,0.0,1.0,0.0,True,low
Positive,ನಿಮಗೆ ಸರಿಯಾಗಿ ಅರ್ಥ ಆಗ್ತಿಲ್ಲ ಅಮರಪ್ರಸಾದ,5,1.0,0.0,1.0,0.0,0.0,False,low
Negative,ಕ್ರಿಮಿನಲ್ ಬುದ್ದವಂತಿಕೆ ..ಸೂಪರ್ ಹೀಗೆ ಇರಬೇಕು .. ನಮ್ಮ ದೇಶ ನೋ... ಚಾನ್ಸ್..,10,1.0,0.0,1.0,0.0,0.0,False,low
Positive,Super video,2,0.0,0.0,0.0,1.0,0.0,True,low
Positive,Super super super Sar job,5,0.0,0.0,0.0,1.0,0.0,False,low
Positive,ತುಂಬಾ ಚೆನ್ನಾಗಿ ವಿಚಾರ ಸಂಕಿರಣ ಮೂಡಿಸಿದ್ದಾರೆ  ಭಾರತ ಪ್ರಪಂಚದಲ್ಲಿ ಹಿಂದೆ ಉಳಿಯಲು ರಾಜಕೀಯ ವ್ಯವಸ್ಥೆ ಒಂದು ಪ್ರಬಲ ಕಾರಣ  ಪಕ್ಷ ಪಾತ ಸ್ವಜನ ಸೌಮ್ಯತೆ ಸಹ ಕಾರಣ ಎಂಬುದು  ತಿಳಿಸಿದ್ದಾರೆ nಕೌಶಲ್ಯ ಅಭಿವೃದ್ಧಿಗೆ ಹೇಚ್ಚಿನ ಮಹತ್ವ ಕೊಡಬೇಕಾಗಿದೇ   ಎಂಬುದು ಸಹ ಸತ್ಯ,30,1.0,0.0,1.0,0.0,0.0,False,low
Mixed feelings,ಕಮೂನಿಷ್ಟ ಸರ್ಕಾರವೇ ಒಳ್ಳೆಯದು ಅಲ್ಲಿ ರಾಜಕೀಯ ಇರಲ್ಲ ದೇಶದ ಅಭಿವೃದ್ಧಿ ಒಂದೇ ಗುರಿnನಮ್ಮ ದೇಶದ ಈ ಸ್ಥಿತಿಗೆ ಕಾರಣnn* ರಾಜಕಾರಣಿಯರು(ನೆಹರೂ ವಂಶಸ್ಥರು),16,1.0,0.0,1.0,0.0,0.0,False,low
Negative,ನಮ್ಮ ದೇಶದಲ್ಲಿ ಎಲ್ಲದಕ್ಕಿಂತ ಮೊದಲು ಭ್ರಷ್ಟಾಚಾರ ನಿರ್ಮೂಲನೆ ಆಗಬೇಕು,7,1.0,0.0,1.0,0.0,0.0,False,low
Positive,Super  video,2,0.0,0.0,0.0,1.0,0.0,True,low
Positive,Super sir keep it,4,0.0,0.0,0.0,1.0,0.0,False,low
Positive,18min agidde gottaglilla,3,0.0,1.0,1.0,0.0,0.0,True,low
Mixed feelings,ಚೀನಾ ಕಮ್ಯುನಿಸ್ಟ್ ದೇಶ ಸರ್,4,1.0,0.0,1.0,0.0,0.0,False,low
Negative,ಭಾರತದಲ್ಲಿ  ಕಂಪನಿ  ಸುರು ಮಾಡಲು ಬಂದ್ರೆ  ಸಿಟಿ ಬಿಟ್ಟು ಹಳ್ಳಿಯ ಕಡೆಗೆ ಬರೊದೆ ಇಲ್ಲ.nಉತ್ತಮ ಮತ್ತು ವಿಶಾಲ  ಪ್ರದೇಶ ಇರೊದು ಹಳ್ಳಿಯಲ್ಲಿ .ಮೊದಲು ಅದನ್ನ ಸರ್ಕಾರ ಮಾಡಬೇಕು.,20,1.0,0.0,1.0,0.0,0.0,False,low
Positive,ಇಬ್ಬರು  ಕಳ್ಳರೇ,2,1.0,0.0,1.0,0.0,0.0,True,low
Mixed feelings,ಕಮ್ಯೂನಿಸ್ಟ್‌ ರಾಷ್ಟ್ರ ಅಲ್ವಲ್ಲ ಭಾರತ,4,1.0,0.0,1.0,0.0,0.0,False,low
Positive,ವಾವ್ ಶೆಟ್ರೇ ಅದ್ಭುತ,3,1.0,0.0,1.0,0.0,0.0,True,low
not-Kannada,Superb   Music,2,0.0,0.0,0.0,1.0,0.0,True,low
Positive,ಕನ್ನಡ ಒಂದೇ ಭಾಷೆಯಲ್ಲಿ ಬಕೆಟ್ದು ಕೆಜಿಎಫ್ ರಿಲೀಸ್ ಮಾಡಿದ್ರೆ 100 ಕೋಟಿ ಅಂತ ಪುಂಗಿಸೋಕೆ ಆಗಲ್ಲ ಅಂತ ಪಾನ್ ಇಂಡಿಯಾ ಅಂತ ಮಾಡಿದ್ರು ಹಾಗೆ ಕನ್ನಡ ಒಂದೇ ಭಾಷೆಯಲ್ಲಿ ರಿಲೀಸ್ ಮಾಡಿದ್ರೆ ಪ್ಲಾಪ್ ಆದ್ರೆ ಹಿಟ್ ಅಂತ ಹೇಳ್ಸೋಕೆ ಆಗಲ್ಲ ಅಂತ ಪಾನ್ ಇಂಡಿಯಾ ಮಾಡಿ 250 ಕೋಟಿ ಅಂತ ಪುಂಗಿ ಬಿಟ್ರು ಆದ್ರೆ ಬಕೆಟ್ ಮೂವಿ ಬಡ್ಜೆಟ್ ಏರಿಲ್ಲ ರೆಮ್ಯುನೆರೆಷನ್ ಏರಿಲ್ಲ ಈಗ ಅದೇ ಬಕೆಟ್ ಫಾರ್ಮುಲಾ ರಕ್ಷಿತ್ ಹಿಡಿತವ್ನೆ ಆದ್ರೆ ಈ ಮಂಗ ಮುಂಡೇವು ಏನೇ ಸರ್ಕಸ್ ಮಾಡಿದ್ರು ಪುಂಗಿ ಬಿಟ್ರು ಪ್ರೊಡ್ಯುಸರ್ ಯಾವನ್ ಇವ್ರು ಹತ್ತಿರ ಬರಲ್ಲ ಬಿಡ್ರೋ ಅದೇ ಲೋ ಬಡ್ಜೆಟ್ ಪ್ರೊಡ್ಯುಸರ್ ಬರ್ಬೇಕು ಅಷ್ಟೇ,72,1.0,0.0,1.0,0.0,0.0,False,low
unknown state,Ajneesh Lokanath,2,0.0,1.0,1.0,0.0,0.0,True,low
not-Kannada,Plz make in Hindi,4,0.0,0.0,0.0,1.0,0.0,True,low
not-Kannada,Ultimate HANDS UP,3,0.0,0.0,0.0,1.0,0.0,True,low
Positive,ನಮ್ಮ ಹೆಮ್ಮಯ ಸಿನೆಮಾ,3,1.0,0.0,1.0,0.0,0.0,True,low
Positive,ಕನ್ನಡ ಸಿನಿಮಾ ಬೆಳೆಸಲು ಕರಾವಳಿಯವರಾದ ಶಂಕ್ರಣ್ಣ,5,1.0,0.0,1.0,0.0,0.0,False,low
Positive,ನಾವೆಲ್ಲಾ ಕನ್ನಡಿಗರು nPlease nಇಲ್ಲಿ nಗಟ್ಟ ದ ಮೇಲಿನವರು nಗಟ್ಟದ ಕೆಳಗಿನವರು nಕರಾವಳಿಯವರು nಉತ್ತರಕನ್ನಡದವರು nಉತ್ತರಕರ್ನಾಟಕದವರು nಹಳೇಮೈಸೂರಿನವರು nಮಂಡ್ಯದವರುnಬೆಂಗಳೂರಿಗರು nಮೈಸೂರಿನ ವರು nಕೊಡಗಿನವರು nಕುಂದಾಪುರದಕಡೆ ಜನ nಹೀಗೆ nಯಾಕೆ ಇಬ್ಬಾಗ ಮಾಡಿ ನೋಡ್ತೀವಿ nಬೇಡ ಈ ರೀತಿ ನೋಡದೇ nನಾವೆಲ್ಲಾ ಕರುನಾಡುnಕರ್ನಾಟಕದ ಮಕ್ಕಳು ಅಂತ ಯಾಕೆ ನೋಡಬಾರದು nPlease nನಾವೆಲ್ಲಾ ಈ ಮಣ್ಣಿನ ಮಕ್ಕಳು nಅವರೆಲ್ಲಾ ಈ ಮಣ್ಣಿನ ಹಿರಮೆಯನ್ನ ಮೇಲ್ಮಟ್ಟ ಕ್ಕೆ ಕೊಂಡೊಯ್ಯ್ದವರು .nಹಾಗೆ ನಾವ್ ನೀವ್ ಎಲ್ಲಾ ಒಟ್ಟು ಕೂಡಿ ಕರ್ನಾಟಕದ ಗರಿಮೆಯನ್ನ ಇನ್ನ ಎತ್ತರಕ್ಕೆ ಕೊಂಡೋಯ್ಯಣ nನಾವ್ ಕನ್ನಡಿಗರು nನಾವ್ ಭಾರತೀಯ ರು nnನಮಸ್ಕಾರ,63,0.9683,0.0317,1.0,0.0,0.0,False,low
unknown state,@Harisha BE,2,0.0,1.0,1.0,0.0,0.0,True,low
unknown state,@Mithun KUDLA uppad,3,0.0,1.0,1.0,0.0,0.0,True,low
Positive,Harisa ... SOOPER  annthamma.,4,0.0,1.0,1.0,0.0,0.0,True,low
Negative,ಈ ರೀತಿ ಬೇಧ ಭಾವ ಬೇಡ ಇಡೀ ರಾಜ್ಯದಲ್ಲಿ ಅವರನ್ನು ಇಷ್ಟ ಪಡುವ ಅಭಿಮಾನಿಗಳು ಇದ್ದಾರೆ.,12,1.0,0.0,1.0,0.0,0.0,False,low
unknown state,ನಂಗ್ ಅನ್ಸುತ್ತೆ... ಶೆಟ್ರುದು ಡಬಲ್ ರೋಲ್ ನಲ್ಲಿ ಇದರೆ ಅಂತ...,8,1.0,0.0,1.0,0.0,0.0,False,low
Positive,ರಕ್ಷಿತ್ ಶೆಟ್ಟಿ ಪಿಲ್ಮ ಯಾರಿಗೆ ಇಷ್ಟಯಿಂದೆ  ಅವರು ಲೈಕ್ ಮಾಡಿ ಪ್ಲೀಸ್,9,1.0,0.0,1.0,0.0,0.0,False,low
unknown state,Hidden details in  trailer of Avane Srimanarayana....n,7,0.0,0.0,0.0,1.0,0.0,False,low
unknown state,Yes yes yes🤟,3,0.0,0.0,0.0,1.0,0.0,True,low
Positive,ನಮ್ಮ ಕನ್ನಡ ಚಿತ್ರರಂಗ ವಿಶ್ವ ಮಟ್ಟದಲ್ಲಿ ಬೆಳಗಲಿ ಅನ್ನೋ ಆಶಯ ಇದ್ದವರು ಲೈಕ್ ಮಾಡಿ.,11,1.0,0.0,1.0,0.0,0.0,False,low
not-Kannada,No words! Awww,3,0.0,0.0,0.0,1.0,0.0,True,low
Positive,ರಕ್ಷಿತ್ ಶೆಟ್ಟಿ ಅಭಿಮಾನಿಗಳು ಇಲ್ಲಿ ಲೈಕ್ ಮಾಡಿ,6,1.0,0.0,1.0,0.0,0.0,False,low
Positive,LOVE FROM KICCHA FANS🥰,4,0.0,0.0,0.0,1.0,0.0,True,low
unknown state,It's like Good bad weird,5,0.0,0.0,0.0,1.0,0.0,False,low
Positive,ಆಲ್ ದ ಬೆಸ್ಟ್ ಕಿಚ್ಚ ಸುದೀಪ್ ಫ್ಯಾನ್ಸ್,6,1.0,0.0,1.0,0.0,0.0,False,low
Positive,ಈ ಹೊಸ ಚರಿತ್ರೆಯ ಅವತಾರ ಇತಿಹಾಸ ಆಗ್ಲಿ ನಾರಾಯಣ ! nn- ಕನ್ನಡ ಸಿನಿಮಾಭಿಮಾನಿ,11,0.9,0.1,1.0,0.0,0.0,False,low
Mixed feelings,Views struck,2,0.0,0.0,0.0,1.0,0.0,True,low
not-Kannada,Telugu lyrics super,3,0.0,0.0,0.0,1.0,0.0,True,low
Positive,ಮಸ್ತ್ ಇದೆ ಗುರೂ,3,1.0,0.0,1.0,0.0,0.0,True,low
Positive,ಮ್ಯುಸಿಕ್ ಅಧ್ಬುತವಾಗಿದೆ  5 ಭಾಷೆಯಲ್ಲೂ ಈ ಸಿನಿಮಾ ಶತದಿನೋತ್ಸವ ಆಚರಿಸಲೆಂದು ರಾಜವಂಶದ ಅಭಿಮಾನಿಗಳ ಪರವಾಗಿ ಶುಭ ಕೋರುತ್ತೇನೆ,13,1.0,0.0,1.0,0.0,0.0,False,low
not-Kannada,Super song loved it,4,0.0,0.0,0.0,1.0,0.0,False,low
not-Kannada,Excellent song,2,0.0,0.0,0.0,1.0,0.0,True,low
Positive,ಇದು ಚರಿತ್ರೆ ಶೃಷ್ಟಿಸೋ ಅವತಾರ nರಕ್ಷಿತ್ ಶೆಟ್ಟಿ Namma Emotion ಅನ್ನೋರು ಲೈಕ್ ಮಾಡಿ,11,1.0,0.0,1.0,0.0,0.0,False,low
Positive,Super song anna,3,0.0,0.0,0.0,1.0,0.0,True,low
Positive,ಪಕ್ಕಾ ಇದು ಚರಿತ್ರೆ ಸೃಷ್ಠಿ ಸೋ ಅವತಾರ,6,1.0,0.0,1.0,0.0,0.0,False,low
not-Kannada,Hindi audience like here,4,0.0,0.0,0.0,1.0,0.0,False,low
Positive,ಸೂಪರ್ ರಕ್ಷಿತ್ ಶೆಟ್ಟಿ ಸರ್,4,1.0,0.0,1.0,0.0,0.0,False,low
not-Kannada,Super Duper.. Song,3,0.0,0.0,0.0,1.0,0.0,True,low
Positive,*ಇದು ಚರಿತ್ರೆ ಸೃಷ್ಠಿಸೂ ಅವತಾರ ನೋಡಿ ಅವನೇ ಶ್ರೀಮಾನ್ ನಾರಾಯಣ*,8,1.0,0.0,1.0,0.0,0.0,False,low
Positive,ಹೌದ್ ಹುಲಿಯ ...nHands up .. ಅವನು ಬರ್ತಿದಾನೇ ಬಂದ ಮೇಲೇ ಪಕ್ಕಾ ಬೇರೇ ಇತಿಹಾಸ ಸೃಷ್ಟಿ ಆಗುತ್,14,0.9167,0.0,0.9167,0.0833,0.1667,False,low
Positive,ಆಲ್ ದಿ ಬೆಸ್ಟ್ ರಕ್ಷಿತ್ ಬ್ರೋ ಕೀಪ್ ರಾಕಿಂಗ್,7,1.0,0.0,1.0,0.0,0.0,False,low
not-Kannada,Awesome song,2,0.0,0.0,0.0,1.0,0.0,True,low
unknown state,ಅಪ್ಪು ಅಭಿಮಾನಿಗಳು ಲೈಕ್.. ಮಾಡ್ರೋ 🤗,5,1.0,0.0,1.0,0.0,0.0,False,low
unknown state,@Dr Vishnu Dada- Appu,4,0.0,0.0,0.0,1.0,0.0,True,low
Positive,ಕನ್ನಡ ಸಿನಿಮಾವನ್ನು ಎತ್ತು ಕೊಂಡಾಡುವಂತೆ ಮಾಡಲು ಬರುತ್ತಿದೆ..nಅವನೇ ಶ್ರೀಮನ್ನಾರಾಯಣnnಜೈ ರಕ್ಷಿತ್ ಭಾಸ್....nನಮ್ಮ ಕನ್ನಡದ ಹೆಮ್ಮೆ,11,1.0,0.0,1.0,0.0,0.0,False,low
not-Kannada,Hands up,2,0.0,0.0,0.0,1.0,0.0,True,low
Positive,Idu charitre srushtiso cinemanee...,4,0.0,1.0,1.0,0.0,0.0,True,low
Positive,ಯುದ್ದ ಮಾಡಬೇಕು ಓದಬಾರದು ಕಟುಕರ ಮುಂದೆ ಭಗವದ್ಗೀತೆ.....nnnಇದು ಚರಿತ್ರೆ ಸೃಷ್ಟಿಸೊ ಅವತಾರ....,9,1.0,0.0,1.0,0.0,0.0,False,low
Positive,ಚೆನ್ನಾಗಿದೆ ASN ಕಣ್ರೀ ರಕ್ಷೀತ್ ಶೆಟ್ಟಿ,5,1.0,0.0,1.0,0.0,0.0,False,low
Positive,Edu charitre srustisuva avatraaa,4,0.0,1.0,1.0,0.0,0.0,True,low
Positive,ಕಿರಿಕ್ ಕರ್ಣನ ಹೊಸ ಅವತಾರ - ಶ್ರೀಮನ್ನಾರಾಯಣ,6,1.0,0.0,1.0,0.0,0.0,False,low
unknown state,Who else remembered rango???,4,0.0,0.0,0.0,1.0,0.0,True,low
not-Kannada,Dance steps,2,0.0,0.0,0.0,1.0,0.0,True,low
not-Kannada,Super  songs,2,0.0,0.0,0.0,1.0,0.0,True,low
not-Kannada,Super ri boos,3,0.0,0.0,0.0,1.0,0.0,True,low
Positive,ಇದು ಚರಿತ್ರೆ ಸೃಷ್ಟಿಸೊ ಅವತಾರ,4,1.0,0.0,1.0,0.0,0.0,False,low
Positive,ಹಾಲಿವುಡ್ ರೇಂಜಿಗಿದೆ...ವೇಯ್ಟಿಂಗ್...ಇದು ಚರಿತ್ರೆ ಸೃಷ್ಟಿಸೋ ಅವತಾರ,5,1.0,0.0,1.0,0.0,0.0,False,low
unknown state,anup kulkarni... True,3,0.0,1.0,1.0,0.0,0.0,True,low
Positive,ಇದು ಚರಿತ್ರೆ ಸೃಷ್ಟಿಸೊ ಅವತಾರಾ..........,4,1.0,0.0,1.0,0.0,0.0,False,low
Positive,Idu cheritre shrustiso avatara,4,0.0,1.0,1.0,0.0,0.0,False,low
Positive,Yen song guru...benki #ASN,4,0.0,0.0,0.0,1.0,0.0,True,low
Negative,@Vinay Kumar MS nenu Kano tukali avn alla,8,0.0,1.0,1.0,0.0,0.0,False,low
Negative,@Sumukh M.R maga urkanbeda bido,5,0.0,1.0,1.0,0.0,0.0,False,low
not-Kannada,अरे वाह... गजब की फील है इस गाने में..? Fan from gujarat,12,0.0,0.0,0.0,1.0,0.0,True,low
Positive,Trending no.1 wow,3,0.0,0.0,0.0,1.0,0.0,True,low
not-Kannada,Again and again,3,0.0,0.0,0.0,1.0,0.0,True,low
Positive,No.1 trading guru....ASN,3,0.0,0.0,0.0,1.0,0.0,True,low
Positive,ಇದು ಚರಿತ್ರೆ ಸೃಷ್ಟಿಸೋ ಅವತಾರ,4,1.0,0.0,1.0,0.0,0.0,False,low
not-Kannada,Nice music sir,3,0.0,0.0,0.0,1.0,0.0,True,low
not-Kannada,super  song,2,0.0,0.0,0.0,1.0,0.0,True,low
Positive,ಜೈ ಭುವನೇಶ್ವರಿ 🤗,3,1.0,0.0,1.0,0.0,0.0,True,low
Positive,ಜೈ ಕನ್ನಡ,2,1.0,0.0,1.0,0.0,0.0,True,low
Mixed feelings,Anyone after trending 🤚,4,0.0,0.0,0.0,1.0,0.0,True,low
Positive,ಈ ಹಾಡನ್ನು ಕೇಳುತ್ತಿದ್ದರೆ ನನಗೆ ಸ್ವಾಗ್ ಸೆ ಕರೆಂಗೆ ಸಬ್ಕಾ ಸ್ವಾಗತ್ ಹಾಡು ನೆನಪಾಗುತ್ತೆ.nಸ್ವಲ್ಪ ಹಾಗೇನೇ ಇದೆ ಮ್ಯೂಸಿಕ್ ಅಂತ ನನಗೆ ಅನ್ನಿಸ್ತು.n,17,1.0,0.0,1.0,0.0,0.0,False,low
not-Kannada,Wow Super sang,3,0.0,0.0,0.0,1.0,0.0,True,low
Mixed feelings,ನಾರಾಯಣ ಬಂದ ದಾರಿ ಬಿಡಿ,4,1.0,0.0,1.0,0.0,0.0,False,low
Positive,ಸಾಂಗ್ ಪ್ರಮೋಷನ್ ಇಲ್ದೆನೆ #1 ಟ್ರೆಂಡಿಂಗ್ ನಲ್ಲಿದೆ ಇದು ಹೇಗ್ ಸಾಧ್ಯ... ?,10,1.0,0.0,1.0,0.0,0.0,False,low
Positive,Hands up song full Kirak song,6,0.0,0.0,0.0,1.0,0.0,False,low
Negative,@shivaraj shivu Mathe Yavaglu Telugu Ge  yake saitare alllli erorela?,10,0.0,1.0,1.0,0.0,0.0,False,low
Negative,@Prasad Hegde  ಆಂಧ್ರವಲ ಗಳು eddare .  ಅಂದ್ರ ನಾಯಿಗಳು ತೆಲುಗು.ಕನ್ನಡ ಪ್ರೇಮಿಗಳು ಕನ್ನಡ ಸಿನಿಮಾ ನೋಡಿತರೆ.  ದರ್ಶನ್. ಸುದೀಪ್. ಪುನೀತ್. ಯಶ್. ರಕ್ಷಿತ್ ಶೆಟ್ಟಿ .ದ್ರುವ ಸರ್ಜಾ. ಶಿವಣ್ಣ. Heavy fan fellowing. ಇದೆ.  But ಇನ್ನೊಂದು ತೆಲುಗು ಸಿನಿಮಾ ನೋಡೋದು ಚಿಕ್ಕಬಳ್ಳಾಪುರ   ಜಾಸ್ತಿ .,34,0.8621,0.1034,0.9655,0.0345,0.069,False,low
Positive,@shivaraj shivu ನಾನು ದೊಡ್ಡಬಳ್ಳಾಪುರದ ಅಸಲಿ ಕನ್ನಡಿಗ,6,0.6667,0.3333,1.0,0.0,0.0,False,low
unknown state,@Manju Sonu  ಅಭಿನಂದನೆ,3,0.5,0.5,1.0,0.0,0.0,True,low
Negative,ಮುಚ್ಚಲೇ..... ಆ ತುಲುಗು ನವರಿಗೆ ಹುಟ್ಟಿರೋರ್ ಥರ ಯಾವಾಗಲೂ ಸೌಂದರ್ಯ ಸೊಬಗುಲಿ ಅವರದ್ದೆ ಹಾಕಿರುತ್ತಾರೆ..... ರಾಜ್ ಕಮಲ್ ಒಂದ್ರಲ್ಲೆ ಕನ್ನಡ ಹಾಕೋದು....,16,1.0,0.0,1.0,0.0,0.0,False,low
Negative,@Nandi Parthasarathi  ಸ್ವಾಮಿ ದೊಡ್ಡಬಳ್ಳಾಪುರ ರಾಜಕಮಲ್  ನಲ್ಲಿ  ಕೇಸಿಎನ್ ಗೌಡ್ರು owner .ಆದ್ರೂ ಬಾಡಿಗೆ therater  ಕೋಟಿರೋದ್ರ ದಿಂದ  ತುಲುಗು ಸಿನಿಮಾ 3  ರಾಜಕಮಲ್ ಹಾಕಿದನ್ನೇ,19,0.8235,0.1176,0.9412,0.0588,0.1176,False,low
Negative,@Nandi Parthasarathi  ಮುಚ್ಚಲ್ಲೇ.... ಮರಿ  ದೊಡ್ಡಬಳ್ಳಾಪುರ ಇತಿಹಾಸ ಏನೋ ಗೋತು .ರಾಜಕಮಲ್ ಗೆ ಸಿನಿಮಾ ಹೊದ್ರೆ ಕ್ಲಿನ್ ಇಲ್ಲ ವಾಸನೆ. ಸರಿಯಾದ ಮೆಂಟೇನ್ಸ್ಸ್ ಇಲ್ಲ.  ಅವಾಗ ಕನ್ನಡ ಸಿನಿಮಾ ಹಾಕೋಡ್ರ್ಲ್ಲಿ ನಮ್ಮಗೂ ಇಷ್ಟ ಇತ್ತು. ತೆಲುಗು  ಸೈರ ನರಸಿಂಹ ರೆಡ್ಡಿ ಹಾಕಿಡೋನೋ ರಾಜಕಮಲ್ ಮರ್ಯಾದೆ ನೋ ಹೋಯಿತು,34,0.9697,0.0303,1.0,0.0,0.0,False,low
Positive,Superb song BGM super,4,0.0,0.0,0.0,1.0,0.0,True,low
Positive,ಇನ್ನೊಂದು ಚರಿತ್ರೆ ಸೃಷ್ಟಿ ಸೋ ಸರ್ದಾರ,5,1.0,0.0,1.0,0.0,0.0,False,low
Positive,ಸೂಪರ್ ಸಾಂಗ್  ಹುಲಿಯ,3,1.0,0.0,1.0,0.0,0.0,True,low
Positive,Bere Level #ASN #'Hands Up',5,0.0,1.0,1.0,0.0,0.0,True,low
Positive,Supar stups ser,3,0.0,1.0,1.0,0.0,0.0,True,low
Positive,Super song..nnn Loved it,4,0.0,0.0,0.0,1.0,0.0,True,low
Positive,ರಕ್ಷಿತ್  ಶೆಟ್ಟಿ  ಸೈಲೆಂಟ್  ಕಿಲ್ಲರ್,4,1.0,0.0,1.0,0.0,0.0,False,low
Positive,ಇದು ಚರಿತ್ರೆ ಸೃಷ್ಟಿಸೊ ಅವತಾರ...!!nಬಂದ ನೋಡು ನವ-ಯುಗದ ರಣಧೀರ..nಎಲ್ಲೇಲ್ಲು ರಕ್ಷಿತ್ ರಣ-ಕಹಳೆಯ ಸಂಚಾರ..nಇದು ಚರಿತ್ರೆ ಸೃಷ್ಟಿಸೊ ಅವತಾರ...!!,13,1.0,0.0,1.0,0.0,0.0,False,low
not-Kannada,Swag Ka King Rakshit Shetty,5,0.0,0.0,0.0,1.0,0.0,True,low
Positive,Our Kannada Song On 1Trending Again,6,0.0,0.0,0.0,1.0,0.0,True,low
not-Kannada,Just wowwwww,2,0.0,0.0,0.0,1.0,0.0,True,low
Positive,Nice song i like,4,0.0,0.0,0.0,1.0,0.0,False,low
Positive,ASN ಖಂಡಿತವಾಗ್ಲೂ ಚರಿತ್ರೆ ಶೃಷ್ಟಿಸುವ ಅವತಾರ....,5,0.8,0.2,1.0,0.0,0.0,False,low
Positive,Super song,2,0.0,0.0,0.0,1.0,0.0,True,low
Positive,ಇದು ಒಳ್ಳೆಯ ಹಾಡು...ಒಳ್ಳೆಯ ಹಾಡುಗಳು ಕೇಳ್ತಾ ಕೇಳ್ತಾ ಇಷ್ಟ ಆಗುತ್ತವೆ...,8,1.0,0.0,1.0,0.0,0.0,False,low
Positive,Nice move in kannada,4,0.0,0.0,0.0,1.0,0.0,False,low
Positive,Making super sir,3,0.0,0.0,0.0,1.0,0.0,True,low
Positive,Super making super cinematography,4,0.0,0.0,0.0,1.0,0.0,False,low
Positive,Super song all the best from Shivaraj Kumar fans,9,0.0,0.0,0.0,1.0,0.0,False,low
Positive,ನಿಜವಾಗಿಯೂ ಅಣ್ಣ HANDS OFF TO YOU.. ಧನ್ಯವಾದಗಳು...,7,1.0,0.0,1.0,0.0,0.0,True,low
Positive,ಸಾಹಿತ್ಯನ ಬರೆದಿದ್ದಕ್ಕೆ ಧನ್ಯವಾದಗಳು.,3,1.0,0.0,1.0,0.0,0.0,True,low
Positive,ನೀವು ಅದ್ಬುತ ..... ಸಾಹಿತ್ಯ ತುಂಬ ಸೂಪರ್.....,6,1.0,0.0,1.0,0.0,0.0,False,low
Positive,ಅನವರತ mattu ಅವಿರತ eradu samana artha iro padagalu,8,0.25,0.75,1.0,0.0,0.0,False,low
Positive,ಜೈ ಜೈ ಹೋ ಶ್ರೀಮಾನ್ನಾರಾಯಣ nnnn,5,1.0,0.0,1.0,0.0,0.0,False,low
not-Kannada,Best music director,3,0.0,0.0,0.0,1.0,0.0,True,low
Positive,Super talented rs,3,0.0,0.0,0.0,1.0,0.0,True,low
Positive,ವಿಜಯ್ ಪ್ರಕಾಶ್ ಸಾರ್ ಸೂಪರ್ ಸಾಂಗ್ ಹಾಡಿದ್ದೀರ ತುಂಬು ಹೃದಯದ ಧನ್ಯವಾದಗಳು,9,1.0,0.0,1.0,0.0,0.0,False,low
unknown state,B Ajaneesh Lokanath BGM Stun Bro..,6,0.0,0.0,0.0,1.0,0.0,True,low
Positive,*ನನ್ನ ಗೆಲ್ಬೋದು ಅನ್ನುತ ನಿಂದನು ಓರ್ವ ರಾಕ್ಷಸ...nತಪ್ಪಲ್ಲ,6,1.0,0.0,1.0,0.0,0.0,False,low
Negative,ಕನ್ನಡದಲ್ಲಿ ಪಕ್ಕಾ ಬ್ಲಾಕ್ ಬಸ್ಟರ್  ಆಗುತ್ತೆ ...ಆದ್ರೆ ಬೇರೆ ಭಾಷೆಗಳಲ್ಲಿ ಸರಿಯಾಗಿ ಪ್ರಮೋಷನ್ ಮಾಡ್ತಾ ಇಲ್ಲ. ಹೀಗೆ ಆದ್ರೆ ಕಷ್ಟ,15,1.0,0.0,1.0,0.0,0.0,False,low
Negative,Kaltana maadoru...rowdism maadoro nodi kalibaeku ...,6,0.0,1.0,1.0,0.0,0.0,False,low
Positive,ಕನ್ನಡ ಚಿತ್ರರಂಗದವ್ರು ಸ್ವಲ್ಪ ಸಹಾಯ ಮಾಡಿ.,5,1.0,0.0,1.0,0.0,0.0,False,low
Positive,ನಮಸ್ಕಾರಗಳು ಗುರುಗಳೇ,2,1.0,0.0,1.0,0.0,0.0,True,low
Positive,Yenandru chamayya mestra magaa,4,0.0,1.0,1.0,0.0,0.0,False,low
not-Kannada,God bless you sir,4,0.0,0.0,0.0,1.0,0.0,False,low
not-Kannada,God bless you sir,4,0.0,0.0,0.0,1.0,0.0,False,low
Positive,ಬೆಳೆದು ನಿಂತಿರೋ ಒಬ್ಬ ಮಗ ಇದ್ದಾರೆ ಅಲ್ವಾ ಸರ್ ನಿಮಗೆ? ಆದ್ರೂ ಇಷ್ಟು ಕಷ್ಟ ಪಡ್ತಾ ಇದ್ದೀರ ಸ್ವಾವಲಂಬಿ ಆಗಿರ್ತೀನಿ ಅಂತ ನೀವು ಗ್ರೇಟ್ ಸರ್,19,1.0,0.0,1.0,0.0,0.0,False,low
Mixed feelings,ಎಷ್ಟೇ ಆಗ್ಲೀ ಚಾಮಯ್ಯ ಮೇಷ್ಟ್ರ ಮಗ ಅಲ್ವ...,6,1.0,0.0,1.0,0.0,0.0,False,low
Positive,ಕನ್ನಡ ಚಿತ್ರರಂಗ ತುಂಬಾ ಮೋಸ.....nಅಶ್ವತ್ ಸರ್ ಅವರು ತಂದೆ ಪಾತ್ರ ಎಷ್ಟು ನಟರಿಗೆ ಹೆಸರು ಆಸ್ತಿ ತಂದು ಕೊಟ್ಟಿದ್ದಾರೆ..nಅವರ ಮಕ್ಕಳು ಕುಡಾ ಕೊಟಿ ಕೊಟಿ ದುಡಿಯುತ್ತಾ ಇದ್ದರೆ..ಆದರೆ ಶಂಕರ್ ಸರ್nನಿಮ್ಮ ತಂದೆ ನಿಮ್ಮ ಗೇ ಏನು ಮಾಡಿಲ್ಲ.. ನಿಮ್ಮ ಒಳ್ಳೆಯ ತನ ದೇವರು ಕೈ ಬಿಡುವುದಿಲ್ಲ,33,1.0,0.0,1.0,0.0,0.0,False,low
Positive,Darshan Sir swalpa sahaya madidare,5,0.0,1.0,1.0,0.0,0.0,False,low
Positive,@Manju Sl nಹೌದು ಸರ್,4,0.6667,0.3333,1.0,0.0,0.0,True,low
not-Kannada,hi good day next,4,0.0,0.0,0.0,1.0,0.0,False,low
Positive,ನೀವು ತುಂಬಾ ಸ್ವಾಭಿಮಾನದ ವ್ಯಕ್ತಿ. ಶುಭಾಶಯಗಳು,5,1.0,0.0,1.0,0.0,0.0,False,low
Positive,Ashwath avrne noddag aythu.,4,0.0,1.0,1.0,0.0,0.0,False,low
Positive,ಸ್ವಾಭಿಮಾನದಿಂದ ಬದುಕೋದು ಮನುಷ್ಯನ ಅಸಲಿ ಗುಣ ಇದನ್ನು ಎಲ್ರು ಅಳವಡಿಸಿಕೊಳ್ಳಬೇಕು,8,1.0,0.0,1.0,0.0,0.0,False,low
not-Kannada,god bless u sir,4,0.0,0.0,0.0,1.0,0.0,False,low
Positive,ಕಷ್ಟ ಎಲ್ಲರಿಗೂ ಇದೆ sir.... ಅದನ್ನು ಮೆಟ್ಟಿ ನಿಲ್ಲಿ......ಈಗ ಹೇಗಿದ್ರು ಫಿಲ್ಮ್ ಗೆ ಚಾನ್ಸ್ ಗಳು ಸಿಕ್ತಿವೆ...ಖುಷಿಯಾಗಿರಿ.,13,1.0,0.0,1.0,0.0,0.0,False,low
Mixed feelings,dandega takka maga sirnjhevana annodu hege anta thorise kottavru neu sirnyellanhayaka natarante sokeman nevalla sir,15,0.0,0.9333,0.9333,0.0667,0.1333,False,low
Positive,Jeevana channagi arta  madkondeedare nnShankar Ashwath avar  nNice,8,0.0,1.0,1.0,0.0,0.0,False,low
not-Kannada,Good human being...,3,0.0,0.0,0.0,1.0,0.0,True,low
Positive,ದುಡಿಯೊದಕ್ಕೆ ಮೈಯತುಂಬಾ ಶಕ್ತಿ ತುಂಬೈತೆ ಅಡ್ಡ ದಾರಿ ಹಿಡಿಯೊದ್ ತಪ್ಪು ಅಂತ ಗೊತೈತಿ ನಿಮ್ಮ ಸ್ವಾಭಿಮಾನ ನಿಮ್ಮ ಅಸ್ತ್ರ ಸರ್ ನಿಮಗೆ ದೇವರು ಒಳ್ಳೆಯದು ಮಾಡಲಿ.nಇಂತಿ,19,1.0,0.0,1.0,0.0,0.0,False,low
unknown state,@Nanjunda Rao,2,0.0,1.0,1.0,0.0,0.0,True,low
Positive,ದರ್ಶನ್ ಸರ್ ನಾವು ನಿಮ್ಮ ಅಭಿಮಾನಿಗಳು ನಮ್ಮ ಕಲಾವಿದರು ಈ ರೀತಿ ಕಷ್ಟ ಪಡೋದು ನಮಗೆ ಮನಸ್ಸಿಗೆ ತುಂಬಾ ನೋವಾಗುತ್ತೆ ನೀವು ದಯವಿಟ್ಟು ಇಂಥ ಮಹಾನ್ ಕಲಾವಿದರನ್ನು ತಮ್ಮ ಜೊತೆ ಕರೆದುಕೊಂಡು ನಡೆಯಿರಿ ಅಭಿಮಾನಿ ಅಭಿಮಾನಿಗಳಿಗೆ ಕೊಡುವ ದೊಡ್ಡ ಉಡುಗೊರೆ ನಿಮ್ಮಿಂದ ನಾವು ನಾ ಬಯಸುತ್ತೇವೆ,33,1.0,0.0,1.0,0.0,0.0,False,low
Positive,ಹೌದು... ಸ್ಪೂರ್ತಿಯ ಮಾತುಗಳು..... ನಿಜವಾದ ಕಲಾವಿದನಿಗೆ ಬೆಲೆ ಇಲ್ಲ....ಶಂಕರ್ ಅಣ್ಣನಿಗೆ ಒಳ್ಳೆಯದಾಗಲಿ,9,1.0,0.0,1.0,0.0,0.0,False,low
not-Kannada,Well said sir.,3,0.0,0.0,0.0,1.0,0.0,True,low
Negative,ನಿಮ್ಮ ತಂದೆ ಸಾಕಷ್ಟು ದುಡ್ಡು ಮಾಡಿದ್ರು ಆದ್ರೆ ಬೇಡಿದರು ಕೆಲಸಗಳ ಅನಕ್ಷ ಕವಾಗಿ ಖರ್ಚು ಮಾಡಿ ಸೋಕಿ ಮಾಡಿ ದುಡ್ಡೆಲ್ಲಾ ನಾಲ್ ಮಾಡಿದ್ದೀರಾ,17,1.0,0.0,1.0,0.0,0.0,False,low
Positive,Devaru olledu madtane sir..nimge chenag iri,6,0.0,1.0,1.0,0.0,0.0,False,low
unknown state,Tereya abhinayada indide jeevanada pathra,5,0.0,1.0,1.0,0.0,0.0,False,low
Positive,ತಂದೆಗೆ ತಕ್ಕ ಮಗ..,3,1.0,0.0,1.0,0.0,0.0,True,low
Positive,ಚಮಯ್ಯ ಮೇಸ್ಟ್ರು ಅವರ ಆಶೀರ್ವಾದ ಯಾವಾಗಲೂ ಇರುತ್ತೆ ನಿಮ್ಮಲ್ಲಿ ಸ್ವಾಭಿಮಾನ ಇದೆ ಆಗು ನಿಮ್ಮಲ್ಲಿ ಒಂದು ಛಲ ಇದೆ,14,1.0,0.0,1.0,0.0,0.0,False,low
Positive,ಸಾರ್ ನಿಮ್ಮ ತಂದೆ ನಿಮಗೆ ಕಲಿಸಿದ ಸಂಸ್ಕಾರ ಸಂಸ್ಕೃತಿ ನಮಗೆ ತುಂಬಾ ಇಷ್ಟ ಆಯ್ತು ಮತ್ತು ನೀವು ಅವರು ತೋರಿಸಿದ ಮಾರ್ಗದರ್ಶನದಲ್ಲಿ ನಡೀತಾ ಇರೋದು ನಮಗೆ ತುಂಬಾ ತುಂಬಾ ಇಷ್ಟ ಆಯ್ತು ನೀವು ತಂದೆಗೆ ತಕ್ಕ ಮಗ,27,1.0,0.0,1.0,0.0,0.0,False,low
not-Kannada,Super super super sir,4,0.0,0.0,0.0,1.0,0.0,False,low
not-Kannada,Super super super,3,0.0,0.0,0.0,1.0,0.0,True,low
Positive,ಸರ್ ನಾನು ಕಡು ಬಡವ .....ನಿಮ್ಮ ತಂದೆ ಅಭಿಮಾನಕ್ಕೆ .ನನ್ನ ಕಿರು ಕಾಣಿಕೆ ಸ್ವೀಕರಿಸಿ ...ನನ್ನನ್ನು ಬಂಗ್ಲೋರುಗೆ ಬಂದು ಭೇಟಿ ಮಾಡಿ ದಯವಿಟ್ಟು .....ಕುಮಾರ್ 9743436877,19,1.0,0.0,1.0,0.0,0.0,False,low
unknown state,ವಿಜಯ್ ಮಲ್ಯ ಅವರೇ,3,1.0,0.0,1.0,0.0,0.0,True,low
not-Kannada,Thanks you sir,3,0.0,0.0,0.0,1.0,0.0,True,low
Positive,ಸರ್ ನಿಮ್ಮ ಸ್ವಾಭಿಮಾನ ನಮ್ಮ ಅಂತಾ ಎಷ್ಟೋ ಜನಕ್ಕೆ ಸ್ಫೂರ್ತಿ ಸರ್.... ನಿಜವಾಗ್ಲೂ ನೀವು ಗ್ರೇಟ್ ಸರ್..... ನಿಮಗೆ ಸೋಲು ಅನ್ನೋದೇ ಇಲ್ಲಾ ಸರ್ ಯಾಕಂದ್ರೆ ನೀವು ಜೀವನದಲ್ಲಿ ಗೆದ್ದು ಸೋತವರು ಅಲ್ಲಾ ಸರ್.... ಸೋತು ಗೆದ್ದುವರು,27,1.0,0.0,1.0,0.0,0.0,False,low
Positive,ಒಬ್ಬ ನಟ  ಡ್ರೈವಿಂಗ್ ಮಾಡ್ತಿದಾರೆ ಇದು ನೋವಿನ ಸಂಗತಿ ಒಪ್ಪೀ ಕೊಳ್ಳೋಣ.  ಆದ್ರೆ ಒಬ್ಬ ಸಾಮಾನ್ಯ ಮನುಷ್ಯ ಡ್ರೈವಿಂಗ್ ಮಾಡ್ಕೊಂಡೆ ಜೀವ್ನ ಮಾಡ್ತಿರ್ಥನೆ ಅನ್ನೋದನ್ನ ಮರೀಬೇಡಿ ಸ್ನೇಹಿತರೆ,20,1.0,0.0,1.0,0.0,0.0,False,low
Positive,@syed Noor Noori sdi ಧನ್ಯವಾದಗಳು,5,0.3333,0.6667,1.0,0.0,0.0,True,low
Positive,Elli vabba mhana kalavidan maga annodu menation agutte yakendre cinirangakke avarakoduge tunbaede yavadadaru poshaka pataragalanna kodabahudu aste,17,0.0,1.0,1.0,0.0,0.0,False,low
Mixed feelings,ಮಾದರಿ ಬದುಕು... ಅವಕಾಶ ಕಳೆದೊಳ್ಳುವ ಕೆಲವು ನಟರು ಮಾನಸಿಕ ಸ್ಥಿಮತತೆ ಕಳೆದುಕೊಂಡು ದುರಂತ ಅಂತ್ಯ ಕಾಣ್ತಾರೆ. ಮಾಡೋಕೆ ಸಾವಿರ ಕೆಲಸಗಳಿವೆ. ಯಾವುದು ಸಣ್ಣಕೆಲಸವಲ್ಲ ಇದನ್ನ ಅರ್ಥೈಸಿಕೊಂಡು ಹೆಮ್ಮೆಯ ಬದುಕು ಬದಕ್ತಿರೋ ಈ ಮಹನೀಯರಿಗೆ ಅಭಿನಂದನೆ,25,1.0,0.0,1.0,0.0,0.0,False,low
Positive,Yen sir nivu.... Owsome human being,6,0.0,0.0,0.0,1.0,0.0,False,low
Positive,ನಾವೇನಾದರು ಸ್ವಾಬಿಮಾನಿಯಾಗಿ ಬದುಕನ್ನು ಕಟ್ಟಿಕೊಳ್ಳಲು ನಿಮ್ಮನ್ನು ನೋಡಿ ಕಲಿಯಬೇಕು ಸಾರ್ ನಮಗೆ ನಿಮ್ಮಂತವರು ಸ್ಪುರ್ತಿ,11,1.0,0.0,1.0,0.0,0.0,False,low
Negative,ಬೇಡಾ ಈ ಕಚಡ ಶೋ ಗೇ ಬರೋದು ಬೇಡಾ ಸರ್,8,1.0,0.0,1.0,0.0,0.0,False,low
Negative,@sangeetha.k. chinnu ಶೋ ಕಚಡಾ ಇಲ್ಲರಿ ಜನ ಹಂಗ ಬರತಾರ,8,0.75,0.25,1.0,0.0,0.0,False,low
Positive,@RAJ NRJ nijavada matu atleast navu avaranna nodi kaliyo pathagalu tumba irutte,12,0.0,1.0,1.0,0.0,0.0,False,low
not-Kannada,U r great sir,4,0.0,0.0,0.0,1.0,0.0,False,low
not-Kannada,Great sir salute for him,5,0.0,0.0,0.0,1.0,0.0,False,low
Positive,ಸ್ವಾಭಿಮಾನ  ಮುಖ  ಅಲ್ಲಿ ಎದ್ದು ಕಾಣುತ್ತಿದೆ ನಿಜಕ್ಕೂ ಗ್ರೇಟ್ ಸರ್ ಸರ್ ಒಳ್ಳೆ ದಿನ ಬಂದೇಬರತ್ತೆ  ಸರ್,13,1.0,0.0,1.0,0.0,0.0,False,low
Positive,ನಾನು 15ವರ್ಷ ಹಿಂದೆ ಚಾಮಯ್ಯ ಮೇಷ್ಟ್ರು ಅಶ್ವಥ್ ಸಾರ್ ಇಂಟರ್ವಿವ ನೋಡಿದ್ದೆ,9,1.0,0.0,1.0,0.0,0.0,False,low
Positive,ಸ್ವಾಭಿಮಾನಿ ದೇವತ ಪುರುಷನ ಮಗ... ತಕ್ಕಂತೆ ಇದಾರೆ,6,1.0,0.0,1.0,0.0,0.0,False,low
not-Kannada,Good job bro,3,0.0,0.0,0.0,1.0,0.0,True,low
Negative,Neen en medhavi Eno guldu,5,0.0,1.0,1.0,0.0,0.0,False,low
Negative,ಕೊಳ್ಳುತ್ತಿರುವ ಕೊಬ್ಬರಿ ಮಿಥೈ ಮುಖದವಳು nnಚೆನ್ನಾಗಿ ಬೈತೀರಾ ಸರ್,7,1.0,0.0,1.0,0.0,0.0,False,low
Positive,ಭಾರತದ ಗಡಿಗೆ ಅವನನ್ನೇ ಕಳುಹಿಸಿ ನಿಲ್ಲಿಸಲಿ ಇದ್ದವನು,6,1.0,0.0,1.0,0.0,0.0,False,low
Positive,ನಾನ್ ಸಬ್ಸ್ಕ್ರೈಬ್ ಮಾಡಿದೆ,3,1.0,0.0,1.0,0.0,0.0,True,low
not-Kannada,Super super super,3,0.0,0.0,0.0,1.0,0.0,True,low
not-Kannada,Super fantastic bro,3,0.0,0.0,0.0,1.0,0.0,True,low
not-Kannada,So nice bro,3,0.0,0.0,0.0,1.0,0.0,True,low
Positive,Anna super Anna,3,0.0,0.0,0.0,1.0,0.0,True,low
Positive,Super Ri Nijvaglu Nevu Creative Kannadigane,6,0.0,0.0,0.0,1.0,0.0,True,low
Positive,Super guru continue,3,0.0,0.0,0.0,1.0,0.0,True,low
Positive,ನೀಜಾ ಅಣ್ಣಾ ಸೂಪರ್ 🤣🤣🤣🤣🤣🤣🤣🤣,4,1.0,0.0,1.0,0.0,0.0,True,low
not-Kannada,Super bro,2,0.0,0.0,0.0,1.0,0.0,True,low
Positive,ಕೊನೆಗೂ ಟಿಕ್ ಟಾಕ್ ಬ್ಯಾನ್ ಆಯ್ತಲ,5,1.0,0.0,1.0,0.0,0.0,False,low
Positive,ಸೂಪರ್ ಸೂಪರ್ ಸೂಪರ್ ಬ್ರದರ್,4,1.0,0.0,1.0,0.0,0.0,False,low
Positive,Super guru,2,0.0,0.0,0.0,1.0,0.0,True,low
Positive,ಟಿಕ್ ಟಾಕ್ ಜೊತೆಗೆ ಚೈನೀಸ್ ಪ್ರೊಡೊಕ್ಟ್ ಎಲ್ಲಾನು ಬ್ಯಾನ್ ಮಾಡಬೇಕು,8,1.0,0.0,1.0,0.0,0.0,False,low
not-Kannada,Well said bro,3,0.0,0.0,0.0,1.0,0.0,True,low
Negative,ಚೀನಿ ಸೂಳೇಮಕ್ಕಳ ಎಲ್ಲಾ ಆ್ಯಪ್ ಗಳನ್ನು ಬ್ಯಾನ್ ಮಾಡಿದ್ದು ತುಂಬಾನೇ ಖುಷಿಯಾಯ್ತು.n    ಜೈಹಿಂದ್,10,1.0,0.0,1.0,0.0,0.0,False,low
not-Kannada,Nice voice bro,3,0.0,0.0,0.0,1.0,0.0,True,low
Negative,Sholay makalu China,3,0.0,1.0,1.0,0.0,0.0,True,low
not-Kannada,Super awesome bro,3,0.0,0.0,0.0,1.0,0.0,True,low
not-Kannada,Sup bro,2,0.0,0.0,0.0,1.0,0.0,True,low
not-Kannada,Super comment sir,3,0.0,0.0,0.0,1.0,0.0,True,low
not-Kannada,@Creative Kannadiga ok bro,4,0.0,0.0,0.0,1.0,0.0,True,low
Positive,ಏನು ತಪ್ಪಿಲ್ಲ ಸರಿಯಾಗಿ ಹೇಳಿದ್ದಿರಾ,4,1.0,0.0,1.0,0.0,0.0,False,low
not-Kannada,I like your voice bro,5,0.0,0.0,0.0,1.0,0.0,False,low
Positive,ನೀವು ಹೇಳಿದ್ದರಲ್ಲಿ ಎನೂ ತಪ್ಪಿಲ್ಲ ...,5,1.0,0.0,1.0,0.0,0.0,False,low
not-Kannada,I like ur all videos,5,0.0,0.0,0.0,1.0,0.0,False,low
Positive,ಸರಿ ಇದೆ ಅಣ್ಣ,3,1.0,0.0,1.0,0.0,0.0,True,low
Positive,Pakka Anna Nivu helidu pakka nija,6,0.0,1.0,1.0,0.0,0.0,False,low
not-Kannada,super bro love you,4,0.0,0.0,0.0,1.0,0.0,False,low
Positive,🤣🤣🤣🤣🤣 anna super,3,0.0,0.0,0.0,1.0,0.0,True,low
Positive,Supperb broo... Sakathagi helidira,4,0.0,1.0,1.0,0.0,0.0,True,low
not-Kannada,Bindu gowda dagar,3,0.0,1.0,1.0,0.0,0.0,True,low
Positive,ತುಂಬ ಚನ್ನಾಗಿ ಅಥ೯ವಾಗುವ ರೀತಿ ಮಾಹಿತಿ ನೀಡಿದ್ದಿರಾ ಧನ್ಯವಾದಗಳು...,7,1.0,0.0,1.0,0.0,0.0,False,low
not-Kannada,Bro super super🥰🥰🥰,3,0.0,0.0,0.0,1.0,0.0,True,low
not-Kannada,Super guru,2,0.0,0.0,0.0,1.0,0.0,True,low
Negative,Yavalo bindu Gowda avulu Thu.......... Nan Ke................,7,0.0,1.0,1.0,0.0,0.0,True,low
not-Kannada,Guru nun super super super,5,0.0,0.0,0.0,1.0,0.0,False,low
Positive,ಚಂದನ್ ಶೆಟ್ಟಿ ಟ್ರೊಲ್ ವಿಡಿಯೋ ನೀವು ನೋಡಿ ನೆಗಡ್ಡೆ ಇದ್ರೆ ನಾವ್ ಗ್ಯಾರಂಟಿ,10,1.0,0.0,1.0,0.0,0.0,False,low
Positive,ಚಂದನ್ ಶೆಟ್ಟಿ ಟ್ರೊಲ್ ವಿಡಿಯೋ ನೀವು ನೋಡಿ ನೆಗಡ್ಡೆ ಇದ್ರೆ ನಾವ್ ಗ್ಯಾರಂಟಿ,10,1.0,0.0,1.0,0.0,0.0,False,low
Positive,ಚಂದನ್ ಶೆಟ್ಟಿ ಟ್ರೊಲ್ ವಿಡಿಯೋ ನೀವು ನೋಡಿ ನೆಗಡ್ಡೆ ಇದ್ರೆ ನಾವ್ ಗ್ಯಾರಂಟಿ,10,1.0,0.0,1.0,0.0,0.0,False,low
Positive,ಚಂದನ್ ಶೆಟ್ಟಿ ಟ್ರೊಲ್ ವಿಡಿಯೋ ನೀವು ನೋಡಿ ನೆಗಡ್ಡೆ ಇದ್ರೆ ನಾವ್ ಗ್ಯಾರಂಟಿ,10,1.0,0.0,1.0,0.0,0.0,False,low
unknown state,My dream IPS,3,0.0,0.0,0.0,1.0,0.0,True,low
Positive,ಚಂದನ್ ಶೆಟ್ಟಿ ಟ್ರೊಲ್ ವಿಡಿಯೋ ನೀವು ನೋಡಿ ನೆಗಡ್ಡೆ ಇದ್ರೆ ನಾವ್ ಗ್ಯಾರಂಟಿ,10,1.0,0.0,1.0,0.0,0.0,False,low
Positive,ಚಂದನ್ ಶೆಟ್ಟಿ ಟ್ರೊಲ್ ವಿಡಿಯೋ ನೀವು ನೋಡಿ ನೆಗಡ್ಡೆ ಇದ್ರೆ ನಾವ್ ಗ್ಯಾರಂಟಿ,10,1.0,0.0,1.0,0.0,0.0,False,low
Positive,ಚಂದನ್ ಶೆಟ್ಟಿ ಟ್ರೊಲ್ ವಿಡಿಯೋ ನೀವು ನೋಡಿ ನೆಗಡ್ಡೆ ಇದ್ರೆ ನಾವ್ ಗ್ಯಾರಂಟಿ,10,1.0,0.0,1.0,0.0,0.0,False,low
Positive,Super song buddy,3,0.0,0.0,0.0,1.0,0.0,True,low
Positive,ಚಂದನ್ ಶೆಟ್ಟಿ ಟ್ರೊಲ್ ವಿಡಿಯೋ ನೀವು ನೋಡಿ ನೆಗಡ್ಡೆ ಇದ್ರೆ ನಾವ್ ಗ್ಯಾರಂಟಿ,10,1.0,0.0,1.0,0.0,0.0,False,low
Positive,ಚಂದನ್ ಶೆಟ್ಟಿ ಟ್ರೊಲ್ ವಿಡಿಯೋ ನೀವು ನೋಡಿ ನೆಗಡ್ಡೆ ಇದ್ರೆ ನಾವ್ ಗ್ಯಾರಂಟಿ,10,1.0,0.0,1.0,0.0,0.0,False,low
Positive,ಚಂದನ್ ಶೆಟ್ಟಿ ಟ್ರೊಲ್ ವಿಡಿಯೋ ನೀವು ನೋಡಿ ನೆಗಡ್ಡೆ ಇದ್ರೆ ನಾವ್ ಗ್ಯಾರಂಟಿ,10,1.0,0.0,1.0,0.0,0.0,False,low
Positive,ಚಂದನ್ ಶೆಟ್ಟಿ ಟ್ರೊಲ್ ವಿಡಿಯೋ ನೀವು ನೋಡಿ ನೆಗಡ್ಡೆ ಇದ್ರೆ ನಾವ್ ಗ್ಯಾರಂಟಿ,10,1.0,0.0,1.0,0.0,0.0,False,low
Positive,ಚಂದನ್ ಶೆಟ್ಟಿ ಟ್ರೊಲ್ ವಿಡಿಯೋ ನೀವು ನೋಡಿ ನೆಗಡ್ಡೆ ಇದ್ರೆ ನಾವ್ ಗ್ಯಾರಂಟಿ,10,1.0,0.0,1.0,0.0,0.0,False,low
Positive,ಚಂದನ್ ಶೆಟ್ಟಿ ಟ್ರೊಲ್ ವಿಡಿಯೋ ನೀವು ನೋಡಿ ನೆಗಡ್ಡೆ ಇದ್ರೆ ನಾವ್ ಗ್ಯಾರಂಟಿ,10,1.0,0.0,1.0,0.0,0.0,False,low
Positive,ಚಂದನ್ ಶೆಟ್ಟಿ ಟ್ರೊಲ್ ವಿಡಿಯೋ ನೀವು ನೋಡಿ ನೆಗಡ್ಡೆ ಇದ್ರೆ ನಾವ್ ಗ್ಯಾರಂಟಿ,10,1.0,0.0,1.0,0.0,0.0,False,low
Positive,ಚಂದನ್ ಶೆಟ್ಟಿ ಟ್ರೊಲ್ ವಿಡಿಯೋ ನೀವು ನೋಡಿ ನೆಗಡ್ಡೆ ಇದ್ರೆ ನಾವ್ ಗ್ಯಾರಂಟಿ,10,1.0,0.0,1.0,0.0,0.0,False,low
Positive,ಚಂದನ್ ಶೆಟ್ಟಿ ಟ್ರೊಲ್ ವಿಡಿಯೋ ನೀವು ನೋಡಿ ನೆಗಡ್ಡೆ ಇದ್ರೆ ನಾವ್ ಗ್ಯಾರಂಟಿ,10,1.0,0.0,1.0,0.0,0.0,False,low
Positive,ಚಂದನ್ ಶೆಟ್ಟಿ ಟ್ರೊಲ್ ವಿಡಿಯೋ ನೀವು ನೋಡಿ ನೆಗಡ್ಡೆ ಇದ್ರೆ ನಾವ್ ಗ್ಯಾರಂಟಿ,10,1.0,0.0,1.0,0.0,0.0,False,low
Positive,ಚಂದನ್ ಶೆಟ್ಟಿ ಟ್ರೊಲ್ ವಿಡಿಯೋ ನೀವು ನೋಡಿ ನೆಗಡ್ಡೆ ಇದ್ರೆ ನಾವ್ ಗ್ಯಾರಂಟಿ,10,1.0,0.0,1.0,0.0,0.0,False,low
Positive,ಚಂದನ್ ಶೆಟ್ಟಿ ಟ್ರೊಲ್ ವಿಡಿಯೋ ನೀವು ನೋಡಿ ನೆಗಡ್ಡೆ ಇದ್ರೆ ನಾವ್ ಗ್ಯಾರಂಟಿ,10,1.0,0.0,1.0,0.0,0.0,False,low
Positive,ಚಂದನ್ ಶೆಟ್ಟಿ ಟ್ರೊಲ್ ವಿಡಿಯೋ ನೀವು ನೋಡಿ ನೆಗಡ್ಡೆ ಇದ್ರೆ ನಾವ್ ಗ್ಯಾರಂಟಿ,10,1.0,0.0,1.0,0.0,0.0,False,low
Negative,ಯಾಕ್ ಗುರು ಈ. ಹಾಡು ಇಷ್ಟು ಅದ್ದಿಕ್ಟ್ ಆಗ್ಬಿಟ್ಟಿದೆ,7,1.0,0.0,1.0,0.0,0.0,False,low
Positive,ಚಂದನ್ ಶೆಟ್ಟಿ ಟ್ರೊಲ್ ವಿಡಿಯೋ ನೀವು ನೋಡಿ ನೆಗಡ್ಡೆ ಇದ್ರೆ ನಾವ್ ಗ್ಯಾರಂಟಿ,10,1.0,0.0,1.0,0.0,0.0,False,low
Positive,ಚಂದನ್ ಶೆಟ್ಟಿ ಟ್ರೊಲ್ ವಿಡಿಯೋ ನೀವು ನೋಡಿ ನೆಗಡ್ಡೆ ಇದ್ರೆ ನಾವ್ ಗ್ಯಾರಂಟಿ,10,1.0,0.0,1.0,0.0,0.0,False,low
unknown state,Nanu 2 sala nodidini,4,0.0,1.0,1.0,0.0,0.0,True,low
Positive,ಚಂದನ್ ಶೆಟ್ಟಿ ಟ್ರೊಲ್ ವಿಡಿಯೋ ನೀವು ನೋಡಿ ನೆಗಡ್ಡೆ ಇದ್ರೆ ನಾವ್ ಗ್ಯಾರಂಟಿ,10,1.0,0.0,1.0,0.0,0.0,False,low
Positive,ಚಂದನ್ ಶೆಟ್ಟಿ ಟ್ರೊಲ್ ವಿಡಿಯೋ ನೀವು ನೋಡಿ ನೆಗಡ್ಡೆ ಇದ್ರೆ ನಾವ್ ಗ್ಯಾರಂಟಿ,10,1.0,0.0,1.0,0.0,0.0,False,low
Positive,ಚಂದನ್ ಶೆಟ್ಟಿ ಟ್ರೊಲ್ ವಿಡಿಯೋ ನೀವು ನೋಡಿ ನೆಗಡ್ಡೆ ಇದ್ರೆ ನಾವ್ ಗ್ಯಾರಂಟಿ,10,1.0,0.0,1.0,0.0,0.0,False,low
Positive,ಚಂದನ್ ಶೆಟ್ಟಿ ಟ್ರೊಲ್ ವಿಡಿಯೋ ನೀವು ನೋಡಿ ನೆಗಡ್ಡೆ ಇದ್ರೆ ನಾವ್ ಗ್ಯಾರಂಟಿ,10,1.0,0.0,1.0,0.0,0.0,False,low
Positive,ಚಂದನ್ ಶೆಟ್ಟಿ ಟ್ರೊಲ್ ವಿಡಿಯೋ ನೀವು ನೋಡಿ ನೆಗಡ್ಡೆ ಇದ್ರೆ ನಾವ್ ಗ್ಯಾರಂಟಿ,10,1.0,0.0,1.0,0.0,0.0,False,low
Positive,ಚಂದನ್ ಶೆಟ್ಟಿ ಟ್ರೊಲ್ ವಿಡಿಯೋ ನೀವು ನೋಡಿ ನೆಗಡ್ಡೆ ಇದ್ರೆ ನಾವ್ ಗ್ಯಾರಂಟಿ,10,1.0,0.0,1.0,0.0,0.0,False,low
Positive,ಚಂದನ್ ಶೆಟ್ಟಿ ಟ್ರೊಲ್ ವಿಡಿಯೋ ನೀವು ನೋಡಿ ನೆಗಡ್ಡೆ ಇದ್ರೆ ನಾವ್ ಗ್ಯಾರಂಟಿ,10,1.0,0.0,1.0,0.0,0.0,False,low
Positive,ಚಂದನ್ ಶೆಟ್ಟಿ ಟ್ರೊಲ್ ವಿಡಿಯೋ ನೀವು ನೋಡಿ ನೆಗಡ್ಡೆ ಇದ್ರೆ ನಾವ್ ಗ್ಯಾರಂಟಿ,10,1.0,0.0,1.0,0.0,0.0,False,low
Positive,ಚಂದನ್ ಶೆಟ್ಟಿ ಟ್ರೊಲ್ ವಿಡಿಯೋ ನೀವು ನೋಡಿ ನೆಗಡ್ಡೆ ಇದ್ರೆ ನಾವ್ ಗ್ಯಾರಂಟಿ,10,1.0,0.0,1.0,0.0,0.0,False,low
Positive,ಚಂದನ್ ಶೆಟ್ಟಿ ಟ್ರೊಲ್ ವಿಡಿಯೋ ನೀವು ನೋಡಿ ನೆಗಡ್ಡೆ ಇದ್ರೆ ನಾವ್ ಗ್ಯಾರಂಟಿ,10,1.0,0.0,1.0,0.0,0.0,False,low
Positive,ಚಂದನ್ ಶೆಟ್ಟಿ ಟ್ರೊಲ್ ವಿಡಿಯೋ ನೀವು ನೋಡಿ ನೆಗಡ್ಡೆ ಇದ್ರೆ ನಾವ್ ಗ್ಯಾರಂಟಿ,10,1.0,0.0,1.0,0.0,0.0,False,low
Positive,ಚಂದನ್ ಶೆಟ್ಟಿ ಟ್ರೊಲ್ ವಿಡಿಯೋ ನೀವು ನೋಡಿ ನೆಗಡ್ಡೆ ಇದ್ರೆ ನಾವ್ ಗ್ಯಾರಂಟಿ,10,1.0,0.0,1.0,0.0,0.0,False,low
unknown state,2020  new year special viewers like here,7,0.0,0.0,0.0,1.0,0.0,False,low
Positive,ಚಂದನ್ ಶೆಟ್ಟಿ ಟ್ರೊಲ್ ವಿಡಿಯೋ ನೀವು ನೋಡಿ ನೆಗಡ್ಡೆ ಇದ್ರೆ ನಾವ್ ಗ್ಯಾರಂಟಿ,10,1.0,0.0,1.0,0.0,0.0,False,low
Positive,ಚಂದನ್ ಶೆಟ್ಟಿ ಟ್ರೊಲ್ ವಿಡಿಯೋ ನೀವು ನೋಡಿ ನೆಗಡ್ಡೆ ಇದ್ರೆ ನಾವ್ ಗ್ಯಾರಂಟಿ,10,1.0,0.0,1.0,0.0,0.0,False,low
Positive,ಚಂದನ್ ಶೆಟ್ಟಿ ಟ್ರೊಲ್ ವಿಡಿಯೋ ನೀವು ನೋಡಿ ನೆಗಡ್ಡೆ ಇದ್ರೆ ನಾವ್ ಗ್ಯಾರಂಟಿ,10,1.0,0.0,1.0,0.0,0.0,False,low
Positive,ಚಂದನ್ ಶೆಟ್ಟಿ ಟ್ರೊಲ್ ವಿಡಿಯೋ ನೀವು ನೋಡಿ ನೆಗಡ್ಡೆ ಇದ್ರೆ ನಾವ್ ಗ್ಯಾರಂಟಿ,10,1.0,0.0,1.0,0.0,0.0,False,low
Positive,ಚಂದನ್ ಶೆಟ್ಟಿ ಟ್ರೊಲ್ ವಿಡಿಯೋ ನೀವು ನೋಡಿ ನೆಗಡ್ಡೆ ಇದ್ರೆ ನಾವ್ ಗ್ಯಾರಂಟಿ,10,1.0,0.0,1.0,0.0,0.0,False,low
Positive,ಚಂದನ್ ಶೆಟ್ಟಿ ಟ್ರೊಲ್ ವಿಡಿಯೋ ನೀವು ನೋಡಿ ನೆಗಡ್ಡೆ ಇದ್ರೆ ನಾವ್ ಗ್ಯಾರಂಟಿ,10,1.0,0.0,1.0,0.0,0.0,False,low
Positive,ಚಂದನ್ ಶೆಟ್ಟಿ ಟ್ರೊಲ್ ವಿಡಿಯೋ ನೀವು ನೋಡಿ ನೆಗಡ್ಡೆ ಇದ್ರೆ ನಾವ್ ಗ್ಯಾರಂಟಿ,10,1.0,0.0,1.0,0.0,0.0,False,low
Positive,ಚಂದನ್ ಶೆಟ್ಟಿ ಟ್ರೊಲ್ ವಿಡಿಯೋ ನೀವು ನೋಡಿ ನೆಗಡ್ಡೆ ಇದ್ರೆ ನಾವ್ ಗ್ಯಾರಂಟಿ,10,1.0,0.0,1.0,0.0,0.0,False,low
Positive,ಚಂದನ್ ಶೆಟ್ಟಿ ಟ್ರೊಲ್ ವಿಡಿಯೋ ನೀವು ನೋಡಿ ನೆಗಡ್ಡೆ ಇದ್ರೆ ನಾವ್ ಗ್ಯಾರಂಟಿ,10,1.0,0.0,1.0,0.0,0.0,False,low
Positive,ಚಂದನ್ ಶೆಟ್ಟಿ ಟ್ರೊಲ್ ವಿಡಿಯೋ ನೀವು ನೋಡಿ ನೆಗಡ್ಡೆ ಇದ್ರೆ ನಾವ್ ಗ್ಯಾರಂಟಿ,10,1.0,0.0,1.0,0.0,0.0,False,low
Positive,ಚಂದನ್ ಶೆಟ್ಟಿ ಟ್ರೊಲ್ ವಿಡಿಯೋ ನೀವು ನೋಡಿ ನೆಗಡ್ಡೆ ಇದ್ರೆ ನಾವ್ ಗ್ಯಾರಂಟಿ,10,1.0,0.0,1.0,0.0,0.0,False,low
Positive,Movie is awesome,3,0.0,0.0,0.0,1.0,0.0,True,low
Positive,ಚಂದನ್ ಶೆಟ್ಟಿ ಟ್ರೊಲ್ ವಿಡಿಯೋ ನೀವು ನೋಡಿ ನೆಗಡ್ಡೆ ಇದ್ರೆ ನಾವ್ ಗ್ಯಾರಂಟಿ,10,1.0,0.0,1.0,0.0,0.0,False,low
Positive,ಚಂದನ್ ಶೆಟ್ಟಿ ಟ್ರೊಲ್ ವಿಡಿಯೋ ನೀವು ನೋಡಿ ನೆಗಡ್ಡೆ ಇದ್ರೆ ನಾವ್ ಗ್ಯಾರಂಟಿ,10,1.0,0.0,1.0,0.0,0.0,False,low
Positive,ಚಂದನ್ ಶೆಟ್ಟಿ ಟ್ರೊಲ್ ವಿಡಿಯೋ ನೀವು ನೋಡಿ ನೆಗಡ್ಡೆ ಇದ್ರೆ ನಾವ್ ಗ್ಯಾರಂಟಿ,10,1.0,0.0,1.0,0.0,0.0,False,low
Positive,ಚಂದನ್ ಶೆಟ್ಟಿ ಟ್ರೊಲ್ ವಿಡಿಯೋ ನೀವು ನೋಡಿ ನೆಗಡ್ಡೆ ಇದ್ರೆ ನಾವ್ ಗ್ಯಾರಂಟಿ,10,1.0,0.0,1.0,0.0,0.0,False,low
Positive,ಚಂದನ್ ಶೆಟ್ಟಿ ಟ್ರೊಲ್ ವಿಡಿಯೋ ನೀವು ನೋಡಿ ನೆಗಡ್ಡೆ ಇದ್ರೆ ನಾವ್ ಗ್ಯಾರಂಟಿ,10,1.0,0.0,1.0,0.0,0.0,False,low
Positive,ಚಂದನ್ ಶೆಟ್ಟಿ ಟ್ರೊಲ್ ವಿಡಿಯೋ ನೀವು ನೋಡಿ ನೆಗಡ್ಡೆ ಇದ್ರೆ ನಾವ್ ಗ್ಯಾರಂಟಿ,10,1.0,0.0,1.0,0.0,0.0,False,low
Positive,ಚಂದನ್ ಶೆಟ್ಟಿ ಟ್ರೊಲ್ ವಿಡಿಯೋ ನೀವು ನೋಡಿ ನೆಗಡ್ಡೆ ಇದ್ರೆ ನಾವ್ ಗ್ಯಾರಂಟಿ,10,1.0,0.0,1.0,0.0,0.0,False,low
Positive,ಚಂದನ್ ಶೆಟ್ಟಿ ಟ್ರೊಲ್ ವಿಡಿಯೋ ನೀವು ನೋಡಿ ನೆಗಡ್ಡೆ ಇದ್ರೆ ನಾವ್ ಗ್ಯಾರಂಟಿ,10,1.0,0.0,1.0,0.0,0.0,False,low
Positive,ಚಂದನ್ ಶೆಟ್ಟಿ ಟ್ರೊಲ್ ವಿಡಿಯೋ ನೀವು ನೋಡಿ ನೆಗಡ್ಡೆ ಇದ್ರೆ ನಾವ್ ಗ್ಯಾರಂಟಿ,10,1.0,0.0,1.0,0.0,0.0,False,low
Positive,ಚಂದನ್ ಶೆಟ್ಟಿ ಟ್ರೊಲ್ ವಿಡಿಯೋ ನೀವು ನೋಡಿ ನೆಗಡ್ಡೆ ಇದ್ರೆ ನಾವ್ ಗ್ಯಾರಂಟಿ,10,1.0,0.0,1.0,0.0,0.0,False,low
Positive,ಚಂದನ್ ಶೆಟ್ಟಿ ಟ್ರೊಲ್ ವಿಡಿಯೋ ನೀವು ನೋಡಿ ನೆಗಡ್ಡೆ ಇದ್ರೆ ನಾವ್ ಗ್ಯಾರಂಟಿ,10,1.0,0.0,1.0,0.0,0.0,False,low
Positive,ಚಂದನ್ ಶೆಟ್ಟಿ ಟ್ರೊಲ್ ವಿಡಿಯೋ ನೀವು ನೋಡಿ ನೆಗಡ್ಡೆ ಇದ್ರೆ ನಾವ್ ಗ್ಯಾರಂಟಿ,10,1.0,0.0,1.0,0.0,0.0,False,low
Positive,ಚಂದನ್ ಶೆಟ್ಟಿ ಟ್ರೊಲ್ ವಿಡಿಯೋ ನೀವು ನೋಡಿ ನೆಗಡ್ಡೆ ಇದ್ರೆ ನಾವ್ ಗ್ಯಾರಂಟಿ,10,1.0,0.0,1.0,0.0,0.0,False,low
Positive,ಚಂದನ್ ಶೆಟ್ಟಿ ಟ್ರೊಲ್ ವಿಡಿಯೋ ನೀವು ನೋಡಿ ನೆಗಡ್ಡೆ ಇದ್ರೆ ನಾವ್ ಗ್ಯಾರಂಟಿ,10,1.0,0.0,1.0,0.0,0.0,False,low
Positive,ಚಂದನ್ ಶೆಟ್ಟಿ ಟ್ರೊಲ್ ವಿಡಿಯೋ ನೀವು ನೋಡಿ ನೆಗಡ್ಡೆ ಇದ್ರೆ ನಾವ್ ಗ್ಯಾರಂಟಿ,10,1.0,0.0,1.0,0.0,0.0,False,low
Positive,ಚಂದನ್ ಶೆಟ್ಟಿ ಟ್ರೊಲ್ ವಿಡಿಯೋ ನೀವು ನೋಡಿ ನೆಗಡ್ಡೆ ಇದ್ರೆ ನಾವ್ ಗ್ಯಾರಂಟಿ,10,1.0,0.0,1.0,0.0,0.0,False,low
Positive,ರಕ್ಷಿತ್ ಶೆಟ್ಟಿಯವರು ಎರಡನೇ ಕನ್ನಡದ ಕನಸುಗಾರ,5,1.0,0.0,1.0,0.0,0.0,False,low
Positive,ಚಂದನ್ ಶೆಟ್ಟಿ ಟ್ರೊಲ್ ವಿಡಿಯೋ ನೀವು ನೋಡಿ ನೆಗಡ್ಡೆ ಇದ್ರೆ ನಾವ್ ಗ್ಯಾರಂಟಿ,10,1.0,0.0,1.0,0.0,0.0,False,low
Positive,ಚಂದನ್ ಶೆಟ್ಟಿ ಟ್ರೊಲ್ ವಿಡಿಯೋ ನೀವು ನೋಡಿ ನೆಗಡ್ಡೆ ಇದ್ರೆ ನಾವ್ ಗ್ಯಾರಂಟಿ,10,1.0,0.0,1.0,0.0,0.0,False,low
Positive,ಚಂದನ್ ಶೆಟ್ಟಿ ಟ್ರೊಲ್ ವಿಡಿಯೋ ನೀವು ನೋಡಿ ನೆಗಡ್ಡೆ ಇದ್ರೆ ನಾವ್ ಗ್ಯಾರಂಟಿ,10,1.0,0.0,1.0,0.0,0.0,False,low
Positive,ಚಂದನ್ ಶೆಟ್ಟಿ ಟ್ರೊಲ್ ವಿಡಿಯೋ ನೀವು ನೋಡಿ ನೆಗಡ್ಡೆ ಇದ್ರೆ ನಾವ್ ಗ್ಯಾರಂಟಿ,10,1.0,0.0,1.0,0.0,0.0,False,low
Positive,ಚಂದನ್ ಶೆಟ್ಟಿ ಟ್ರೊಲ್ ವಿಡಿಯೋ ನೀವು ನೋಡಿ ನೆಗಡ್ಡೆ ಇದ್ರೆ ನಾವ್ ಗ್ಯಾರಂಟಿ,10,1.0,0.0,1.0,0.0,0.0,False,low
Positive,ಚಂದನ್ ಶೆಟ್ಟಿ ಟ್ರೊಲ್ ವಿಡಿಯೋ ನೀವು ನೋಡಿ ನೆಗಡ್ಡೆ ಇದ್ರೆ ನಾವ್ ಗ್ಯಾರಂಟಿ,10,1.0,0.0,1.0,0.0,0.0,False,low
Positive,ಚಂದನ್ ಶೆಟ್ಟಿ ಟ್ರೊಲ್ ವಿಡಿಯೋ ನೀವು ನೋಡಿ ನೆಗಡ್ಡೆ ಇದ್ರೆ ನಾವ್ ಗ್ಯಾರಂಟಿ,10,1.0,0.0,1.0,0.0,0.0,False,low
Positive,ಈ ಹಾಡು ಕೇಳಲು ತುಂಬ ಚೆನ್ನಾಗಿದೆ,5,1.0,0.0,1.0,0.0,0.0,False,low
not-Kannada,OUR Karnataka is great state in india,7,0.0,0.0,0.0,1.0,0.0,False,low
not-Kannada,OUR Karnataka is great state in india,7,0.0,0.0,0.0,1.0,0.0,False,low
Positive,Super steps brooooo,3,0.0,0.0,0.0,1.0,0.0,True,low
Positive,ನನಗೆ ಈ ಹಾಡಿನಲ್ಲಿ ಜಾಸ್ತಿ ಇಷ್ಟ ಆಗಿದ್ದು ಕನ್ನಡ ಸಾಹಿತ್ಯ ಮತ್ತು ಹಿನ್ನೆಲೆ ಸಂಗೀತ ಅತೀ ಮುಖ್ಯವಾಗಿ ಅವನ ಗತ್ತು ಮತ್ತು ನಟನೆ,17,1.0,0.0,1.0,0.0,0.0,False,low
unknown state,Any Hubli Hudga Here,4,0.0,0.0,0.0,1.0,0.0,True,low
Mixed feelings,@Nikhil raj arya Nija kananna,5,0.0,1.0,1.0,0.0,0.0,False,low
Mixed feelings,ಸಾವರ್ಥ ರಾಜಕೀಯ ಮತ್ತು ರೌಡಿಸಂ ಮತ್ತು ಕೆಲಸ ಗಾರರು ಮಾಲಿಕ ನನು ರಕ್ಷಣೆ ಮಾಡಲಿಲ್ಲ,11,1.0,0.0,1.0,0.0,0.0,False,low
Mixed feelings,ಪ್ರಪಂಚವನ್ನೇ ನಡುಗಿಸುತ್ತಿರುವ ಉಗ್ರವಾದ ಕರೋನಾಗೆ ಶಾಕ್!!nರೂ.50,5,1.0,0.0,1.0,0.0,0.0,False,low
Negative,ಚಿನಾ ಎನನಾ ಉತ್ಪಾದನೆ  ಮಾಡಲಿ ನಿನು ನಿನದೇಶ ಉತ್ಪಾದನೆ ಮಾಡಿದ ವಸ್ತುಗಳು ಉಪಯೊಗಿಸು  ನಮ್ಮ ಗಿಂತ ದೊಡ್ಡದೆನು ಅಲ್ಲ  ಭಾರತೀಯರನ್ನು  ನಿನ್ನ ಅತಿ ಬುದಿವಂತಿಕೆಯಿಂದ ಕಿಂಚಪರಿಚಬೆಡ,19,1.0,0.0,1.0,0.0,0.0,False,low
Mixed feelings,Nice explain sir,3,0.0,0.0,0.0,1.0,0.0,True,low
Negative,ನಮ್ಮ ದೇಶದಲ್ಲಿ ರಾಜಕೀಯ ಮಾಡಿ ಸಾಯಿತಾರೆ ಸೊ ರಾಜಕೀಯ ಇಲ್ಲ ಅಂದ್ರೆ ದೇಶ ಬೇಗ ಉದ್ದಾರ ಆಗುತ್ತೆ ಇಲ್ಲ ಅಂದ್ರೆ ಅಷ್ಟೇ....,16,1.0,0.0,1.0,0.0,0.0,False,low
Mixed feelings,ಪ್ರಪಂಚವನ್ನೇ ನಡುಗಿಸುತ್ತಿರುವ ಉಗ್ರವಾದ ಕರೋನಾಗೆ ಶಾಕ್!!nರೂ.50,5,1.0,0.0,1.0,0.0,0.0,False,low
Positive,ಅಲ್ಲಾಉದ್ದೀನ್ ಯಾರು ಸರ್,3,1.0,0.0,1.0,0.0,0.0,True,low
Mixed feelings,2020 ಇಪತ್ತರಲ್ಲಿ ಅತ್ಯುತ್ತಮ ನಿರ್ಧಾರ ಸರಿಯಾಗಿಯೇ ಇದೆ,6,1.0,0.0,1.0,0.0,0.0,False,low
unknown state,Give me ur mail address,5,0.0,0.0,0.0,1.0,0.0,False,low
unknown state,Yav thappu illa,3,0.0,1.0,1.0,0.0,0.0,True,low
Mixed feelings,ಸೂಪರ್ ಬ್ರದರ್ ನೀವು,3,1.0,0.0,1.0,0.0,0.0,True,low
not-Kannada,Bro  I am your big fan,6,0.0,0.0,0.0,1.0,0.0,False,low
Positive,Super bro keep doing bro,5,0.0,0.0,0.0,1.0,0.0,False,low
Mixed feelings,Bro game name,3,0.0,0.0,0.0,1.0,0.0,True,low
Mixed feelings,Bro your playing game name,5,0.0,0.0,0.0,1.0,0.0,False,low
not-Kannada,Super song bro,3,0.0,0.0,0.0,1.0,0.0,True,low
unknown state,Nim uru yavdu,3,0.0,1.0,1.0,0.0,0.0,True,low
not-Kannada,Super song bro,3,0.0,0.0,0.0,1.0,0.0,True,low
Positive,ನಿಂದು ಬ್ರೋ ನಿಜವಾದ ಟ್ಯಾಲೆಂಟ್ ಅಂದ್ರೆ,5,1.0,0.0,1.0,0.0,0.0,False,low
not-Kannada,Super song sir,3,0.0,0.0,0.0,1.0,0.0,True,low
Mixed feelings,ಗುರು ಸುಪ್ಪರ್ ನೀವು,3,1.0,0.0,1.0,0.0,0.0,True,low
not-Kannada,Super song bro,3,0.0,0.0,0.0,1.0,0.0,True,low
Positive,ಟಿಕ್ ಟಾಕ್ #ಕ್ರಿಯೇಟಿವ್ ಕನ್ನಡಿಗ ನಿಮಗೆ ನಮ್ಮ #ಕನ್ನಡ ಜನತೆಯಿಂದ ತುಂಬು ಹೃದಯದ #ಧನ್ಯವಾದಗಳು ನೀವು ಇದೇ ರೀತಿಯಿಂದ ಮುಂದೆ ಇನ್ನೂ ಹೆಚ್ಚಿನ ವಿಡಿಯೋ ಗಳನ್ನು ಮಾಡಬೇಕೆಂದು ತಮ್ಮಲ್ಲಿ ವಿನಂತಿ ಜೈ ಹಿಂದ್ ಜೈ #ಕರ್ನಾಟಕ ಮಾತೆ,27,1.0,0.0,1.0,0.0,0.0,False,low
Negative,yestu bejar Ali edhe nange nagu tadiyoke agtha Ella vidoe nodi,11,0.0,1.0,1.0,0.0,0.0,False,low
Positive,Anna super song...,3,0.0,0.0,0.0,1.0,0.0,True,low
Negative,ಹಲೋ ಫಾರ್ ನನ್ ಮಗಂಗೆ ಮಾನ ಮರ್ಯಾದೆ ಇಲ್ಲ ಅಣ್ಣ ಇಲ್ಲೋ ಏನು ಆಗಿದೆಯಂತೆ ಯುನೋ ಭಾರತ-ಚೈನಾ ಫಸ್ಟ್ ಕೇಳಿ ಅಣ್ಣ ನಮ್ ದೇಶಕ್ಕೆ ದ್ರೋಹ ಬಗ್ಗೆ ದ್ರೋಹಿಯನ್ನು ಅಣ್ಣ ಇನ್ನೂ ಸ್ವಲ್ಪ ಚೆನ್ನಾಗಿ ಉಗಿರಿ ಅವನಿಗೆ,27,1.0,0.0,1.0,0.0,0.0,False,low
Negative,ಅಣ್ಣ ನಮ್ಮನ್ನು ಅಲ್ಲ ಅವರ ಗೋಳು ಅಂತ ಹೇಳಿ,7,1.0,0.0,1.0,0.0,0.0,False,low
Negative,ಅಣ್ಣ ಇನ್ನೊಂದ್ ಸ್ವಲ್ಪ ಉಗಿರಿ ಅವರಿಗೆ ನಮ್ಮ ಯೋಧರ ಬಗ್ಗೆ ಚಿಂತನೆ ಮಾಡುತ್ತಿಲ್ಲ ತಿರುಬೋಕಿ ಇನ್ನು ಸ್ವಲ್ಪ ಚೆನ್ನಾಗಿ ಉಗಿರಿ ಅಣ್ಣ,16,1.0,0.0,1.0,0.0,0.0,False,low
Positive,ಅಣ್ಣಾ ಚೆನ್ನಾಗಿ ಉಗಿತಿರಾ,3,1.0,0.0,1.0,0.0,0.0,True,low
Mixed feelings,Game name  bro,3,0.0,0.0,0.0,1.0,0.0,True,low
Positive,Amruta kud dashte santosha kanla,5,0.0,1.0,1.0,0.0,0.0,False,low
Mixed feelings,Mass video music link send,5,0.0,0.0,0.0,1.0,0.0,False,low
Mixed feelings,ಮಿಂಡರಿಗುಟ್ಟಿದೊನೆ. ನಿನ್ನ. ಮಾತೆ.   ಹೆಚ್ಚಾಯಿತಲ್ಲೋ,4,1.0,0.0,1.0,0.0,0.0,False,low
not-Kannada,Superb man,2,0.0,0.0,0.0,1.0,0.0,True,low
not-Kannada,Super bro,2,0.0,0.0,0.0,1.0,0.0,True,low
Mixed feelings,Nivu tiktok madilva?,3,0.0,1.0,1.0,0.0,0.0,True,low
Positive,ತುಂಬಾ ನಗು ಬಂತು ಗುರು,4,1.0,0.0,1.0,0.0,0.0,False,low
Positive,ಬರೆಯುತ್ತಾ ಹೋದರೆ ಇದೊಂದು  ಸುದೀರ್ಘ ಲೇಖನವಾಗಿಬಿಡಬಹುದೇನೊ ಆದರೆ ಈ ಕ್ಷಣಕ್ಕೆ ಈ ಒಂದು ಅಪರೂಪದ ಸಿನೆಮಾದ ಕುರಿತು ಬರೆಯದೆ ಅಪೂರ್ಣನಾಗಲಾರೆ. ಕೆಲವು ಸಿನಿಮಾ,17,1.0,0.0,1.0,0.0,0.0,False,low
Positive,Sir naanu helabekiddanna thumba channagi helidira. Nimma mathugalashte sumadura hrudaya sparshi agide. Pls yelladru nodi 1 sala adru. Olle anubhava beku antha iroru...,23,0.0,0.9444,0.9444,0.0556,0.1111,False,low
Positive,ಕನ್ನಡದಲ್ಲಿ  ಬರಹವನ್ನು  ಬರೆದ  ನಿಮಗೆ  ನನ್ನ  ಅಭಿನಂದನೆಗಳು ಸಿನಿಮಾ  ಚೆನ್ನಾಗಿದೆ   ನನ್ನ  ಹೃದಯಕ್ಕೆ  ಮನಸ್ಸಿಗೇ ಮುಟ್ಟಿದ ಸಿನಿಮಾ ಇದು... ಒಳ್ಳೆಯದಾಗಲಿ,15,1.0,0.0,1.0,0.0,0.0,False,low
unknown state,@jeevan gowda ಧನ್ಯವಾದ.,3,0.3333,0.6667,1.0,0.0,0.0,True,low
Positive,Thumba chennagide  nimma abhipraya..,4,0.0,1.0,1.0,0.0,0.0,False,low
Negative,ನಿಮ್ಮ ಕನ್ನಡ ಬಳಕೆ ತುಂಬಾ ಸೊಗಸಾಗಿದೆ.. ಈ ಸಿನಿಮಾ ಕುರಿತು  ನೀವು ಹೇಳಿದ ಮಾತುಗಳೆಲ್ಲವು ಅಕ್ಷರಶಃ ನಿಜ. ನಿರ್ದೇಶಕರ ಸೃಜನಶೀಲತೆ ಹಾಗೂ ಕಲಾತ್ಮಕತೆ ಎರಡೂ ತರ್ಕಕ್ಕೆ ನಿಲುಕದ್ದು,20,1.0,0.0,1.0,0.0,0.0,False,low
unknown state,ಈಗ ಎಲ್ಲಾ ಮಕ್ಕಳಿಗೂ ಎಗ್ಜಾಮ್ ಟೆನ್ಶನ್ ಎಸ್ಎಸ್ಎಲ್ಸಿ ಪಿಯುಸಿ ಮುನ್ನಾದಿನ ಅವರ ಮನೆಗಳನ್ನು ಸ್ವಚ್ಛ ಮಾಡಿಕೊಳ್ಳುವುದು ಬಹಳ ಇದೆ,14,1.0,0.0,1.0,0.0,0.0,False,low
unknown state,nim manigu bandidna.......?,3,0.0,1.0,1.0,0.0,0.0,True,low
Negative,Edu  muda  nabike   nama Jana enu  betela,7,0.0,1.0,1.0,0.0,0.0,False,low
unknown state,Is it omg,3,0.0,0.0,0.0,1.0,0.0,True,low
Positive,Free fire lover like here,5,0.0,0.0,0.0,1.0,0.0,False,low
Positive,Nanagu hage ansate,3,0.0,1.0,1.0,0.0,0.0,True,low
Negative,ಎಲ್ಲಾ ನಂಬಿಕೆ ಅಷ್ಟೇ..,3,1.0,0.0,1.0,0.0,0.0,True,low
Negative,ಸತ್ಯಕ್ಕೆ ದೂರವಾದ ವಿಚಾರ . ಯಾಕೆ ಸುಳ್ಳು ಹೇಳುತ್ತಾರಿ,7,1.0,0.0,1.0,0.0,0.0,False,low
Mixed feelings,ಆಶ್ವತಾಮ ಇನೂ ಬದಕಿದಾನಾ,3,1.0,0.0,1.0,0.0,0.0,True,low
Negative,ಬೆಂಗಳೂರಿಗೂ ಬಂದಿದ್ದರು ಅಶ್ವತ್ಥಾಮ,3,1.0,0.0,1.0,0.0,0.0,True,low
Negative,Kera togondu odebeku nana magana,5,0.0,1.0,1.0,0.0,0.0,False,low
Negative,ನಮ್ ಮನೆಗೂ ಬಂದಿದ್ರು 2 ಬಿಯರ್ ಕುಡ್ಸಿ ಕಳ್ಸ್ದೆ,7,1.0,0.0,1.0,0.0,0.0,False,low
unknown state,pakka prufff kodi,3,0.0,1.0,1.0,0.0,0.0,True,low
unknown state,Vaidyo narayano Hari,3,0.0,1.0,1.0,0.0,0.0,True,low
unknown state,ಮಹಾಭಾರತದ ಕಾಲದ ಭಾಷೆ ಯಾವುದಾಗಿತು,4,1.0,0.0,1.0,0.0,0.0,False,low
unknown state,Sanskrit language bro....,3,0.0,0.0,0.0,1.0,0.0,True,low
Positive,ಇದೆಲ್ಲ ನಿಜಾನೆ ಏಕೆ ಅಂದ್ರೆ ಮಹಾಭಾರತ ನಡೆದಿರುವ ಬಗ್ಗೆ ನಮಗೆ ಗೊತ್ತಿದೆ ಅದರ ಕುರುಹುnಶ್ರೀ ಕೃಷ್ಣನ ಹೃದಯ ಈಗಲೂ ಪೂರಿ ಜಗನ್ನಾಥ್ ದೇವಸ್ಥನದಲ್ಲಿ ಜೀವಂತವಾಗಿ ಇರುವುದುn ನಮ್ಮ  ಕೆಲವು ರಾಜಕಾಿಣಿಗಳು taxnಹಣ ದೋಚುವ ಬಗ್ಗೆ ಹೆಚ್ಚಿನ ಆಸಕ್ತಿಯನ್ನು ಹೊಂದಿರುತ್ತಾರೆ. ಆದ್ದರಿಂದ ಇಂತಹ ಅನೇಕ ವಿಚಾರಗಳು ಯಾರಿಗೂ ತಿಳಿದಿಲ್ಲ,34,1.0,0.0,1.0,0.0,0.0,False,low
unknown state,ಅಶ್ವತ್ಥಮ್ ನಿಗೆ  ಎಷ್ಟು ಭಾಷೆ ಬರುತ್ತವೆ ಅಥವಾ ಯಾವ ಭಾಷೆ ಬರುತ್ತೆ?,9,1.0,0.0,1.0,0.0,0.0,False,low
unknown state,Nijana edhu,2,0.0,1.0,1.0,0.0,0.0,True,low
Positive,ನನಗೆ ಮಹಾಭಾರತ ಅಂದರೆ ತುಂಬಾನೆ ಇಷ್ಟ....nಮಹಾಭಾರತದಲ್ಲಿ  ಬರುವ ಪಾತ್ರಗಳು,7,1.0,0.0,1.0,0.0,0.0,False,low
Negative,Fake fake fake YouTube,4,0.0,0.0,0.0,1.0,0.0,False,low
Mixed feelings,Nanu kuda ashwattamananna nodidini,4,0.0,1.0,1.0,0.0,0.0,False,low
Negative,Yavado yavado hakithira realu videos madi haki elwa edana neja agedre proove madi News Ali haki,16,0.0,0.9286,0.9286,0.0714,0.1429,False,low
Mixed feelings,Avanige savilla adre evagu edana,5,0.0,1.0,1.0,0.0,0.0,False,low
unknown state,Is it true,3,0.0,0.0,0.0,1.0,0.0,True,low
unknown state,Avana Basha Yevadu,3,0.0,1.0,1.0,0.0,0.0,True,low
Negative,Muchgond irappa Nim dharmad bagge nodkond sumne irinNam nambike bagge nimag yeke uri,13,0.0,1.0,1.0,0.0,0.0,False,low
Negative,All are fake,3,0.0,0.0,0.0,1.0,0.0,True,low
Negative,Krishana  shapa tatteleebeku,3,0.0,1.0,1.0,0.0,0.0,True,low
unknown state,havdhu Nama manegu bandhidha .asshvathama,5,0.0,1.0,1.0,0.0,0.0,False,low
not-Kannada,Kavravru ketavarala viraru,3,0.0,1.0,1.0,0.0,0.0,True,low
Negative,Enu anta matadtiyo hichha ninge? Lofer,6,0.0,1.0,1.0,0.0,0.0,False,low
Negative,Nivu deshada Ella moole moole bidade suttidira. Avaru hagella sikka sikka varigella kanisikolluvudilla,13,0.0,1.0,1.0,0.0,0.0,False,low
unknown state,@Entertainment Gaming okkk,3,0.0,0.0,0.0,1.0,0.0,True,low
unknown state,Nanna ekkada ನನ್ನ ಎಕ್ಕಡ,4,0.5,0.5,1.0,0.0,0.0,False,low
Mixed feelings,I am watching,3,0.0,0.0,0.0,1.0,0.0,True,low
unknown state,@Mad Titan 8iokkiyhopbrfnllj,3,0.0,0.0,0.0,1.0,0.0,True,low
unknown state,@Mad Titan Zoom ultra modem,5,0.0,0.0,0.0,1.0,0.0,True,low
Positive,SUPER  R  BOSS,3,0.0,0.0,0.0,1.0,0.0,True,low
Positive,ಸಕ್ಕತ್ತಾಗಿದೆ ... ROCK KANNADA ROCK...,5,1.0,0.0,1.0,0.0,0.0,True,low
Mixed feelings,30 M 🤐🤐,3,0.0,0.0,0.0,1.0,0.0,True,low
Positive,Super song very interesting,4,0.0,0.0,0.0,1.0,0.0,False,low
Positive,My most favorite song,4,0.0,0.0,0.0,1.0,0.0,False,low
Positive,Jai ASN nJai Karnataka,4,0.0,1.0,1.0,0.0,0.0,True,low
Positive,Hands uppppp chindiiiiii,3,0.0,0.0,0.0,1.0,0.0,True,low
Positive,ಉಸಿರ ಕೊನೆ ಕನ್ನಡ ಆಲ್ಬಂ ಸೊಂಗ್nಎಲ್ಲರೂ ನೋಡಿ ಹಾಗೂ ಚಾನೆಲ್ Subscribe ಮಾಡಿn,10,1.0,0.0,1.0,0.0,0.0,False,low
Positive,Super song and super singer sir,6,0.0,0.0,0.0,1.0,0.0,False,low
Positive,Kannada songs always great....,4,0.0,0.0,0.0,1.0,0.0,True,low
Positive,MASS  SONG,2,0.0,0.0,0.0,1.0,0.0,True,low
unknown state,ಉಡುಪಿ ಜನತೆ ಒಂದು ಲೈಕ್ ಮಾಡಿ,5,1.0,0.0,1.0,0.0,0.0,False,low
Positive,ಸೂಪರ್ ಸಾಂಗ್ ರಕ್ಷಿತ್ ಶೆಟ್ಟಿ ಸರ್ nನಮ್ಮ ಉಡುಪಿ ಜಿಲ್ಲೆಯ ಹೆಮ್ಮೆ,9,1.0,0.0,1.0,0.0,0.0,False,low
Mixed feelings,Who is here after 300k likes,6,0.0,0.0,0.0,1.0,0.0,False,low
Positive,THI SONG SINGER VIJAY SVOICE ZIG ZIG AMAZING,8,0.0,1.0,1.0,0.0,0.0,True,low
Positive,Super  song,2,0.0,0.0,0.0,1.0,0.0,True,low
Positive,Most liked kannada movie songsn1,5,0.0,0.0,0.0,1.0,0.0,False,low
unknown state,@sumit patil KGF,3,0.0,1.0,1.0,0.0,0.0,True,low
Positive,So good  song,3,0.0,0.0,0.0,1.0,0.0,True,low
Positive,OMG  SO GOOD SONG,4,0.0,0.0,0.0,1.0,0.0,True,low
not-Kannada,Super song I like it,5,0.0,0.0,0.0,1.0,0.0,False,low
not-Kannada,Z I p,3,0.0,0.0,0.0,1.0,0.0,True,low
not-Kannada,Very good song,3,0.0,0.0,0.0,1.0,0.0,True,low
Positive,ಇದು ಚರಿತ್ರೆ ಸ್ರಷ್ಟಿಸೊ ಅವತಾರಾ,4,1.0,0.0,1.0,0.0,0.0,False,low
Positive,Super song guru,3,0.0,0.0,0.0,1.0,0.0,True,low
Positive,Houdo huliya,2,0.0,1.0,1.0,0.0,0.0,True,low
unknown state,No.1 song ri,3,0.0,0.0,0.0,1.0,0.0,True,low
Positive,Super Hands up,3,0.0,0.0,0.0,1.0,0.0,True,low
unknown state,Hands up for Vijay sir,5,0.0,0.0,0.0,1.0,0.0,False,low
Mixed feelings,28 M,2,0.0,0.0,0.0,1.0,0.0,True,low
Negative,Keli kadiruva bandhavarenBhuviyalli avana aritavarenYarilla bidi,6,0.0,1.0,1.0,0.0,0.0,False,low
Positive,Kalyana Karnataka ivaga,3,0.0,1.0,1.0,0.0,0.0,True,low
Positive,Super music 🤘🤟,3,0.0,0.0,0.0,1.0,0.0,True,low
Positive,KGF (chaffer 2) bega bara beku,6,0.0,1.0,1.0,0.0,0.0,False,low
unknown state,Kannada  s,2,0.0,0.0,0.0,1.0,0.0,True,low
Positive,Every day i am listening,5,0.0,0.0,0.0,1.0,0.0,False,low
Positive,Houdu Ri Promote Matadbeku,4,0.0,1.0,1.0,0.0,0.0,True,low
Positive,It is vvvvvvvvvsuper,3,0.0,0.0,0.0,1.0,0.0,True,low
Positive,Super  songs,2,0.0,0.0,0.0,1.0,0.0,True,low
Positive,I love you Vvvvvvvvvv......,4,0.0,0.0,0.0,1.0,0.0,True,low
Positive,ಕನ್ನಡ ಸಾಂಗ್ ಚರಿತ್ರೆ ಸೃಷ್ಟಿಸೊ ಅವತಾರ,5,1.0,0.0,1.0,0.0,0.0,False,low
Mixed feelings,ಯಾರ ಯಾರ 300k ಲೈಕ್ಸ್ ಗೆ ವೈಟಿಂಗ್n,6,1.0,0.0,1.0,0.0,0.0,False,low
Mixed feelings,27 M Views,3,0.0,0.0,0.0,1.0,0.0,True,low
Positive,super song ma,3,0.0,0.0,0.0,1.0,0.0,True,low
not-Kannada,Upload in Hindi plz,4,0.0,0.0,0.0,1.0,0.0,True,low
unknown state,LA TV all Yb comedy,5,0.0,0.0,0.0,1.0,0.0,True,low
Positive,ಇದು ಚರಿತ್ರೆ ಸೃಷ್ಟಿಸೋ ಅವತಾರ,4,1.0,0.0,1.0,0.0,0.0,False,low
not-Kannada,LIKE  1M,2,0.0,0.0,0.0,1.0,0.0,True,low
not-Kannada,LIKE  1M,2,0.0,0.0,0.0,1.0,0.0,True,low
Positive,Super I like him,4,0.0,0.0,0.0,1.0,0.0,False,low
Positive,Idu charitre shrushtiso avatara,4,0.0,1.0,1.0,0.0,0.0,False,low
Mixed feelings,26 M Views,3,0.0,0.0,0.0,1.0,0.0,True,low
Positive,ಯದ್ದಮಾಡಬೇಕು ಓದಬಾರದು ಕಟುಕರಮುಂದೆ ಭಗವತ್ಗೀತೆ ಅದ್ಬುತ ರಚನೆ,6,1.0,0.0,1.0,0.0,0.0,False,low
Positive,My  favorite songs,3,0.0,0.0,0.0,1.0,0.0,True,low
Positive,AMAZING SONG IN KANNADA,4,0.0,0.0,0.0,1.0,0.0,True,low
Positive,RAKSHIT SHETTY ಅವರ ನಿಜವಾದ ಅಭಿಮಾನಿಗಳು ನಮ್ಮ ಚ್ಯಾನೆಲ್ ಗೇ SUBSCRIBE  ಅಗಿn,10,0.875,0.125,1.0,0.0,0.0,False,low
Negative,Fuck u Bollywood🤬🤬🤬🤬,3,0.0,0.0,0.0,1.0,0.0,True,low
Positive,Most super song,3,0.0,0.0,0.0,1.0,0.0,True,low
not-Kannada,Acchaa kannada...soopr song....,3,0.0,1.0,1.0,0.0,0.0,True,low
Mixed feelings,25 M  View,3,0.0,0.0,0.0,1.0,0.0,True,low
Positive,Super  song I like it so much,7,0.0,0.0,0.0,1.0,0.0,False,low
Negative,ಕೇಳಿ ಕಾದಿರುವ ಬಾಂಧವರೇnnಭುವಿಯಲ್ಲಿ ಅವನ ಅರಿತವರೆnnಯಾರಿಲ್ಲ ಬಿಡಿ,6,1.0,0.0,1.0,0.0,0.0,False,low
Positive,Amazing song,2,0.0,0.0,0.0,1.0,0.0,True,low
unknown state,Signature step,2,0.0,0.0,0.0,1.0,0.0,True,low
Mixed feelings,Super hands up..,3,0.0,0.0,0.0,1.0,0.0,True,low
Mixed feelings,u great pa love u,5,0.0,0.0,0.0,1.0,0.0,False,low
Positive,Awesome,1,0.0,0.0,0.0,1.0,0.0,True,low
Positive,ಕನ್ನಡ ಚಿತ್ರರಂಗದ ಡಿಫರೆಂಟ್ ಹುಲಿ,4,1.0,0.0,1.0,0.0,0.0,False,low
Mixed feelings,ಇವನೆ ಶ್ರೀ ಮಾನನಾರಯಣ,3,1.0,0.0,1.0,0.0,0.0,True,low
Mixed feelings,Song Kelade Like Kodoru Like Madi,6,0.0,0.0,0.0,1.0,0.0,True,low
Positive,Awesome song,2,0.0,0.0,0.0,1.0,0.0,True,low
Negative,ಬಡ್ಡಿ ಮಗಂದು ಯಾವತ್ ಬಾರುತೋ 27ನೇ ತಾರೀಖು,6,1.0,0.0,1.0,0.0,0.0,False,low
Positive,ನೀನು ಗೆದ್ದೆ ಬಿಡು ಗುರು.....,4,1.0,0.0,1.0,0.0,0.0,False,low
Positive,ಇದು ಚರಿತ್ರೆ ಸೃಷ್ಟಿಸೋ ಅವತಾರಾ........,4,1.0,0.0,1.0,0.0,0.0,False,low
Positive,ಇದು ಚರಿತ್ರೆ ಸೃಷ್ಟಿಸೊ ಅವತಾರ. nಇದು ಚರಿತ್ರೆ ಸೃಷ್ಟಿಸೊ ಚಲನಚಿತ್ರ nಹೌದು ಹುಲಿಯ,10,1.0,0.0,1.0,0.0,0.0,False,low
not-Kannada,What a BGM yar......,4,0.0,0.0,0.0,1.0,0.0,True,low
Positive,ಸಾಹಿತ್ಯಗಾರರ ಕನ್ನಡನಾಡಿನಲ್ಲಿ ಸಾಹಿತ್ಯವನ್ನ ಅಚ್ಚ ಕನ್ನಡದಲ್ಲಿ ಬರೆದಿರುವ ಅ ಸಾಹಿತ್ಯಗಾರ ಯಾರು ಅಂತ ನನಗೆ ಗೊತ್ತಿಲ್ಲ ಆದರೆ ತುಂಬಾ ಸೊಗಸಾಗಿದೆ ಸಾಂಗ್,16,1.0,0.0,1.0,0.0,0.0,False,low
Positive,ರಣಧೀರ ಮತ್ತು ಶಂಕರನನ್ನ  ನನೆನಪು ರಕ್ಷಿತ್ ಶೆಟ್ಟಿಯಲಿ ಅವನೇ ಅವನೇ ಯಾರವನ್ ಶ್ರೀಮನ್ ನಾರಾಯಣ,11,1.0,0.0,1.0,0.0,0.0,False,low
unknown state,@citizen408 ok bro,3,0.0,0.0,0.0,1.0,0.0,True,low
Positive,Wawwww  ಏನ್ ಸಾಂಗ್ ಮಾಡಿದಿರಿ ಸರ್. nMusic,6,0.8,0.2,1.0,0.0,0.0,False,low
Positive,Superb song,2,0.0,0.0,0.0,1.0,0.0,True,low
Positive,ಸಿನಿಮಾ ಬಿಡುಗಡೆಗು ಮುನ್ನ ಹಾಡು ಬಿಡುಗಡೆ ಮಾಡೋಕೆ ಕನ್ನಡ ಇಂಡಸ್ಟ್ರಿ ಇಂದ ಮಾತ್ರ ಸಾಧ್ಯ.  # ಅವನೇ ಶ್ರೀ ಮನ್ನಾ ನಾರಾಯಣ.,16,1.0,0.0,1.0,0.0,0.0,False,low
Positive,Nkn benki song....#ASN,3,0.0,1.0,1.0,0.0,0.0,True,low
Positive,ಏನು..... ಬರಿ ಕತ್ರಿನಾನ ಮಾತ್ರ ಜೋಕಾಲಿ ಅಡಿಸಬೇಕಾ ? ನಮ್ ನಾರಾಯಣ ಯಾರಿಗೂ ಕಡಿಮೆ ಇಲ್ಲ 1,13,1.0,0.0,1.0,0.0,0.0,False,low
Mixed feelings,@Manjunath mtr,2,0.0,1.0,1.0,0.0,0.0,True,low
Positive,@simple  ಧನ್ಯವಾದಗಳು ... ನಮ್ ನಾರಾಯಣ ಗೆಲ್ಲಬೇಕು ಅನ್ನೋದೇ ನನ್ನ ಆಸೆ .. ನನ್ನ ಕಡೆ ಇಂದ ಫರ್ಸ್ಟ್ ಡೇ 4 ಸಲ ಫಿಕ್ಸ್  ..,19,0.9333,0.0,0.9333,0.0667,0.1333,False,low
Mixed feelings,Shanvi shreevastav bittu bere yav hugiru illa ankondidde,8,0.0,1.0,1.0,0.0,0.0,False,low
Positive,movie is song Osam,4,0.0,0.0,0.0,1.0,0.0,True,low
Positive,Super Hitt song,3,0.0,0.0,0.0,1.0,0.0,True,low
Positive,ಇದು ಚರಿತ್ರೆ ಸೃಷ್ಟಿಸೋ ಅವತಾರ,4,1.0,0.0,1.0,0.0,0.0,False,low
Positive,ಸಕ್ಕತ್ creatviity ಮ್ಯೂಸಿಕ್,3,0.6667,0.3333,1.0,0.0,0.0,True,low
Negative,@sujith naik ninigeno tika uri kothi tunnege huttidone tika muchkond irbeku ashte,12,0.0,1.0,1.0,0.0,0.0,False,low
Positive,super Song,2,0.0,0.0,0.0,1.0,0.0,True,low
Positive,Fab song...,2,0.0,1.0,1.0,0.0,0.0,True,low
Positive,Awesome song .,3,0.0,0.0,0.0,1.0,0.0,True,low
Negative,@Manoj Kolya Movie nododidre nodu.. Bittre bidu.. Loss ninge ne.. Movie onthu pakka Sandalwood Blockbuster agutte.. Doubt ee illa..,19,0.0,0.9091,0.9091,0.0909,0.1818,False,low
not-Kannada,3.38 Detector DivakarnJai #ASN,4,0.0,1.0,1.0,0.0,0.0,True,low
Positive,Super song,2,0.0,0.0,0.0,1.0,0.0,True,low
Positive,Salute for music,3,0.0,0.0,0.0,1.0,0.0,True,low
Positive,ನಿಜವಾಗಿಯೂ ಇದು ಚರಿತ್ರೆ ಸೃಷ್ಟಿಸೋ ಅವತಾರ,5,1.0,0.0,1.0,0.0,0.0,False,low
Positive,Hands up,2,0.0,0.0,0.0,1.0,0.0,True,low
Negative,ನಿಜnnn ಇದು ಚರಿತ್ರೆ ಸೃಷ್ಟಿಸೊ ಅವತಾರnnnಕೆಜಿಎಫ್ ದಾಖಲೆ ಮುರಿದುಹೋಗುತ್ತದೆnnಕೆಜಿಎಫ್ ಚಾಪ್ಟರ್ 2nಬಂದು ಇದರ ದಾಖಲೆ ಮುರಿಯಬೇಕು ಅಷ್ಟೇ ಅದು ಸಹ ಅನುಮಾನnnಯಾಕೆಂದರೆnಮುಂದೆ ಪುಣ್ಯಕೋಟಿ ಬರ್ತಾ ಇದೆ,19,1.0,0.0,1.0,0.0,0.0,False,low
Positive,Charitre srustiso avatara.....,3,0.0,1.0,1.0,0.0,0.0,True,low
Positive,ಹಾಡು ತುಂಬಾ ಚೆನ್ನಾಗಿ ಬರೆದಿದ್ದೀರಿnಹಾಡಿಗೆ ಸಂಗೀತ ತುಂಬಾ ಚೆನ್ನಾಗಿ ಮೂಡಿಬಂದಿದೆnಹಾಗಾಗಿ ಈ ಹಾಡು ಕೇಳಿದಾಗ ತುಂಬಾನೇ ಖುಷಿ ಆಯ್ತು,14,1.0,0.0,1.0,0.0,0.0,False,low
unknown state,Ravi Kumar Naidu Ravi Naidu hu,6,0.0,1.0,1.0,0.0,0.0,True,low
Positive,O. Trending #1,3,0.0,0.0,0.0,1.0,0.0,True,low
Positive,ರೋಮಾಂಚನ ಅದ್ಬುತ ಹಾಡು,3,1.0,0.0,1.0,0.0,0.0,True,low
Mixed feelings,Hands up,2,0.0,0.0,0.0,1.0,0.0,True,low
Positive,Wow nice song,3,0.0,0.0,0.0,1.0,0.0,True,low
Positive,# 1 in trending,4,0.0,0.0,0.0,1.0,0.0,True,low
Positive,ನಿಮ್ಮ ಈ ಚಿತ್ರ ಇಡೀ ಭಾರತದಲ್ಲಿ ಜನ ಮಾತಾಡೋ ಥರಾ ಆಗುತ್ತೇ..,9,1.0,0.0,1.0,0.0,0.0,False,low
Positive,ದಯವಿಟ್ಟು ನನ್ನ ಸಂದೇಶ ನೋಡ್ತಾ ಇರೋ ಎಲ್ಲಾ ಸಾಹಿತ್ಯ ಬರಹಗಾರರಿಗೆ ದೊಡ್ಡ ವಿನಂತಿ.. ಸಾಹಿತ್ಯನ ಅಚ್ಚ ಕನ್ನಡದಲ್ಲಿ ಬರೆಯಿರಿ ಇದೆ ಥರಾ ದಯವಿಟ್ಟು,17,1.0,0.0,1.0,0.0,0.0,False,low
Positive,ನಾನು ಕನ್ನಡದ ಗುಲಾಮ.. ನನಗೆ ಈ ಪದ ಯಾಕೆ ಅಷ್ಟು ಇಷ್ಟ ಆಯ್ತು ಅಂದ್ರೆ ಸಾಹಿತ್ಯ ಅಚ್ಚ ಕನ್ನಡದಲ್ಲಿ ಮೂಡಿ ಬಂದಿದೆ,16,1.0,0.0,1.0,0.0,0.0,False,low
not-Kannada,@Wild Rex कब तक हो सकती है रिलीज़,8,0.0,0.0,0.0,1.0,0.0,True,low
Positive,ಯೆನ್ ಗುರು ನಟನೆ ಅತ್ಯುತ್ತಮವಾದ ರಕ್ಷಿ ಶೆಟ್ಟಿ,6,1.0,0.0,1.0,0.0,0.0,False,low
Positive,Super song guru,3,0.0,0.0,0.0,1.0,0.0,True,low
Positive,Spuerrrrrrrrr  songs,2,0.0,0.0,0.0,1.0,0.0,True,low
unknown state,ಸೆಕ್ಸ್ ಸೆಕ್ಸ್ ಸೆಕ್ಸ್ ವೀಡಿಯೋಸ್,4,1.0,0.0,1.0,0.0,0.0,False,low
Positive,Super song,2,0.0,0.0,0.0,1.0,0.0,True,low
Positive,Super song bro,3,0.0,0.0,0.0,1.0,0.0,True,low
Positive,Nijavaagalu charithre srishtisida avathaara ee Rakshtitha shettaradu. Hatsup.,8,0.0,1.0,1.0,0.0,0.0,False,low
unknown state,@Yashas Cp pakka,3,0.0,1.0,1.0,0.0,0.0,True,low
unknown state,Super songs from,3,0.0,0.0,0.0,1.0,0.0,True,low
Positive,Super song,2,0.0,0.0,0.0,1.0,0.0,True,low
not-Kannada,Hands up super song,4,0.0,0.0,0.0,1.0,0.0,False,low
unknown state,14 million views,3,0.0,0.0,0.0,1.0,0.0,True,low
Positive,ಎಲ್ಲರಲ್ಲೂ ಡ್ಯಾನ್ಸ್ ಮಾಡುವ ಭಾವನೆ ಹುಟ್ಟಿಸುವ ಹಾಡು ಮತ್ತು ಮ್ಯುಸಿಕ್ - ವಿಜಯ್ ಪ್ರಕಾಶ್ ವೈಸ್ ಸೂಪರ್,13,1.0,0.0,1.0,0.0,0.0,False,low
not-Kannada,Super movie super song,4,0.0,0.0,0.0,1.0,0.0,False,low
Positive,Superb song Guru,3,0.0,0.0,0.0,1.0,0.0,True,low
not-Kannada,Super  song,2,0.0,0.0,0.0,1.0,0.0,True,low
Mixed feelings,D boss fanzzz,3,0.0,0.0,0.0,1.0,0.0,True,low
unknown state,D boss fanzzz in Sakaleshpur,5,0.0,0.0,0.0,1.0,0.0,True,low
Positive,ಈ ಸಾಂಗ್ ಚನ್ನಾಗಿದೇ,3,1.0,0.0,1.0,0.0,0.0,True,low
not-Kannada,2020 best song,3,0.0,0.0,0.0,1.0,0.0,True,low
Positive,ಕನ್ನಡ ಚಿತ್ರರಂಗದ ಜೂನಿಯರ್ ಶಂಕರ್ ನಾಗ್ ರಕ್ಷಿತ್ ಶೆಟ್ಟಿ ಅವರ ಕನ್ನಡ ಚಿತ್ರರಂಗವನ್ನು  ಉನ್ನತ ಮಟ್ಟಕ್ಕೆ ವಯುತಾರೇ,13,1.0,0.0,1.0,0.0,0.0,False,low
Mixed feelings,Charetra hustsodu avatara,3,0.0,1.0,1.0,0.0,0.0,True,low
not-Kannada,Hi super song,3,0.0,0.0,0.0,1.0,0.0,True,low
not-Kannada,I love it,3,0.0,0.0,0.0,1.0,0.0,True,low
unknown state,Rock song rs boss,4,0.0,0.0,0.0,1.0,0.0,False,low
Positive,500K Likes  edhe mutbhodu nangansdhamge,5,0.0,1.0,1.0,0.0,0.0,True,low
unknown state,Please provide more kannada,4,0.0,0.0,0.0,1.0,0.0,False,low
Mixed feelings,ಮಗ  ಹೀಗೆ ಮಾಡು ಡ್ಯಾಸ್ ಲೈಕ್ಸ್ ಸಿಗುತ್ತೆ,6,1.0,0.0,1.0,0.0,0.0,False,low
Mixed feelings,Nkana nava gothala issur hudugaru,5,0.0,1.0,1.0,0.0,0.0,False,low
Positive,Hindi version Elli ide guru,5,0.0,0.0,0.0,1.0,0.0,False,low
unknown state,idu charitre srushtiso AVATAARA,4,0.0,1.0,1.0,0.0,0.0,True,low
unknown state,Keli kadiruva bandhavarenBhuviyalli avana aritavarenYarilla bidi,6,0.0,1.0,1.0,0.0,0.0,False,low
not-Kannada,Super song ... super film,5,0.0,0.0,0.0,1.0,0.0,False,low
Positive,Song Yarige Ista Agede Lika Me,6,0.0,0.0,0.0,1.0,0.0,True,low
not-Kannada,Super song,2,0.0,0.0,0.0,1.0,0.0,True,low
Positive,ಸೂಪರ್ ಹಿಟ್ ಸಾಂಗ್ಸ್,3,1.0,0.0,1.0,0.0,0.0,True,low
Positive,100M AAgle bek ..,4,0.0,1.0,1.0,0.0,0.0,True,low
Positive,Superb guru god bless,4,0.0,0.0,0.0,1.0,0.0,False,low
unknown state,My  song,2,0.0,0.0,0.0,1.0,0.0,True,low
unknown state,Super  songs,2,0.0,0.0,0.0,1.0,0.0,True,low
not-Kannada,Even me I like the step,6,0.0,0.0,0.0,1.0,0.0,False,low
Positive,Super song guru,3,0.0,0.0,0.0,1.0,0.0,True,low
Mixed feelings,ಕರಾವಳಿ ಜನರಿಂದಲೇ ಕನ್ನಡದ ಘಮಲು,4,1.0,0.0,1.0,0.0,0.0,False,low
not-Kannada,Super song nice song,4,0.0,0.0,0.0,1.0,0.0,False,low
Positive,ಸೂಪರ್ ಸಾಂಗ್ ರಕ್ಷಿತ್ ಶೆಟ್ಟಿಯವರೆ ಮತ್ತು ಸೂಪರ್ ಟ್ಯಾಲೆಂಟ್,7,1.0,0.0,1.0,0.0,0.0,False,low
not-Kannada,What a movie superb,4,0.0,0.0,0.0,1.0,0.0,False,low
Positive,Super song ..,3,0.0,0.0,0.0,1.0,0.0,True,low
unknown state,@Kartik GONEPPANAVAR Kartik GONEPPANAVAR fttc,5,0.0,1.0,1.0,0.0,0.0,True,low
not-Kannada,Super sir Song,3,0.0,0.0,0.0,1.0,0.0,True,low
not-Kannada,super song,2,0.0,0.0,0.0,1.0,0.0,True,low
Positive,ಬೋಡ ಶೀರಾ ಅಭಿಮಾನಗಳು ಇಲ್ಲಿ ಲೈಕ್ ಮಾಡಿ,6,1.0,0.0,1.0,0.0,0.0,False,low
not-Kannada,Super song I love it,5,0.0,0.0,0.0,1.0,0.0,False,low
not-Kannada,Superb song ... Liked it,5,0.0,0.0,0.0,1.0,0.0,True,low
not-Kannada,Hands  up,2,0.0,0.0,0.0,1.0,0.0,True,low
Positive,ಶಂಕರ್ ನಾಗ್ ಅವರ ಅಭಿನಯದ ಸಾಮ್ಯತೆ ರಕ್ಷಿತ್ ಶೆಟ್ಟಿ ಅವರಲ್ಲಿ ಕಾಣಬಹುದಾಗಿದೆ,9,1.0,0.0,1.0,0.0,0.0,False,low
Positive,ದಿಸ್ ಐಸ್ ದಿ ಬೇಸ್ ಸನ್ ಎವರ್ ಲವ್ ಉ,8,1.0,0.0,1.0,0.0,0.0,False,low
not-Kannada,Superb song,2,0.0,0.0,0.0,1.0,0.0,True,low
unknown state,Avane sriman narayana,3,0.0,1.0,1.0,0.0,0.0,True,low
not-Kannada,K G F Ka Baap.......!!,5,0.0,0.0,0.0,1.0,0.0,True,low
Positive,Beautiful song,2,0.0,0.0,0.0,1.0,0.0,True,low
Mixed feelings,Howdu howdu howdu...,3,0.0,1.0,1.0,0.0,0.0,True,low
Mixed feelings,@Syed Akbar nija,3,0.0,1.0,1.0,0.0,0.0,True,low
Mixed feelings,@punter 18 NJ,3,0.0,0.0,0.0,1.0,0.0,True,low
unknown state,Games games cover,3,0.0,0.0,0.0,1.0,0.0,True,low
Positive,Edu charitre srustiso avatara,4,0.0,1.0,1.0,0.0,0.0,False,low
Positive,ಇದು ಚರಿತ್ರೆ ಸೃಷ್ಟಿಸೋ ಅವತಾರ,4,1.0,0.0,1.0,0.0,0.0,False,low
Positive,ಈ ಅವತಾರ ಚರಿತ್ರೆ ಸೃಷ್ಠಿಸಲಿ ಎಂಬುದೆ ನನ್ನ ಶುಭ ಹಾರೈಕೆ,8,1.0,0.0,1.0,0.0,0.0,False,low
Positive,ಕನ್ನಡದಲ್ಲಿ ಚರಿತ್ರೆ ಸೃಷ್ಟಿಸಲಿ ಈ ಸಿನಿಮಾ,5,1.0,0.0,1.0,0.0,0.0,False,low
Positive,Mastu mastu... Idu Idu bekagirodu...,5,0.0,1.0,1.0,0.0,0.0,True,low
Negative,Dboss murkha abhimani galu,4,0.0,1.0,1.0,0.0,0.0,False,low
Positive,Awesome editing,2,0.0,0.0,0.0,1.0,0.0,True,low
Positive,Sexy song guru,3,0.0,0.0,0.0,1.0,0.0,True,low
not-Kannada,Super songs sir,3,0.0,0.0,0.0,1.0,0.0,True,low
Positive,Heloke padagale siktilla anno padakke artha sikkkantagide,7,0.0,1.0,1.0,0.0,0.0,False,low
not-Kannada,Padya baree sokundu shetre,4,0.0,1.0,1.0,0.0,0.0,False,low
Positive,ಇದು ಚರಿತ್ರೆ ಸೃಷ್ಟಿಸೊ ಅವಾತರ ಅವನೇ ಶ್ರೀಮನ್ನಾರಾಯಣ,6,1.0,0.0,1.0,0.0,0.0,False,low
Positive,Mind blowing song..,3,0.0,0.0,0.0,1.0,0.0,True,low
Negative,ಎನ್ ಲಿರಿಕ್ಸ್ ಬಾರಿಸಿದ್ದಾರೆ ಗುರು ಚಿಂದಿ,5,1.0,0.0,1.0,0.0,0.0,False,low
Mixed feelings,V p Sir fan's like here,6,0.0,0.0,0.0,1.0,0.0,False,low
Positive,ಇದು ಚರಿತ್ರೆ ಸೃಷ್ಟಿಸೋ ಅವತಾರ,4,1.0,0.0,1.0,0.0,0.0,False,low
Positive,ವಿಭಿನ್ನ ಹಾಡು...nಅದ್ಭುತ ವಾಗಿದೆ ಶೇಟ್ರೆ,4,1.0,0.0,1.0,0.0,0.0,False,low
Positive,ಇದು ಖಂಡಿತ ಚರಿತ್ರೆ ಸೃಷ್ಟಿಸೊ ಅವತಾರ!,5,1.0,0.0,1.0,0.0,0.0,False,low
Positive,.ಮೆರೆಯಲಿ ಗಗನದಲ್ಲಿ ನಿಮ್ಮದೇ ಲಾಂಛನಾ...,4,1.0,0.0,1.0,0.0,0.0,False,low
Positive,ರಕ್ಷಿತ್ ಎಂಬುದು ಹೆಸರು... ASN  ಎಂಬುದು ಎಮೋಷನ್....,6,1.0,0.0,1.0,0.0,0.0,False,low
Positive,traditional man in Karnataka,4,0.0,0.0,0.0,1.0,0.0,True,low
Positive,ಸೂಪರ್‌  ಸಾಂಗ್,2,1.0,0.0,1.0,0.0,0.0,True,low
Positive,ಹಾಡು ಕೇಳೋಕು ಮುಂಚೆನೇ ಲೈಕ್ ಬಟನ್ ಒತ್ತೋನು ನಾನೊಬ್ಬನೇನ,7,1.0,0.0,1.0,0.0,0.0,False,low
Positive,ನಾನು ಲೈಕ್ ಮಾಡಿದೆ,3,1.0,0.0,1.0,0.0,0.0,True,low
Positive,ಮುಂದೆ ರೆಕಾರ್ಡ್ ಮಾಡುತ್ತೆ ಈ ಮೂವಿ,5,1.0,0.0,1.0,0.0,0.0,False,low
Positive,ಬಂದ ಬಂದ ಬಂದಾ! nಬೇಟೆಗಾರರ ಬೇಟೆಗಾರ - #ASN ಅವನೇ ಶ್ರೀಮನ್ನಾರಾಯಣ nತಲೆ ಗಿಮ್ಮ್ ಅನ್ನೋ music ಕೊಟ್ಟಿದಿಯ ದೇವ್ರು ಅಜನೀಶ್,16,0.9286,0.0,0.9286,0.0714,0.1429,False,low
Negative,Tiktok ದೂಳು ivathinda,3,0.3333,0.6667,1.0,0.0,0.0,True,low
Positive,Idhu charitre srushtisuva avataara......,4,0.0,1.0,1.0,0.0,0.0,True,low
Positive,Awesome song guru,3,0.0,0.0,0.0,1.0,0.0,True,low
Positive,ಕಿರ್ಯಾಕ್ ಕಿಂಗ್nಸೂಪರ್ ಡೂಪರ್,3,1.0,0.0,1.0,0.0,0.0,True,low
Positive,ಅದ್ಬುತ ಅತಿ ಅದ್ಬುತ ರಿ ಗುರುಗಳೇ,5,1.0,0.0,1.0,0.0,0.0,False,low
Positive,Kannada films going next level,5,0.0,0.0,0.0,1.0,0.0,False,low
not-Kannada,Next level #stunning,3,0.0,0.0,0.0,1.0,0.0,True,low
Positive,ಹೊಸ ಪ್ರಯತ್ನ ಚೆನ್ನಾಗಿದೆ,3,1.0,0.0,1.0,0.0,0.0,True,low
Mixed feelings,ಹೌದೋ ಹುಲಿಯ,2,1.0,0.0,1.0,0.0,0.0,True,low
Positive,ಸೂಪರ್  ಲಿರಿಕ್ಸ್,2,1.0,0.0,1.0,0.0,0.0,True,low
Positive,ಅದ್ಭುತವಾದ ಹಾಡು,2,1.0,0.0,1.0,0.0,0.0,True,low
Positive,ಹುಬ್ಬಳ್ಳಿ ಕಿಚ್ಚಾ ಪ್ಯಾನ್ಸ್ ವತಿಯಿಂದ ಒಳ್ಳೆಯದಾಗಲಿ,5,1.0,0.0,1.0,0.0,0.0,False,low
Positive,No.1 in trending,3,0.0,0.0,0.0,1.0,0.0,True,low
Positive,ಶತದಿನೋತ್ಸವ ಆಚರಿಸಲೇಂದು ಕಿಚ್ಚಾ ಬಾಸ್ ಪ್ಯಾನ್ಸ್ ವತಿಯಿಂದ ಹಾರ್ದಿಕ ಶುಭಾಶಯಗಳು,8,1.0,0.0,1.0,0.0,0.0,False,low
not-Kannada,His a bang bang,4,0.0,0.0,0.0,1.0,0.0,False,low
not-Kannada,Amazing song!..... Mind blowing.......!,4,0.0,0.0,0.0,1.0,0.0,True,low
Negative,Rashmika idanna nodi thi*a urkimbeku🤣🤣🤣🤣🤣,5,0.0,1.0,1.0,0.0,0.0,False,low
Positive,ಬಹಳ ಚನ್ನಾಗಿದೆ ಒಳ್ಳಯ ಸಾಹಿತ್ಯ ಒಳ್ಳಯ ಸಂಗೀತಾ ಕೇಳಲು ತುಂಬಾನೆ ಮಜಾ ಬರುತ್ತೆ. ಶತದೀನೊತ್ಸವ ಆಚರಸಲಿ ಈ ಚಿತ್ರ.,14,1.0,0.0,1.0,0.0,0.0,False,low
not-Kannada,My favorite song,3,0.0,0.0,0.0,1.0,0.0,True,low
Positive,ಎಷ್ಟ್  ಜನ  ASN ಸಿನಿಮಾ ನೋಡಿದ್ದೀರಾ ಹೇಳಿ  nಜೈ ಕನ್ನಡ,8,1.0,0.0,1.0,0.0,0.0,False,low
unknown state,ಗಜಿ  ಆಶು,2,1.0,0.0,1.0,0.0,0.0,True,low
not-Kannada,Thank u bro,3,0.0,0.0,0.0,1.0,0.0,True,low
Positive,Nanu nodide suuuuuuuuuupppper innomme nodtini,5,0.0,1.0,1.0,0.0,0.0,False,low
unknown state,Super song R S fans,5,0.0,0.0,0.0,1.0,0.0,False,low
not-Kannada,yes I am,3,0.0,0.0,0.0,1.0,0.0,True,low
Mixed feelings,ಈ ಚಿತ್ರದಲ್ಲಿ ಯಾವ್ ರೇಂಜ್ ಗೆ ಗ್ರಾಫಿಕ್ಸ್ ಮಾಡಿದ್ದಾರೆ ಅಂತ ಮತ್ತೊಬ್ಬ vfx ಆರ್ಟಿಸ್ಟ್ ಗೆ ಗೊತ್ತಾಗೋದು,13,0.9231,0.0769,1.0,0.0,0.0,False,low
Positive,ನಮ್ಮ ಫ್ಯಾಮಿಲಿ ಜೊತೆ  ಈ ಸಿನೆಮಾವನ್ನು ತಪ್ಪದೆ ನೋಡ್ತಿವೆ.,7,1.0,0.0,1.0,0.0,0.0,False,low
Positive,Movie Nodi Hands up....  Madi 🤗,6,0.0,0.0,0.0,1.0,0.0,True,low
Positive,ಒಂದು ಇಂಗ್ಲೀಷ್ ಪದ ಬಳಸದೆ ಈ ಹಾಡು ಬರೆದಿರುವ ಕಲಾವಿದನಿಗೆ ಒಂದು ಲೈಕ್ ಕೊಡಿ... ಸ್ನೇಹಿತರೇ!!,12,1.0,0.0,1.0,0.0,0.0,False,low
Positive,Super song guru,3,0.0,0.0,0.0,1.0,0.0,True,low
not-Kannada,Super movie sir,3,0.0,0.0,0.0,1.0,0.0,True,low
Positive,Thumba chenagi ede,3,0.0,1.0,1.0,0.0,0.0,True,low
Positive,Lyrics super guru.,3,0.0,0.0,0.0,1.0,0.0,True,low
not-Kannada,V P super voice,4,0.0,0.0,0.0,1.0,0.0,False,low
Positive,ಅವನೇ ಶ್ರೀಮನ್ನಾರಾಯಣ ಅಲ್ಲnnಇವನೆ ನಮ್ಮ ಶ್ರೀಮನ್ನಾರಾಯಣ nಪವರ್ ಸ್ಟಾರ್ ಪುನೀತ್ ರಾಜಕುಮಾರ್ ಅಭಿಮಾನಿಗಳು ಸಪೋರ್ಟ್ ಮಾಡೋರು ಲೈಕ್ ಹೊಡಿರಿ nಜೈ ಪುನೀತ್ ರಾಜಕುಮಾರ್nಜೈ ಕನ್ನಡ ಚಿತ್ರ ರಂಗ,20,1.0,0.0,1.0,0.0,0.0,False,low
Positive,KilaGade MeleGade  ALU Gadde  Ulli Gadde....🤣🤣🤣,6,0.0,1.0,1.0,0.0,0.0,True,low
not-Kannada,superrr movie,2,0.0,0.0,0.0,1.0,0.0,True,low
not-Kannada,movie super boss,3,0.0,0.0,0.0,1.0,0.0,True,low
Negative,Sahitya kararige shata shata namana,5,0.0,1.0,1.0,0.0,0.0,False,low
Positive,ಇದು ಹಾಡು ಅಂದ್ರೆ ಥಿಯೇಟರ್ ಲಿ ನೋಡಿದ ಮೇಲಂತೂ ಇನ್ನೂ  ಕಿಕ್ ಕೊಡ್ತು,10,1.0,0.0,1.0,0.0,0.0,False,low
unknown state,Music sup company,3,0.0,0.0,0.0,1.0,0.0,True,low
Positive,ನೈಸ್ ಚಿತ್ರ ಅವನೇ ಶ್ರೀ ಮಾನ್ ನಾರಾಯಣ........ ಸೂಪರ್ ರಕ್ಷಿತ್ ಶೆಟ್ಟಿ.......,9,1.0,0.0,1.0,0.0,0.0,False,low
Positive,ಅತ್ಯುತ್ತಮ ಹಾಡು,2,1.0,0.0,1.0,0.0,0.0,True,low
not-Kannada,After #ASN MOVIE,3,0.0,0.0,0.0,1.0,0.0,True,low
not-Kannada,Sup Shankar nag sir Vishnuvardan,5,0.0,0.0,0.0,1.0,0.0,True,low
Negative,ಪ್ರೇಕ್ಷಕರಲ್ಲಿ  ತಲೆ ಇರುವವರು ಹಾಗೂ ತಲೆ ಇಲ್ಲದವರನ್ನು ಪರೀಕ್ಷೆ ಮಾಡಲು ಆವಾಗಾವಾಗ ಅವನು ಬರ್ತಾನೆ !! ಯಾರು ಅವನು ?,15,1.0,0.0,1.0,0.0,0.0,False,low
Negative,3.1k ಉರ್ಕೊಂಡು ಸಾಯ್ರಿ,3,1.0,0.0,1.0,0.0,0.0,True,low
not-Kannada,Super  song,2,0.0,0.0,0.0,1.0,0.0,True,low
not-Kannada,Super sweet  song,3,0.0,0.0,0.0,1.0,0.0,True,low
Positive,Super movie guru,3,0.0,0.0,0.0,1.0,0.0,True,low
not-Kannada,signature step is ultimate,4,0.0,0.0,0.0,1.0,0.0,False,low
not-Kannada,Amazing song man.....big fan from Jammu,6,0.0,0.0,0.0,1.0,0.0,False,low
unknown state,Hand's up,2,0.0,0.0,0.0,1.0,0.0,True,low
Positive,ಕನ್ನಡ ಸಿನಿಮಾ ಸೂಪರ್,3,1.0,0.0,1.0,0.0,0.0,True,low
Positive,ಇನ್ನು ಇಂಥ ಒಳ್ಳೆ ಸಾಂಗ್ಸ್ ಇದವೆ ಅಂತ ಗೊತ್ತಿಲ್ಲ ಸೂಪರ್ ಸಾಂಗ್ಸ್,9,1.0,0.0,1.0,0.0,0.0,False,low
Positive,Kannada movie songs  Kannada movie All No 1,8,0.0,0.0,0.0,1.0,0.0,False,low
not-Kannada,Anyway good song,3,0.0,0.0,0.0,1.0,0.0,True,low
Positive,ಹೊಸತನ ಅಂತ ಇದಕ್ಕೆ ಹೇಳೋದು ಕನ್ನಡದ ಯಶಸ್ಸು ಇನ್ನೊಂದು ಹಂತಕ್ಕೆ .... ಶತದಿನೋತ್ಸವ ಆಚರಿಸಲಿ....ಯಶ್ ಅಭಿಮಾನಿ ಬಳಗ,13,1.0,0.0,1.0,0.0,0.0,False,low
unknown state,days fixed,2,0.0,0.0,0.0,1.0,0.0,True,low
unknown state,Rakshit . Rishab,3,0.0,1.0,1.0,0.0,0.0,True,low
Positive,ರಕ್ಷಿತ್ ಶೆಟ್ಟಿ ನೀವು ಸೂಪರ್,4,1.0,0.0,1.0,0.0,0.0,False,low
Positive,ಇದು ಚರಿತ್ರೆ ಸೃಷ್ಠಿಸೊ ಅವತಾರ,4,1.0,0.0,1.0,0.0,0.0,False,low
Positive,ಕನ್ನಡದ ಕಿರೀಟ ಇದು,3,1.0,0.0,1.0,0.0,0.0,True,low
Negative,ಯಾಕೆ ಚೆನ್ನಾಗಿ ಇಲ್ಲ .,4,1.0,0.0,1.0,0.0,0.0,True,low
Positive,Super energetic song,3,0.0,0.0,0.0,1.0,0.0,True,low
Positive,Ishta Aytu shetre,3,0.0,1.0,1.0,0.0,0.0,True,low
Positive,Just wow,2,0.0,0.0,0.0,1.0,0.0,True,low
Positive,ಒಂದು ಮಿಲಿಯನ್ ಆದಮೇಲೆ ಯಾರ್ಯಾರು ನೋಡ್ತಾ ಇದೀರ ಅವರು ಲೈಕ್ ಕೊಡಿ,9,1.0,0.0,1.0,0.0,0.0,False,low
Mixed feelings,ಇದು ಚರಿತ್ರೆ ಸೃಷ್ಟಿಸೊ ಅವತಾರ....,4,1.0,0.0,1.0,0.0,0.0,False,low
Mixed feelings,Rashmika burnol acchko,3,0.0,1.0,1.0,0.0,0.0,True,low
Positive,Super song,2,0.0,0.0,0.0,1.0,0.0,True,low
Positive,Hands Upn Tamil Nadu,4,0.0,0.0,0.0,1.0,0.0,True,low
Positive,. .nanu 10 bari nodidene. nSuper.,6,0.0,1.0,1.0,0.0,0.0,False,low
Positive,I love Rakshith,3,0.0,0.0,0.0,1.0,0.0,True,low
Positive,TREND SETTING SONG,3,0.0,0.0,0.0,1.0,0.0,True,low
Positive,hands upppppppp super song🥰🥰,4,0.0,0.0,0.0,1.0,0.0,True,low
Positive,Good job team,3,0.0,0.0,0.0,1.0,0.0,True,low
Positive,ಕಿಚ್ಚ ಸುದೀಪ  ಅಣ್ಣನ ಅಭಿಮಾನಿಗಳಿಂದ ಕಡೆಯಿಂದ ಆಲ್ ದಿ ಬೆಸ್ಟ್ ...nಚರಿತ್ರೆ ಸೃಷ್ಟಿ ಅಗೋದು ಪಕ್ಕ....,12,1.0,0.0,1.0,0.0,0.0,False,low
Positive,Pakka charitre srustisooo avataara....,4,0.0,1.0,1.0,0.0,0.0,True,low
Positive,Pakka Engeneering Mind Bro ....Song,5,0.0,1.0,1.0,0.0,0.0,True,low
Positive,ಇದು...ಇದು...ಆ್ಯಕ್ಚುಲಿ ಚೆನ್ನಾಗಿರೋದು ..nಯಾವ..ಬಾಲಿವುಡ್.. ಹಾಲಿವುಡ್..ಮೆರೆದಿದ್ದರೋ ಕಣ್ಣು ಬುಟ್ಟಿ ಸ್ವಲ್ಪ ನೋಡ್ರೋ,8,1.0,0.0,1.0,0.0,0.0,False,low
unknown state,Send Hindi Vedio song link bro,6,0.0,0.0,0.0,1.0,0.0,False,low
Positive,ಕನ್ನಡದಲ್ಲೇ ಹೊಸ ಅಲೆಯನ್ನ ಎಬ್ಬಿಸ್ಸೋ  ಅವತಾರ ಅದುವೇ ಅವನೇ ಶ್ರೀ ಮನ್ನಾರಾಯಣ All The Best ಅವನೇ  ಶ್ರೀ ಮನ್ನಾರಾಯಣ Best Wishes ಅಖಿಲ ಕರ್ನಾಟಕ ರಾಕಿಂಗ್ ಸ್ಟಾರ್ ಯಶ್ ಅಭಿಮಾನಿಗಳ ಸಂಘ,24,1.0,0.0,1.0,0.0,0.0,False,low
Positive,Jai ASN @Paramvah Music,4,0.0,1.0,1.0,0.0,0.0,True,low
Mixed feelings,ಹಿಂದಿ ಹಾಡು ಯಾವಾಗ..??,3,1.0,0.0,1.0,0.0,0.0,True,low
Mixed feelings,3.39 ರೀಷಭ್ ಶೆಟ್ಟಿ,3,1.0,0.0,1.0,0.0,0.0,True,low
Positive,ವಾವ್ ನೈಸ್ ಸಾಂಗ್,3,1.0,0.0,1.0,0.0,0.0,True,low
Positive,ಎಕ್ಸ್‌ಪಾ ಟೇಶನ್ ದಬಲ್ ಹೈತು,4,1.0,0.0,1.0,0.0,0.0,False,low
Mixed feelings,ಈ ಹಾಡು ನೋಡ್ತಾ ಇದ್ರೆ ಶಂಕ್ರಣ್ಣ ನೆನಪಾಗ್ತರೆ,6,1.0,0.0,1.0,0.0,0.0,False,low
Mixed feelings,ಜೈ ಡಿ ಬಾಸ್,3,1.0,0.0,1.0,0.0,0.0,True,low
Positive,Pakka365 day  percent,3,0.0,0.0,0.0,1.0,0.0,True,low
Positive,ಹೆಮ್ಮೆಯ ಕನ್ನಡಿಗ,2,1.0,0.0,1.0,0.0,0.0,True,low
Positive,One word .. awesome music,5,0.0,0.0,0.0,1.0,0.0,False,low
Positive,Song is lit,3,0.0,0.0,0.0,1.0,0.0,True,low
Positive,Super lyrics guru no,4,0.0,0.0,0.0,1.0,0.0,False,low
Positive,Step was awesome,3,0.0,0.0,0.0,1.0,0.0,True,low
Mixed feelings,ಇದು ಪಕ್ಕಾ ಶಂಕರ್ ನಾಗ್ ಸ್ಟೇಲ್ ...... ಟ್ರೈಲರ್ ಅಷ್ಟೇ ಸಾಂಗ್ ಅಷ್ಟೇ .........  ಸರಿ ಏನೇ ಇರಲಿ ಓಳ್ಳೇದಾಗಲಿ.... ನಮ್ಮ ಭಾಷೆ ನಮ್ಮ ಹಿರಿಮೆ,19,1.0,0.0,1.0,0.0,0.0,False,low
Positive,super sir ....,3,0.0,0.0,0.0,1.0,0.0,True,low
Negative,Below average songs,3,0.0,0.0,0.0,1.0,0.0,True,low
Positive,ಭಾರತ ಚಲನಚಿತ್ರ ದಲ್ಲಿ ಹೊಸ ಚರಿತ್ರೆ ಸೃಷ್ಟಿಸಲು ರೆಡಿ,7,1.0,0.0,1.0,0.0,0.0,False,low
Mixed feelings,Kichha Fan's kade enda chithra sathadina nadiyali yendu haraisuttene,9,0.0,1.0,1.0,0.0,0.0,False,low
Positive,I like song very much,5,0.0,0.0,0.0,1.0,0.0,False,low
Negative,Nonsense's who all r dislike dis video....,7,0.0,0.0,0.0,1.0,0.0,False,low
Negative,ವಿಜಯ್ ಪ್ರಕಾಶ್ ಅವರ ಧ್ವನಿ ಈ ಹಾಡಿಗೆ ಹೊಂದುತ್ತಿಲ್ಲ,7,1.0,0.0,1.0,0.0,0.0,False,low
Positive,Super songs boss,3,0.0,0.0,0.0,1.0,0.0,True,low
Positive,Super song,2,0.0,0.0,0.0,1.0,0.0,True,low
Positive,Awesome,1,0.0,0.0,0.0,1.0,0.0,True,low
Positive,Sir u r amazing,4,0.0,0.0,0.0,1.0,0.0,False,low
Positive,ಗುಡ್ ಲಕ್ ಶ್ರೀಮನ್ನಾರಾಯಣ ರಕ್ಷಿತ್ ಶೆಟ್ರೇ.. ಮಸ್ತ್ ಡಿಫ್ರೆಂಟ್ ಆದುಂಡು ಸಾಂಗ್,9,1.0,0.0,1.0,0.0,0.0,False,low
Mixed feelings,Edu charitre srushtisuva avataara🤨,4,0.0,1.0,1.0,0.0,0.0,False,low
Positive,Super song,2,0.0,0.0,0.0,1.0,0.0,True,low
Positive,Love you sir,3,0.0,0.0,0.0,1.0,0.0,True,low
Positive,Ista aythu chhannagide,3,0.0,1.0,1.0,0.0,0.0,True,low
Positive,Good song good making,4,0.0,0.0,0.0,1.0,0.0,False,low
Positive,ಅಪ್ಪು ಸರ್ ಅಭಿಮಾನಿಗಳ ಕಡೆಯಿಂದ ಶುಭವಾಗಲಿ,5,1.0,0.0,1.0,0.0,0.0,False,low
not-Kannada,One like for hands up,5,0.0,0.0,0.0,1.0,0.0,False,low
Mixed feelings,Anna Shankar Nag is back.....,5,0.0,0.0,0.0,1.0,0.0,True,low
not-Kannada,Super super super super  song,5,0.0,0.0,0.0,1.0,0.0,False,low
Positive,ಸತ್ಯವಾಗಿಯೂ ಇದು ಚರಿತ್ರೆ ಸೃಷ್ಟಿಸುವ ಸಿನಿಮಾನೇ ಗುರು...,6,1.0,0.0,1.0,0.0,0.0,False,low
Positive,ಇದು ಚರಿತ್ರೆ ಸೃಷ್ಟ್ರಿಸಿದ ಅವತಾರ,4,1.0,0.0,1.0,0.0,0.0,False,low
not-Kannada,Super   music,2,0.0,0.0,0.0,1.0,0.0,True,low
Positive,ಅಚ್ಚ ಕನ್ನಡ ಹಾಡಿಗೆ HANDSUP ಎಂಬ ದೃಷ್ಟಿ ಚುಕ್ಕೆ.,7,1.0,0.0,1.0,0.0,0.0,False,low
unknown state,APPU Fan,2,0.0,1.0,1.0,0.0,0.0,True,low
unknown state,This comment deserves more likes,5,0.0,0.0,0.0,1.0,0.0,False,low
Positive,ಇದು ಚರತ್ರೆ ಸೃಷ್ಟಿಸೂೋ ಅವತಾರ ............,5,1.0,0.0,1.0,0.0,0.0,False,low
not-Kannada,Well said... That's an amazing idea like KGF did.,9,0.0,0.0,0.0,1.0,0.0,False,low
not-Kannada,Crazy music,2,0.0,0.0,0.0,1.0,0.0,True,low
not-Kannada,Steps r just lit,4,0.0,0.0,0.0,1.0,0.0,False,low
Positive,Making Nalli crazy star nenapadru...,5,0.0,0.0,0.0,1.0,0.0,True,low
unknown state,Yes bro,2,0.0,0.0,0.0,1.0,0.0,True,low
not-Kannada,Super 🤗 song,3,0.0,0.0,0.0,1.0,0.0,True,low
Positive,ಉರ್ಸೋಕೆ ನಿಂತ್ರೆ ಕನ್ನಡದವರು ಚರಿತ್ರೆ ಬರೀತಾರೆ ಅಂತ ಗೊತ್ತಾಗಲಿ.. ಕೆಲವು ಕಿಡಿಗೇಡಿಗಳಿಗೆ..,9,1.0,0.0,1.0,0.0,0.0,False,low
Mixed feelings,BLACK HEART ala,3,0.0,0.0,0.0,1.0,0.0,True,low
Negative,Eega ellakade ursthayirodu kannadigare,4,0.0,1.0,1.0,0.0,0.0,False,low
Positive,ಕೇಳಿ ನೆರೆದಿರುವ ಬಾಂಧವರೆnಭುವಿಯಲ್ಲಿ ಇವನ ಅರಿತವರೆ ಯಾರಿಲ್ಲ ಬಿಡಿnಮುನ್ನುಡಿ ಇದ್ದರದೊಂದು ದಂತಕಥೆ..nಇದು ಚರಿತ್ರೆ ಸೃಷ್ಟಿಸೋ ಅವತಾರ...nnಮೈನವಿರೇಳಿಸೋ ಸಾಲುಗಳು,13,1.0,0.0,1.0,0.0,0.0,False,low
not-Kannada,Music superrr addicted,3,0.0,0.0,0.0,1.0,0.0,True,low
not-Kannada,Super dance step,3,0.0,0.0,0.0,1.0,0.0,True,low
Positive,ಇದು ಚರಿತ್ರೆ ಸೃಷ್ಟಿಸುವ ಅವತಾರ....Awesome,4,1.0,0.0,1.0,0.0,0.0,False,low
unknown state,Who is after Howdu Huliya,5,0.0,0.0,0.0,1.0,0.0,True,low
Positive,ನಾನು ಸುಮಾರು ಈ ಹಾಡನ್ನು ಹದಿನೈದು ಬಾರಿ ನೋಡಿದ್ದೇನೆ ಯಾಕೆ ಗೊತ್ತಿಲ್ಲ ಇನ್ನು ನೋಡಬೇಕು ನೋಡಬೇಕು ಅನಿಸುತ್ತದೆ... ಅದೇತರ ಒಂದಕ್ಕಿಂತ ಹೆಚ್ಚು ಬಾರಿ ನೋಡುತ್ತಲೇ ಇರುವವರು ಲೈಕ್ ಮಾಡಿ,21,1.0,0.0,1.0,0.0,0.0,False,low
Positive,ತುಂಬಾ ಒಳ್ಳೆಯ ಹಾಡು,3,1.0,0.0,1.0,0.0,0.0,True,low
not-Kannada,Even I had Same feelings..!,5,0.0,0.0,0.0,1.0,0.0,False,low
not-Kannada,Ur right ....i felt same....super meaningful song.,7,0.0,0.0,0.0,1.0,0.0,False,low
Positive,Guru same feeling...,3,0.0,0.0,0.0,1.0,0.0,True,low
not-Kannada,super super bro,3,0.0,0.0,0.0,1.0,0.0,True,low
Positive,ಈ ಒಂದು ಸ್ಟೆಪ್ ಸಾಕು ಸಿನೆಮಾ ನೋಡಲು.. ಎಂತ ಮಾರ್ರೆ ಚೆನ್ನಾಗುಂಟು ಐತ ಸ್ಟೆಪ್ಪು,11,1.0,0.0,1.0,0.0,0.0,False,low
Positive,ಹೌದೋ ಹುಲಿಯಾ.....ಹಾಡು ಸೂ..............ಪರ್..................,3,1.0,0.0,1.0,0.0,0.0,True,low
unknown state,Culprit @ 3,3,0.0,0.0,0.0,1.0,0.0,True,low
Positive,ಅಧ್ಬುತ ಶೆಟ್ರೆ ‌...ಮಾಯಲೋಕದ ಕಿನ್ನರನೋ,4,1.0,0.0,1.0,0.0,0.0,False,low
not-Kannada,Guri bennatto netara.......hands upp,4,0.0,1.0,1.0,0.0,0.0,True,low
unknown state,ಹೌದು ಹುಲಿಯ,2,1.0,0.0,1.0,0.0,0.0,True,low
Positive,Nijave idhu charitre srustiso avatharane bidi,6,0.0,1.0,1.0,0.0,0.0,False,low
not-Kannada,Superb new avatar,3,0.0,0.0,0.0,1.0,0.0,True,low
Positive,ಹಾಡಿನ ಬರವಣಿಗೆ ತುಂಬಾನೇ ಚೆನ್ನಾಗಿದೆ  nಚರಿತ್ರೆ ಸೃಷ್ಠಿಸೋ ಅವತಾರ,7,1.0,0.0,1.0,0.0,0.0,False,low
Positive,ಹೊಸತು ಹೊಸತು ಕಿವಿಗೆ ಹಿಂಪುnASN ತಂದ ಕನ್ನಡಕ್ಕೆ ಹುರುಪುnಇವ ಮಾಡಲ್ಲ ನಿರಾಸೆಯೆಂಬ ತಪ್ಪು.nಇಂದ,10,1.0,0.0,1.0,0.0,0.0,False,low
Positive,Step suppppeerrrrrr ide,3,0.0,0.0,0.0,1.0,0.0,True,low
unknown state,ONDU LIKES ELLA,3,0.0,1.0,1.0,0.0,0.0,True,low
not-Kannada,like bollywood music,3,0.0,0.0,0.0,1.0,0.0,True,low
Positive,ಬಾರಿ ಐತೀ ಬಾರಿ ಅಂದ್ರ ಬಾರಿ ಬಾರಿnಅನಾಹುತ್ ಅಂದ್ರ ಅನಾಹುತ್ ಐತಿn🤠🤠🥳,9,1.0,0.0,1.0,0.0,0.0,False,low
Positive,WOW MASTH MUSIC,3,0.0,0.0,0.0,1.0,0.0,True,low
Positive,ಕನ್ನಡ ಚಿತ್ರರಂಗದಲ್ಲಿ ಮತ್ತೊಂದು ಚರಿತ್ರೆ ಸೃಷ್ಟಿಸೋ ಅವತಾರ,6,1.0,0.0,1.0,0.0,0.0,False,low
Positive,Hands up,2,0.0,0.0,0.0,1.0,0.0,True,low
unknown state,@Mithun KUDLA andh Dani!,4,0.0,1.0,1.0,0.0,0.0,True,low
Mixed feelings,ಮತ್ತೊಂದು ದಾಖಲೆಯತ್ತ ಕನ್ನಡದ ಚಿತ್ತ,4,1.0,0.0,1.0,0.0,0.0,False,low
unknown state,Views got struck,3,0.0,0.0,0.0,1.0,0.0,True,low
unknown state,Hands up,2,0.0,0.0,0.0,1.0,0.0,True,low
Positive,ಪದೆ ಪದೆ ಕೇಳೊ ಮ್ಯೂಸಿಕ್ ಗೆ ಶರಣು ನಾರಾಯಣ ಇವನೇ ನಾರಾಯಣ,9,1.0,0.0,1.0,0.0,0.0,False,low
not-Kannada,hidden number -,3,0.0,0.0,0.0,1.0,0.0,True,low
Positive,ರಕ್ಷಿತ್ ಅಣ್ಣಾ ನ್ಯಾಷನಲ್ ಸ್ಟಾರ್ ಆಗೋದು ಪಕ್ಕಾ ಏನ್ ಸಾಂಗ್ ಸೂಪರ್ ಬಿಜಿಮ್ ಲಿರಿಕ್ಸ್ ಸೂಪರ್ ಸಾಂಗ್ ಸೂಪರ್ ಆಲ್ ದೀ ಬೆಸ್ಟ್,17,1.0,0.0,1.0,0.0,0.0,False,low
not-Kannada,BlockBuster Hit Hand's  up,4,0.0,0.0,0.0,1.0,0.0,True,low
Positive,ನಿಮ್ಮ್ ಶ್ರಮ ತುಂಬಾ ಇರುತ್ತೆ ಸಾಂಗ್ ನೋಡಿದ್ರೆನೇ ಗೊತ್ತು ಆಗುತ್ತೆ ನೋಡೋಕೆ ವೇಟ್ ಮಾಡ್ತಿದ್ದೇನೆ. ಅವನೇ ಶ್ರೀ ಮನ್ನನಾರಾಯಣ,14,1.0,0.0,1.0,0.0,0.0,False,low
Positive,Wonder full songs,3,0.0,0.0,0.0,1.0,0.0,True,low
Positive,ಶುಭವಾಗಲಿ ಅವನೇ ಶ್ರೀಮನ್ನಾರಾಯಣನಿಗೆ,3,1.0,0.0,1.0,0.0,0.0,True,low
Negative,Iam Vijay devara konda Hater,5,0.0,1.0,1.0,0.0,0.0,True,low
Negative,IAM VIJAY DEVARAKONDA HATER,4,0.0,1.0,1.0,0.0,0.0,True,low
Positive,ಇದು ಚರಿತ್ರೆ ಸೃಷ್ಟಿಸೊ ಅವತಾರ... nಅವನೆ ಶ್ರೀಮನ್ನಾ ನಾರಾಯಣ,7,1.0,0.0,1.0,0.0,0.0,False,low
Positive,ಒಡೆಯ ನಿಮ್ಮ ಪ್ರೀತಿಯ ದಾಸ ಮತ್ತು ಯಶ್ ಅಭಿಮಾನಿಗಳ ಕಡೆಯಿಂದ ಒಳ್ಳೆದಾಗಲಿ  ಜೈ ಕನ್ನಡ  ಸಿನಿಮಾ,12,1.0,0.0,1.0,0.0,0.0,False,low
Positive,Super meaning song,3,0.0,0.0,0.0,1.0,0.0,True,low
Positive,ಕನ್ನಡ ದ ಹೆಮ್ಮೆಯ ಮೊತೊಂದು ಚಿತ್ರ,5,1.0,0.0,1.0,0.0,0.0,False,low
Positive,Thanks for likes,3,0.0,0.0,0.0,1.0,0.0,True,low
Positive,ಇದು ಚರಿತ್ರೆ ಸೃಷ್ಟಿಸೊ ಅವತಾರ....,4,1.0,0.0,1.0,0.0,0.0,False,low
Positive,ಜೈ ಕರ್ನಾಟಕ. ಜೈ rakshith shetty.,5,0.6,0.4,1.0,0.0,0.0,False,low
Positive,ಇದು ಚರಿತ್ರೆ ಸೃಷ್ಟಿಸೋ ಅವತಾರ nಅವನೇ ಶ್ರೀಮನ್ ನಾರಾಯಣ,7,1.0,0.0,1.0,0.0,0.0,False,low
Positive,ಇದು ಚರಿತ್ರೆ ಸೃಷ್ಠಿಸೋ ಅವತಾರ 🤩🤩🤩,5,1.0,0.0,1.0,0.0,0.0,False,low
Positive,ಕನ್ನಡ ಸಾಹಿತ್ಯಕ್ಕೆ ಯಾವತ್ತೂ ಸೋಲಿಲ್ಲ! ಒಳ್ಳೆಯ ಸಾಹಿತ್ಯ ಹೌದು ಇದು ಚರಿತ್ರೆ ಸೃಷ್ಟಿಸೊ ಅವತಾರ,11,1.0,0.0,1.0,0.0,0.0,False,low
Positive,I love u boss,4,0.0,0.0,0.0,1.0,0.0,False,low
Positive,idu charitre srustiso avathara..,4,0.0,1.0,1.0,0.0,0.0,False,low
Positive,ಹೌದು ಹುಲಿಯಾ 🤣🤣,3,1.0,0.0,1.0,0.0,0.0,True,low
Positive,Jai Rakshit shetty,3,0.0,1.0,1.0,0.0,0.0,True,low
Positive,Next level quality,3,0.0,0.0,0.0,1.0,0.0,True,low
Positive,ಶುಭಾವಾಗಲಿ.....nಹುಚ್ಚಾ ವೆಂಕಟ ಸೇನೆ ಉಗಂಡಾ.......🤣🤣,4,1.0,0.0,1.0,0.0,0.0,False,low
Mixed feelings,fan from jupiter !!!!,4,0.0,0.0,0.0,1.0,0.0,True,low
Positive,ಅಣ್ಣನ ಮೂವಿ ತಿಕ್ಲ ಪೊರ್ಕಿ ಹುಚ್ಚ ವೆಂಕಟ್ ಆಡಿಯೋ ಲಾಂಚ್ ಮಾರ್ಸ್ ಅಲ್ಲಿನ ಅಥವಾ ನೆಪ್ಟ್ಯೂನ್ ನಲ್ಲಿನ,13,1.0,0.0,1.0,0.0,0.0,False,low
Mixed feelings,ಎಲ್ಲಿ ಮಂಗಳ ಗ್ರಹದವರು ಅನ್ಕೊಂಡಿದ್ದೆ..,4,1.0,0.0,1.0,0.0,0.0,False,low
Negative,ನಿನ್ನ ಪಿಂಡ...,2,1.0,0.0,1.0,0.0,0.0,True,low
Mixed feelings,@shivanand medegar ಅಲ್ಲಿ ಕೂಡ ಕೆಲಸ ನಡೆಯುತ್ತಿದೆ 🤣🤣🤣,7,0.6667,0.3333,1.0,0.0,0.0,False,low
Positive,@ಕನ್ಫೂಸ್ ಆತ್ಮ houdu huliyaa,4,0.5,0.5,1.0,0.0,0.0,False,low
Positive,Love you boss,3,0.0,0.0,0.0,1.0,0.0,True,low
unknown state,Yak late guru,3,0.0,0.0,0.0,1.0,0.0,True,low
not-Kannada,Jai rakshit shetty,3,0.0,1.0,1.0,0.0,0.0,True,low
Mixed feelings,basavanneyya pujar Howdu huliya,4,0.0,1.0,1.0,0.0,0.0,True,low
not-Kannada,Not good girl,3,0.0,0.0,0.0,1.0,0.0,True,low
Positive,ಅವನೇ ಶ್ರೀ ಮನ್ನಾರಾಯಣ ಮೂವಿಗೆ ಕಾಯ್ತಾ ಇರೋರು ಲೈಕ ಮಾಡಿ nಆಲ್ ದಿ ಬೆಸ್ಟ್ from ಡಿಬಾಸ ಫ್ಯಾನ್ಸ,14,0.9286,0.0,0.9286,0.0714,0.1429,False,low
unknown state,@Megharaj 1,2,0.0,1.0,1.0,0.0,0.0,True,low
Negative,@prithvi nayak nin Amman thullu sulemagne gaandu,7,0.0,1.0,1.0,0.0,0.0,False,low
unknown state,@prithvi nayak jai Roberrt,4,0.0,1.0,1.0,0.0,0.0,True,low
Mixed feelings,@Ajaya shetty huu gottu,4,0.0,1.0,1.0,0.0,0.0,False,low
Mixed feelings,@Ajaya shetty jai,3,0.0,1.0,1.0,0.0,0.0,True,low
not-Kannada,super song i like it,5,0.0,0.0,0.0,1.0,0.0,False,low
not-Kannada,Super  song,2,0.0,0.0,0.0,1.0,0.0,True,low
Positive,ಇದೇ ತರ ಮೂವಿ ಬರಲಿ nಕನ್ನಡ ಚಿತ್ರರಂಗದಲ್ಲಿ nಬೆಳವಣಿಗೆ ತರಲಿ ಅನ್ನೋರುnಲೈಕ್ ಮಾಡಿ,10,1.0,0.0,1.0,0.0,0.0,False,low
unknown state,manoj idu charetre,3,0.0,1.0,1.0,0.0,0.0,True,low
unknown state,@Shrthi Shrthi huiuu,3,0.0,1.0,1.0,0.0,0.0,True,low
unknown state,ರಕ್ಷಿತ್ ಶೆಟ್ಟಿ,2,1.0,0.0,1.0,0.0,0.0,True,low
Positive,ಚರಿತ್ರೆ ಸೃಷ್ಟಿಸೋ ಸಾಂಗ್..🤗,3,1.0,0.0,1.0,0.0,0.0,True,low
Positive,ನಮ್ಮ ಉರೀನ ಟ್ಯಾಲಂಟ,3,1.0,0.0,1.0,0.0,0.0,True,low
not-Kannada,My favorite  song,3,0.0,0.0,0.0,1.0,0.0,True,low
not-Kannada,super  sir,2,0.0,0.0,0.0,1.0,0.0,True,low
Negative,Yes sang ok sang,4,0.0,0.0,0.0,1.0,0.0,False,low
unknown state,Rakshit Shetty,2,0.0,1.0,1.0,0.0,0.0,True,low
not-Kannada,SUPERB SONG .........,3,0.0,0.0,0.0,1.0,0.0,True,low
not-Kannada,Yes song super,3,0.0,0.0,0.0,1.0,0.0,True,low
Positive,Kannada song Yavagalu super,4,0.0,0.0,0.0,1.0,0.0,True,low
unknown state,Narayana. Character. Yariga  istha. Illi. Like. Madi,7,0.0,1.0,1.0,0.0,0.0,True,low
Positive,ಇದು ಕನ್ನಡಿಗರ ರೋಚ್ಚಿಗೆಳಿಸುವ ಹಾಡು...,4,1.0,0.0,1.0,0.0,0.0,False,low
Positive,ಕೇಳಿ ಕಾದಿರುವ ಭಾಂದವರೇnಭುವಿಯಲ್ಲಿ ಅವನ ಅರಿತವರೆnಯಾರಿಲ್ಲ ಬಿಡಿ ಮುನ್ನುಡಿnಇದ್ದರದೊಂದು ದಂತ ಕಥೆ...nನಾಕು ದಿಕ್ಕಿನಲು ಬೇಕವನುnಬಂದೂಕು ಹಿಡಿದ ಮಾನವನುnತಲೆ ಮೇಲಿದೆ ಕಿರೀಟ...nತೀರ ಹಠ...nಗುರಿ ಬೆನ್ನಟ್ಟೋ ನೇತಾರನು!nಗಾಳಿ ಮಾತಿನ ಬಜಾರುnಸುದ್ದಿ ಸಾರಿದೆ ಸುಮಾರುnಪಾತ್ರದ ಪರಿಚಯ ಇರೋರುnಆ ಬಂದೂಕಿಗೆ ಇದೆ ಘನ ಹೆಸರುnಹ್ಯಾಂಡ್ಸ್ ಅಪ್...nಅದು ಅನವರತ!nಹ್ಯಾಂಡ್ಸ್ ಅಪ್...nನಾ ಅಜ್ಞಾತ!nಹ್ಯಾಂಡ್ಸ್ ಅಪ್...nಇದೆ ವೇದಾಂತ..!nಇದು ಚರಿತ್ರೆ ಸೃಷ್ಟಿಸೋ ಅವತಾರ...nnರಂಗೇರಿದೆ ಮಾಯಾ ಜಾಲnಅನುಭವಿಸು ಓ ಪ್ರೇಕ್ಷಕನೇ!nದೃಷ್ಟಿ ನನ್ನೊಬ್ಬನ ಮೇಲಿಡಿnತಪ್ಪದು ನಿಜ ಮನರಂಜನೆ!nನನ್ನ ಗೆಲ್ಬೋದು ಅನ್ನುತnನಿಂದನು ಓರ್ವ ರಾಕ್ಷಸ!nತಪ್ಪಲ್ಲ ಆದರು ಅದುವೇnಊಹೆಗೂ ಮೀರಿದ ಸಾಹಸ!nಅನಿಸುತ್ತೆ...nಬಂದ ಹಾಗಿದೆ ರಚಿಸಲು ಹೊಸದೇ ಶಾಸನ!nಮೆರಯಲಿ ಗಗನದಲಿ ನಿಮ್ಮದೇ ಲಾಂಛನ...nಯುಧ್ಧ ಮಾಡಬೇಕು,61,1.0,0.0,1.0,0.0,0.0,False,low
Negative,Namana Kudlada rakshith shetty innu orsbeku rashmikage Thu avla Janmake,10,0.0,1.0,1.0,0.0,0.0,False,low
unknown state,Anyone after 10m like please,5,0.0,0.0,0.0,1.0,0.0,False,low
unknown state,Keli kadiruva bandhavarennBhuviyalli avana aritavarennYarilla bidi,6,0.0,1.0,1.0,0.0,0.0,False,low
not-Kannada,Super super super super song,5,0.0,0.0,0.0,1.0,0.0,False,low
Positive,Super song guru,3,0.0,0.0,0.0,1.0,0.0,True,low
not-Kannada,Hands  up  super  song,4,0.0,0.0,0.0,1.0,0.0,False,low
not-Kannada,Hands  up  super  songs,4,0.0,0.0,0.0,1.0,0.0,False,low
not-Kannada,I love u sir,4,0.0,0.0,0.0,1.0,0.0,False,low
Positive,ಚರಿತ್ರೆ  ಸೃಷ್ಟಿಸೋ ಹಾಡು,3,1.0,0.0,1.0,0.0,0.0,True,low
Positive,Supper i love my kannada ...,6,0.0,0.0,0.0,1.0,0.0,False,low
unknown state,ಈ ಚಲನಚಿತ್ರವನ್ನು ನೋಡಿದ ನಂತರ,4,1.0,0.0,1.0,0.0,0.0,False,low
not-Kannada,Best song....,2,0.0,0.0,0.0,1.0,0.0,True,low
Positive,ಒಂದಕ್ಕಿಂತ ಹೆಚ್ಚು ಬಾರಿ ಕೇಳಿದವರು ಲೈಕ್ ಮಾಡಿ,6,1.0,0.0,1.0,0.0,0.0,False,low
unknown state,4 times per day,4,0.0,0.0,0.0,1.0,0.0,True,low
Positive,Nanu 999999999999999999999999999999999999999999999999999999999999999999999999999999999999999999999999999999999999999999999999999999999999999999999999999999999999999999999999999999999999999999999999999999999999999999999999999999999999 sala ee songaanu keele dini,7,0.0,1.0,1.0,0.0,0.0,False,low
Negative,@Devikumari BK shata teriyak nodtidiya??,5,0.0,1.0,1.0,0.0,0.0,False,low
unknown state,@V B Ade,3,0.0,0.0,0.0,1.0,0.0,True,low
Negative,@Devikumari BK tunne unno hogo,5,0.0,1.0,1.0,0.0,0.0,False,low
not-Kannada,Top star in sandalwood. D boss,6,0.0,0.0,0.0,1.0,0.0,False,low
not-Kannada,Super song lovely,3,0.0,0.0,0.0,1.0,0.0,True,low
Positive,Next level movie guru,4,0.0,0.0,0.0,1.0,0.0,False,low
unknown state,Yudda maadabeku hogabaradu katukara(RASMIKA) nmunde BHAGAVTHGEETHE,6,0.0,1.0,1.0,0.0,0.0,False,low
Mixed feelings,Yuddha maadabeku 'odhabaradhu' katukara mundhe bhagavadhgeethe...,6,0.0,1.0,1.0,0.0,0.0,False,low
unknown state,ಈ ಕತೆಯಲ್ಲಿ ಅವನನ್ನ ಹುಡುಕತಾ ಇದಿಯಾ nಅವನೇ ಶ್ರೀಮನ್ನಾರಾಯಣ( ಕಳುವಾದ ಲೂಟಿ)nಅವ್ನು ಯಾರಿಗೂ  ಸಿಗಲ್ಲ nಕೊನೆಗೆ ಎಲ್ಲದಕ್ಕೂ ಅವನೆ ದೊರೆ..(ಶ್ರೀ ಮನ್ನಾರಾಯಣ)nಅನ್ನೋರು ಲೈಕ್ ಮಾಡಿ,18,1.0,0.0,1.0,0.0,0.0,False,low
not-Kannada,Super  song,2,0.0,0.0,0.0,1.0,0.0,True,low
unknown state,Super  song. Like  is sing,5,0.0,0.0,0.0,1.0,0.0,False,low
Positive,ಈ ಚಿತ್ರದಲ್ಲಿ ಯಾವ್ ರೇಂಜ್ ಗೆ ಗ್ರಾಫಿಕ್ಸ್ ಮಾಡಿದ್ದಾರೆ ಅಂತ ಮತ್ತೊಬ್ಬ vfx ಆರ್ಟಿಸ್ಟ್ ಗೆ ಗೊತ್ತಾಗೋದು,13,0.9231,0.0769,1.0,0.0,0.0,False,low
Positive,ಈ ಚಿತ್ರದಲ್ಲಿ ಯಾವ್ ರೇಂಜ್ ಗೆ ಗ್ರಾಫಿಕ್ಸ್ ಮಾಡಿದ್ದಾರೆ ಅಂತ ಮತ್ತೊಬ್ಬ vfx ಆರ್ಟಿಸ್ಟ್ ಗೆ ಗೊತ್ತಾಗೋದು,13,0.9231,0.0769,1.0,0.0,0.0,False,low
Positive,ಈ ಚಿತ್ರದಲ್ಲಿ ಯಾವ್ ರೇಂಜ್ ಗೆ ಗ್ರಾಫಿಕ್ಸ್ ಮಾಡಿದ್ದಾರೆ ಅಂತ ಮತ್ತೊಬ್ಬ vfx ಆರ್ಟಿಸ್ಟ್ ಗೆ ಗೊತ್ತಾಗೋದು,13,0.9231,0.0769,1.0,0.0,0.0,False,low
Positive,ರಕ್ಷಿತ್ ಶೆಟ್ಟಿ ಸರ್ ಸೂಪರ್ ಸಾಂಗ್,5,1.0,0.0,1.0,0.0,0.0,False,low
not-Kannada,ಚರಿತ್ರೆ ಸೃಷ್ಟಿಸೋ ಅವತಾರ,3,1.0,0.0,1.0,0.0,0.0,True,low
not-Kannada,Best movie in Kannada🤘🤘🤘,4,0.0,0.0,0.0,1.0,0.0,True,low
Positive,ಕನ್ನಡದವರಾಗಿ ಕನ್ನಡ ಸಿನಿಮಾ ಹೆಮ್ಮೆಪಡುವಂತಹ  ಸಿನಿಮಾ,5,1.0,0.0,1.0,0.0,0.0,False,low
Mixed feelings,Super movie yaa......,3,0.0,0.0,0.0,1.0,0.0,True,low
Mixed feelings,ದಯವಿಟ್ಟು ನನ್ನ ಎಲ್ಲಾ ಕನ್ನಡಿಗರಲ್ಲಿ ಒಂದು ವಿನಂತಿ,6,1.0,0.0,1.0,0.0,0.0,False,low
unknown state,ಇದು ಚರಿತ್ರೆ ಸ್ರಷ್ಠಿಸೋ ಅವತಾರ,4,1.0,0.0,1.0,0.0,0.0,False,low
Positive,ಯಾರ್ಯಾಗ್ ಈ ಸಾಂಗ್ ಇಷ್ಟ ಆಯ್ತು ಲೈಕ್ ಮಾಡಿ...,7,1.0,0.0,1.0,0.0,0.0,False,low
not-Kannada,I am from Andhra Pradesh,5,0.0,0.0,0.0,1.0,0.0,True,low
unknown state,@RADHA RADHA gn mem,4,0.0,1.0,1.0,0.0,0.0,True,low
Positive,ನಾನುಗ್  ತುಂಬಾ  ಇಷ್ಟ ಆಯ್ತಾ,4,1.0,0.0,1.0,0.0,0.0,False,low
unknown state,@Aiswarya Soundarya HI mem vge,5,0.0,1.0,1.0,0.0,0.0,True,low
unknown state,Super sir 🤣,3,0.0,0.0,0.0,1.0,0.0,True,low
unknown state,Marethidhru iga merili,3,0.0,1.0,1.0,0.0,0.0,True,low
Positive,ನಿಮ್ಮಯಲ್ಲ ವಿಡಿಯೋ ನೋಡೋಕೆ ತುಂಬಾ ಖುಷಿ ಆಗುತ್ತೆ. ಇನ್ನು ಈ ರೀತಿ ವಿಡಿಯೋ ಗಳನು ಮಾಡಿ nThank u,14,0.8571,0.0714,0.9286,0.0714,0.1429,False,low
Positive,ನಿಜವಾದ ಸ್ಟಾರ್ ಅಂದ್ರೆ ನೀವು,4,1.0,0.0,1.0,0.0,0.0,False,low
Positive,ಸಾಂಗ್ ಸೂಪರ್ ಆಗಿ ಆಡಿದಿರ ಅಣ್ಣ,5,1.0,0.0,1.0,0.0,0.0,False,low
not-Kannada,I like it,3,0.0,0.0,0.0,1.0,0.0,True,low
Positive,ಸೂಪರ್ ಗುರು ಟಿಕ್ ಟಾಕ್ ಗಳಿಗೆ ಮೆಟ್ಟಿನಲ್ಲಿ ಓದಿದ್ದೀಯಾ ನನ್ನತ್ರನೂ ಒಂದು ಹಳೆ ಮೆಟ್ಟಿದೆ ಕೊಡ್ತೀನಿ ತಗೊಂಡು ಬಿಡು,14,1.0,0.0,1.0,0.0,0.0,False,low
not-Kannada,U r super bro,4,0.0,0.0,0.0,1.0,0.0,False,low
not-Kannada,Super song bro,3,0.0,0.0,0.0,1.0,0.0,True,low
Positive,Nisha preety avalna avlu dodda buddivanthe deshada Asti avlu eval video Ella Andre Jana sathogtare antha avalge fallowers bekanthe instadalli thu kachadagalu taleli 3 kasina buddi Elladavella yak saytidave,29,0.0,0.913,0.913,0.087,0.1739,False,low
Negative,Alagi hogali bidu,3,0.0,1.0,1.0,0.0,0.0,True,low
Mixed feelings,Nim matanna kadime madi pubg sceans kadime madi...,8,0.0,1.0,1.0,0.0,0.0,False,low
Positive,Anna song super 🤣,4,0.0,0.0,0.0,1.0,0.0,True,low
Positive,Super Anna,2,0.0,0.0,0.0,1.0,0.0,True,low
Mixed feelings,No bro y u asking  sorry,6,0.0,0.0,0.0,1.0,0.0,False,low
Mixed feelings,Super bro i am so happy,6,0.0,0.0,0.0,1.0,0.0,False,low
Positive,Chindi...... madira rost,3,0.0,1.0,1.0,0.0,0.0,True,low
Positive,ಅಣ್ಣಯ್ಯ ಸೂಪರ್ ನೀನು ಚಿಂದಿ,4,1.0,0.0,1.0,0.0,0.0,False,low
Negative,ಟಿಕ್ ಟಾಕ್ CEO n ಭಾರತದಲ್ಲಿ ಅತಿ ಹೆಚ್ಚು ಸೋಮಾರಿಗಳಿದ್ದಾರಾ ಹಾಗಾಗಿ ಟಿಕ್ ಟಾಕ್ ಅನ್ನು ಬಳಸುತ್ತಿದ್ದಾರೆ ಅಂತn ಸೊಕ್ಕಿನಿಂದ ಅತಿ ಕೇವಲವಾಗಿ ಮಾತಾಡಿದರೂ ಕೂಡ ನಾಚಿಕೆಗೆಟ್ಟ   ನಮ್ಮವರಿಗೆ ಬುದ್ಧಿ ಬಂದಿಲ್ಲ,23,0.9545,0.0,0.9545,0.0455,0.0909,False,low
Positive,ಗುರು .. ಉಪೇಂದ್ರ ಅವರ Dialog....  Super,6,1.0,0.0,1.0,0.0,0.0,True,low
Positive,Nev super sir,3,0.0,0.0,0.0,1.0,0.0,True,low
unknown state,I waiting bro,3,0.0,0.0,0.0,1.0,0.0,True,low
Positive,ಹಾಡು ಚೆನಗಿ ಹೇಳುತೀರಾ,3,1.0,0.0,1.0,0.0,0.0,True,low
Positive,Super video,2,0.0,0.0,0.0,1.0,0.0,True,low
Positive,Super song  anna🤓,3,0.0,0.0,0.0,1.0,0.0,True,low
not-Kannada,Your voice super,3,0.0,0.0,0.0,1.0,0.0,True,low
not-Kannada,Super song bro,3,0.0,0.0,0.0,1.0,0.0,True,low
Positive,ಲೈಕ್ ಯಾಪಿ ಚಿನ್ನದ ತಾನೆ,4,1.0,0.0,1.0,0.0,0.0,False,low
Mixed feelings,ಬ್ರೋ ಲೈಕ್ appa ಬ್ಯಾನ್ ಆಗಿಲ್ಲ ಯಾವಾಗ ಆಗುತ್ತೆ,7,0.8571,0.1429,1.0,0.0,0.0,False,low
not-Kannada,Song super bro,3,0.0,0.0,0.0,1.0,0.0,True,low
Positive,ನೀನು ಒಳ್ಳೆಯದೇ ಮಾತನಾಡಿದಿಯಾ ಗುರು ನಿನ್ನಗೆ ಧನ್ಯವಾದ ಗುರು,7,1.0,0.0,1.0,0.0,0.0,False,low
Negative,Bindu gowda hello!.... Koltogiro kobri mithaayi mukdavlene🤭🤙,7,0.0,1.0,1.0,0.0,0.0,False,low
not-Kannada,Super sir,2,0.0,0.0,0.0,1.0,0.0,True,low
Positive,ಸೂಪರ್ ಅಣ್ಣ ನೀಟಾಗಿ ಅರ್ಥ ಆಗೋ ಹಾಗೆ ಹೇಳಿದಿಯ  ಈ ಶಡೇಗಳು ಅರ್ಥ ಮಾಡ್ಕೋಬೇಕು,11,1.0,0.0,1.0,0.0,0.0,False,low
Negative,Bindu gowda lofer avlu,4,0.0,1.0,1.0,0.0,0.0,False,low
Positive,ಸೂಪರ್ ಬ್ರದರ್ ಚನಾಗಿ ಹೇಳಿದಿರ ನಂಗಂತೂ ತುಂಬಾ ಇಷ್ಟ ಆಯಿತು,8,1.0,0.0,1.0,0.0,0.0,False,low
not-Kannada,Super bro,2,0.0,0.0,0.0,1.0,0.0,True,low
Positive,Super guru,2,0.0,0.0,0.0,1.0,0.0,True,low
Positive,ನೀವು ಹಳ್ಳಿಯ ‌ಭಾಷೆಯ ಶೈಲಿಯಲ್ಲಿ ರೊಷ್ಟ್ ಮಾಡುವುದೇ.. ನಮಗೆ ಅತ್ಯುತ್ತಮ ಮನರಂಜನೆ,9,1.0,0.0,1.0,0.0,0.0,False,low
Positive,ಅಣ್ಣಾ ಈ ವಿಡಿಯೋ ಮಾಡಿದಕ್ಕೆ ನಿನ್ಗೊಂದು ದೊಡ್ಡ ನಮಸ್ಕಾರ ಚೆನ್ನಾಗಿ ಹೇಳಿದೆ,9,1.0,0.0,1.0,0.0,0.0,False,low
not-Kannada,Yes true lines,3,0.0,0.0,0.0,1.0,0.0,True,low
not-Kannada,Super  bro,2,0.0,0.0,0.0,1.0,0.0,True,low
Negative,Tik tok beda namge,4,0.0,1.0,1.0,0.0,0.0,False,low
Negative,Tik tok shata,3,0.0,1.0,1.0,0.0,0.0,True,low
Positive,ಜೈ ಹಿಂದ್,2,1.0,0.0,1.0,0.0,0.0,True,low
Negative,Guru....I love you ....sakkathagi...hugithiya...maga...,4,0.0,0.0,0.0,1.0,0.0,True,low
Positive,Well done,2,0.0,0.0,0.0,1.0,0.0,True,low
Positive,ಅಣ್ಣಾ ಏನು ಸೂಪರಾಗಿ ಹೇಳಿದ್ದೀರಿ ಇದು ಕನ್ನಡಿಗರು ಅಂದ್ರೆ ಟಿಕ್ ಟಾಕ್ ನಮ್ಮ ದೇಶದಿಂದ  ಕಳಚಿಕೊಂಡು ಹೋದರೆ ಸಾಕು  ಅವಾಗ ಚೀನಾಕ್ಕೆ ಬುದ್ದಿ ಬರೋದು ಟಿಕ್ ಟಾಕ್ ಮಾಡುವರಿಗೆ ಬುದ್ದಿ ಕಲಿಸಬೇಕು,23,1.0,0.0,1.0,0.0,0.0,False,low
not-Kannada,Super bro,2,0.0,0.0,0.0,1.0,0.0,True,low
Mixed feelings,ದೇಶ ಕಾಯಕ್ಕೆ ಯೋಧ ಇರಬೇಕು ತೀರಿಪೆ ಶೋಕಿ ಮಾಡಿದವರಿಗೆ ಟ್ರೋಲ್ ಮಾಡೋರು ಇರಬೇಕು,10,1.0,0.0,1.0,0.0,0.0,False,low
Positive,U r a real indian I am full support to kannada..n.nKarnataka,11,0.0,0.0909,0.0909,0.9091,0.1818,False,low
Negative,ಕೆಲವು ಜನರಿಗೆ ಹೇಳಿದ್ರೆ ಅರ್ಥ ಆಗಲ್ಲ,5,1.0,0.0,1.0,0.0,0.0,False,low
Positive,Super anna,2,0.0,0.0,0.0,1.0,0.0,True,low
not-Kannada,Super super super super super super super super super super super super super super super super,16,0.0,0.0,0.0,1.0,0.0,False,low
Positive,Sakkat  matu,2,0.0,1.0,1.0,0.0,0.0,True,low
not-Kannada,Super bro,2,0.0,0.0,0.0,1.0,0.0,True,low
Positive,Super  guru,2,0.0,0.0,0.0,1.0,0.0,True,low
Negative,ಟಿಕ್ ಟಾಕ್ ಅಲ್ಲಿ ಇರೋ ನನ್ ಶತ್ರು ಗಳಿಗೆ ಸರಿಯಾಗಿ ಕೊಟ್ಟಿ ಇದೀಯ ಎವರ್ ದೊಡ್ಡ ಸೂ ಗಳು,14,1.0,0.0,1.0,0.0,0.0,False,low
Negative,ಏನ ಕೊಟ್ಟಿದ್ದೀಯ ಗುರು ಯೇಪ್ಪ ನಾನು ಏನ ಏನ ಬೈಬೇಕಿತು ಅದನ್ ಎಲ್ಲ ಬೈದಿದಿಯ ದೇವುಡ್ ಈವಲಾ ಅಮ್ಮನ ಎಲ್ಲರ ಘು ಸರಿ ಯಾಗಿ ಕೊಟ್ಟಿಡಿಯ ನಾನು ಅಂತೂ ನಿಂಗೆ ದೊಡ್ಡ ಅಭಿಮಾನಿ ಆಗಿ ಬಿಟ್ಟೆ,26,1.0,0.0,1.0,0.0,0.0,False,low
Positive,ಏ... ಭೈ ಏನೋಪ ನೀ ಹಿಂಗ ಮೈ ತೊಳೆದು ಬಿಟ್ಟಿ,8,1.0,0.0,1.0,0.0,0.0,False,low
Negative,ಕೊಳೊತೊಗಿರೊ... ಕೊಬ್ಬ್ರಿ ಮಿಟಾಯಿ.... 🤣🤣,4,1.0,0.0,1.0,0.0,0.0,True,low
not-Kannada,Tenniske Baal,2,0.0,1.0,1.0,0.0,0.0,True,low
not-Kannada,Super bro,2,0.0,0.0,0.0,1.0,0.0,True,low
not-Kannada,Super  bro,2,0.0,0.0,0.0,1.0,0.0,True,low
Mixed feelings,ಬೆಂಕಿ ಕಣ್ರೀ ನೀವು,3,1.0,0.0,1.0,0.0,0.0,True,low
Negative,Avalige chapalige odiri,3,0.0,1.0,1.0,0.0,0.0,True,low
not-Kannada,Bro well said superb,4,0.0,0.0,0.0,1.0,0.0,False,low
not-Kannada,Super bro,2,0.0,0.0,0.0,1.0,0.0,True,low
not-Kannada,Super  bro,2,0.0,0.0,0.0,1.0,0.0,True,low
Positive,ಕನ್ನಡ ಸಿನೆಮಾ ಕೆ ಮತ್ತೊಂದು ಗರಿ,5,1.0,0.0,1.0,0.0,0.0,False,low
Positive,Pade pade kelabeku anisutte.....,4,0.0,1.0,1.0,0.0,0.0,True,low
not-Kannada,Super more enjoyable,3,0.0,0.0,0.0,1.0,0.0,True,low
unknown state,ಅವನೇ ಶ್ರೀಮನ್ನಾರಾಯಣ ASN,3,1.0,0.0,1.0,0.0,0.0,True,low
not-Kannada,Super  song,2,0.0,0.0,0.0,1.0,0.0,True,low
Negative,ಈ ಸಾಂಗ್ ಕೇಳಿ ರಶ್ಮಿಕಾ ಮಾದಣ್ಣ ಎಷ್ಟು ಹುರ್ಕೊಂಡಿದಾಳೊ ಅವ್ಳಿಗೆ ಒಂದು ಐಸ್,10,1.0,0.0,1.0,0.0,0.0,False,low
not-Kannada,Rakshit .....rock yaar,3,0.0,1.0,1.0,0.0,0.0,True,low
not-Kannada,Looks like Rango,3,0.0,0.0,0.0,1.0,0.0,True,low
unknown state,ಇದು ಚರಿತ್ರೆ ಸೃಷ್ಟಿಸಿದ ಸಾಂಗ,4,1.0,0.0,1.0,0.0,0.0,False,low
not-Kannada,KGF TERA BAAP HAI,4,0.0,1.0,1.0,0.0,0.0,True,low
Negative,Worst song ever...,3,0.0,0.0,0.0,1.0,0.0,True,low
Positive,ರಿಕ್ಕಿ ಬಾಸ್ ಇದು ಚರಿತ್ರೆ ಸೃಷ್ಟಿಸೋ ಅವತಾರ.ಹಾಗೆಯೇ ಈ ಶ್ರೀಮನ್ನಾರಾಯಣನಾಗಲಿ ಗಗನದಲಿ ಲಾಂಛನ.,10,1.0,0.0,1.0,0.0,0.0,False,low
Positive,ಇದು ಚರಿತ್ರೆ ಸೃಷ್ಟಿಸುವ ಸಾಂಗ್,4,1.0,0.0,1.0,0.0,0.0,False,low
not-Kannada,Love u VP  sir super song super voice  RS is a legend Love u,14,0.0,0.0,0.0,1.0,0.0,False,low
Positive,ಡಬ್ಬಿಂಗ್ ಡಬ್ಬ ದಬಾಂಗ್ ಬದಲು ಇಂತಹ ಅಪ್ಪಟ ಕನ್ನಡ ಚಿತ್ರಗಳಿಗೆ ಬೆಂಬಲ ಕೊಡಿ ಅಪ್ಪಟ ಕನ್ನಡ ಪ್ರೇಮಿಗಳೇ,13,1.0,0.0,1.0,0.0,0.0,False,low
unknown state,ಬಾರಿ ಸಿಂಪಲ್ ಹಾಡು... ಹಾಗೆ ಕೇಳ್ತಾನೆ ಇರಬೇಕು ಅನ್ನೋರು ಲೈಕ ಮಾಡಿ....,9,1.0,0.0,1.0,0.0,0.0,False,low
Positive,ಎಂದು ಮರೆಯದ ಸಾಹಿತ್ಯ,3,1.0,0.0,1.0,0.0,0.0,True,low
not-Kannada,Thank you bro,3,0.0,0.0,0.0,1.0,0.0,True,low
unknown state,@Vinnu Kiran5320 oknAnta,3,0.0,1.0,1.0,0.0,0.0,True,low
not-Kannada,Superb bro ..,3,0.0,0.0,0.0,1.0,0.0,True,low
not-Kannada,Super song dance,3,0.0,0.0,0.0,1.0,0.0,True,low
unknown state,@STONERॐ VEDAS hello,3,0.0,0.0,0.0,1.0,0.0,True,low
Mixed feelings,@Sunil Vd ಧನ್ಯವಾದಗಳು,3,0.5,0.5,1.0,0.0,0.0,True,low
unknown state,ಉದಯ್ ಪವರ್ 0iijujuuiuu7jhu8,3,1.0,0.0,1.0,0.0,0.0,True,low
Positive,ಡಿ ಬಾಸ್ ಫ್ಯಾನ್ಸ್ ಕಡೆಯಿಂದ ಆಲ್ ದ ಬೆಸ್ಟ್ ಮೂವಿ,8,1.0,0.0,1.0,0.0,0.0,False,low
unknown state,K. BOOS.,2,0.0,0.0,0.0,1.0,0.0,True,low
Negative,ಶಾಸನ ವಿಧಿಸಿದ ಎಚ್ಚರಿಕೆ nಈ ಹಾಡು ನಿಮ್ಮ ಡೇಟಾ ಗೆ ಹಾನಿಕಾರಕ,9,1.0,0.0,1.0,0.0,0.0,False,low
not-Kannada,Once again again,3,0.0,0.0,0.0,1.0,0.0,True,low
Positive,ಮ್ಯೂಸಿಕ್ ಗೆ ಮತ್ತು ಹಿರೋ ಸ್ಟೆಪ್ಸ್ ಗೆ ಫಿದಾ ಆದವರು ಲೈಕ್ ಮಾಡ್ರೋ,10,1.0,0.0,1.0,0.0,0.0,False,low
unknown state,@CHNADU Ganeshakar xxx,3,0.0,1.0,1.0,0.0,0.0,True,low
not-Kannada,different but unique & epic song,6,0.0,0.0,0.0,1.0,0.0,False,low
Positive,ಕನ್ನಡ ಮೂವಿ ಗೆ ಸಪೋರ್ಟ್ ಮಾಡಿ ದಯವಿಟ್ಟು,6,1.0,0.0,1.0,0.0,0.0,False,low
Positive,ಎಲ್ಲಾ ಇರೋನು ಒಂದೇ  ಜೈ ಕರ್ನಾಟಕ ಮಾತೆ ಜೈ ಭುವನೇಶ್ವರಿ ಕನ್ನಡದ ಅಭಿಮಾನಿಗಳ ಏನ್ರೀ ಸುದೀಪ ಪಾನ್ ಲೈಕ್ ಮಾಡಿ ದರ್ಶನ್ ಫ್ಯಾನ್ ಲೈಕ್ ಮಾಡಿ ನಾನು ಪುನೀತ್ ಫ್ಯಾನ್ಸ್ ಲೈಕ್ ಮಾಡಿ ಪ್ರೆಸ್ ಟು ಕನ್ನಡ ಸಿನಿಮಾ ನೋಡ್ರಿ,29,1.0,0.0,1.0,0.0,0.0,False,low
Positive,ಈ ಸಾಂಗ್ ಎಷ್ಟು ಅಡಿಕ್ಟ್ ಆಗಿದೆ ಅಂದ್ರೆ ಡೈಲಿ ಮಿನಿಮಮ್ 5 ರಿಂದ 6 ಸಲ ನೋಡ್ಬೇಕು ಅನ್ಸುತ್ತೆ....ನೀವೇನ್ ಅಂತೀರಾ,15,1.0,0.0,1.0,0.0,0.0,False,low
not-Kannada,Song is super,3,0.0,0.0,0.0,1.0,0.0,True,low
Positive,ಸೂಪರ್  ನಾಯಕ,2,1.0,0.0,1.0,0.0,0.0,True,low
not-Kannada,Unique talent of kannada,4,0.0,0.0,0.0,1.0,0.0,False,low
unknown state,Shankar Nag Nenapugalu,3,0.0,1.0,1.0,0.0,0.0,True,low
not-Kannada,Superb song,2,0.0,0.0,0.0,1.0,0.0,True,low
unknown state,Soon may be next week,5,0.0,0.0,0.0,1.0,0.0,False,low
not-Kannada,Super song 🥰🥰,3,0.0,0.0,0.0,1.0,0.0,True,low
Mixed feelings,ಆತ ಬರುತ್ತಾ ಅಲ್ಲಾ,3,1.0,0.0,1.0,0.0,0.0,True,low
unknown state,n 0,2,0.0,0.0,0.0,1.0,0.0,True,low
not-Kannada,Hands up  super song,4,0.0,0.0,0.0,1.0,0.0,False,low
Positive,ಇದರಲ್ಲಿ ಎನ್ ಚನ್ನಗಿದಿಯೊ ಗೊತ್ತಿಲ್ಲ ಆದರೇ ಮ್ಯೂಸಿಕ್ ಡ್ಯಾನ್ಸ್  ಚಿಂದಿ ಆಗಿದೆ.,9,1.0,0.0,1.0,0.0,0.0,False,low
Positive,Super song Ŕákśhíťh. Bãï,4,0.0,0.0,0.0,1.0,0.0,True,low
not-Kannada,Super song,2,0.0,0.0,0.0,1.0,0.0,True,low
Positive,ಚರಿತ್ರೆ ಸೃಷ್ಟಿಸಲಿ...ಕನ್ನಡದ ಹವಾ ಬಹಳ ಜೋರಾಗಿದೆ ಭಾರತೀಯ ಚಿತ್ರರಂಗದಲ್ಲಿ...ಹೆಮ್ಮೆಯ ವಿಷಯ..ನಮ್ಮೆಲ್ಲರಿಗೂ,8,1.0,0.0,1.0,0.0,0.0,False,low
Positive,ದಿನಾಲೂ ನೋಡರ ಲೈಕ್ ಮಾಡಿ,4,1.0,0.0,1.0,0.0,0.0,False,low
Positive,Oohegu meerida saahasa,3,0.0,1.0,1.0,0.0,0.0,True,low
Positive,ದರ್ಶನ್  ಅವರ    ಜಾಮೀನು ಅರ್ಜಿಯನ್ನು ನ್ಯಾಯಾಲಯ ನಮಸ್ಕಾರ ನಮಸ್ಕಾರ,7,1.0,0.0,1.0,0.0,0.0,False,low
unknown state,Sup song    HANDS UP  ASN,5,0.0,0.0,0.0,1.0,0.0,True,low
Positive,ಸೂಪರ್ ಹಾಡು ಶೆಟ್ರೆ,3,1.0,0.0,1.0,0.0,0.0,True,low
Positive,ಸೂಪರ್ ಸಾಂಗ್ ಆಲ್ ದಿ ಬೆಸ್ಟ್ ರಕ್ಷಿತ್ ಶೆಟ್ಟಿ ಅಣ್ಣ,8,1.0,0.0,1.0,0.0,0.0,False,low
Positive,ಇದು ಚರಿತ್ರೆ ಸೃಷ್ಟಿಸೊ ಅವತಾರ,4,1.0,0.0,1.0,0.0,0.0,False,low
not-Kannada,Wow super suuuuuper....,3,0.0,0.0,0.0,1.0,0.0,True,low
Positive,Super song bro,3,0.0,0.0,0.0,1.0,0.0,True,low
Positive,ಇದೊಂದು ದುರದೃಷ್ಟ ವೇ ಸರಿ ಇಂತ ಮ್ಯೂಸಿಕ್ ಇಂತ ಲಿರಿಕ್ಸ್ ಇಂತ ಬ್ಯಾಗ್ರೌಂಡ್ ಎಡಿಟಿಂಗ್ ಎಲ್ಲ ವಿಭಿನ್ನ ಸುಂದರ ವಾಗಿದ್ದರು 6 ದಿನ ಕಳೆದರು ಕೇವಲ 2.2M ಅಂದ್ರೆ ಬೇಸರದ ಸಂಗತಿ nಯಾವುದೋ ಪರಭಾಷಗಳಿಗೆ ತೋರಿಸೋ ಪ್ರೀತಿ ನಮ್ಮ ಕನ್ನಡ ಚಿತ್ರಗಳ ಮೇಲಿಲ್ಲ.,31,1.0,0.0,1.0,0.0,0.0,False,low
Negative,Houdu nNam janakke buddi illa,5,0.0,1.0,1.0,0.0,0.0,False,low
unknown state,Buety.. Guru..,2,0.0,1.0,1.0,0.0,0.0,True,low
Positive,ತೊಗರಿ ತಿಪ್ಪ ಸೂಪರ್ ಗುರು,4,1.0,0.0,1.0,0.0,0.0,False,low
not-Kannada,Nagaraj Shankaranavar Nagaraj Shankaranavar,4,0.0,1.0,1.0,0.0,0.0,True,low
Positive,ಸೂಪರ್   ತೋಗರಿ teppa,3,0.6667,0.3333,1.0,0.0,0.0,True,low
Mixed feelings,ಜಡ್ ಜಡ್ ನಕ್ಕ...,3,1.0,0.0,1.0,0.0,0.0,True,low
not-Kannada,Teja Madarkhandi Teju,3,0.0,1.0,1.0,0.0,0.0,True,low
not-Kannada,Bhimsen Baburao Waghe Bhimsen Waghe,5,0.0,1.0,1.0,0.0,0.0,True,low
not-Kannada,Bhimsen Baburao Waghe Bhimsen,4,0.0,1.0,1.0,0.0,0.0,True,low
not-Kannada,Akbar Dhannur Malayalam film,4,0.0,0.0,0.0,1.0,0.0,True,low
not-Kannada,Akbar Dhannur by JN in,5,0.0,0.0,0.0,1.0,0.0,True,low
Positive,ಸೂಪರ್ ತೊಗರಿ ತಿಪ್ಪ,3,1.0,0.0,1.0,0.0,0.0,True,low
not-Kannada,very nice speech,3,0.0,0.0,0.0,1.0,0.0,True,low
Positive,Anna.   Thamma.   Janpada,3,0.0,0.0,0.0,1.0,0.0,True,low
unknown state,R.N. Laxmi Mahadevl,3,0.0,0.0,0.0,1.0,0.0,True,low
Positive,R.N. Laxmi Mahadev Anna.    Thamma.  Janpada.    Super,7,0.0,0.0,0.0,1.0,0.0,True,low
Positive,ನಾನು ಚಿಕ್ಕವನಾಗಿದ್ದಾಗ ಕೇಳಿದ ಈ ತೊಗರಿ ತಿಪ್ಪನ ಕಥೆ ಈಗ ಮತ್ತೆ ಕೇಳಿ ನನ್ನ ಮನಸ್ಸು ಸಂತೋಷವಾಗಿದೆ ಸೂಪರ್ ತೊಗರಿ ತಿಪ್ಪ,16,1.0,0.0,1.0,0.0,0.0,False,low
Positive,ಮನ ತಣಿಸುವಂತ ಕಥೆ ತುಂಬಾ ಚೆನ್ನಾಗಿದೆ..,5,1.0,0.0,1.0,0.0,0.0,False,low
Positive,Nataka Chennagi Edge,3,0.0,1.0,1.0,0.0,0.0,True,low
not-Kannada,+shivu patil nhf,3,0.0,1.0,1.0,0.0,0.0,True,low
unknown state,Ramesh Snakannanavar wey,3,0.0,1.0,1.0,0.0,0.0,True,low
unknown state,Ramesh Snakannanavar nLAR,3,0.0,1.0,1.0,0.0,0.0,True,low
unknown state,Dayanand 123 ಕಮಕಲಲ,3,0.5,0.5,1.0,0.0,0.0,True,low
Positive,ಸೂಪರ್  ತೂಗರಿತಿಪ್ಪ,2,1.0,0.0,1.0,0.0,0.0,True,low
unknown state,Gangadhar Adi nuchnnamallaya,3,0.0,1.0,1.0,0.0,0.0,True,low
Positive,Shankar Patil ಸುಪ್ಪರ,3,0.5,0.5,1.0,0.0,0.0,True,low
not-Kannada,Shankar Patil siddun6362323307n1984nSGGID,3,0.0,1.0,1.0,0.0,0.0,True,low
not-Kannada,superrŕrrrrr  super vice sir,4,0.0,0.0,0.0,1.0,0.0,True,low
not-Kannada,togari tippa supar,3,0.0,1.0,1.0,0.0,0.0,True,low
Positive,Sharanraj Crs ದನೇವಾದಗಳು,3,0.5,0.5,1.0,0.0,0.0,True,low
not-Kannada,@Doddesh Rogannavar Loki,3,0.0,1.0,1.0,0.0,0.0,True,low
not-Kannada,Shiva k k,3,0.0,0.0,0.0,1.0,0.0,True,low
not-Kannada,+Shivanand Kattimani 12 '.9,4,0.0,1.0,1.0,0.0,0.0,True,low
not-Kannada,+Shivanand Kattimani  12. 9 .2018,5,0.0,1.0,1.0,0.0,0.0,True,low
Positive,ತೊಗರಿ ತಿಪ್ಪ ಸೂಪರ್ ಸ್ಟಾರ್,4,1.0,0.0,1.0,0.0,0.0,False,low
not-Kannada,Mutturaj Melageri nkanti,3,0.0,1.0,1.0,0.0,0.0,True,low
Positive,Mutturaj Melageri ಸೂಪರ್,3,0.5,0.5,1.0,0.0,0.0,True,low
not-Kannada,Mutturaj Melageri hhhh,3,0.0,1.0,1.0,0.0,0.0,True,low
Positive,ತೊಗರಿ ತಿಪ್ಪ  ಸ್ಟೋರಿ ಸೂಪರ್,4,1.0,0.0,1.0,0.0,0.0,False,low
not-Kannada,basavaraj gurikar .,3,0.0,1.0,1.0,0.0,0.0,True,low
not-Kannada,umesh karigar Inc,3,0.0,1.0,1.0,0.0,0.0,True,low
Positive,ಇದು ಇತಿಹಾಸ ಸೃಷ್ಟಿಸೇೂ ಅವತಾರ.......nnಅವನೇ ಶ್ರೀಮನ್ನಾರಯಣ,5,1.0,0.0,1.0,0.0,0.0,False,low
Mixed feelings,1.45 to 2.00 super,4,0.0,0.0,0.0,1.0,0.0,True,low
Positive,ಆಲ್ ದಿ ಬೆಸ್ಟ್ ಡಿ ಬಾಸ್ ಅಭಿಮಾನಿಗಳ ಕಡೆಯಿಂದ. ಈ ಚಿತ್ರ ಶತ ದಿನೋತ್ಸವ ಆಚರಿಸಲಿ.,12,1.0,0.0,1.0,0.0,0.0,False,low
Mixed feelings,ಈಗ ಮಾತನಾಡಿ ಬೇರೆ ಭಾಷೆ ಅವರು,5,1.0,0.0,1.0,0.0,0.0,False,low
Positive,Nooru kaala Kannada hege hosaa shasanagallanu shrustisabeku,7,0.0,1.0,1.0,0.0,0.0,False,low
Positive,ಗೆಲ್ಲಲೇಬೇಕು ಒಂದು ದಿನ nಗೆದ್ದೇ ಗೆಲ್ಲುವುದು ಒಳ್ಳೆ ಚಿತ್ರ,7,1.0,0.0,1.0,0.0,0.0,False,low
not-Kannada,Dance steppp supppperrrrrr,3,0.0,0.0,0.0,1.0,0.0,True,low
not-Kannada,Super dance stepppppp,3,0.0,0.0,0.0,1.0,0.0,True,low
Positive,ನನ್ನ ಗೆಲ್ಬೋದು ಅನ್ನುತ ನಿಂದನು ಒರ್ವ ರಾಕ್ಷಸ,6,1.0,0.0,1.0,0.0,0.0,False,low
not-Kannada,Same feeling bro,3,0.0,0.0,0.0,1.0,0.0,True,low
not-Kannada,You are true,3,0.0,0.0,0.0,1.0,0.0,True,low
Positive,Same here guru,3,0.0,0.0,0.0,1.0,0.0,True,low
Positive,Charitre srushti maadiruva Shettrege...Hands Up,5,0.0,1.0,1.0,0.0,0.0,True,low
Positive,Jai rakshith shetty,3,0.0,1.0,1.0,0.0,0.0,True,low
Positive,​​​​​ ​​ ​​​​​​nnKeli kadiruva bandhavarenBhuviyalli avana aritavarenYarilla bidi,8,0.0,1.0,1.0,0.0,0.0,False,low
Positive,Keli kadiruva bandhavarenBhuviyalli avana aritavarenYarilla bidi,6,0.0,1.0,1.0,0.0,0.0,False,low
not-Kannada,#No 1 in trending,4,0.0,0.0,0.0,1.0,0.0,True,low
Positive,Yappa huchhu hidustide.....asn.....awesom,3,0.0,1.0,1.0,0.0,0.0,True,low
Positive,ಹಾಡು ಯಾಕೋ  ವಿಚಿತ್ರವಾಗಿ ಹುಚ್ಚೆಬಿಸಿದೆ   ಎನ್ನುವವರು  ಲೈಕ್ ಮಾಡಿ,7,1.0,0.0,1.0,0.0,0.0,False,low
Negative,urkolli nodi avrella,3,0.0,1.0,1.0,0.0,0.0,True,low
Positive,Mast mast song,3,0.0,0.0,0.0,1.0,0.0,True,low
Positive,ಎಸ್ ಸೂಪರ್ ಸಾಂಗ್,3,1.0,0.0,1.0,0.0,0.0,True,low
not-Kannada,Hi to get,3,0.0,0.0,0.0,1.0,0.0,True,low
Negative,ದೂಳು ಮಗಾ ಸಾಂಗ್,3,1.0,0.0,1.0,0.0,0.0,True,low
not-Kannada,Is it similar to swag se Salman song.. ??,9,0.0,0.0,0.0,1.0,0.0,False,low
Positive,ಅದ್ಭುತವಾದ ಸಂಗೀತ ಬೆಂಕಿ ಚಿಂದಿ nAwesome,5,0.8,0.2,1.0,0.0,0.0,False,low
Positive,ಅವನೇ ಶ್ರಿಮನಾರಾಯಣ ಸಿನಿಮಾಗೆ ಭಾರತದೆಲ್ಲೆಡೆ ಗೆಲುವು ಸಿಗಲಿ  ಕನ್ನಡ ಸಿನಿಮಾ ಇನ್ನು ಬೆಳೆಯಲಿ. ಜೈ ಬಿಗ್ ಬಾಸ್,13,1.0,0.0,1.0,0.0,0.0,False,low
not-Kannada,Top 1 trending,3,0.0,0.0,0.0,1.0,0.0,True,low
Positive,ಕೇಳಿ ಕರುನಾಡ ಬಾಂಧವರೆ,3,1.0,0.0,1.0,0.0,0.0,True,low
Positive,ಮ್ಯೂಸಿಕ್ ಡೈರೆಕ್ಟರ್ ಗೆ ಒಂದು ದೊಡ್ಡ ಸಲಾಂ ಯಾವುದೋ ಲೋಕಕ್ಕೆ ಹೋಗಿ ಬಂದಂಗಾಯ್ತು.. ನಿಜಕ್ಕೂ ಸಂಗೀತ ಮಾಂತ್ರಿಕ ಅಂದ್ರೆ ಇವ್ರರೆ,15,1.0,0.0,1.0,0.0,0.0,False,low
Positive,ಇದು ಚರಿತ್ರೆ ಸೃಷ್ಟಿಸೋ ಅವತಾರ,4,1.0,0.0,1.0,0.0,0.0,False,low
Positive,ಡಾನ್ಸ್ ಸ್ಟೆಪ್ಸ್ ನೋಡ್ರೆ ನಮ್ ಶಂಕರನಾಗ್ ನೆಂಪಾಗ್ತಾವ್ರೆ. ಆದ್ರೂ ಸಾಂಗ್ ಸೂಪರ್ ಮತ್ತು ಡಾನ್ಸ್ ಸೂಪರ್. ಸಿನೆಮಾನೂ ಸೂಪರಾಗಿರುತ್ತೆ,14,1.0,0.0,1.0,0.0,0.0,False,low
not-Kannada,Slow poisoning song,3,0.0,0.0,0.0,1.0,0.0,True,low
not-Kannada,Super star of Kannada film industry,6,0.0,0.0,0.0,1.0,0.0,False,low
Positive,Rocking Kannada Movie,3,0.0,0.0,0.0,1.0,0.0,True,low
Positive,Waiting #ASN ......,3,0.0,0.0,0.0,1.0,0.0,True,low
not-Kannada,Ultra ultimate  song,3,0.0,0.0,0.0,1.0,0.0,True,low
unknown state,@Samuel Sam,2,0.0,0.0,0.0,1.0,0.0,True,low
Positive,Hindi video song .   Yavaga release,6,0.0,0.0,0.0,1.0,0.0,False,low
not-Kannada,Trending in no. 1,4,0.0,0.0,0.0,1.0,0.0,True,low
Positive,Keli kadiruva bandhavarenBhuviyalli avana aritavarenYarilla bidi,6,0.0,1.0,1.0,0.0,0.0,False,low
not-Kannada,Next level making,3,0.0,0.0,0.0,1.0,0.0,True,low
Positive,ಹಾಡು ಕೇಳ್ತಾಯಿದ್ರೆ ಒಂಥರ ಲವ್ಲಿ ಕಿಕ್ ಏರುತ್ತೆ ಅನ್ನೋರು ಲೈಕ್ ಮಾಡಿ.......nಧನ್ಯವಾದಗಳು...nರಕ್ಷಿತ್ ಸರ್...ವಿಜಯ್ ಸರ್....ಅಜನೀಶ್ ಸರ್... ಸೂಪರ್ಬ್ ಸಾಂಗ್.ಹ್ಯಾಂಡ್ಸ್ ಅಪ್,15,1.0,0.0,1.0,0.0,0.0,False,low
not-Kannada,Very good song,3,0.0,0.0,0.0,1.0,0.0,True,low
Mixed feelings,Hands up haters,3,0.0,0.0,0.0,1.0,0.0,True,low
Negative,Gaali maathina bajaaru sudhi madide sumaaru.,6,0.0,1.0,1.0,0.0,0.0,False,low
Positive,ಎಷ್ಟು ಕೇಳಿದರು ಸಾಕಗಲ್ಲ,3,1.0,0.0,1.0,0.0,0.0,True,low
Positive,ಯಾರದಿರಿ ನಮ್ಮ ಹುಬ್ಬಳ್ಳಿ - ಧಾರವಾಡ ಮಂದಿ,6,1.0,0.0,1.0,0.0,0.0,False,low
not-Kannada,Rakshit shetty,2,0.0,1.0,1.0,0.0,0.0,True,low
Negative,ಚಿತ್ರರಂಗದಲ್ಲಿ ಸಂಚಲನ ಮೂಡಿಸಲಿ. nಯಾರ್ ಯಾರಿಗೂ ಬಾಸ್ ಅಲ್ಲ ನಿಮ್ಮ ಸಿನಿಮಾ ಚೆನ್ನಾಗಿದ್ರೆ ಎಲ್ಲರೂ ನೋಡ್ತಾರೆ ಬಕೆಟ್ ಎಲ್ಲಾ ಮೂಲೆಗೆ ಹಾಕಿ. ಇನ್ನೊಬ್ಬ ನಟ ಬಂದು ಹೇಳಿದ ಅಂತ ಯಾರು ಸಿನಿಮಾ ನೋಡಲ್ಲ ನಿಮ್ಮ ಅಭಿನಯ ಕಥೆ ಮನೋರಂಜನೆ ನೋಡಿ ಬರ್ತಾರೆ ಅಷ್ಟೇ. nಶುಭವಾಗಲಿ........,32,1.0,0.0,1.0,0.0,0.0,False,low
not-Kannada,Super blockbuster video song,4,0.0,0.0,0.0,1.0,0.0,False,low
Positive,ಸಾಂಗ್ ಸೂಪರ್ nಮ್ಯೂಸಿಕ್,3,1.0,0.0,1.0,0.0,0.0,True,low
not-Kannada,Kannada movie  = Like,4,0.0,0.0,0.0,1.0,0.0,True,low
Mixed feelings,Liked it !! Thanks god no drinking songs anymore in kannada,11,0.0,0.0,0.0,1.0,0.0,False,low
Mixed feelings,Eid shreshth Avatar,3,0.0,1.0,1.0,0.0,0.0,True,low
Positive,ಹ್ಯಾಂಡ್ ಸಪ್ ಅನವರತ,3,1.0,0.0,1.0,0.0,0.0,True,low
not-Kannada,Sir u r attitude & dance killed performance,8,0.0,0.0,0.0,1.0,0.0,False,low
Mixed feelings,ನಿಜ ನನ್ಗು ಹಾಗೆ ಆಯ್ತು ಮರ್ರೆ,5,1.0,0.0,1.0,0.0,0.0,False,low
Positive,ಇದು ಚರಿತ್ರೆ ಸೃಷ್ಟಿಸೊ ಅವತಾರ,4,1.0,0.0,1.0,0.0,0.0,False,low
Positive,ಸ್ಯಾಂಡಲ್ ವುಡ್ ನ ಹೊಸ ಅವತಾರnಶ್ರೀ ಮನ್ನಾರಾಯಣ ಯಶಸ್ವಿಯಾಗಲಿnಕಿಚ್ಚ ಸುದೀಪ್ ಸೇನಾ ನಾಲತವಾಡnವಿಜಯಪುರ ಜಿಲ್ಲೆ,11,1.0,0.0,1.0,0.0,0.0,False,low
Positive,Super sang guru,3,0.0,0.0,0.0,1.0,0.0,True,low
Positive,Yest Sala Nodidru Bejar Agalla,5,0.0,0.0,0.0,1.0,0.0,True,low
Positive,ಕನ್ನಡ ಇವತ್ತು ರಾಷ್ಟ್ರೀಯ ಮತ್ತು ಅಂತಾರಾಷ್ಟ್ರೀಯ ಮಟ್ಟದಲ್ಲಿ ಹೆಸರು ಮಾಡುತ್ತಿದೆ ಎಂದರೆ ಅದು ರಕ್ಷಿತ್ ಶೆಟ್ಟಿ ರವರಂತವರ ಉತ್ಸುಕತೆಯಿಂದ ಮಾತ್ರ,15,1.0,0.0,1.0,0.0,0.0,False,low
not-Kannada,Vp sir super sir,4,0.0,0.0,0.0,1.0,0.0,False,low
Positive,ಇದು ಚರಿತ್ರೆ ಸೃಷ್ಟಿಸೋ ಸಾಂಗ್!!!nಮಧ್ಯ  ಸೇವನೆ  ಅಭ್ಯಾಸದಿಂದ ಬೇಕಾದ್ರೆ ಮುಕ್ತಿ ಪಡೆಯಬಹುದು ಆದ್ರೆ ಈ ಸಾಂಗ್ ಇಂದ ಅಲ್ಲ  ನಿಜಾ ಅನ್ನೋರು Hands Up ಮಾಡಿ,19,1.0,0.0,1.0,0.0,0.0,False,low
Positive,Rakshit Shetty 🤩,3,0.0,1.0,1.0,0.0,0.0,True,low
unknown state,@Just Fun RS,3,0.0,0.0,0.0,1.0,0.0,True,low
Positive,ಯುದ್ಧ ಮಾಡಬೇಕು ಓದಬಾರದುnಕಟುಕರ ಮುಂದೆ ಭಗವದ್ಗೀತೆ.... nnಇದು ಚರಿತ್ರೆ ಸೃಷ್ಟಿಸೋ ಅವತಾರ ರಕ್ಷಿತ್ ಅವರದ್ದು...,11,1.0,0.0,1.0,0.0,0.0,False,low
not-Kannada,#ERROR!,1,0.0,0.0,0.0,1.0,0.0,True,low
Mixed feelings,ASN > KGF,3,0.0,1.0,1.0,0.0,0.0,True,low
Negative,@Manohar Hiremath ನೀನ್ತಾನೆ ಉರ್ಕೊಂಡು ತಡ್ಕಳ್ಳೊಕ್ಕೆ ಆಗ್ತಾಯಿಲ್ವಲ್ಲ ಹಚ್ಕೊ,7,0.8333,0.1667,1.0,0.0,0.0,False,low
Negative,@Manohar Hiremath ನೋಡುದ್ರೆ ಗೊತ್ತಾಗಲ್ವ ಎಷ್ಟು ಉರ್ಕೊಂಡಿದ್ದೀಯ,6,0.8,0.2,1.0,0.0,0.0,False,low
Positive,ಕೆ ಜಿ ಎ ಪ್ ಮುಗಿದ ಮಾೄಲ ಇದ  ಕನಡದ ಛರಿತ್ರೇ ಸಿನಿಮಾ,10,1.0,0.0,1.0,0.0,0.0,False,low
unknown state,@vinay shivamogga 1000% Right,4,0.0,1.0,1.0,0.0,0.0,True,low
unknown state,@vinay shivamogga **uter,3,0.0,1.0,1.0,0.0,0.0,True,low
Negative,Benki bindangide rasmikage,3,0.0,1.0,1.0,0.0,0.0,True,low
Mixed feelings,Yen quality guru,3,0.0,0.0,0.0,1.0,0.0,True,low
Positive,ಇದು ಚರಿತ್ರೆ ಸೃಷ್ಟಿಯೋ ಅವತಾರಾ...,4,1.0,0.0,1.0,0.0,0.0,False,low
Positive,ಎಲ್ಲಾ ಭಾಷೆ ಅಲ್ಲು ಹಾಡು ತುಂಬಾ ಚೆನ್ನಾಗಿದೆ ಅಂತ ಹೇಳುವವರು ಇಲ್ಲಿ,9,1.0,0.0,1.0,0.0,0.0,False,low
Positive,ಗುರು ನಿನ್ನ ಗೊಸ್ಕರ ಮೂವಿನ ನೋಡ್ಲಿಲ್ಲ ಅಂದ್ರು ರಶ್ಮಿಕಾ ಮಂದಣ್ಣಳ ಗೊಸ್ಕರ ನೋಡ್ತಿನಿnnಜೈ ASN,11,1.0,0.0,1.0,0.0,0.0,False,low
unknown state,ರಶ್ಮಿಕಾ ಮಂದಣ್ಣಳಿಗೆ ದೆಂ,3,1.0,0.0,1.0,0.0,0.0,True,low
Positive,Idu charitre shrutiso avataran#ASN,4,0.0,1.0,1.0,0.0,0.0,False,low
Positive,ಕನ್ನಡ ಭಾಷೆ ಸಿನಿಮಾ ಯಾವುದಕ್ಕೂ ಕಡಿಮೆ ಇಲ್ಲ ಎಂದು ನಿಮ್ಮ ಸಿನಿಮಾದ ಮೂಲಕ ಗೊತ್ತಾಗುತ್ತಿದೆ......,11,1.0,0.0,1.0,0.0,0.0,False,low
Positive,ಇದು  ಚರಿತ್ರೆ  ಸೃಷ್ಟಿಸೊ  ಅವತಾರ... ನಮ್ಮ  ನಾರಾಯಣ....,6,1.0,0.0,1.0,0.0,0.0,False,low
unknown state,KGF 2   commentnASN      Like,4,0.0,1.0,1.0,0.0,0.0,True,low
not-Kannada,I'm sensing Rango like story,5,0.0,0.0,0.0,1.0,0.0,False,low
Positive,ಬೆಳೆಗ್ಗೆಯಿಂದ ಕೆಳ್ತಾ ಇದಿನಿ ಅದ್ರೂನು ಕೆಳ್ತಾನೆ ಇರ್ಬೆಕು   ಅನ್ಸುತ್ತೆ.....n,7,1.0,0.0,1.0,0.0,0.0,False,low
unknown state,Idu pakka sulllu,3,0.0,1.0,1.0,0.0,0.0,True,low
not-Kannada,Pride of Karnataka & Kannada,5,0.0,0.0,0.0,1.0,0.0,True,low
unknown state,ASN,1,0.0,1.0,1.0,0.0,0.0,True,low
Positive,2020 Blockbuster hit movie. Jai Karnataka,6,0.0,0.0,0.0,1.0,0.0,True,low
Positive,ಆಲ್ ದಿ ಬೆಸ್ಟ್ ಡಿ ಬಾಸ್ ಹುಡುಗರು,6,1.0,0.0,1.0,0.0,0.0,False,low
not-Kannada,Super song love u,4,0.0,0.0,0.0,1.0,0.0,False,low
not-Kannada,Super song,2,0.0,0.0,0.0,1.0,0.0,True,low
not-Kannada,Nice,1,0.0,0.0,0.0,1.0,0.0,True,low
Positive,Yen song guru Superb,4,0.0,0.0,0.0,1.0,0.0,True,low
Positive,ಚಿಂದಿ  ಬೆಂಕಿ,2,1.0,0.0,1.0,0.0,0.0,True,low
Positive,ಏಳನೇ ದಿನ ಕೇಳ್ತಾ ಇದ್ದೇನೆ,4,1.0,0.0,1.0,0.0,0.0,False,low
unknown state,ಎರಡೂ ಮಿಲಿಯನ್ ಆದಮೇಲೆ ಯಾರ್ಯಾರು ನೋಡ್ತಾ ಇದೀರ ಲೈಕ್ ಮಾಡಿ,8,1.0,0.0,1.0,0.0,0.0,False,low
not-Kannada,Super song vj,3,0.0,0.0,0.0,1.0,0.0,True,low
Positive,ಸೂಪರ್ ಸಾಂಗ್ ಡಿ ಬಾಸ್ ಫ್ಯಾನ್ಸ್ ಸಪೋರ್ಟ್ ಮಾಡುತ್ತೇವೆ ಕನ್ನಡ ಸಿನಿಮಾ ರಂಗ ಬೆಳೆಯಲಿ,11,1.0,0.0,1.0,0.0,0.0,False,low
Positive,ಎನ್ ಗುರು ಎನ್ ಲಿರಿಕ್ ಎನ್ ಮ್ಯೂಸಿಕ್ ನಮ್ಮ ಮನೆಯಲ್ಲಿ ಈ ಹಾಡಿಗೆ ಫುಲ್ ಫೀದ ಆಗಿದರೆ,13,1.0,0.0,1.0,0.0,0.0,False,low
Negative,Nannna gelbodu endu nintanu orva   raakshasa.                         Tappalla aadare aduve oohegu meerida saahasa,12,0.0,1.0,1.0,0.0,0.0,False,low
Positive,ಕನ್ನಡ ಚಿತ್ರರಂಗ  ಬೆಳವಣಿಗೆ ಸುರು ಆಯ್ತು ಜೈ ಕನ್ನಡಾಂಬೆ,7,1.0,0.0,1.0,0.0,0.0,False,low
Positive,Yudd madbeku odabardu katakar munde bagavtgithe. annuv salannu hiro annbek ettu..super song,12,0.0,0.9167,0.9167,0.0833,0.1667,False,low
Mixed feelings,ಇವನೇ ಶ್ರೀಮನ್ನಾರಾಯಣ ಕನ್ನಡಿಗ,3,1.0,0.0,1.0,0.0,0.0,True,low
Positive,ತಂಡಕ್ಕೆ ಶುಭವಾಗಲಿ...nರಕ್ಷಿತ್ ಎಂಬ ಪಿಸ್ತೂಲ್...nಸಚಿನ್ ಎಂಬ ಟ್ರಿಗರ್...nಅಜಿನೀಶ್ ಬುಲೆಟ್ ಸೌಂಡ್...nಅಬ್ಬರಿಸಿ ಬೊಬ್ಬಿರಿದಿದೆ....nnಇದು ಚರಿತ್ರೆ ಸೃಷ್ಟಿಸೋ ಅವತಾರ..nಶುಭವಾಗ್ಲಿ,12,1.0,0.0,1.0,0.0,0.0,False,low
not-Kannada,hadu tubna hucu hedseda,4,0.0,1.0,1.0,0.0,0.0,False,low
Positive,ಯಾರಾದ್ರೂ ಲಿರಿಕ್ಸ್ ಓದಿದ್ರೆ ಈ ಹಾಡಿನ ಒಳಾರ್ಥ ತಿಳಿಯೋಕೆ ಎಷ್ಟು ಕಷ್ಟ ಇದೆ ಅಂತ ತಿಳಿದಿರುತ್ತೆ...ಅದು ಈ ಹಾಡಿನ twist,15,0.9333,0.0,0.9333,0.0667,0.1333,False,low
Positive,ಆಲ್ ದಿ ಬೆಸ್ಟ್ ನಿಖಿಲ್ ಕುಮಾರಸ್ವಾಮಿ ಅಭಿಮಾನಿಗಳ ಕಡೆಯಿಂದ ಈ ಚಿತ್ರ ಶತದಿನೋತ್ಸವ ಆಚರಿಸಲಿ ಎಂದು ಹಾರೈಸುತ್ತೇವೆ,13,1.0,0.0,1.0,0.0,0.0,False,low
Positive,Idu charitre srastiso avatara,4,0.0,1.0,1.0,0.0,0.0,False,low
Positive,ಇದು ಖಂಡಿತ ಚರಿತ್ರೆ ಸೃಷ್ಟಿಸೋ ಅವತಾರ,5,1.0,0.0,1.0,0.0,0.0,False,low
Positive,ಎಲ್ಲರೂ HANDS UP ಸೈಲೆಂಟ್ ಆಗಿರಿ ಶ್ರೀ ಮನ್ನಾ ರಾಯನ ಬಂದವ್ನೆ...,9,1.0,0.0,1.0,0.0,0.0,False,low
Positive,ಇದೇ ಥರ ಕನ್ನಡ  ಚಲನಚಿತ್ರಗಳು ಚರಿತ್ರೆ ಸೃಷ್ಟಿಸಲಿ ಇದೆ ಚರಿತ್ರೆ ಸೃಷ್ಟಿಸುವ ಅವತಾರ  ಅವನೇ ಶ್ರೀಮನ್ ನಾರಾಯಣ,13,1.0,0.0,1.0,0.0,0.0,False,low
Positive,ಇದೇ ಥರ ಕನ್ನಡ ಚಲನಚಿತ್ರಗಳನ್ನು ಕೊಡ್ತಾರೆ ರಕ್ಷಿತ್ ಶೆಟ್ಟಿಯವರ ಧನ್ಯವಾದಗಳು,8,1.0,0.0,1.0,0.0,0.0,False,low
Positive,ಧನ್ಯವಾದಗಳು ರಕ್ಷಿತ್ ಶೆಟ್ಟಿ ಅವರೇ ಸಾಂಗ್ ತುಂಬಾ ಚೆನ್ನಾಗಿದೆ ನಿಮ್ಮ ನಿಮ್ಮ ಸಿನಿಮಾಕ್ಕೆ ಆಲ್ ದ ಬೆಸ್ಟ್  ಆಲ್ ದ ಬೆಸ್ಟ್,16,1.0,0.0,1.0,0.0,0.0,False,low
Positive,ಇದು ಚರಿತ್ರೆ ಸೃಷ್ಟಿಸೋಅವತಾರ...n...,3,1.0,0.0,1.0,0.0,0.0,True,low
not-Kannada,Super song sir,3,0.0,0.0,0.0,1.0,0.0,True,low
not-Kannada,Signature move,2,0.0,0.0,0.0,1.0,0.0,True,low
Positive,Trend setter! Awesome!,3,0.0,0.0,0.0,1.0,0.0,True,low
Positive,tumbane chennagide haadu.,3,0.0,1.0,1.0,0.0,0.0,True,low
not-Kannada,Very good song.....,3,0.0,0.0,0.0,1.0,0.0,True,low
Positive,ಇದು‌ ಚರಿತ್ರೆ ಸೃಷ್ಟಿಸೋ ಅವತಾರ,4,1.0,0.0,1.0,0.0,0.0,False,low
Positive,5 days trending,3,0.0,0.0,0.0,1.0,0.0,True,low
not-Kannada,Super VP sir,3,0.0,0.0,0.0,1.0,0.0,True,low
Positive,2.36-2.52 epic music,3,0.0,0.0,0.0,1.0,0.0,True,low
Positive,ಮಸ್ತ್ ಇದೆ ಈ ಹಾಡು,4,1.0,0.0,1.0,0.0,0.0,False,low
unknown state,Hand's up,2,0.0,0.0,0.0,1.0,0.0,True,low
Positive,ಕನ್ನಡ ನಾಡಿನ ಕೀರ್ತಿ ಜಗತ್ತಿನೆಲ್ಲೆಡೆ ಹರಡಲಿ ಅಂತ ಬಯಸುತ್ತೇನೆ,7,1.0,0.0,1.0,0.0,0.0,False,low
Positive,Super d boss fans like,5,0.0,0.0,0.0,1.0,0.0,False,low
Positive,amazing music,2,0.0,0.0,0.0,1.0,0.0,True,low
Positive,ನಿಜಕ್ಕೂ ಇದು ಚರಿತ್ರೆ  ಸೃಷ್ಟಿಸೊ ಅವತಾರ,5,1.0,0.0,1.0,0.0,0.0,False,low
Positive,'ಇದು ಚರಿತ್ರೆ ಸೃಷ್ಟಿಸುವ ಸಿನಿಮಾ'' ಎಂದು ನಂಬುವವರು ಲೈಕ್ ಮಾಡಿ,8,1.0,0.0,1.0,0.0,0.0,False,low
Positive,Superb dance step,3,0.0,0.0,0.0,1.0,0.0,True,low
Positive,Super lyrics guru,3,0.0,0.0,0.0,1.0,0.0,True,low
unknown state,Trending ...... Video.....Asn,3,0.0,0.0,0.0,1.0,0.0,True,low
Positive,Fresh making n new step in kannada industry,8,0.0,0.0,0.0,1.0,0.0,False,low
Positive,ಅದ್ಬುತವಾದ ಸಂಗೀತ ...,3,1.0,0.0,1.0,0.0,0.0,True,low
Positive,It deserves more like.....,4,0.0,0.0,0.0,1.0,0.0,True,low
not-Kannada,Super song ..,3,0.0,0.0,0.0,1.0,0.0,True,low
Positive,ಇದು ಚರಿತ್ರೆ ಸೃಷ್ಟಿಸು ಆವಾತರ,4,1.0,0.0,1.0,0.0,0.0,False,low
not-Kannada,Flare gun at 1;30,4,0.0,0.0,0.0,1.0,0.0,True,low
Positive,ಸಾರ್ ಈ ಮೂವಿ ಪಕ್ಕ ಚರಿತ್ರೆ ಸೃಷ್ಟಿ ಮಾಡುತ್ತೆ . ಕರುನಾಡ ಕಲಾ ಕೇಸರಿ ಚಾಲೆಂಜಿಂಗ್ ಸ್ಟಾರ್ ಡಿ ಬಾಸ್ ಅಭಿಮಾನಿಗಳ ಕಡೆಯಿಂದ ಆಲ್ ದ ಬೆಸ್ಟ್,20,1.0,0.0,1.0,0.0,0.0,False,low
Positive,Osam ರಕ್ಷಿತ್ ಶೆಟ್ಟಿ,3,0.6667,0.3333,1.0,0.0,0.0,True,low
Positive,ಸೂಪರ್ ಅದ್ಭುತವಾದ ಸಿನೆಮಾ,3,1.0,0.0,1.0,0.0,0.0,True,low
Positive,Sorry theaters ge bardiddakke....best movie,5,0.0,0.0,0.0,1.0,0.0,False,low
Positive,Best movie in 2020,4,0.0,0.0,0.0,1.0,0.0,True,low
Mixed feelings,ಕನ್ನಡದಲ್ಲಿ ಮಾತಾಡು ಪೃಥ್ವಿ...ಇಂಗ್ಲಿಷ್ ಬೇಡ ಇದು ಕರ್ನಾಟಕ,6,1.0,0.0,1.0,0.0,0.0,False,low
Positive,Superb movie i love this movie very much,8,0.0,0.0,0.0,1.0,0.0,False,low
Negative,ಪ್ರಮೋಷನ್ ಕೊರತೆ ಇತ್ತು.. ದಿಯಾ ಸಿನಿಮಾಗೆ.. ಅದ್ಭುತ ಕನ್ನಡ ಚಿತ್ರ..,8,1.0,0.0,1.0,0.0,0.0,False,low
Positive,ಅದ್ಭುತವಾಗಿದೆ ಚಿತ್ರ ದಿಯಾ,3,1.0,0.0,1.0,0.0,0.0,True,low
Positive,Movie supper sir,3,0.0,0.0,0.0,1.0,0.0,True,low
Positive,Wonderful movie,2,0.0,0.0,0.0,1.0,0.0,True,low
Mixed feelings,ಸಿನಿಮಾ ನಮ್ಮ ಕಲ್ಪನೆಗೂ ಮೀರಿದೆ ಅದ್ಬುತವಾದ ಪ್ರೀತಿಯ ಲೋಕ ಆದರೆ ಸಿನಿಮಾದ title ಸೆಳೆಯದೆ ಇರುವುದು ಒಂದು ಕಾರಣ..,14,0.9286,0.0,0.9286,0.0714,0.1429,False,low
Mixed feelings,ಗೌರೀಶ್ ಸರ್ ದಯವಿಟ್ಟು ದಿಯಾ ಚಿತ್ರದ  ನಿರ್ಮಾಪಕರ ಬ್ಯಾಂಕ್ ಅಕೌಂಟ್ ನಂಬರ್ ಹಾಕಿ.ನನ್ನ ಟಿಕೆಟ್ ಹಣವನ್ನು ಅವರಿಗೆ ಹಾಕಬೇಕು.ನಮಗೆ ಈ ಚಿತ್ರವನ್ನು ಸೋಲಿಸಿದಿವಿ ಎಂಬ ಪಾಪಪ್ರಜ್ಞೆ ಕಾಡತಾ ಇದೆ.,21,1.0,0.0,1.0,0.0,0.0,False,low
unknown state,Yes i have join... it‍,5,0.0,0.0,0.0,1.0,0.0,False,low
unknown state,Yes I'm also,3,0.0,0.0,0.0,1.0,0.0,True,low
unknown state,Yes sir....I too join,4,0.0,0.0,0.0,1.0,0.0,True,low
unknown state,I too  join,3,0.0,0.0,0.0,1.0,0.0,True,low
Negative,Climax Swalpa Change madbekittu...,4,0.0,0.0,0.0,1.0,0.0,True,low
Negative,ಸತ್ಯವಾಗಲು ಸರ್ ನನಗೂ ಕೂಡ ಹಾಗೆ ಅನಿಸುತ್ತಿದೆ ಕಂಡಿತ ನಾವು ಈ ಸಿನಿಮಾ ಥಿಯೇಟರ್ ನಲ್ಲಿ ನೋಡಲಿಲ್ಲ ಅನ್ನೋ ಬೇಜಾರು ತುಂಬಾ ಆಗಿದೆ .,18,1.0,0.0,1.0,0.0,0.0,False,low
Negative,@Sweekar Gowda Lo tukali,4,0.0,1.0,1.0,0.0,0.0,True,low
Positive,ಅದ್ಬುತ nಅತ್ಯದ್ಭುತ nಇದ್ ಫಿಲಂ ಅಂದ್ರೇ nಬಟ್ ನಮ್ಮವ್ರು ಗೆಲ್ಲಿಸಲ್ಲಾ,8,1.0,0.0,1.0,0.0,0.0,False,low
Negative,ಕ್ಷಮೇ ಇರಲಿ.ತುಂಬಾ ಅದ್ಬುತವಾದ ಸಿನಿಮಾ ವರ್ಣಿಸಲು ಪದಗಳೇ ಇಲ್ಲ ಜೀವನದ ಅನಿರೀಕ್ಷಿತ ತಿರುವುಗಳ ಬಗ್ಗೆ ಊಹಿಸಲಸಧ್ಯವಾದ ಸಂದರ್ಭ ಸನ್ನಿವೇಶಗಳನ್ನು ಕಣ್ಣ ಮುಂದೆ ತುಂಬಾ ಅಚ್ಚುಕಟ್ಟಾಗಿ ನಿರ್ದೇಶಕರು ಕಟ್ಟಿ ಕೊಟ್ಟಿದಾರೆ ಒಟ್ಟಾರೆಯಾಗಿ ಎಲ್ಲರೂ ತಮ್ಮ ಪಾತ್ರಗಳಿಗೆ ಜೀವ ತುಂಬಿದ್ದಾರೆ,27,1.0,0.0,1.0,0.0,0.0,False,low
Positive,Movie is awesome,3,0.0,0.0,0.0,1.0,0.0,True,low
Positive,ಹಲೋ ದಿಯಾ ಸಿನಿಮಾ ಸಂಬಂಧಪಟ್ಟವರು ನಿಮ್ಮ ಅಕೌಂಟ್ ಡೀಟೇಲ್ ಕೊಡಿ.. ದುಡ್ಡು ಹಾಕ್ತೀವಿ ಪ್ಲೀಸ್ ಕೊಡಿnಪ್ಲೀಸ್......,12,1.0,0.0,1.0,0.0,0.0,False,low
unknown state,Nange aaki kastadalli idhene,4,0.0,1.0,1.0,0.0,0.0,False,low
Positive,ಹಲೋ ಸಿನಿಮಾ ತುಂಬಾ ಚೆನ್ನಾಗಿದೆ.. ಯಾರು ಗೊತ್ತಿಲ್ಲ,6,1.0,0.0,1.0,0.0,0.0,False,low
Positive,My favorite movie,3,0.0,0.0,0.0,1.0,0.0,True,low
Negative,ಬಹುಷಃ ಬಿಡುಗಡೆ ಸಮಯದಲ್ಲಿ ಸಿನಿಮಾ ಜಾಹೀರಾತುಗಳು ಒಂದು ಜನರಿಗೆ ಮುಟ್ಟಿಲ್ಲ ಅನ್ಸುತ್ತೆ....,9,1.0,0.0,1.0,0.0,0.0,False,low
Positive,Super movie sir,3,0.0,0.0,0.0,1.0,0.0,True,low
Positive,Wow nice movie,3,0.0,0.0,0.0,1.0,0.0,True,low
Positive,Movie is too good,4,0.0,0.0,0.0,1.0,0.0,False,low
Negative,ಒಂದೊಳ್ಳೆ ಚಿತ್ರಕ್ಕೆ ಈ ರೀತಿ  ಚಿತ್ರಮಂದಿರ ಸಮಸ್ಯೆ ಆಗಬಾರದು,7,1.0,0.0,1.0,0.0,0.0,False,low
Positive,ಅಶೋಕ್ ಅವರು ಕನ್ನಡದ Christopher Nolan....,5,1.0,0.0,1.0,0.0,0.0,True,low
Positive,ಈ ಚಿತ್ರ ರಿ  ರಿಲೀಸ್  ಆಗ್ಬೇಕು  ಈ ಚಿತ್ರಕ್ಕೆ ಗೌರವ ಕೊಡೊಕಾದ್ರು ಚಿತ್ರ ಮಂದಿರಕ್ಕೆ ಹೋಗಿ ಮತ್ತೆ ನೋಡಣ,14,1.0,0.0,1.0,0.0,0.0,False,low
Positive,ನಿಜವಾದ ಪ್ಯಾನ್ ಇಂಡಿಯನ್ ಚಲನಚಿತ್ರ ಈ ದಿಯಾ. ಅತ್ಯದ್ಭುತ ಚಿತ್ರ  ಗುರು,9,1.0,0.0,1.0,0.0,0.0,False,low
Positive,Movie was amazing!!🤩🤩,3,0.0,0.0,0.0,1.0,0.0,True,low
Positive,Movie was amazing!!🤩🤩,3,0.0,0.0,0.0,1.0,0.0,True,low
unknown state,ದಿಯಾ ನೀವು ಸೋಷಿಯಲ್ ಮೀಡಿಯಾ ಅಲ್ಲಿ ಕಾಣ್ತಿಲ್ಲ.nದಯವಿಟ್ಟು ಪ್ರತಿಕ್ರಿಯಿಸಿ,7,1.0,0.0,1.0,0.0,0.0,False,low
Positive,Heroine ... Love you,4,0.0,0.0,0.0,1.0,0.0,True,low
Positive,ಕನ್ನಡದ ಒಂದು ಅದ್ಭುತ ಸಿನಿಮಾ ದಿಯಾnತುಂಬಾ ದಿನದಿಂದ ಈ ಚಿತ್ರದ ಬಗ್ಗೆ ಕೇಳುತ್ತಿದ್ದೆ ಆದರೆ ಇವತ್ತು ನೋಡದೆ.nಆಹಾ... ಹೇಗ ಆ ನಿದೇ೯ಶಕನನ್ನು  ಹಾಗೂ ಚಿತ್ರದ ಪ್ರಮುಖ ಪಾತ್ರಗಳನ್ನ ವಣ೯ನೆ ಮಾಡಬೇಕು ಅಂತಾ ಗೊತ್ತಾಗತ್ತಿಲ್ಲ .nಯಾವುದೇ ಅಬ್ಬರವಿಲ್ಲ,26,1.0,0.0,1.0,0.0,0.0,False,low
Positive,Super movie sir,3,0.0,0.0,0.0,1.0,0.0,True,low
Positive,Super movie I like so much,6,0.0,0.0,0.0,1.0,0.0,False,low
Positive,ಒಳ್ಳೆ ಸಿನಿಮಾ ಮಾತ್ರ,3,1.0,0.0,1.0,0.0,0.0,True,low
Positive,Super movie sirrr....,3,0.0,0.0,0.0,1.0,0.0,True,low
Positive,love - Diya,3,0.0,0.0,0.0,1.0,0.0,True,low
Positive,superb really i liked it  like anything,7,0.0,0.0,0.0,1.0,0.0,False,low
Negative,SORRY FOR KANNAD INDUSTRY...I      BUT ಇಂತಹ ಫಿಲ್ಮ್ ಬಗ್ಗೆ ಯಾವುದೆ ಮಾಹಿತಿ ಇರಲಿಲ್ಲ ...ಈಗ ಮತ್ತೆ ಎಲ್ಲಾ ಟಾಕಿಸಲ್ಲಿ ಹಾಕಿಸಿ...ಸರ್...ಆದರೆ ಈಗ ಮತ್ತೆ  ಬಂದರೆ..ಟಾಕಿಸಲ್ಲಿ ಫುಲ್ ಆಗಿರುತ್ತದೆ ...,22,0.9412,0.0,0.9412,0.0588,0.1176,False,low
unknown state,...so am I,3,0.0,0.0,0.0,1.0,0.0,True,low
Positive,Super movie guru,3,0.0,0.0,0.0,1.0,0.0,True,low
Negative,ನಿಜ ಹೇಳಿದ್ರು ಆದರೆ ಇದರಲ್ಲಿ ಸಬ್ಸ್ಕ್ರೈಬ್ ಇರೋದು ಮೂರು ಲಕ್ಷ  ಆನಂದಾಡಿಯೋದರಲ್ಲಿ ರಿಲೀಸ್ ಮಾಡಿದರೆ ಒಡೆಯ ಸಾಂಗ್ ಮೀರಿಸಿತಿತ್ತು,14,1.0,0.0,1.0,0.0,0.0,False,low
Negative,ಎನ್ ಮಾಡೊಕಾಗುತ್ತೆ ಕೆಲವರು ನಮ್ಮೋರೆ   ತೆಲುಗು ಯಾವುದಾದರು ಸಾಂಗ್ ಟ್ರೈಲರ್ ಬಂದ್ರೆ ನಾಯಿ ಕಾಯೊ ಹಾಗೆ ಕಾಯ್ತಿರ್ತರೆ,13,1.0,0.0,1.0,0.0,0.0,False,low
Negative,Rashmika mandannage madadang aytu,4,0.0,1.0,1.0,0.0,0.0,False,low
Negative,Ee haadu Spotify dalli yaake illa,6,0.0,1.0,1.0,0.0,0.0,False,low
Mixed feelings,Amazon prime music ali ide.,5,0.0,0.0,0.0,1.0,0.0,False,low
Positive,GOOD LUCK FOR RAKSHIT SHETTY SIR AND HIS TEAM FRM KICCHA SUDEEP SIR FANS,14,0.0,0.0,0.0,1.0,0.0,True,low
Positive,ಇದು ಪಕ್ಕ ಚರಿತ್ರೆ ಸೃಷ್ಟಿಸೋ ಅವತಾರನೇ....,5,1.0,0.0,1.0,0.0,0.0,False,low
Positive,Last scene nice guru,4,0.0,0.0,0.0,1.0,0.0,False,low
not-Kannada,Super song,2,0.0,0.0,0.0,1.0,0.0,True,low
Positive,ಶ್ರೀಮನ್ನಾರಾಯಣ  ದೇವರ ದರ್ಶನ ಮಾಡಲೇ ಬೇಕು,5,1.0,0.0,1.0,0.0,0.0,False,low
not-Kannada,We want hindi song,4,0.0,0.0,0.0,1.0,0.0,False,low
not-Kannada,Super song .... Kannada,4,0.0,0.0,0.0,1.0,0.0,True,low
Positive,ನಮ್ಮ ಕನ್ನಡnನಮ್ಮ ಹೀರೋnನಮ್ಮ ಹೆಮ್ಮೆnಸೂಪರ್ nವಿಷ್ಣು ದಾದ ಅಭಿಮಾನಿ ಗಳು,8,1.0,0.0,1.0,0.0,0.0,False,low
Positive,ರಕ್ಷಿತ್ ಶೆಟ್ಟಿ ಗೂ ಮತ್ತು ಉಳಿದ ಹೀರೋ ಅಥವಾ ಡೈರೆಕ್ಟರ್ಗಳಿಗೆ ಇರೋ ವ್ಯತ್ಯಾಸ ಇದೆnnಅವನೇ ಶ್ರೀಮನ್ನಾರಾಯಣ ಓರ್ವnಮಿಕ್ಕವರೆಲ್ಲ  ಒಂದು....,14,1.0,0.0,1.0,0.0,0.0,False,low
Positive,ಈ ಹಾಡಿನಲ್ಲಿ  ಹೊಸತನ ಇದೆ ಹಾಗೂ ಈ ಹಾಡು ತುಂಬಾ ಚೆನ್ನಾಗಿದೆ,9,1.0,0.0,1.0,0.0,0.0,False,low
Positive,ಇದು ಚರಿತ್ರೆ ಸೃಷ್ಟಿಸೋ ಅವತಾರ....,4,1.0,0.0,1.0,0.0,0.0,False,low
Negative,ಸಾಂಗ್ ಫಸ್ಟ್ ಲೈನ್ ಮ್ಯೂಸಿಕ್ ಸ್ವಲ್ಪ ಡಲ್,6,1.0,0.0,1.0,0.0,0.0,False,low
Positive,ರಕ್ಷಿತ್ ಶೆಟ್ಟಿ ಬಾಡಿ ಲಾಂಗ್ವೇಜ್‌ ನೋಡುತ್ತಾ ಶಂಕರ್ ನಾಗ್ ಅವರನ್ನು ನೆನಪಾಡಿಕೊಂಡವರು ಲೈಕ್ ಮತ್ತು ಕಮೆಂಟ್ ಮಾಡಿ..,13,1.0,0.0,1.0,0.0,0.0,False,low
unknown state,@Girija Ram ಹೌದು..,3,0.5,0.5,1.0,0.0,0.0,True,low
not-Kannada,Love you sir super one,5,0.0,0.0,0.0,1.0,0.0,False,low
not-Kannada,Rakshit shetty,2,0.0,1.0,1.0,0.0,0.0,True,low
Negative,Boss ದಯಮಾಡಿ 1 year  ಗೆ ಒಂದು ಸಿನಿಮಾ ಆದರೂ ಮಾಡಿ ಮತ್ತೆ ನಿಮ್ಮಲ್ಲಿ ಇರುವ ನಿರ್ದೇಶಕನನ್ನ ಮಾತ್ರ ಸಾಯಿಸಬೇಡಿ nನಿಮ್ಮಲ್ಲಿ ಏನೋ ಒಂದು ವಿಶಿಷ್ಟ ಶಕ್ತಿಯಿದೆ ರಕ್ಷಿತ್ ಶೆಟ್ಟಿ ಅವರೇ...nಪುಟ್ಟಣ್ಣ ಕಣಗಾಲ್,24,0.913,0.0,0.913,0.087,0.1739,False,low
unknown state,Hands up        $$,3,0.0,0.0,0.0,1.0,0.0,True,low
Positive,Kadak,1,0.0,1.0,1.0,0.0,0.0,True,low
not-Kannada,Awesome song,2,0.0,0.0,0.0,1.0,0.0,True,low
Positive,Super song guru,3,0.0,0.0,0.0,1.0,0.0,True,low
Positive,Super steps Hands up,4,0.0,0.0,0.0,1.0,0.0,True,low
Positive,ಸಂಗೀತ ಕೊಟ್ಟಿರೋರಿಗೆ... ದೊಡ್ಡ ನಮಸ್ಕಾರ್... ಬ್ಲಾಕ್ ಬಸ್ಟರ್ ಸಾಂಗ್,7,1.0,0.0,1.0,0.0,0.0,False,low
Positive,Rashmika elliddeyakka🤣🥀nnnRakshith Shetty rockzzzzzzz,4,0.0,1.0,1.0,0.0,0.0,True,low
Positive,ಚರಿತ್ರೆ ಸೃಷ್ಟಿಸೋಕೆ ರೆಡಿಯಾಗ್ತಿದ್ದಾನೆ...ಅವನೇ ಶ್ರೀಮನ್ನಾರಾಯಣ....,4,1.0,0.0,1.0,0.0,0.0,False,low
unknown state,Vijay Prakash,2,0.0,1.0,1.0,0.0,0.0,True,low
Negative,ಕ್ರೇಜಿ ಸ್ಟಾರ್ ರವಿಚಂದ್ರನ್ ಸ್ಟೈಲ್ ಮೇಕಿಂಗ್ ಕಾಪಿ,6,1.0,0.0,1.0,0.0,0.0,False,low
Positive,ನಾಲ್ಕು ದಿನಗಳಾದರೂ No.1 Trendingನಲ್ಲಿ ಇದೆ. ಈ ಜಾಗವನ್ನು ಯಾರಿಗೂ ಬಿಟ್ಟಿಲ್ಲ ಅಂದ್ರೆ ಅವ್ನ power ಹೇಗಿರಬಹುದು ಹೇಳಿ. Everybody Now Hands Up,18,0.9231,0.0,0.9231,0.0769,0.1538,False,low
Negative,ಬಾಯ್ ಬಡ್ಕೊಬೇಕು ಹಾಡು ಕೇಳಿದರೆ,4,1.0,0.0,1.0,0.0,0.0,False,low
Positive,Namma devaru nimma devaru anta andkollodu samanyane.,7,0.0,1.0,1.0,0.0,0.0,False,low
Positive,ಸೂಪರ್ ಹಿಟ್ಟ್ ಸಾಂಗ್,3,1.0,0.0,1.0,0.0,0.0,True,low
Positive,ಟೃಂಡಿಂಗ್ ನಂಬರ್ . 1,4,1.0,0.0,1.0,0.0,0.0,True,low
Positive,ಸೂಪರ್ ಹಾಡು ಎಲ್ಲ ಕನ್ನಡದ ಅಭಿಮಾನಿಗಳಿಂದ ಸಿನಿಮಾ ತಂಡಕ್ಕೆ ಆಲ್ ದಿ ಬೆಸ್ಟ್,10,1.0,0.0,1.0,0.0,0.0,False,low
Positive,ಯುದ್ಧ ಮಾಡಬೇಕು ಓದಬಾರದುnಕಟುಕರ ಮುಂದೆ ಭಗವದ್ಗೀತೆ.. nnಇದು ಚರಿತ್ರೆ ಸೃಷ್ಟಿಸೋ ಅವತಾರnರಕ್ಷಿತ್ ಸರ್,10,1.0,0.0,1.0,0.0,0.0,False,low
not-Kannada,King is back,3,0.0,0.0,0.0,1.0,0.0,True,low
Negative,100%avre dislike madirodu....,3,0.0,0.0,0.0,1.0,0.0,True,low
Positive,Idu charitre shristisuva avatara...... 100%....,5,0.0,1.0,1.0,0.0,0.0,True,low
Positive,ದಿನಕ್ಕೆ ಹತ್ತು ಗಿಂತ ಎಚ್ಚಗಿ ನೋಡ್ತಾ ಇದೀನಿ ಮಸ್ತ್ ಇದೆ ಬ್ಯಾಗ್ರೌಂಡ್ ಮ್ಯೂಸಿಕ್ ಚಿಂದಿ ಚಿತ್ರಾನ್ನ,12,1.0,0.0,1.0,0.0,0.0,False,low
Mixed feelings,Pakka.bro ..100% nija,3,0.0,1.0,1.0,0.0,0.0,True,low
unknown state,ವಿ ಪಿ ಸರ್...,3,1.0,0.0,1.0,0.0,0.0,True,low
not-Kannada,Unique Signature Step ‍,4,0.0,0.0,0.0,1.0,0.0,True,low
Positive,Idu charitre shristiso avatara....Avane srimannarayana,5,0.0,1.0,1.0,0.0,0.0,False,low
Positive,ಮೂವಿಗಾಗಿ ಕಾಯುತ್ತಿರುವವರು ಲೈಕ್ ಮಾಡಿ,4,1.0,0.0,1.0,0.0,0.0,False,low
unknown state,Audience are customers,3,0.0,0.0,0.0,1.0,0.0,True,low
Positive,Amazing Movie,2,0.0,0.0,0.0,1.0,0.0,True,low
Positive,ದಿಯಾ  ಅಧ್ಬುತ ಸಿನೆಮಾ .. ಬರೆಯುತ್ತಾ ಹೋದರೆ ತುಂಬಾ ಬರಿಬೇಕು ಅನ್ಸುತ್ತೆ .... ಭಾವನಾತ್ಮಕವಾಗಿ ಸಿನೆಮಾ ಕೊನೆಯವರೆಗೂ ಎಳೆದುಕೊಂಡು ಹೊಗುತ್ತೆ..  ಸಿನೆಮಾ ಗೆದ್ದಿದೆ..,17,1.0,0.0,1.0,0.0,0.0,False,low
unknown state,@Subhash Kamble tq,3,0.0,1.0,1.0,0.0,0.0,True,low
Positive,ಅದ್ಭುತ ಕನ್ನಡ ಸಿನಿಮಾ,3,1.0,0.0,1.0,0.0,0.0,True,low
unknown state,Dub it to Malayalam,4,0.0,0.0,0.0,1.0,0.0,True,low
Negative,ಸಿನಿಮಾ ಮನೋಜ್ಞವಾಗಿದೆ. ಮತ್ತೊಮ್ಮೆ ಮಗದೊಮ್ಮೆ ನೋಡಬೇಕೆನಿಸುವ ಚಿತ್ರ. ಪ್ರತಿಯೊಂದು ಪಾತ್ರವು ಮನಮುಟ್ಟುತ್ತದೆ. ಇಂತಹ ಚಿತ್ರಗಳನ್ನು ಕನ್ನಡಿಗರು ಎಂದಿಗೂ ಬಿಟ್ಟು ಕೊಡುವುದಿಲ್ಲ. ಚಿತ್ರಮಂದಿರಗಳದವರು ತಪ್ಪು ಕಲ್ಪನೆಯಲ್ಲಿದ್ದಾರೆ. ಚಿತ್ರವು ನಿಧಾನವಾಗಿ ಲಯಕ್ಕೆ ಮರಳುತ್ತಿತ್ತು. ದಯವಿಟ್ಟು ಚಿತ್ರಮಂದಿರಗಳ ಸಂಖ್ಯೆಯನ್ನು ಹೆಚ್ಚಿಸಿ.,26,1.0,0.0,1.0,0.0,0.0,False,low
Negative,ಒಂದ ಮೂವಿ ಮಾಡೋಕೆ 7 ವರ್ಷ? ಅದಕ್ಕೆ ಸರಿಯಾಗಿ ಆಗಿದೆ. ಮುಂದೆ ಬೇಗ ಮಾಡಿ ಬಿಡಿ. ಇನ್ನೂ ಇದನ್ನೇ analyse ಮಾಡ್ಕೊಂಡು 7 ವರ್ಷ ಕುತ್ಕೊಬೇಡಿ. ನೋಡಿದ ಜನ anacin ಅಂತ ಇದಾರೆ ಆಬ್ಬ. ಆಡಿಷನ್ ದಿಯಾ ಅಂತ ಒಂದು ಕಥೆ ಮಾಡಿ.,31,0.931,0.0345,0.9655,0.0345,0.069,False,low
Positive,Re release Maadi,3,0.0,0.0,0.0,1.0,0.0,True,low
Mixed feelings,Movie good but climax .I cried,6,0.0,0.0,0.0,1.0,0.0,False,low
Negative,ಕನ್ನಡ ಸಿನಿಮಾ ರಂಗ ನಿಜಕ್ಕೂ ಮುಳುಗುತ್ತಿರುವ ದೋಣಿಯೇ ???nn,7,1.0,0.0,1.0,0.0,0.0,False,low
Negative,Enu Kannada antha matadtaro ee goobegalu. Thoo!... Tumba chennagi maadideera. Avru nim jote tumba chennagi maadidare. Enu maadiddu,18,0.0,1.0,1.0,0.0,0.0,False,low
Negative,ಮಾಡಿದ್ದೀರಾ ಅನ್ನುವುದು ಕ್ರಿಯಾಪದ.nಅದಕ್ಕೆ ಕೇಳುಗ ಯಾವ ರೀತಿ ಯೋಚನೆ ಮಾಡ್ತಾನೆ ಅದರ ಮೇಲೆ ಅರ್ಥ ಡಿಪೆಂಡ್ ಆಗುತ್ತೆ.nnನಿಮ್ಮ ಮನಸ್ಸಲ್ಲಿ ಇರುವುದನ್ನ ಜನಕ್ಕೆ ತಿಳಿಸಿದ್ದು ..ನಿಮ್ಮ,18,1.0,0.0,1.0,0.0,0.0,False,low
Negative,@Dhee Pu Lo goobe rama. Artha iro hage enadru helodidre helu. Sumne tirukalandi thara koribeda.... Madu annodu kriyapada anta nanagoo gottu. Adre 'madu' annodara jote ondu namapada irbeku. Agle vakya sampoornavagodu. kelasa mdu,33,0.0,0.96,0.96,0.04,0.08,False,low
Positive,ಈ ಸಿನಿಮಾಗೆ ಎಲ್ಲರೂ ಪ್ರೋತ್ಸಾಹಿಸಿ... ಇಂತಹ ಅತ್ಯುತ್ತಮ ಚಿತ್ರವನ್ನ ಬೆಳೆಸಿ...,8,1.0,0.0,1.0,0.0,0.0,False,low
unknown state,ಏನು ಅಂತ ಗೊತ್ತಿಲ್ಲ,3,1.0,0.0,1.0,0.0,0.0,True,low
unknown state,@Sowjanya M.Y ha...sister,3,0.0,1.0,1.0,0.0,0.0,True,low
Negative,@Venu Gopal avn ondhu hero.na thu..,6,0.0,1.0,1.0,0.0,0.0,False,low
Positive,Release in Aboard,3,0.0,0.0,0.0,1.0,0.0,True,low
Positive,Diya swarupavannu nodi gadgadithanadee...,4,0.0,1.0,1.0,0.0,0.0,True,low
Positive,I will watch,3,0.0,0.0,0.0,1.0,0.0,True,low
Positive,Movie needs recognition,3,0.0,0.0,0.0,1.0,0.0,True,low
Negative,ಕೆಲ ದಿನಗಳ ಹಿಂದೆ ಕನ್ನಡದ ನಟ ಒಳ್ಳೆಯ ಕನ್ನಡ ಸಿನಿಮಾಗಳನ್ನು ನೋಡಿ ಅಂತ ಸ್ವಲ್ಪ ಖಾರವಾಗಿ ಹೇಳಿದಾಗ ಎಲ್ಲಾರು ಕೆಟ್ಟದಾಗಿ ಅವರನ್ನು troll ಮಾಡಿದರು  ಹೇಳಿದವರು ಮಾತ್ರ ಕೆಟ್ಟವರಾದರು ಆಗ ನೀವು ಸುಮ್ಮನೆ ಇದ್ದಾರಿ ಈಗ ಅನುಭವಿಸಿ ಈ nಪರಿಸ್ಥಿತಿಗೆ ಕಾರಣ  ಕನ್ನಡ ಚಿತ್ರರಂಗದಲ್ಲಿ ಒಗ್ಗಟ್ಟು  ಇಲ್ಲ,34,0.9706,0.0,0.9706,0.0294,0.0588,False,low
Negative,Kannadigaralli oggattu illa fanism jasthi aytu,6,0.0,1.0,1.0,0.0,0.0,False,low
Negative,ಕಥೆಯಲ್ಲಿ ದಮ್ ಇಲ್ಲ,3,1.0,0.0,1.0,0.0,0.0,True,low
Positive,ನನ್ನ ಪ್ರಕಾರ ದಿಯಾ ಒಂದು ಅದ್ಭುತ ಸಿನಿಮಾ.. ನನ್ನ ಬಳಿ ಹಣ ಇದ್ದಿದ್ರೆ ೧೦೦೦ ಜನಕ್ಕೆ ಸಿನಿಮಾ ತೋರಿಸ್ತಾ ಇದ್ದೆ.. ಸಿನಿಮಾ ಕಥೆ ಅದ್ಭುತವಾಗಿದೆ.   ಸಿನಿಮಾದಲ್ಲಿ ಎಲ್ಲವೂ ಅದ್ಭುತವಾಗಿದೆ.. ನಾನು ಎರಡು ಬಾರಿ ಸಿನಿಮಾ ನೋಡಿದ್ದೇನೆ.. ದಿಯಾ ಸಿನಿಮಾ ಗೆಲ್ಲಬೇಕು.. ೧೦೦೦ ದಿನ ಸಿನಿಮಾ ಓಡಿದರೂ ಅಚ್ಚರಿ ಇಲ್ಲ,35,1.0,0.0,1.0,0.0,0.0,False,low
Positive,4 ಜನ ಇರುವ ಈ ಸಿನಿಮಾ ..4 ಕೋಟಿ ಕನ್ನಡ ಸಿನಿಮಾ ಪ್ರೇಕ್ಷಕರಿಗೆ ತಲುಪಲಿ ...ದೀಯಾ ಸಿನಿಮಾ ಅದ್ಬುತವಾಗಿದೆ ...,15,1.0,0.0,1.0,0.0,0.0,False,low
Positive,Abbabba.... Super movie,3,0.0,0.0,0.0,1.0,0.0,True,low
Positive,ದಿಯಾ' ಸಿನಿಮಾ ನಾಯಕಿಗೆ 'ಅತ್ಯುತ್ತಮ ನಟಿ' ಅವಾರ್ಡ್ ಕೊಡಲಿಲ್ಲ ಅಂದ್ರೆ ಆಯ್ಕೆ ಸಮಿತಿಗೆ ಮೆಟ್ಟ್ ಮೆಟ್ಟಲ್ಲೇ ಹೊಡಿತೀವಿ.,13,1.0,0.0,1.0,0.0,0.0,False,low
Positive,ನಾನು ಈ ಸಿನಿಮಾ ನೋಡಿದೆ.nನೀವೂ ನೋಡಿ.nಇಲ್ಲದಿದ್ದರೆ ಕನ್ನಡದ ಒಂದು ಒಳ್ಳೆಯ ಚಿತ್ರವನ್ನು ಮಿಸ್ ಮಾಡಿಕೊಂಡಂತೆ.nಇದೇ ಚಿತ್ರ ಬೇರೆ ಭಾಷೆಯಲ್ಲಿ ಬಂದಿದ್ದರೆ ಅದರ ಕಥೇನೆ ಬೇರೆ ಇರ್ತಿತ್ತು.,19,1.0,0.0,1.0,0.0,0.0,False,low
Mixed feelings,Songs are not needed,4,0.0,0.0,0.0,1.0,0.0,False,low
Negative,ಥಿಯೇಟರ್ ಅವರು ಶೋ ಕೊಡಲ್ಲ,4,1.0,0.0,1.0,0.0,0.0,False,low
Negative,Dhananjay Kinyaje ಇಲ್ಲ ಮಲಯಾಳಂನಲ್ಲಿಯೂ ಈಗ ಮೂವಿ ಓಡ್ತಾ ಇಲ್ಲ..ಅಲ್ಲಿ ಏನಿದ್ರೂ ಸೂಪರ್ ಸ್ಟಾರ್ ಗಳ ಮೂವಿಗೆ ಡಿಮಾಂಡ್ .ನಾನು ಎಷ್ಟೋ ಮೂವಿ ಯನ್ನು ಟಿವಿಯಲ್ಲಿ ನೋಡಿದ್ದೇನೆ..ತುಂಬಾ ಚೆನ್ನಾಗಿರುತ್ತೆ..ಆದ್ರೆ ಥಿಯೇಟರ್ ನಲ್ಲಿ ಓಡಿರೋದಿಲ್ಲ...ಕನ್ನಡದಲ್ಲಿ ಹೊಸಬರಿಗೆ ಇರುವಷ್ಟು ಸ್ಪೇಸ್ ಬೇರೆ ಭಾಷೆಯಲ್ಲಿ ಇಲ್ಲ...,30,0.9655,0.0345,1.0,0.0,0.0,False,low
Positive,Super Anna,2,0.0,0.0,0.0,1.0,0.0,True,low
not-Kannada,Super bro 🤣🤣🤣🤣,3,0.0,0.0,0.0,1.0,0.0,True,low
not-Kannada,Ultimate bro nice msg,4,0.0,0.0,0.0,1.0,0.0,False,low
not-Kannada,I'm waiting bro,3,0.0,0.0,0.0,1.0,0.0,True,low
Positive,Uthama vaada preyathna,3,0.0,1.0,1.0,0.0,0.0,True,low
not-Kannada,Nice concept  sir,3,0.0,0.0,0.0,1.0,0.0,True,low
not-Kannada,Great work bro,3,0.0,0.0,0.0,1.0,0.0,True,low
not-Kannada,Supper  supper,2,0.0,0.0,0.0,1.0,0.0,True,low
not-Kannada,So super cute,3,0.0,0.0,0.0,1.0,0.0,True,low
not-Kannada,wow...  great work..,3,0.0,0.0,0.0,1.0,0.0,True,low
not-Kannada,Very nice video,3,0.0,0.0,0.0,1.0,0.0,True,low
not-Kannada,Super bro,2,0.0,0.0,0.0,1.0,0.0,True,low
not-Kannada,You have bright future,4,0.0,0.0,0.0,1.0,0.0,False,low
not-Kannada,Much love,2,0.0,0.0,0.0,1.0,0.0,True,low
Positive,Thank you Akhillanna,3,0.0,0.0,0.0,1.0,0.0,True,low
not-Kannada,Super se  uper.......,3,0.0,0.0,0.0,1.0,0.0,True,low
not-Kannada,Good job bro.,3,0.0,0.0,0.0,1.0,0.0,True,low
not-Kannada,Great work bro....nKeep it up,5,0.0,0.0,0.0,1.0,0.0,False,low
not-Kannada,Thank you so much,4,0.0,0.0,0.0,1.0,0.0,False,low
not-Kannada,Thank you sir,3,0.0,0.0,0.0,1.0,0.0,True,low
Positive,ತುಂಬು ಹೃದಯದ ಧನ್ಯವಾದಗಳು ಸರ್,4,1.0,0.0,1.0,0.0,0.0,False,low
Positive,Thanks Venki Anna,3,0.0,0.0,0.0,1.0,0.0,True,low
Positive,nice kalaa....ncontinue madu...,3,0.0,0.0,0.0,1.0,0.0,True,low
not-Kannada,Goood work keep going,4,0.0,0.0,0.0,1.0,0.0,True,low
not-Kannada,Thank you so much Dhevru,5,0.0,0.0,0.0,1.0,0.0,False,low
Positive,ನಾ ಕಂಡ ಸ್ವಾಭಿಮಾನಿ,3,1.0,0.0,1.0,0.0,0.0,True,low
unknown state,ನಮ್ಮ ಬಾಸ್ ವಿಷ್ಣುವರ್ಧನ್ ಅವರಿಗೆ ಒಂದು ದಿನ ಪರಸ್ಥಿತಿ ಬಂದಿತ್ತು ಅವರ ಚಿತ್ರಗಳ ಸತತವಾಗಿ ಸೋಲುನ್ನು ಕಂಡವು ಮನೆಯಲ್ಲಿ ಹೇಳಿದರಂತೆ ನನಗೆ ಡ್ರೈವಿಂಗ್ ಬರತ್ತೆ ನಾನು ಡ್ರೈವಿಂಗ್ ಬರತ್ತೆ ಡ್ರೈವಿಂರಾಗಿ ಸೇರುತ್ತೇನೆ ಅಂದರು,24,1.0,0.0,1.0,0.0,0.0,False,low
not-Kannada,U  r true sir,4,0.0,0.0,0.0,1.0,0.0,False,low
Mixed feelings,ದರ್ಶನ್ ಸರ್ ಇಂಥವರಿಗೆ ಸಹಾಯಬೇಡ ದಾರಿದೋರಿಸಿ ಪ್ಲೀಸ್,6,1.0,0.0,1.0,0.0,0.0,False,low
Positive,ಸು0ದರವಾದ ಬದುಕು ನಿಮ್ಮಿoದ ಕಲಿಬೇಕು 🤷‍,5,1.0,0.0,1.0,0.0,0.0,False,low
Positive,ನಿಮಗೆ ಒಳ್ಳೆಯದು ಆಗಲಿ,3,1.0,0.0,1.0,0.0,0.0,True,low
Negative,ಕೆಟ್ಟ ಮೇಲೆ  ನೆ ಬುದ್ಧಿ ಬರೋದು ...,6,1.0,0.0,1.0,0.0,0.0,False,low
Positive,ಸೋಮಣ್ಣ ಮಾಚಿಮಾಡ Super,3,1.0,0.0,1.0,0.0,0.0,True,low
unknown state,ಅವರಪ್ಪ ದುಡ್ಡು ಕೂಡಿ ಹಾಕಿ ಹೋಗಬೇಕಾಗಿತ್ತು.,5,1.0,0.0,1.0,0.0,0.0,False,low
not-Kannada,Wish you happy life,4,0.0,0.0,0.0,1.0,0.0,False,low
Negative,ನಿಮಗೆ ಭಗವಂತನ ಅನುಗ್ರಹ ಅನವರತ ಇರಲಿ.n....nಇವತ್ತಿಗೂ ನಮ್ಮದು ಮೈಸೂರು ಸಂಸ್ಥಾನವೇ. ಮಹಾರಾಜರನ್ನು ಹೊರಗಿಟ್ಟು ಈ ಕಳ್ಳ ರಾಜಕಾರಣಿಗಳು ಮಾಡುವ ದಸರಾ ಮೆರವಣಿಗೆನೂ ಒಂದು ಮೆರವಣಿಗೆನೇ? ಯಾವತ್ತೂ ಸಾಧ್ಯವಿಲ್ಲ.... ಇನ್ನಾದರೂ ಎಚ್ಛೆತ್ತು ಕೊಳ್ಳಿ...,23,1.0,0.0,1.0,0.0,0.0,False,low
Positive,Yelrgu valya insperation,3,0.0,1.0,1.0,0.0,0.0,True,low
Positive,ಭಗವಂತ ನಿಮ್ಮನ್ನು  ಮತ್ತು ನಿಮ್ಮ ಕುಟುಂಬವನ್ನು ಸದಾಕಾಲ ಕಾಪಾಡಲಿ.... ಒಳ್ಳೆಯವರಿಗೆ ಒಳ್ಳೆಯದೇ ಆಗುತ್ತದೆ....,10,1.0,0.0,1.0,0.0,0.0,False,low
not-Kannada,super sir,2,0.0,0.0,0.0,1.0,0.0,True,low
Positive,Shankar Ashwath swabhimäni,3,0.0,1.0,1.0,0.0,0.0,True,low
Positive,tandhege takka maga,3,0.0,1.0,1.0,0.0,0.0,True,low
Positive,ನಿಮ್ಮ ಅನುಭವದ ಮಾತುಗಳು ನಮಗೆ  ದಾರಿದೀಪಗಳು,5,1.0,0.0,1.0,0.0,0.0,False,low
not-Kannada,May God bless you Shankar,5,0.0,0.0,0.0,1.0,0.0,True,low
Positive,ಅಂಥಹ ಮಹಾನ್ ಕಲಾವಿದರ ಮಗನಾಗಿ ಹುಟ್ಟಿದಿರಿ ನೀವು ಅದೃಷ್ಟ ವಂತ್ರೆ ನಿಮ್ಗೆ ಕಂಡಿತವಾಗ್ಲು ಒಳ್ಳೆದ ಆಗುತ್ತೆ ಆ ಶಿವ ಶಕ್ತಿ ನಿಮ್ಗೆ ಒಳ್ಳೆದು ಮಾಡ್ತಾರೆ ಧನ್ಯವಾದಗಳು ಓಂಶಕ್ತಿ,20,1.0,0.0,1.0,0.0,0.0,False,low
Positive,Togari. Tippa. Super,3,0.0,1.0,1.0,0.0,0.0,True,low
not-Kannada,Nice tiger. Tipn,3,0.0,0.0,0.0,1.0,0.0,True,low
Positive,ಅತಿ ಸುಂದರ ಹಾಸ್ಯ ಕಲ್ಪನೆ.,4,1.0,0.0,1.0,0.0,0.0,False,low
unknown state,Basavaraj Marennavar bangaradamanususya,3,0.0,1.0,1.0,0.0,0.0,True,low
unknown state,ತಿಪ್ಪ ತಿಪ್ಪ ತೊಗರಿ ತಿಪ್ಪ,4,1.0,0.0,1.0,0.0,0.0,False,low
Positive,ನಾವು ಚಿಕ್ಕರಿದ್ದಾಗ ತೊಗರಿ ತಿಪ್ಪನ ಕತೆಯ ಕ್ಯಾಸಟ್ ಹಾಕಿ ಕೇಳಿ ಬಿದ್ದು ಬಿದ್ದು ನಗುತ್ತಿದ್ದೆವೆ. ಅದೇ ಕತೆಯನ್ನು ಈಗ ಕೇಳಿ‌ದರೆ ಮತ್ತೆ ಮತ್ತೆ ಅದೇ ನಗು...nಈ ಕತೆಯನ್ನು ನಮ್ಮ ಉತ್ರರ ಕರ್ನಾಟಕದ ಗಂಡು ಭಾಷೆಯಲ್ಲಿ ಅತ್ಯುತ್ತಮ ಹಾಸ್ಯ ಚಟಾಕಿಗಳೋಂದಿಗೆ ಹೇಳಿದ ಡಾ|| ಶಂಭು ಬಳಿಗಾರ ಅವರ ಈ ಕಾರ್ಯ ಅತಿ ಶ್ಲಾಘನೀಯ. ಇಂತ ಕತೆಗಳು ಕನ್ನಡದಲ್ಲಿ ಹರಿದು ಬರಲಿ...nಇಂತ ಜಾನಪದ ಹಾಸ್ಯ ಚಟಾಕಿ ಹೇಳಿದ ಡಾ|| ಶಂಭು ಬಳಿಗಾರ ಇವರಿಗೆ ಒಂದು ದೊಡ್ಡ ನಮಸ್ಕಾರ......,53,1.0,0.0,1.0,0.0,0.0,False,low
not-Kannada,Mahesh. Sanagoudar. Bhagojikoppa,3,0.0,1.0,1.0,0.0,0.0,True,low
not-Kannada,Mahesh sanagoudar. Tugritippa,3,0.0,1.0,1.0,0.0,0.0,True,low
Positive,ತೂಗರಿ ತಿಪ್ಪ ಸುಪರ್,3,1.0,0.0,1.0,0.0,0.0,True,low
Positive,ಅದ್ಭುತವಾದ ಉತ್ತರ ಕರ್ನಾಟಕ ಶೈಲಿಯ ಹಾಸ್ಯ.,5,1.0,0.0,1.0,0.0,0.0,False,low
Positive,Sannavridvi idanna caset haaki keltidvi. Vatta maryakaagangilla.. uttara karnatakad maat kati sobugandra hinga nodri namd..,15,0.0,1.0,1.0,0.0,0.0,False,low
Positive,ತೊಗರಿ ತಿಪ್ಪ ಭಾಗ 2 ಅಪ್ಪ್ಲೊಡ ಮಾಡಿರಿ,6,1.0,0.0,1.0,0.0,0.0,False,low
unknown state,ಬಸವರಾಜ ಕೆಂಚರಡ್ಡಿ,2,1.0,0.0,1.0,0.0,0.0,True,low
unknown state,ಬಸವರಾಜ ಕೆಂಚರಡ್ಡಿ asaraj,3,0.6667,0.3333,1.0,0.0,0.0,True,low
Positive,Togari thippa bahala chanagide,4,0.0,1.0,1.0,0.0,0.0,False,low
not-Kannada,Gangadhara Mallurahalli.  n9980961172,3,0.0,1.0,1.0,0.0,0.0,True,low
Positive,Uttara Karnatakad attyuttama hasya,4,0.0,1.0,1.0,0.0,0.0,True,low
Positive,Full comedy  super,3,0.0,0.0,0.0,1.0,0.0,True,low
Positive,ವಿಡಿಯೋ ಇದೆಯಾ ತೊಗರಿ ತಿಪ್ಪ,4,1.0,0.0,1.0,0.0,0.0,False,low
unknown state,Tippa andra tippa Togari Tippa,5,0.0,1.0,1.0,0.0,0.0,True,low
unknown state,ಉತ್ತರ ಕರ್ನಾಟಕದ ಭಾಗದಲ್ಲಿ ನಡೆದ ನೈಜ ಘಟನೆ ಆಧಾರಿತ ಕಥಾ ಸಂಗ್ರಹ,9,1.0,0.0,1.0,0.0,0.0,False,low
Positive,ಬಹಳ ಚೆನ್ನಾಗಿ ದೇ,3,1.0,0.0,1.0,0.0,0.0,True,low
not-Kannada,@Shivananda Kanni rryrrrrtrtworrrorrrp,3,0.0,1.0,1.0,0.0,0.0,True,low
not-Kannada,@Shivananda Kanni rrerworror,3,0.0,1.0,1.0,0.0,0.0,True,low
Positive,ಸುಂದರವಾದ ಹಾಸ್ಯ ಕಥೆ,3,1.0,0.0,1.0,0.0,0.0,True,low
Positive,ತೊಗರಿ  ತಿಪ್ಪ ಸೂಪರ್  ಹಾಸ್ಯ ಕಥ,5,1.0,0.0,1.0,0.0,0.0,False,low
Positive,ತಿಪ್ಪನ ಸ್ಟೋರಿ ಚಂದವಾಗಿದೆ,3,1.0,0.0,1.0,0.0,0.0,True,low
not-Kannada,Please upload Vol-2,3,0.0,0.0,0.0,1.0,0.0,True,low
Positive,ತೋಗರಿ ತಿಪ್ಪ ಸೂಪರ್,3,1.0,0.0,1.0,0.0,0.0,True,low
Positive,ತೊಗರಿ  ತಿಪ್ಪ  ಸುಪರ್  ಕಾಮಿಡಿ,4,1.0,0.0,1.0,0.0,0.0,False,low
Positive,ಸುಪರ ತೊಗರಿ ತಿಪ್,3,1.0,0.0,1.0,0.0,0.0,True,low
not-Kannada,manju uppar jk,3,0.0,1.0,1.0,0.0,0.0,True,low
not-Kannada,Xxxx I 444is,3,0.0,0.0,0.0,1.0,0.0,True,low
Positive,ಸೂಪರ್ ತೂಗರಿ ತಿಪ್ಪ,3,1.0,0.0,1.0,0.0,0.0,True,low
not-Kannada,super super super,3,0.0,0.0,0.0,1.0,0.0,True,low
Positive,Shikuar. Chimmalagi. Super,3,0.0,1.0,1.0,0.0,0.0,True,low
Positive,very nice very very super,5,0.0,0.0,0.0,1.0,0.0,False,low
Positive,ಗುರುಗಳೇ  ನನ್ನ ಹೆಸರು ಗವೀಶ್  ಕೊಪ್ಪಳ.nನಾನು ಚಿಕ್ಕವನಿದ್ದಾಗ ತೊಗರಿ ತಿಪ್ಪನ ಕಥೆಯನ್ನು  ಕೇಳಿದ್ದೆ,10,1.0,0.0,1.0,0.0,0.0,False,low
Positive,ಹೌದು. ನಾವು ಸಣ್ಣವರಿದ್ದಾಗ.ಕೆಳಿದ್ದಿವಿ.ಸುಪರ್,3,1.0,0.0,1.0,0.0,0.0,True,low
not-Kannada,GAVISH SANGATI ćqqqq1,3,0.0,1.0,1.0,0.0,0.0,True,low
unknown state,@s.g. mathapati ಡ,3,0.3333,0.6667,1.0,0.0,0.0,True,low
Positive,ತೋಗರಿ ತಿಪ್ಪ  ನಕ್ಕು ನಗಿಸುವ ಕಥನ.,5,1.0,0.0,1.0,0.0,0.0,False,low
Positive,ತೊಗರಿ ತಿಪ್ಪ ತುಂಬಾ ಚಂದ ಇತ್ತಪ್ಪ,5,1.0,0.0,1.0,0.0,0.0,False,low
unknown state,Hiryaru manyaga heltidru,3,0.0,1.0,1.0,0.0,0.0,True,low
not-Kannada,Basavaraja Basavaraja basu,3,0.0,1.0,1.0,0.0,0.0,True,low
Positive,ಕಲ್ಪನಾಲೊಕಕ್ಕೆ ಮಿತಿ ಇಲ್ಲ...  ತೊಗರಿ ತಿಪ್ಪ ನಾಟಕ ಮನೆಮಾತಾಗಿತ್ತು....ದನ್ಯವಾದಗಳು,7,1.0,0.0,1.0,0.0,0.0,False,low
Positive,ತೊಗರಿ ತಿಪ್ಪ ಕಥೆ ತುಂಬಾ ಜನ್ನಾಗಿ ಮುಡಿ ಬಂದಿದೆ,7,1.0,0.0,1.0,0.0,0.0,False,low
Positive,masto togari tippa,3,0.0,1.0,1.0,0.0,0.0,True,low
Positive,ಬಾಳ ಚಂದ ಐತ್ರಿ ಕಥಿ,4,1.0,0.0,1.0,0.0,0.0,False,low
not-Kannada,2nd vol....share pls,3,0.0,0.0,0.0,1.0,0.0,True,low
not-Kannada,all da best,3,0.0,0.0,0.0,1.0,0.0,True,low
Positive,50 sala kelidhini ennu kelthane erbeku ansuthe,7,0.0,1.0,1.0,0.0,0.0,False,low
Mixed feelings,ಯುದ್ಧ ಮಾಡಬೇಕು ಓದಬಾರದು ಕಟುಕರ ಮುಂದೆ ಭಗವದ್ಗೀತೆ ಎಂತಹ ಸಾಲುಗಳು,8,1.0,0.0,1.0,0.0,0.0,False,low
unknown state,ರಶ್ಮಿಕ ರಕ್ಷಿತ್ ಶೆಟ್ಟಿ ಬೆಳವಣಿಗೆ ನೋಡಿ ?,6,1.0,0.0,1.0,0.0,0.0,False,low
Positive,ಅವನೇ ಮುಂದಿನ ಇತಿಹಾಸ ರಚಿಸುವವನು nಅವನೇ ಶ್ರೀ ಮನ್ನಾರಾಯಣ,7,1.0,0.0,1.0,0.0,0.0,False,low
not-Kannada,super super super song...,4,0.0,0.0,0.0,1.0,0.0,True,low
not-Kannada,Zing zing amazing,3,0.0,0.0,0.0,1.0,0.0,True,low
not-Kannada,I am feeling like,4,0.0,0.0,0.0,1.0,0.0,False,low
Positive,ನಂಬರ್ ಒನ್ ಟ್ರೆಂಡಿಂಗ್ ಸಾಂಗ್....,4,1.0,0.0,1.0,0.0,0.0,False,low
not-Kannada,Super  song,2,0.0,0.0,0.0,1.0,0.0,True,low
not-Kannada,Super song,2,0.0,0.0,0.0,1.0,0.0,True,low
unknown state,Hands up for #ASN,4,0.0,0.0,0.0,1.0,0.0,True,low
Mixed feelings,ಆದರೆ ನಿಮ್ಮ ಕಾಮೆಂಟ್ ಗೆ ಲೈಕ್ ಮಾಡಿದವರು ರಕ್ಷಿತ್ ಫ್ಯಾನ್ಸ್,8,1.0,0.0,1.0,0.0,0.0,False,low
unknown state,Love you darling,3,0.0,0.0,0.0,1.0,0.0,True,low
Negative,ಯುದ್ಧ ಮಾಡಬೇಕು ಓದಬಾರದು ಕಟುಕರ ಮುಂದೆ ಭಗವದ್ಗೀತೆ ...,7,1.0,0.0,1.0,0.0,0.0,False,low
Mixed feelings,ನಮಗೆಲ್ಲ ನಮ್ಮ LEGENDSನ ಕೆಲವರಲ್ಲಿ ಕಾಣುತ್ತೇವೆ               1.ವಿಷ್ಣುವರ್ಧನ್-ಕಿಚ್ಚ ಸುದೀಪ್      2.ಡಾ,8,1.0,0.0,1.0,0.0,0.0,False,low
Mixed feelings,Spirit of kannada,3,0.0,0.0,0.0,1.0,0.0,True,low
not-Kannada,Vijaya prakash sir.... Spr,4,0.0,1.0,1.0,0.0,0.0,True,low
not-Kannada,I Love  song,3,0.0,0.0,0.0,1.0,0.0,True,low
Mixed feelings,3ಮಿಲಿಯನ್ ಆದಮೇಲೆ ಯಾರು  ನೋಡ್ತಾ ಇದ್ದೀರಾ,5,1.0,0.0,1.0,0.0,0.0,False,low
not-Kannada,Ultimate song....,2,0.0,0.0,0.0,1.0,0.0,True,low
Positive,ಅವನೇ ಶ್ರೀಮನ್ನಾರಾಯಣ ಚಿತ್ರವು ಶತದಿನ ಆಚರಿಸಲೆಂದು ಅಖಿಲ ಕರ್ನಾಟಕ ಪವರ್ ಸ್ಟಾರ್ ಅಪ್ಪು ಬಾಸ್ ಅಭಿಮಾನಿಗಳ ಕಡೆಯಿಂದ ಶುಭ ಹಾರೈಸುತ್ತೇವೆ...ಕೆ.ಮಂಜು ಆದಿವಾಲ,16,1.0,0.0,1.0,0.0,0.0,False,low
not-Kannada,Love u boss,3,0.0,0.0,0.0,1.0,0.0,True,low
unknown state,ಹ್ಯಾಪಿ ನ್ಯೂ year ಇನ್ ಅಡ್ವಾನ್ಸ್ ಅಂಡ್ ಇಮ್ ವೈಟಿಂಗ್  ಅವನೇ ಶ್ರೀಮನ್ನಾರಾಯಣ ರಕ್ಷಿತ್ ಶೆಟ್ಟಿ ಸರ್,13,0.9231,0.0,0.9231,0.0769,0.1538,False,low
not-Kannada,Super Song Sir.,3,0.0,0.0,0.0,1.0,0.0,True,low
Positive,ಸೂಪರ್ ಸಾಂಗ್ ಹುಚ್ಚೆಬ್ಬಿಸುವ ಸಾಂಗ್,4,1.0,0.0,1.0,0.0,0.0,False,low
Positive,ಈ ಒಂದ್ ಸಾಂಗ್ ಸಾಕು ಬುಡು ಗರು ನೀನ್ ಗೆದ್ದೆ jai @rakshith shetty,11,0.7273,0.2727,1.0,0.0,0.0,False,low
Positive,ಇಂತಹ ಅದ್ಭುತ ಸಿನಿಮಾಯಳು ಮತ್ತು ಹಾಡುಗಳು ಕನ್ನಡದಲ್ಲಿ ಹೆಚ್ಚು ಹೆಚ್ಚು ಬರಲಿ  ಎಂದು ಎಲ್ಲರೂ ಹಾರೈಸೊಣ,12,1.0,0.0,1.0,0.0,0.0,False,low
not-Kannada,supper song good bless,4,0.0,0.0,0.0,1.0,0.0,False,low
unknown state,avAnE shriMAN NaRAyana..,3,0.0,1.0,1.0,0.0,0.0,True,low
Positive,Rasmika ಅಜ್ಞಾತ 🥀🥀,3,0.5,0.5,1.0,0.0,0.0,True,low
Mixed feelings,Kannadada matthondu maligallu,3,0.0,1.0,1.0,0.0,0.0,True,low
not-Kannada,VERY VERY SUPER SONG,4,0.0,0.0,0.0,1.0,0.0,True,low
Mixed feelings,ಕೈನಲ್ ಏನೂ ಕೂಡಾ ಕಿಸಿಯೊಕೆ ಆಗದ ಕಿಡಿಗೇಡಿಗಳು ಬೆನ್ನ ಹಿಂದೆ ಬೆಂಕಿ ಹಚ್ಚಿ ನಗ್ತಾರೆ.. ಆದರೆ ಅವರಿಗೆಂಗೊತ್ತು ಆ ಬೆಂಕಿಲೆ  ಇಡೀ ವಿಶ್ವದಲ್ಲಿ  ಚರಿತ್ರೆ ಸೃಷ್ಟಿ ಮಾಡೋಕೆ ಅವನು ಬಂದೆ ಬರ್ತಾನೆ ಅಂತ ಯಾರವನು  ಅವನೇ ಶ್ರೀಮನ್ನಾರಾಯಣ,27,1.0,0.0,1.0,0.0,0.0,False,low
unknown state,Rashmika vaapas baaro haagide,4,0.0,1.0,1.0,0.0,0.0,False,low
Positive,ರಕ್ಷಿತ್ ಶೆಟ್ಟಿ ಕನ್ನಡದ ಬೆಲೆ ಕಟ್ಟಲಾಗದ ಮಾಣಿಕ್ಯ,6,1.0,0.0,1.0,0.0,0.0,False,low
Positive,chenagide anta Pade pade nodoru swalpa husharu Data khali aguthe,10,0.0,1.0,1.0,0.0,0.0,False,low
unknown state,@Nandini Gowda Genius,3,0.0,1.0,1.0,0.0,0.0,True,low
not-Kannada,Rakesht Shetty. Is. Super.,4,0.0,1.0,1.0,0.0,0.0,True,low
not-Kannada,This song like drinking,4,0.0,0.0,0.0,1.0,0.0,False,low
not-Kannada,This song is like drink,5,0.0,0.0,0.0,1.0,0.0,False,low
Positive,olle prayatnake olledagli Jai srimannarayana,5,0.0,1.0,1.0,0.0,0.0,False,low
unknown state,@Abhigowda Abhigowda,2,0.0,1.0,1.0,0.0,0.0,True,low
unknown state,Idhu charithre shrushtiso haadu...,4,0.0,1.0,1.0,0.0,0.0,True,low
Mixed feelings,ಸುದ್ದಿ ಮಾಡುವ ಮಾದಕ ಹಾಡು ಕೇಳಿರಿ ಎಲ್ಲರು ......HANDS UP,8,1.0,0.0,1.0,0.0,0.0,False,low
not-Kannada,Super bro  l love song,5,0.0,0.0,0.0,1.0,0.0,False,low
Positive,Namm uttar karnataka style..... nMastha Mastha huliii,7,0.0,1.0,1.0,0.0,0.0,False,low
unknown state,Adarsh Sagar suppre,3,0.0,1.0,1.0,0.0,0.0,True,low
not-Kannada,a new milestone in kannada movie,6,0.0,0.0,0.0,1.0,0.0,False,low
not-Kannada,super rock song,3,0.0,0.0,0.0,1.0,0.0,True,low
Positive,ಅಪ್ಪಟ ಕನ್ನಡ ಹಾಡು,3,1.0,0.0,1.0,0.0,0.0,True,low
not-Kannada,Super  sir,2,0.0,0.0,0.0,1.0,0.0,True,low
not-Kannada,Super  song,2,0.0,0.0,0.0,1.0,0.0,True,low
unknown state,Super song bro superrrrr......b,4,0.0,0.0,0.0,1.0,0.0,True,low
not-Kannada,Superb song,2,0.0,0.0,0.0,1.0,0.0,True,low
not-Kannada,Super entertainment movie,3,0.0,0.0,0.0,1.0,0.0,True,low
not-Kannada,fantastic,1,0.0,0.0,0.0,1.0,0.0,True,low
unknown state,I like u,3,0.0,0.0,0.0,1.0,0.0,True,low
Positive,Very good dr,3,0.0,0.0,0.0,1.0,0.0,True,low
Positive,Nija Film ast channagidya nanu nodide nange kandita arta agle Illa,11,0.0,1.0,1.0,0.0,0.0,False,low
not-Kannada,superb song,2,0.0,0.0,0.0,1.0,0.0,True,low
not-Kannada,Super song Shetty,3,0.0,0.0,0.0,1.0,0.0,True,low
Positive,Super  song,2,0.0,0.0,0.0,1.0,0.0,True,low
Negative,Gaali maathina bajaaru suddi saarise sumaaru...,6,0.0,1.0,1.0,0.0,0.0,False,low
unknown state,ಮೆರೆಯಲಿ ಕನ್ನಡದ,2,1.0,0.0,1.0,0.0,0.0,True,low
Positive,ರಕ್ಷಿತ್ ಶೆಟ್ಟಿ ಯವರ ಬಾಡಿ ಲಾಂಗ್ವೇಜ್ ಗೆ ಸೈ ಎಂದವರು ಲೈಕ್ ಮಾಡಿ,10,1.0,0.0,1.0,0.0,0.0,False,low
Positive,Super  songs,2,0.0,0.0,0.0,1.0,0.0,True,low
Positive,ಈ ಹಾಡು ಚರಿತ್ರೆ ಸೃಷ್ಟಿಸುತ್ತೆ ಅನ್ನೋರು ಲೈಕ್ ಮಾಡಿ,7,1.0,0.0,1.0,0.0,0.0,False,low
Positive,🥰🥰🥰🥰Super song 🥰🥰🥰🥰,3,0.0,0.0,0.0,1.0,0.0,True,low
Positive,Nijvaglu charitre srushtiso avataara,4,0.0,1.0,1.0,0.0,0.0,False,low
not-Kannada,🥰🥰🥰🥰🥰🥰.   nSemaya irruku song......,4,0.0,1.0,1.0,0.0,0.0,True,low
Positive,Super song,2,0.0,0.0,0.0,1.0,0.0,True,low
Positive,Hands up 🤗,3,0.0,0.0,0.0,1.0,0.0,True,low
unknown state,Nivu madidu karekt,3,0.0,1.0,1.0,0.0,0.0,True,low
not-Kannada,Super song,2,0.0,0.0,0.0,1.0,0.0,True,low
Positive,ಸಾಹಿತ್ಯ ಬಹಳ ಅದ್ಭುತವಾಗಿ ಮೂಡಿ ಬಂದಿದೆ.,5,1.0,0.0,1.0,0.0,0.0,False,low
unknown state,Make it 100,3,0.0,0.0,0.0,1.0,0.0,True,low
Mixed feelings,ರಮಾ ರಮಾ ತುಸು rutha ಜಾರಿಪ,5,0.8,0.2,1.0,0.0,0.0,False,low
not-Kannada,Love from hyderabad,3,0.0,0.0,0.0,1.0,0.0,True,low
unknown state,Hands up,2,0.0,0.0,0.0,1.0,0.0,True,low
unknown state,10 ಮಿಲಿಯನ್ ವಿವ್ಸ್ ಆಗುತ್ತೆ ಅನ್ನೋರು ಲೈಕ್ ಮಾಡಿ,7,1.0,0.0,1.0,0.0,0.0,False,low
Positive,ಇದು ಚರಿತ್ರೆ ಸೃಷ್ಟಿಸೋ ಹೊಸ ಅವತಾರ ಸರ್ ನಿಮ್ಮದು,7,1.0,0.0,1.0,0.0,0.0,False,low
Positive,My favorite song,3,0.0,0.0,0.0,1.0,0.0,True,low
Positive,Super cute little song,4,0.0,0.0,0.0,1.0,0.0,False,low
Positive,Super song bro thank you Vijay Prakash sir Great singer,10,0.0,0.0,0.0,1.0,0.0,False,low
Positive,Vp sir super singing,4,0.0,0.0,0.0,1.0,0.0,False,low
unknown state,Hands up !!!,3,0.0,0.0,0.0,1.0,0.0,True,low
Positive,Super guru 🤩🤩🤩🤩🤩,3,0.0,0.0,0.0,1.0,0.0,True,low
Positive,Super song sir,3,0.0,0.0,0.0,1.0,0.0,True,low
unknown state,Loll pm llollpllllplllllllllpllpllplllllllllllllllllllllolllllnOlplnLol LMK ppllllllloll,5,0.0,0.0,0.0,1.0,0.0,True,low
Positive,But  movie  superb,3,0.0,0.0,0.0,1.0,0.0,True,low
unknown state,Hands up fans like here,5,0.0,0.0,0.0,1.0,0.0,False,low
Positive,ಈ ಹಾಡನ್ನು ಹಾಡಿದ ವಿಜಯ ಪ್ರಕಾಶ voice ಯಾರಿಗೆಲ್ಲಾ ಇಷ್ಟವಾಗಿದೆ ಲೈಕ್ ಮಾಡಿಗಾಳಿ ಮಾತಿನ ಬಜಾರು ಸುದ್ದಿ ಸಾರಿದೆ..........@@@@,14,0.9286,0.0,0.9286,0.0714,0.1429,False,low
not-Kannada,Super song and making to 100%,6,0.0,0.0,0.0,1.0,0.0,False,low
Positive,ಗಾಳಿ  ಮಾತಿನ  ಬಜಾರು  ಸುದ್ದಿಸಾರಿದೆ  ಸುಮಾರು   ಕನ್ನಡ  ಚಿತ್ರಕ್ಕೆ  ಪ್ರೋತ್ಸಹ  ಕೊಡುವವರು   ಕನ್ನಡ  ಚಿತ್ರಕ್ಕೆ  ಒಂದು  ಘನ ಹೆಸರು  nಕನ್ನಡ   ಕನ್ನಡ    nಇದು   ಕನ್ನಡಿಗರು   ಸೃಷ್ಟಿಸೋ  ಅವತಾರ,20,1.0,0.0,1.0,0.0,0.0,False,low
unknown state,@shambavi Sv hģfftt,3,0.0,1.0,1.0,0.0,0.0,True,low
unknown state,@Manju Iliger ..ķ   n2<90nLķìïhas qqàrt78.   'Ml07þ52,6,0.0,1.0,1.0,0.0,0.0,True,low
unknown state,Hi Chi ugh,3,0.0,0.0,0.0,1.0,0.0,True,low
Positive,A nice song,3,0.0,0.0,0.0,1.0,0.0,True,low
Mixed feelings,Rashmika dagar munde,3,0.0,1.0,1.0,0.0,0.0,True,low
Positive,Superrrr I like it,4,0.0,0.0,0.0,1.0,0.0,True,low
Positive,ಇಡೀ ಚಿತ್ರ ತಂಡಕ್ಕೆ ಶುಭ ವಾಗಲಿ,5,1.0,0.0,1.0,0.0,0.0,False,low
unknown state,Looks very different,3,0.0,0.0,0.0,1.0,0.0,True,low
Positive,ತುಂಬು ಹೃದಯದ ಶುಭಾಶಯಗಳು ಕನ್ನಡ ಚಿತ್ರರಂಗದ ಅಭಿಮಾನಿಗಳಿಂದ,6,1.0,0.0,1.0,0.0,0.0,False,low
Mixed feelings,ಓಕೇ ಓಕೆ‌....ನನಗೆ ಗೊತ್ತಾಗಲಿಲ್ಲ.....,3,1.0,0.0,1.0,0.0,0.0,True,low
Mixed feelings,Idu asli maathu Andre,4,0.0,1.0,1.0,0.0,0.0,True,low
unknown state,@Praveen Kumar ನೀನಮ್ಮನ್ ಯಾಕೋ ಗಾಂಡು ತಿಕ್ ಊರಿನ,7,0.8333,0.1667,1.0,0.0,0.0,False,low
Negative,@sharath sharu yako sule magne sumne eroke agalva,8,0.0,1.0,1.0,0.0,0.0,False,low
Negative,@sharath sharu nin ammun tullge nan tunne sigaka berke sule magne,11,0.0,0.9091,0.9091,0.0909,0.1818,False,low
Negative,@sharath sharu nin ammun tullge nayi mari tunne sigaka yako sule magne nin dagar sule maga adung adtiya,18,0.0,0.9444,0.9444,0.0556,0.1111,False,low
Negative,@Praveen Kumar jaathi naayi banthu helu,6,0.0,1.0,1.0,0.0,0.0,False,low
unknown state,Pwoli saanam my#$...,3,0.0,1.0,1.0,0.0,0.0,True,low
Positive,ಬಹಳ ಕ್ಯೂರಿಯಾಸಿಟಿ ಇರೋ ಹಾಗಿದೆ ಚಿತ್ರವನ್ನು ನೋಡಲು ಕಾತರದಿಂದ ಕಾಯುತ್ತಿದ್ದೆನೇ,8,1.0,0.0,1.0,0.0,0.0,False,low
unknown state,FROM KING K-I-C-H-H-A -B-O-S-S BADSHAHA FANS ALL D BEST,9,0.0,0.0,0.0,1.0,0.0,True,low
unknown state,Jaanu R9 🤣,3,0.0,1.0,1.0,0.0,0.0,True,low
Positive,idu Actually chenag irodu,4,0.0,1.0,1.0,0.0,0.0,True,low
not-Kannada,Bro u r rebel,4,0.0,0.0,0.0,1.0,0.0,False,low
Positive,ರಂಗಿತರಂಗದ ಇತಿಹಾಸ ಮರುಕಳಿಸುವಂತಿದೆ!,3,1.0,0.0,1.0,0.0,0.0,True,low
Positive,ವಾವ್ ಅದ್ಭುತ ವಳ್ಳೆದಾಗಲಿ,3,1.0,0.0,1.0,0.0,0.0,True,low
Positive,Yavaga Release agutte shetre,4,0.0,1.0,1.0,0.0,0.0,True,low
Positive,ಕಥೆ ಚೆನ್ನಾಗಿದೆ ಇದು  ದಯವಿಟ್ಟು ಕನ್ನಡ ಚಿತ್ರಗಳಿವೆ ಬೆಂಬಲ ಕೊಡಿ,8,1.0,0.0,1.0,0.0,0.0,False,low
Positive,adeno gottilla tumba ista ayta nimage???,6,0.0,1.0,1.0,0.0,0.0,False,low
not-Kannada,@ALPHA AB we need more people like u,8,0.0,0.0,0.0,1.0,0.0,False,low
Mixed feelings,Kathe heldene nilsbitri,3,0.0,1.0,1.0,0.0,0.0,True,low
Positive,ವೀ ವಾಂಟ್ ತಿಸ್ ಮೂವೀಸ್,4,1.0,0.0,1.0,0.0,0.0,False,low
Mixed feelings,ಹಳೆ ಶಿಕಾರಿ ಸಿನಿಮಾ nodidira yaradru,5,0.6,0.4,1.0,0.0,0.0,False,low
Positive,ಒಳ್ಳೆಯದಾಗಲಿ ತುಂಬಾ ಚೆನ್ನಾಗಿದೆ ಕೋಟಿಗೊಬ್ಬ 3 ಅಭಿಮಾನಿ ಕನ್ನಡಿಗರ ಮನ.,8,1.0,0.0,1.0,0.0,0.0,False,low
Negative,ಯಾಕ್ರೀ ಟ್ರೇಲರ್ ನೋಡಿಲ್ಲ ಆಗ್ಲೇ dislike...........,5,1.0,0.0,1.0,0.0,0.0,False,low
not-Kannada,P  fans like,3,0.0,0.0,0.0,1.0,0.0,True,low
unknown state,Balepete badrushyana ()🤣🤣,3,0.0,1.0,1.0,0.0,0.0,True,low
Mixed feelings,Yaru thuldeepanna 🤣🤪,3,0.0,1.0,1.0,0.0,0.0,True,low
Positive,ಆಲ್ ದಿ ಬೆಸ್ಟ್ ಫ್ರಮ್ ಡಿಬಾಸ್ ಫ್ಯಾನ್,6,1.0,0.0,1.0,0.0,0.0,False,low
not-Kannada,D boss fans like here,5,0.0,0.0,0.0,1.0,0.0,False,low
Negative,Nin naman sule Gandu boli dagar drashan,7,0.0,1.0,1.0,0.0,0.0,False,low
unknown state,@poojitha subbaiah Hai ennane ullira,5,0.0,1.0,1.0,0.0,0.0,False,low
Positive,@Saraswathi.p.k. Baby swathi,3,0.0,1.0,1.0,0.0,0.0,True,low
Positive,Satyana edu devare,3,0.0,1.0,1.0,0.0,0.0,True,low
Positive,ನಂಬಲಾದ ವಿಸ್ಮಯ ಸಂಗತಿಗಳು ಅದೆಷ್ಟು ಇವೆ ನಂಬಲು ಆಗದೆ ಇದ್ದರು ಸತ್ಯವೇ ಆಗಿರುತ್ತವೆ,10,1.0,0.0,1.0,0.0,0.0,False,low
Positive,Kathe tumba ista aythu..,4,0.0,1.0,1.0,0.0,0.0,False,low
Mixed feelings,ಗುರು ಇದನ್ನು ಮಾಧ್ಯಮದವರು ಸರೆ ಹಿಡ್ದಿರೋ ದೃಶ್ಯ ಇದ್ರೆ ಹಾಕು ಗುರು.,9,1.0,0.0,1.0,0.0,0.0,False,low
Positive,ಕಿರಣ್ ಶಾಲಿ... ಇಲ್ಲಿ ಕೊಟ್ಟಿದೀನಿ ನೋಡು ಈ ಲಿಂಕ್  ಕ್ಲಿಕ್ ಮಾಡು,9,1.0,0.0,1.0,0.0,0.0,False,low
Negative,@vinay vinu ಅಶ್ವತ್ಥಾಮ ಹೇಗೆ ಚಿರಂಜೀವಿಯೋ ಹಾಗೆಯೇ ಭಗವಾನ್ ಪರಶುರಾಮರು ಚಿರಂಜೀವಿನೆ ಅಲ್ವಾ... ಹೇಗಾದ್ರು ಮಾಡಿ ಅವರ ಹತ್ರ ಇರೋ ಅಸ್ತ್ರಗಳನ್ನು ಪ್ರಯೋಗಿಸಿ ಪಾಕಿಸ್ತಾನದ ಉಗ್ರಗಾಮಿಗಳನ್ನ ನಾಶ ಮಾಡೋಕ್ಕಾಗಲ್ವ...,21,0.9048,0.0952,1.0,0.0,0.0,False,low
Mixed feelings,@vinay vinu ಇವ್ನು ಯಾರ್ ಗುರು ನಂದೆಲ್ಲಿ ಇಡ್ಲಿ ಅಂತವ್ನೆ,8,0.75,0.25,1.0,0.0,0.0,False,low
Negative,@Kiran Shali ಲೈ ಶ್ಯಾಟ ..... ನಿನ್ ಅಯ್ಯನ್.... ಯಾವ ಪ್ರಶ್ನೆ  ಕೆಳ್ದೆ ನೀನು  ಕೋಡು ನಿನ್ ನಂಬರ್ ಇಲ್ಲಾ  ಆಡ್ರಸ್ ಕೋಡು ದೆವ್ರಾಣೆ ಡೈರೆಕ್ಟ್ ಆಗಿ ಉತ್ತರ ಕೊಡ್ತೀನಿ....,22,0.95,0.05,1.0,0.0,0.0,False,low
not-Kannada,@Kiran Shali 2,3,0.0,1.0,1.0,0.0,0.0,True,low
Mixed feelings,ಗುರು ನಿಮ್ಗೆ ಡೌಟ,3,1.0,0.0,1.0,0.0,0.0,True,low
Positive,ಜಾಸ್ತಿ ಕಾಯುಬೇಡಿ ಈ ವಿಡಿಯೋ ನೋಡಿ   ಹೆಸರಾಂತ ಹಿಂದಿ ಟಿವಿ ಚಾನೆಲ್ ಜಿ ನ್ಯೂಸ್ ನವರು ಸೆರೆ ಹಿಡಿದಂತಹ ನೈಜ ಘಟನೆ,16,1.0,0.0,1.0,0.0,0.0,False,low
Positive,ಅವನು ಚಿರಂಜೀವಿ ಅದಕ್ಕೊಸ್ಕರ ಸಾಯದೆ  ದೇಶವನ್ನು ಸುತ್ತಾಡುತ್ತಾ ಇರ್ತಾರೆ,7,1.0,0.0,1.0,0.0,0.0,False,low
Positive,@Rajashekar Khandare ಕ್ರಷ್ಣನೇ ಶಾಪ ಕೊಡುವುದು ...ಮಯ್ಯಲ್ಲಿ ಕೀವು ತುಂಬಿ ಚಿರಂಜೀವಿ ಆಗಿ ತಿರುಗಾಡುತ್ತಾ ಇರು ಅಂತ....,13,0.9167,0.0833,1.0,0.0,0.0,False,low
not-Kannada,Bhagya Lakshmi 9,3,0.0,1.0,1.0,0.0,0.0,True,low
unknown state,Yes 100% true,3,0.0,0.0,0.0,1.0,0.0,True,low
Mixed feelings,Yappa bhaya agutte,3,0.0,1.0,1.0,0.0,0.0,True,low
Mixed feelings,ಹೌದು ಇದು ಸಾಕ್ಷಾತ್ ಕೃಷ್ಣ ಕೋಟ ಶಾಪದ ಪರಿಣಾಮ,7,1.0,0.0,1.0,0.0,0.0,False,low
Mixed feelings,ನೋಡಿ ಸರ್ ಯಾವದನು ಅಲೆಗಳಗಿಲ್ಲ ನಾನು ದೇವರನ ನಂಬಲ ಅಂದರೆ ಕೃಷ್ಣನ ಖಂಡಿತಾ ನಂಬತಿನಿ,11,1.0,0.0,1.0,0.0,0.0,False,low
Mixed feelings,Yakebdre krishnana shapa aduke,4,0.0,1.0,1.0,0.0,0.0,False,low
Positive,ನಿಜ್ವಗ್ಲೂ ಇದು ಸತ್ಯ ನಾ,4,1.0,0.0,1.0,0.0,0.0,False,low
Positive,Good .....Kannada films,3,0.0,0.0,0.0,1.0,0.0,True,low
Negative,ಈ ತರಹ‌ ಒಳ್ಳೆಯ ಕಾಂಸೆಪ್ಟ್ ಇಟ್ಕೊಂಡ್ ಮೂವಿ ಮಾಡ್ರಪ್ಪ. ಕಿಸ್ ಮಾಡೋದು,9,1.0,0.0,1.0,0.0,0.0,False,low
Positive,ಇಂಥ ಒಳ್ಳೆ ಫಿಲ್ಮ್ ಗಳ ಹಾವಳಿ ನಂಗೆ ಗೊತ್ತಿದ್ದ ಮಟ್ಟಿಗೆ ಲೂಸಿಯಾ,9,1.0,0.0,1.0,0.0,0.0,False,low
unknown state,It looks like rangitharanga-2,4,0.0,0.0,0.0,1.0,0.0,True,low
unknown state,Tennis Krishna fans hit like,5,0.0,0.0,0.0,1.0,0.0,False,low
Negative,ಶೆಟ್ಟಿಗಳು ಎಲ್ಲಾ ಈತರ ಕಥೆ ತೆಗಿಯೋದು ಮುಖ್ಯವಲ್ಲ ಕಮರ್ಷಿಯಲ್ ಸಿನಿಮಾ ಮಾಡಿ ತೋರಿಸಿ,10,1.0,0.0,1.0,0.0,0.0,False,low
Negative,Shetre shoku aathnd..,3,0.0,1.0,1.0,0.0,0.0,True,low
Positive,ತುಂಬಾ ಚನ್ನಾಗಿ ಮೂಡಿ ಬಂದಿದೆ ಮತ್ತು ನಿರೀಕ್ಷೆ ಹುಟ್ಟಿಸುವಂತಿದೆ. ಸಿನಿಮಾ ಬಿಡುಗಡೆಗೆ ಕಾಯುತ್ತೇವೆ. ಒಳ್ಳೆಯದಾಗಲಿ,11,1.0,0.0,1.0,0.0,0.0,False,low
Positive,ಇವರ ಸಿನಿಮಾದಲ್ಲಿ ಸಂಸ್ಕೃತಿ ಎದ್ದು ಕಾಣುತ್ತೆ,5,1.0,0.0,1.0,0.0,0.0,False,low
Positive,ಈ ಶೆಟ್ರುಗಳ ಸಿನಿಮಾನೆ ಒಂದ್ ರೀತಿ ಚಂದ ಇರುತ್ತೆ,7,1.0,0.0,1.0,0.0,0.0,False,low
Positive,ಈ ಚಿತ್ರದಲ್ಲಿ ನಟಿಸಿರುವ ಎಂ.ಕೆ. ಮಠ ಅದ್ಭುತ ನಟ. ರಂಗಭೂಮಿ ಹಿನ್ನೆಲೆ ಇರುವವರು. ಬಹುಭಾಷಾ ನಟ. ತಮಗೆ ಸಿಕ್ಕ ಕ್ಯಾರೆಕ್ಟರ್ ಗೆ ಪರಕಾಯ ಪ್ರವೇಶ ಮೂಲಕ ನ್ಯಾಯ ಒದಗಿಸುತ್ತಾರೆ. Love you ಮಠ ಸರ್,25,0.9583,0.0,0.9583,0.0417,0.0833,False,low
Positive,ಒಂದು ಅರ್ಥಪೂರ್ಣ ಕಥೆ ಕಾಣಿಸುವ ಸೂಚನೆ... ಪ್ರಮೋದಣ್ಣ ನಿಜಕ್ಕೂ ಜೀವ ತುಂಬ್ತಾರೆ,9,1.0,0.0,1.0,0.0,0.0,False,low
Positive,ಬೀದಿ ಕಸ ಗುಡಿಸಿ ತನ್ನ ಮಕ್ಕಳನ್ನ IAS,6,1.0,0.0,1.0,0.0,0.0,False,low
Positive,ಗೆಲ್ಲುತ್ತೆ ಡೋಂಟ್ ವೆರಿ,3,1.0,0.0,1.0,0.0,0.0,True,low
Positive,ಟ್ರೈಲರ್ ತುಂಬ ಚೆನ್ನಾಗಿದೆ ನಿಮ್ಮ ಚಿತ್ರ ಒಳ್ಳೆ ಯಶಸ್ವಿ ಆಗ್ಲಿ,8,1.0,0.0,1.0,0.0,0.0,False,low
Negative,ಎಲ್ಲಾ ಫಿಲ್ಮ್ ಚನ್ನಗಿರತವೆ ಜನ ಯಾಕೆ ಥಿಯೇಟರ್ಗೆ ಬಂದು ನೋಡಲ್ಲಾ ಇದಕೆ ಕಾರಣ ಏನು ಓಹೋ ಎಲ್ಲಾ ಒಂದೇ ರಿಲೀಸ್ ಮಾಡ್ತಾರೆ ಅಧ್ಕ್,17,1.0,0.0,1.0,0.0,0.0,False,low
unknown state,Super I like it,4,0.0,0.0,0.0,1.0,0.0,False,low
unknown state,D boss fans are like plzzz,6,0.0,0.0,0.0,1.0,0.0,False,low
Positive,ಮೇಜರ್ ಜನರಲ್ ಅಬಿನಂಧನ್  ವರ್ಧಮಾನ್ ಡಿ ಬಾಸ್ ದರ್ಶನ್ ಅಭಿಮಾನಿಗಳಿಂದ ನಿಮ್ಮ ಚಿತ್ರಕ್ಕೆ ಶುಭವಾಗಲಿ...,11,1.0,0.0,1.0,0.0,0.0,False,low
Mixed feelings,ಒಂದು ಶಿಕಾರಿಯ ಕಥೆ.. ಆಗದೆ ಇರಲಿ ಪ್ರೇಕ್ಷಕರಿಗೆ ವ್ಯಥೆ..nಜೈ ಕನ್ನಡ..,8,1.0,0.0,1.0,0.0,0.0,False,low
Mixed feelings,Haa ebbbaru obbare !,4,0.0,1.0,1.0,0.0,0.0,True,low
Positive,Nija vada mathu,3,0.0,1.0,1.0,0.0,0.0,True,low
Mixed feelings,ಉಳಿದವರು ಕಂಡಂತೆ ಪಾರ್ಟ್ 2,4,1.0,0.0,1.0,0.0,0.0,True,low
Negative,ಏನ್ ತುಕಾಲಿ ಫ್ಯಾನ್ಸ್ ಮರ್ರೆ... ಟ್ರೈಲರ್ ಬಗ್ಗೆ ಕಾಮೆಂಟ್ ಮಾಡೋದು ಬಿಟ್ಟು... ಆ ಫ್ಯಾನ್ಸ್  ಕಡೆಯಿಂದ ಅಲ್ ದಿ ಬೆಸ್ಟ್... ಈ ಫ್ಯಾನ್ ಕಡೆಯಿಂದ ಆಲ್ ದಿ ಬೆಸ್ಟ್... ಥು ಇವ್ರ ಜನ್ಮಕ್ಕೆ,24,1.0,0.0,1.0,0.0,0.0,False,low
Mixed feelings,ಗುರು ನಿನ್ ಹೇಳು ಪ್ರಕಾರ ಯಾರು ಮಾವಿನ್ ಸುಪೋರ್ಟ್ ಮಾಡ್ಬಾರ್ದು,8,1.0,0.0,1.0,0.0,0.0,False,low
Positive,Super song Anna,3,0.0,0.0,0.0,1.0,0.0,True,low
Negative,ಥೂ ನಿಮ್ಮ ಮೊದಲು ನಮ್ಮ ದೇಶ ನಮ್ಮ ದೇಶಕ್ಕೋಸ್ಕರ ಬದುಕಿ  ಚೀನಾದವರ ನೀವು  ಚೀನಾದ ಅವರಿಗೋಸ್ಕರ ಬದುಕಬೇಡಿ ನಮ್ ದೇಶ ನಮ್ ನಾಡನ್ನು ಬೆಳೆಸಿ ಮೊದಲು,19,1.0,0.0,1.0,0.0,0.0,False,low
Mixed feelings,Yenge nivu.... Kalru nivu,4,0.0,1.0,1.0,0.0,0.0,True,low
not-Kannada,Super song .   .,4,0.0,0.0,0.0,1.0,0.0,True,low
Positive,Super bro Sakkathagide bro,4,0.0,0.0,0.0,1.0,0.0,True,low
Positive,Super  guru,2,0.0,0.0,0.0,1.0,0.0,True,low
not-Kannada,Super  bro,2,0.0,0.0,0.0,1.0,0.0,True,low
Positive,We won mr stark.....🤣🤣🤣🤣🤣🤣🤣🤣,4,0.0,0.0,0.0,1.0,0.0,True,low
Negative,ಎಲ್ಲೋ ಏನೋ ಆಗಿದ್ದಕ್ಕೆ ಟಿಕ್ ಟಾಕ್ ಬ್ಯಾನ್ ಮಾಡಿದ್ದಾರೆ ಅಂತೆnnಲೋ ಕಚಡ ಕಂತ್ರಿ ಗಜ್ಜಿ ನನ್ನ ನಾಯಿ ನನ್ನ ಮಗನೇ ನಮ್ಮ ದೇಶದ ಸೈನಿಕರ 20 ಸೈನಿಕರು ಉಸಿರನ್ನ ಕಿತ್ತುಕೊಂಡಿರುವ ಶತ್ರು ರಾಷ್ಟ್ರದ ಕಿತ್ತೋಗಿರೋ ಆಪ್ ಅನ್ನು ಡಿಲೀಟ್ ಮಾಡ್ ಇರೋದಕ್ಕೆ ಎಲ್ಲೋ ಏನೋ ಆಗಿದೆ ಅನ್ನೋ ಬುದ್ಧಿಮಾಂದ್ಯತೆ ನಿನಗೆ ತುಂಬಿದೆ ನಿನ್ನಂತ ಅವರನ್ನು ಡೈರೆಕ್ಟಾಗಿ ಹಣೆಗೆ ಗುಂಡಿಟ್ಟು ಚೀನಾ ಬಾರ್ಡರ್ ಅಲ್ಲಿ ನಿಲ್ಲಿಸಿ ಸಾಯಿಸಬೇಕು ಕೊಲ್ಲಬೇಕು,48,1.0,0.0,1.0,0.0,0.0,False,low
Negative,ಚಳಿಗಾಲದಲ್ಲಿ ಹೆಂಡ್ತೀನ ಬಿಟ್ಟಂಗಾಗಿದೆ Tik tokers ಸ್ಥಿತಿ Like a  ಹೀಟ್ ಗೆ ಬಂದಿರೋ ನಾಯಿ ತರ,13,0.8182,0.0909,0.9091,0.0909,0.1818,False,low
unknown state,@kushal kumar,2,0.0,1.0,1.0,0.0,0.0,True,low
Positive,Super edit anna,3,0.0,0.0,0.0,1.0,0.0,True,low
not-Kannada,Super songs,2,0.0,0.0,0.0,1.0,0.0,True,low
unknown state,GTA 5 BRO,3,0.0,1.0,1.0,0.0,0.0,True,low
Negative,ಒಂದ್ ಸಲ ನಿನ್ ಮುಖ ತೋ ರ್ ಸು ಗುರ್ವೆ,8,1.0,0.0,1.0,0.0,0.0,False,low
not-Kannada,Super super super,3,0.0,0.0,0.0,1.0,0.0,True,low
not-Kannada,Good job.....,2,0.0,0.0,0.0,1.0,0.0,True,low
Negative,ಲಾಸ್ಟ ಟಿಕ್ ಟಾಕ್ ಬಾಯಿ ಇಲ್ದಿರೋ ಎಮೋಜಿ ಒಡೆದು ಹೋಗಿರೋ ಹಾರ್ಟ್ ಮಿಸ್ ಯು ಆಲ್ ಎಂಗೆ ಗುರು ಇದು,15,1.0,0.0,1.0,0.0,0.0,False,low
Negative,ಸೂಪರ್ ಬ್ರದರ್.. tiktaak ಸೂಳೆಮಕ್ಕಳಿಗೆ ಒಳ್ಳೆಯ ಟಾಂಗ್ ಕೊಟ್ಟಿರಿ,7,0.8571,0.1429,1.0,0.0,0.0,False,low
Mixed feelings,ಯಾಕಲೇ ಮಗನೆ ಎಲ್ಲಾದ್ರೂ ಕಡಿದಿದೆಯಾ,4,1.0,0.0,1.0,0.0,0.0,False,low
Positive,Happy to ban china App Bloody Tiktok,7,0.0,0.0,0.0,1.0,0.0,False,low
Positive,Miikaaaaa Instagramers roast next Anna,5,0.0,0.0,0.0,1.0,0.0,True,low
not-Kannada,Song superrrrr bro,3,0.0,0.0,0.0,1.0,0.0,True,low
Positive,Song super Ede bro,4,0.0,0.0,0.0,1.0,0.0,True,low
Positive,Super bro. Im happy,4,0.0,0.0,0.0,1.0,0.0,True,low
Negative,@Creative Kannadiga ನೀವು nಸ್ಮೆಲ್ ನವೀನ. nಉಸು ಹಿರೇಮಠ್nಭಿಕಾರಿ ಫಿಲಿಪ್ಸ್nಬಿಂದು ಬೀಡಾnಇವರ ಗೋಳಾಟವನ್ನ ವಿಡಿಯೋ ಅಲ್ಲಿ ತೋರಿಸಿಲ್ಲ..,13,0.9167,0.0,0.9167,0.0833,0.1667,False,low
not-Kannada,Super... I'm so happy...,4,0.0,0.0,0.0,1.0,0.0,True,low
Positive,ಲವ್ ಯು ಬಾಸ್  ಸೂಪರ್,4,1.0,0.0,1.0,0.0,0.0,False,low
Positive,ನನಗೆ ಹಾಲು ಕುಡಿದಷ್ಟು ಸಂತೋಷವಾಯಿತು ಜೈ ಮೋದಿಜಿ🤣🤣🤣,6,1.0,0.0,1.0,0.0,0.0,False,low
not-Kannada,Super song,2,0.0,0.0,0.0,1.0,0.0,True,low
not-Kannada,I like your video s,5,0.0,0.0,0.0,1.0,0.0,False,low
Mixed feelings,ಗುರುವೇ ಅದು GTA5 pubg ಅಲ್ಲ,5,0.75,0.25,1.0,0.0,0.0,False,low
Negative,Ninge en tagodu hodibeku,4,0.0,1.0,1.0,0.0,0.0,False,low
not-Kannada,I am full happy,4,0.0,0.0,0.0,1.0,0.0,False,low
Positive,Super super awesome awesome oh my god I like ur voice and song,13,0.0,0.0,0.0,1.0,0.0,False,low
not-Kannada,Nice.. ..sir ...,3,0.0,0.0,0.0,1.0,0.0,True,low
not-Kannada,Jay Hind Jay Karnataka Mathe,5,0.0,0.0,0.0,1.0,0.0,True,low
Positive,ಪ್ರಜ್ವಲ್ ದೇವರಾಜ ಗೆ ಈ ಸಿನಿಮಾ ಟರ್ನಿಂಗ್  ಪಾಯಿಂಟ್ ಅಗೋಡ್4ಅಲ್ಲಿ ಅನುಮಾನನೆ ಇಲ್ಲ,10,1.0,0.0,1.0,0.0,0.0,False,low
not-Kannada,Pora rai koodi tulla,4,0.0,1.0,1.0,0.0,0.0,False,low
Negative,Copy dub movie,3,0.0,0.0,0.0,1.0,0.0,True,low
not-Kannada,All di best for D Boss fans,7,0.0,0.0,0.0,1.0,0.0,False,low
Positive,ಲವ್ ಯೂ ಡಿ ಬಾಸ್,4,1.0,0.0,1.0,0.0,0.0,False,low
Negative,Darshan kacha thinogu sule magne,5,0.0,1.0,1.0,0.0,0.0,False,low
Positive,Love you so much Anna,5,0.0,0.0,0.0,1.0,0.0,False,low
not-Kannada,D BOSS fans,3,0.0,0.0,0.0,1.0,0.0,True,low
Positive,ಪ್ರಜ್ವಲ್ ದೇವರಾಜ್ ಅವರು ಕ್ಲಾಸ್ ಗಿಂತ ಮಾಸ್ ಸೂಪರ್ ಅನ್ನೋರು ಲೈಕ್ ಮಾಡಿ,10,1.0,0.0,1.0,0.0,0.0,False,low
Positive,Trailer super guru,3,0.0,0.0,0.0,1.0,0.0,True,low
not-Kannada,Super super D Boss,4,0.0,0.0,0.0,1.0,0.0,True,low
Positive,ನಮ್ಮ್ ಪ್ರಜ್ವಲ್ ಬೋಸ್ ಗೇ ಒಂದ್ ಒಳ್ಳೇ ಯಶಸ್ಸು ಅನ್ನ ಕೊಡ್ಲಿ ಈ chitra,11,0.9091,0.0909,1.0,0.0,0.0,False,low
not-Kannada,D Boss fens,3,0.0,0.0,0.0,1.0,0.0,True,low
Positive,Chiki chiki chiki chikapa nidde madidu saaku swalpa helapa!!!! WOWWWWWWWWWW mastuuuuuuu!!!!,11,0.0,1.0,1.0,0.0,0.0,False,low
unknown state,Kgf 2,2,0.0,1.0,1.0,0.0,0.0,True,low
Positive,After 25 flops .. gentle man block buster,8,0.0,0.0,0.0,1.0,0.0,False,low
Positive,Superb trailer ....,3,0.0,0.0,0.0,1.0,0.0,True,low
Positive,ಇಲ್ಲಿಂದ ನಿಮ್ಮ ವಿಜಯ ಯಾತ್ರೆ ಪ್ರಜ್ವಲಿಸಲಿ,5,1.0,0.0,1.0,0.0,0.0,False,low
not-Kannada,Waiting waiting waiting,3,0.0,0.0,0.0,1.0,0.0,True,low
not-Kannada,Prajwal Devaraj,2,0.0,1.0,1.0,0.0,0.0,True,low
not-Kannada,Make it pan India,4,0.0,0.0,0.0,1.0,0.0,True,low
Positive,ವಾವ್ ಸಕ್ಕತ್ ಆಗಿದೆ ಗುರು,4,1.0,0.0,1.0,0.0,0.0,False,low
Positive,Super ide trailer,3,0.0,0.0,0.0,1.0,0.0,True,low
not-Kannada,Super trailer,2,0.0,0.0,0.0,1.0,0.0,True,low
Positive,ಪಕ್ಕಾ ಡಿ ಬಾಸ್ ಅಭಿಮಾನಿ ಡಿ ಬಾಸ್ ಫ್ಯಾನ್ ಕಡೆಯಿಂದ ಆಲ್ ದಿ ಬೆಸ್ಟ್,11,1.0,0.0,1.0,0.0,0.0,False,low
Negative,Nimmamman hogi alli kelsa madu gothagute,6,0.0,1.0,1.0,0.0,0.0,False,low
Negative,Kannada.....🤦matte remake film.,3,0.0,0.0,0.0,1.0,0.0,True,low
not-Kannada,Super Kannada film industry changing,5,0.0,0.0,0.0,1.0,0.0,False,low
not-Kannada,You deserve big level,4,0.0,0.0,0.0,1.0,0.0,False,low
not-Kannada,Looks promising,2,0.0,0.0,0.0,1.0,0.0,True,low
not-Kannada,I do like Guru Deshpande Movies. Im gonna rush,9,0.0,0.0,0.0,1.0,0.0,False,low
Positive,ವಾಹ್!!! Trailer ಅದ್ಭುತವಾಗಿದೆ.n,3,1.0,0.0,1.0,0.0,0.0,True,low
unknown state,Why is Voice still like teenage ?,7,0.0,0.0,0.0,1.0,0.0,False,low
not-Kannada,KGF CHAPTER 2,3,0.0,1.0,1.0,0.0,0.0,True,low
Negative,Pakk plap movi,3,0.0,1.0,1.0,0.0,0.0,True,low
not-Kannada,Hindi Hindi Hindi hindi Hindi Hindi Hindi Hindi Hindi Hindi Hindi Hindi Hindi Hindi Hindi Hindi Hindi Hindi Hindi Hindi Hindi Hindi Hindi Hindi Hindi Hindi Hindi Hindi,28,0.0,0.0,0.0,1.0,0.0,True,low
not-Kannada,Movie is promising,3,0.0,0.0,0.0,1.0,0.0,True,low
Positive,Supper anna,2,0.0,0.0,0.0,1.0,0.0,True,low
not-Kannada,Seem like sure shot hit,5,0.0,0.0,0.0,1.0,0.0,False,low
Positive,supar togari tippa,3,0.0,1.0,1.0,0.0,0.0,True,low
Positive,ಸಾರ್ ಇದೆ ತರಹದ ಜಾನಪದ ಚಟಾಕಿ ಹೆಸರುಗಳನ್ನು ತಿಳಿಸಿ ದಯವಿಟ್ಟು,8,1.0,0.0,1.0,0.0,0.0,False,low
Positive,ಡಾ.ಶಂಭು ಬಳಿಗಾರ ರವರ .....nತೊಗರಿ ತಿಪ್ಪ (ಜಾನಪದ ಹಾಸ್ಯ ಚಟಾಕಿ)  ಅಧ್ಬುತ  ನಿರೂಪಣೆ,10,1.0,0.0,1.0,0.0,0.0,False,low
Positive,supe togari tippa,3,0.0,1.0,1.0,0.0,0.0,True,low
Positive,ಇಪ್ಪತೈದು ವರ್ಷಗಳ ಹಿಂದೆ ಕೇಳಿದ್ದು ಮತ್ತೆ ಕೇಳಿದಾಗ ತುಂಬಾ ಸಂತೋಷ ವಾಯಿತು,9,1.0,0.0,1.0,0.0,0.0,False,low
Positive,ಇಪ್ಪತೈದು ವರ್ಷಗಳ ಹಿಂದೆ ಕೇಳಿದ್ದು ಮತ್ತೆ ಕೇಳಿದಾಗ ತುಂಬಾ ಸಂತೋಷ ವಾಯಿತು,9,1.0,0.0,1.0,0.0,0.0,False,low
Mixed feelings,ನಾನು ತುಂಬಾ ಚಿಕ್ಕವನಿದ್ದಾಗಲೂ ನಾನು ಶಂಭು ಬಳಿಗಾರ ರವರ ಅಭಿಮಾನಿ...ಈಗಲೂ ಇವರ ಧ್ವನಿಯಲ್ಲಿ ಕಥೆ ಕೇಳಿ...25 ವರ್ಷಗಳ ಹಿಂದೆ ಕರೆದೊಯ್ದು.. ಬಿಟ್ಟರು ನಮ್ಮನ್ನು,17,1.0,0.0,1.0,0.0,0.0,False,low
Positive,ತೊಗರಿ ತಿಪ್ಪ ನಾಟಕ ಒಳ್ಳೆಯ ಹಾಸ್ಯಮಯ ನಾಟಕ,6,1.0,0.0,1.0,0.0,0.0,False,low
Positive,ತುಂಬಾ ವರ್ಷದ ಹಿಂದೆ ಕೇಳಿದ್ದೆ.ಈಗ ಸಿಕ್ಕಿದ್ದು ಸಕತ್ ಖುಷಿ ಆಗಿದೆ,8,1.0,0.0,1.0,0.0,0.0,False,low
Positive,ತುಂಬಾ ಹಾಸ್ಯಮಯವಾಗಿದೆ. ಅತ್ತೆ ಮನೆಯಲ್ಲಿನ ಹುಗ್ಗಿ ಉಣ್ಣುವ ಪ್ರಸಂಗ ತುಂಬಾ ನಗು ತರಿಸಿತು.,10,1.0,0.0,1.0,0.0,0.0,False,low
not-Kannada,I like it,3,0.0,0.0,0.0,1.0,0.0,True,low
Positive,Tugari tippa super...,3,0.0,1.0,1.0,0.0,0.0,True,low
not-Kannada,Anjali Devi  hiiii,3,0.0,1.0,1.0,0.0,0.0,True,low
not-Kannada,Anjali Devi  mk,3,0.0,1.0,1.0,0.0,0.0,True,low
not-Kannada,Anjali Devi hai,3,0.0,1.0,1.0,0.0,0.0,True,low
not-Kannada,Anjali Devi,2,0.0,1.0,1.0,0.0,0.0,True,low
not-Kannada,Anjali Devi Hi,3,0.0,1.0,1.0,0.0,0.0,True,low
not-Kannada,Anjali Devi nnice,3,0.0,1.0,1.0,0.0,0.0,True,low
unknown state,Anjali Devi ಊಟ,3,0.5,0.5,1.0,0.0,0.0,True,low
not-Kannada,Ravi Bandivaddar Osm,3,0.0,1.0,1.0,0.0,0.0,True,low
not-Kannada,Anjali Devi  hiii,3,0.0,1.0,1.0,0.0,0.0,True,low
not-Kannada,Anjali Devi Hi,3,0.0,1.0,1.0,0.0,0.0,True,low
Positive,shambhu baligar superr,3,0.0,1.0,1.0,0.0,0.0,True,low
Positive,shambhu baligar superr,3,0.0,1.0,1.0,0.0,0.0,True,low
Positive,Basavaraj  Badiger,2,0.0,1.0,1.0,0.0,0.0,True,low
not-Kannada,very nice story,3,0.0,0.0,0.0,1.0,0.0,True,low
Positive,ಜಾನಪದ ಹಾಸ್ಯ ತೊಗರಿ ತಿಪ್ಪ ನಾಟಕ ಸೂಪರ್,6,1.0,0.0,1.0,0.0,0.0,False,low
not-Kannada,A r. Basavarajppa,3,0.0,0.0,0.0,1.0,0.0,True,low
not-Kannada,superb superb superb,3,0.0,0.0,0.0,1.0,0.0,True,low
Positive,super... bari kalaberake bashe keli keli sustagittu adakke ee video swaccha sundara basheya balake agirodrinda ishtavaytu..,16,0.0,0.9333,0.9333,0.0667,0.1333,False,low
Positive,Bhal Varshada nantra keli tumba khushiyatu..,6,0.0,1.0,1.0,0.0,0.0,False,low
not-Kannada,KAMALAKAR SALUNKE utjtkitNutkgntnnNugkuyu,3,0.0,1.0,1.0,0.0,0.0,True,low
Positive,Dr. Shambhu Baligaaravarige Thumba Dhanyavadagalu,5,0.0,0.0,0.0,1.0,0.0,True,low
not-Kannada,I like it,3,0.0,0.0,0.0,1.0,0.0,True,low
Positive,ಸಂದರವಾದ ಕಲ್ಪನೆಯ ಕಥೆ 'ತೊಗರಿ ತಿಪ್ಪ',5,1.0,0.0,1.0,0.0,0.0,False,low
Mixed feelings,MANJUNATH HM bobby ಸರ್ ಇದು ಉತ್ತರ ಕರ್ನಾಟಕದ ಭಾಗದಲ್ಲಿ ನಡೆದ ನೈಜ ಘಟನೆ ಆಧಾರಿತ ಕಥೆ,13,0.8333,0.0833,0.9167,0.0833,0.1667,False,low
Positive,super super boss,3,0.0,0.0,0.0,1.0,0.0,True,low
Positive,super super boss,3,0.0,0.0,0.0,1.0,0.0,True,low
Positive,super super boss,3,0.0,0.0,0.0,1.0,0.0,True,low
Positive,super super boss,3,0.0,0.0,0.0,1.0,0.0,True,low
Positive,ಭಹಾಳ್ ಚನ್ನಾಗಿ ಇದೆ,3,1.0,0.0,1.0,0.0,0.0,True,low
unknown state,sanjukuamar chatnale ಲಷಣ,3,0.3333,0.6667,1.0,0.0,0.0,True,low
not-Kannada,PrAveen psk jyy6,3,0.0,1.0,1.0,0.0,0.0,True,low
Positive,ತೊಗರಿ ತಿಪ್ಪ    ಒಂದು ಓಳ್ಳೇ ಕಥೆ ಕಣ್ರೀ,6,1.0,0.0,1.0,0.0,0.0,False,low
Positive,tumba olle kathe,3,0.0,1.0,1.0,0.0,0.0,True,low
Positive,Shrikanth  ಗೌರಮ್ಮ AB.,3,0.5,0.5,1.0,0.0,0.0,True,low
Positive,super.nTogari Tippa Comody,3,0.0,1.0,1.0,0.0,0.0,True,low
Positive,ಬಹಳ ಚನ್ನಾಗಿ ಮೂಡಿ ಬಂದದ್ದ,4,1.0,0.0,1.0,0.0,0.0,False,low
Positive,ಎನ್ ಗುರು ಸೂಪರ್ ಅಗಿ ವೀಡಿಯೋ ಮಾಡಿದಿರ ಅಣ್ಣ,7,1.0,0.0,1.0,0.0,0.0,False,low
Positive,Supper speech Anna,3,0.0,0.0,0.0,1.0,0.0,True,low
Negative,Ennu.   Madu. Guru eee sule magllu du. Troll. Na,9,0.0,1.0,1.0,0.0,0.0,False,low
Positive,Super. Guru.,2,0.0,0.0,0.0,1.0,0.0,True,low
Negative,ಸುಪರ್ ಮಚ್ಚ್ ಕಡಚ ಚೀನಾ ರಂಡಿಮಕ್ಕಳಿಗೆ ತಕ್ಕ ವೀಡೀಯೋ  ....ಜೈ ಹಿಂದ್,9,1.0,0.0,1.0,0.0,0.0,False,low
Positive,ಟ್ರೊಲ್ ಅನ್ನ ಸರಿಯಾಗಿ ಉಪಯೋಗಿಸ್ಥಹಿದಿರ. ಸೂಪರ್,5,1.0,0.0,1.0,0.0,0.0,False,low
not-Kannada,уσυя νι∂єσ ιѕ яιgнт вяσ,5,0.0,0.0,0.0,1.0,0.0,True,low
Positive,ವೀಡಿಯೊ ಅತ್ಯುತ್ತಮವಾಗಿದೆ ಮುಂದುವರಿಯಿರಿ ಇದು ನಿಜವಾಗಿಯೂ ಈ ವೀಡಿಯೊವನ್ನು ನೋಡಿದ ನಂತರ ನಾನು ತುಂಬಾ ನಕ್ಕಿದ್ದೇನೆ,12,1.0,0.0,1.0,0.0,0.0,False,low
Positive,ಸೂಪರ್  ಗುರು,2,1.0,0.0,1.0,0.0,0.0,True,low
not-Kannada,Super your video  nice,4,0.0,0.0,0.0,1.0,0.0,False,low
Positive,Excellent  anna super,3,0.0,0.0,0.0,1.0,0.0,True,low
Positive,ಸೂಪರ್ ಅಣ್ಣ,2,1.0,0.0,1.0,0.0,0.0,True,low
not-Kannada,Super Answer s,3,0.0,0.0,0.0,1.0,0.0,True,low
not-Kannada,100/ true sir,3,0.0,0.0,0.0,1.0,0.0,True,low
Positive,Super guru love you,4,0.0,0.0,0.0,1.0,0.0,False,low
not-Kannada,Super message sir,3,0.0,0.0,0.0,1.0,0.0,True,low
not-Kannada,Super  bro,2,0.0,0.0,0.0,1.0,0.0,True,low
not-Kannada,Super sir make in india,5,0.0,0.0,0.0,1.0,0.0,False,low
not-Kannada,Good msg man,3,0.0,0.0,0.0,1.0,0.0,True,low
Negative,Muccukondiro neenu ninna labaskoskara bogalbeda kendra sarakara mannu tinnuttiddara modige takattu ilva byan madakke,14,0.0,0.9286,0.9286,0.0714,0.1429,False,low
not-Kannada,Salute you bro,3,0.0,0.0,0.0,1.0,0.0,True,low
Positive,ಸೂಪ್ಪರ್ ಅಣ್ಣ,2,1.0,0.0,1.0,0.0,0.0,True,low
Positive,ಸೂಪರ್ ಆಗಿ ಹೇಳಿದೀಯಾ ಬ್ರದರ್,4,1.0,0.0,1.0,0.0,0.0,False,low
not-Kannada,Super nice video  bro,4,0.0,0.0,0.0,1.0,0.0,False,low
Positive,ಅಣ್ಣಾ ಬಾಂಡ್ ಚೆನ್ನಾಗಿ ಬೆಂಡ ಎತ್ತಿದ,5,1.0,0.0,1.0,0.0,0.0,False,low
Positive,ಧನ್ಯವಾದಗಳು ಸರ್ ಇಂತವರಿಗೆ ತುಂಬಾ ಚನ್ನಾಗಿ ಭುದ್ಧಿ ಮಾತು ಹೇಳಿದೀರಾ ಮತ್ತೆ ಹಿಂಥವರು ಇದ್ರೆ  ಇನ್ನು ಸ್ವಲ್ಪ ಮರ್ಯಾದೆ ಕೊಟ್ಟು ಹೇಳಿ,16,1.0,0.0,1.0,0.0,0.0,False,low
Positive,ಅಪ್ಪಟ ಕನ್ನಡದಲ್ಲಿ ಮನಸು ಮುಟ್ಟೋ ಹಾಗೆ ಸ್ವಚಂದವಾಗಿ ಮುಖ ಒರಿಸ್ಕೊಳ್ಳೋ ಹಾಗೆ  nಚೆನ್ನಾಗಿ ಉಗಿತಿರಾ ಅಣ್ಣಾ ಉರ್ಕೊಳ್ಳೋರು ಉರ್ಕೊಳ್ಳಿ ಕರೆಂಟ್ ಹೊಡಿದ ಕಾಗೆ ಹಾಗೆ,18,1.0,0.0,1.0,0.0,0.0,False,low
not-Kannada,nice video bro,3,0.0,0.0,0.0,1.0,0.0,True,low
Negative,Tiktok sede galu,3,0.0,1.0,1.0,0.0,0.0,True,low
not-Kannada,I love India,3,0.0,0.0,0.0,1.0,0.0,True,low
Positive,ಟಿಕ್ ಟಾಕ್ ಬ್ಯಾನ್ ಮಾಡಿದ್ದೂ ಒಳ್ಳೆ ವಿಷಯ.  ಚೈನೀಸ್ ಅಪ್ ಗಳೆಲ್ಲ  ಬ್ಯಾನ್ ಮಾಡಿದ್ದೂ ತುಂಬಾ ತುಂಬಾ ಒಳ್ಳೆ ವಿಷಯ.,15,1.0,0.0,1.0,0.0,0.0,False,low
Positive,ಸಖತ್ ಟ್ರೋಲ್ ಬ್ರದರ್ nಬ್ರೊ ಈ ಗೇಮ್ ನೇಮ್ ಹೇಳಿ,8,1.0,0.0,1.0,0.0,0.0,False,low
unknown state,Super super bro 🤣🤣,4,0.0,0.0,0.0,1.0,0.0,True,low
not-Kannada,I like sir,3,0.0,0.0,0.0,1.0,0.0,True,low
not-Kannada,Super bro ....super,3,0.0,0.0,0.0,1.0,0.0,True,low
not-Kannada,Super sir super super super super,6,0.0,0.0,0.0,1.0,0.0,False,low
Negative,brother ಆ ನನ್ ಮಕ್ಳಿಗೆ ಅರ್ಥ ಆಗೋಥರ..... ಹೇಳಿದೀರಾ.... ಅವ್ರಿಗೆ ಹೀಗೆ ಹೇಳಿದ್ರೇನೇ ಅರ್ಥ ಆಗೋದು....,12,0.9167,0.0,0.9167,0.0833,0.1667,False,low
Positive,ವಾವ್ ಸರ್ ನಿಮ್ಮ ಮಾತು ನೂರಕ್ಕೆ ನೂರು ಸತ್ಯ  ಸೂಪರ್ ಸರ್,9,1.0,0.0,1.0,0.0,0.0,False,low
not-Kannada,Superb video bro,3,0.0,0.0,0.0,1.0,0.0,True,low
Positive,ಬೆಂಕಿ ಗುರು ಸೂಪರ್,3,1.0,0.0,1.0,0.0,0.0,True,low
Positive,ಬಹಳ  ಸೂಪರ್ ಗಿ  ಬೈದ್ದಿದ್ದಾರ   ಅಣ್ಣ,5,1.0,0.0,1.0,0.0,0.0,False,low
not-Kannada,Nice bro,2,0.0,0.0,0.0,1.0,0.0,True,low
Negative,Tik tok premigalu satthru,4,0.0,1.0,1.0,0.0,0.0,False,low
not-Kannada,Guru I like u,4,0.0,0.0,0.0,1.0,0.0,False,low
Negative,ಅತ್ಯುತ್ತಮ ಸಹೋದರ ಹೀಗೆ ಇಂತಹ ದಂಡ ಪಿಂಡಗಳಿಗೆ ಇದೆ ರೀತಿ ಬುದ್ಧಿ ಕಳಿಸು ಯೋಧರ ಜೀವಕ್ಕೆ ಇಂತಹವರಿಂದ ಬೆಲೆ ಇಲ್ಲ ಟಿಕ್ ಟಾಕ್ ಬೇಕಂತ,18,1.0,0.0,1.0,0.0,0.0,False,low
Negative,ಲಾಕ್ ಡೌನ್ ಸಮಯದಲ್ಲಿ ಕಾರ್ಮಿಕರು ವಲಸಿಗರು ರೆಸ್ತೆ ಮೇಲೆ ನಡೆದುಕೊಂಡು ಹೋಗುತ್ತಿರುವ ವಿಡೀಯೋಗಳನ್ನ tiktak ನಲ್ಲಿ ಜನರಿಗೆ ತೋರಿಸಲಾಯಿತ್ತು ....ಈ tiktak ಇಲ್ಲ ಅಂದಿದ್ದರೆ ಈ ದಳ್ಳಾಳಿ ಮಿಡಿಯಾ ಬುಲೆಟ್ ಟ್ರೈನ್ ಅಲ್ಲಿ ಹೋಗುವ ಆಗೆ ಜನರಿಗೆ ತೋರಿಸುತ್ತಿದ್ದರು... ಜನರಿಂದ ಜನರಿಗೆ ಮಾಹಿತಿ ತಿಳಿಯುತ್ತಿತ್ತು...‌ ಇದರಲ್ಲಿ ಸಾದಕ ಬಾದಕ ಇದೆ..ಆದರೆ ಕೆಲ ಬಡ ಮಕ್ಕಳ ಟ್ಯಾಲೆಂಟ್‌ ಹೊರ ಜಗತ್ತಿಗೆ ತಲುಪುತ್ತಿತ್ತು.. ಏನು ಮಾಡೋದು ಈ ಕೆಲ ಜನ tiktak ban ಮಾಡಿದ್ದರೆ ದೇಶಭಕ್ತಿ ತರ ಫೋಸ್ ಕೊಡೋದು ನೋಡಿದರೆ .ಅಸಹ್ಯ ಆಗುತ್ತದೆ.. ಒಳ್ಳೆಯದನ್ನು ತಗೋಳಿ...ನಮ್ಮ ಹೆಮ್ಮೆಯ ಸೈನಿಕರಿಗೆ ಒಳ್ಳೆಯ ಆಹಾರ ಮತ್ತು ಸವಲತ್ತು ಒದಗಿಸಿ .ಮತ್ತು ಚೈನಾ ಬಂಡವಾಳ ಹೂಡಿಕೆಗಳನ್ನ ನಿಲ್ಲಿಸಿ... ಯಾವ ನಿಮ್ಮ ಯೋಗ್ಯತೆಗೆ ಸಣ್ಣ ಕೈಗಾರಿಕೆಗಳನ್ನ ಬುಡ ಸಮೇತ ಕಿತ್ತು.... ಅವರನ್ನ ರಸ್ತೆಗೆ ತಂದವರು ಯಾರು... ದೇಶಭಕ್ತಿಯ ಹೆಸರಲ್ಲಿ ನಮ್ಮ ದೇಶದ ಜನಗಳ ಮೇಲೆ ದಬ್ಬಾಳಿಕೆ ಮಾಡುವ ಜನರನ್ನ ಮೊದಲು ಒದ್ದು ಹೊಡಿಸಬೇಕು...ಜೈಭಾರತ್,96,0.9583,0.0312,0.9896,0.0104,0.0208,False,low
Mixed feelings,Share link maximum,3,0.0,0.0,0.0,1.0,0.0,True,low
not-Kannada,Gun steps super,3,0.0,0.0,0.0,1.0,0.0,True,low
not-Kannada,Super good bro like this video song..🤩🤩🤩,7,0.0,0.0,0.0,1.0,0.0,False,low
Positive,ನಿಜವಾದ ಕನ್ನಡಿಗ ಈ ರೀತಿ ಇಬ್ಬರು ನಟರ ಅಭಿಮಾನಿಗಳ ಮಧ್ಯ ತಂದಿಡೋ ಬದ್ಲು..... ಎಲ್ಲ ನಟರನ್ನೂ ಪ್ರೋತ್ಸಾಹಿಸ್ತಾನೆ.,13,1.0,0.0,1.0,0.0,0.0,False,low
Negative,Dbøss munde ivanu baccha,4,0.0,1.0,1.0,0.0,0.0,False,low
unknown state,@Shiva Prasad yes bro,4,0.0,0.0,0.0,1.0,0.0,True,low
Positive,As a D BOSS fan i support all kannada actors & Kannada movies,13,0.0,0.0,0.0,1.0,0.0,False,low
Negative,Rakshith...Nan yakda dboss dabba Nan Maga,6,0.0,1.0,1.0,0.0,0.0,True,low
unknown state,@kinu0505 report him,3,0.0,0.0,0.0,1.0,0.0,True,low
Negative,@Nithin Kumar Sasthana madbeku intha kachada galana...,7,0.0,1.0,1.0,0.0,0.0,False,low
Positive,ಇದು ಚರಿತ್ರೆ ಸೃಷ್ಟಿಸೋ ಅವತಾರ ಸೂಪರ್‌ ಸಾ೦ಗ್ ರಕ್ಷಿತ ಅಣ್ಣ ಸೂಪರ್‌  ಆಲ ದಿ ಬೆಸ್ಟ್ ಕಿಚ್ಚ ಸುದೀಪ್ ಅಭಿಮಾನಿಗಳ ಕಡೆಯಿಂದ,16,1.0,0.0,1.0,0.0,0.0,False,low
unknown state,@9535684889 Chaithra enu sinchana gottaglilla,5,0.0,1.0,1.0,0.0,0.0,True,low
Positive,Super lines bro,3,0.0,0.0,0.0,1.0,0.0,True,low
Mixed feelings,Avane shriman Narayana,3,0.0,1.0,1.0,0.0,0.0,True,low
Mixed feelings,@Nandi Parthasarathi kurishetra alla adu kurukshetra 🤣,7,0.0,1.0,1.0,0.0,0.0,False,low
Negative,@Nandi Parthasarathi illa kgfuck aythu,5,0.0,1.0,1.0,0.0,0.0,False,low
Mixed feelings,ಅವನೇ ಶ್ರೀಮನ್ ನಾರಾಯಣ,3,1.0,0.0,1.0,0.0,0.0,True,low
Mixed feelings,@Nandi Parthasarathi yar kandha ninu,5,0.0,1.0,1.0,0.0,0.0,False,low
Negative,@Nandi Parthasarathi hogo gaandu.. Hengsr hesr itkondidiyallo chakka.,8,0.0,1.0,1.0,0.0,0.0,False,low
Negative,@Nandi Parthasarathi chakka ansuthe ninu . gaandu soolemagne,8,0.0,1.0,1.0,0.0,0.0,False,low
unknown state,@Nandi Parthasarathi hahaha,3,0.0,1.0,1.0,0.0,0.0,True,low
unknown state,@Nandi Parthasarathi,2,0.0,1.0,1.0,0.0,0.0,True,low
unknown state,Superb  Bro..,2,0.0,0.0,0.0,1.0,0.0,True,low
Mixed feelings,Love you bro,3,0.0,0.0,0.0,1.0,0.0,True,low
unknown state,By no FBI do,4,0.0,0.0,0.0,1.0,0.0,True,low
unknown state,Xi XP Zurich,3,0.0,0.0,0.0,1.0,0.0,True,low
Negative,Boring song .....astu power illa....not like KGF,7,0.0,0.0,0.0,1.0,0.0,False,low
Positive,ಇದು ಚರಿತ್ರೆ ಸೃಷ್ಟಿಸೋ ಅವತಾರ...n ಕಲಿಯುಗದಲ್ಲಿ ಕನ್ನಡಿಗನೇ ಸಾರ್ವಭೌಮ,7,1.0,0.0,1.0,0.0,0.0,False,low
Positive,Namma shetty hava shuru,4,0.0,1.0,1.0,0.0,0.0,False,low
Positive,ಖಂಡಿತ ಹೌದು ಚರಿತ್ರೆ ಸೃಷ್ಟಿಸುತ್ತದೆ  100%,5,1.0,0.0,1.0,0.0,0.0,False,low
Positive,ಇದು ಚರಿತ್ರೆ ಸೃಷ್ಟಿಸೋ ಅವತಾರ......🤙🤙,4,1.0,0.0,1.0,0.0,0.0,False,low
not-Kannada,Super songs,2,0.0,0.0,0.0,1.0,0.0,True,low
not-Kannada,Solid song making,3,0.0,0.0,0.0,1.0,0.0,True,low
not-Kannada,Super songs,2,0.0,0.0,0.0,1.0,0.0,True,low
Positive,ಹ್ಯಾಂಡ್ಸ್ ಅಪ್ ಇದು ಅನವರತ....,4,1.0,0.0,1.0,0.0,0.0,False,low
Negative,@prithvi nayak haiwan  utteflop,4,0.0,1.0,1.0,0.0,0.0,False,low
Negative,@Kiccha Vitthal ಏನ್ಲ ಬಳೆಗಾರ ಲುಚ್ಛನ್ ಫ್ಯಾನ್ಸ್,6,0.8,0.2,1.0,0.0,0.0,False,low
Negative,@Kiccha Vitthal ನಿಮ್ಮ ಅವ್ವ ಗಲೀಜ್ ಅಂತೇ,6,0.8,0.2,1.0,0.0,0.0,False,low
Negative,@prithvi nayak ನಿಮ್ಮ ಅವ್ವ ಹಾದರಗಿತ್ತಿ,5,0.6,0.4,1.0,0.0,0.0,False,low
Mixed feelings,@Kiccha Vitthal ಕಚ್ಚಾ ಸುದೆಪಿ,4,0.6667,0.3333,1.0,0.0,0.0,True,low
Mixed feelings,@Kiccha Vitthal ಬಳೆಗಾರ ಫ್ಯಾನ ಆ,5,0.75,0.25,1.0,0.0,0.0,False,low
Negative,@Kiccha Vitthal ದಬಾಂಗ್ ಆಲ್ಸೋ ಏನು ಆಲ್ರೆಡಿ ಫ್ಲಾಪ್,7,0.8333,0.1667,1.0,0.0,0.0,False,low
Negative,@Kiccha Vitthal ಲೆ ಕುನ್ನಿ ಗಳ ಲುಚ್ಛನ್ ಫ್ಯಾನ್ಸ್ keldro mangya nan makla.. ನಿಮ್ಮ ಲುಚ್ಛನ್ ತರ ಬಕೆಟ್ ಹಿಡಿದು ಬೇರೆ ಲ್ಯಾಂಗ್ವೇಜ್ ಅವ್ರಿಗೆ... ಸೈಡ್ ರೋಲ್ ಮಾಡಿಲ್ಲ... ಮೊನ್ನೆ bigboss trp ಕಡಿಮೆ ಆಗಿದೆ ಅಂತಾ ಸಲ್ಮಾನ್ ಖಾನ್ ಗೇ ವಿಡಿಯೋ ಕಾಲ್ ಮಾಡವ್ರೆ... ಕುಚನ್ ಕೈ ಇಂದ ಏನು ಆಗಲ್ಲಾ bigboss also flop in trp...,44,0.7381,0.1667,0.9048,0.0952,0.1905,False,low
Negative,@prithvi nayak lo ಬೇರೆ ಲ್ಯಾಂಗ್ವೇಜ್ ಅವ್ರಿಗೆ ಬಕೆಟ್ ಹಿಡಿದಿಲ್ಲ ಬಿಡೋ ನಮ್ ಬಾಸ್.... ಸೈಡ್ ಆರ್ಟಿಸ್ಟ್ ಇನ್ ಸೈರಾ &ದಬಾಂಗ್ 3 ಅದ್ರಲ್ಲೂ ಹೆವಿ buildupಲುಚಂದು..... ಸೈಡ್ ರೋಲ್ ಬಾಡಿ ನೇ ಇಲ್ಲಾ ಪೈಲ್ವಾನ್ ಅಂತಾ ಹೆಸರು ಬೇರೆ ಅಸ್ಥಿಪಂಜರ ಅಂತಾ ಹೇಳ್ಬೇಕು.... ಯಾವ್ ಥಿಯೇಟರ್ ಅಲ್ಲೀ ಇಲ್ಲಾ ಗುರು ಪೈಲ್ವಾನ್ 100 ಡೇಸ್ ಕೂಡ ಆಗಿಲ್ಲ utter,43,0.9024,0.0488,0.9512,0.0488,0.0976,False,low
Negative,@prithvi nayak ನಿಮ್ಮ ಅಮ್ಮ ಹಾದರಗಿತ್ತಿ,5,0.6,0.4,1.0,0.0,0.0,False,low
Negative,@prithvi nayak ನಿನ್ ತುಲ್ಲು ವಾಸ್ನಿ,5,0.6,0.4,1.0,0.0,0.0,False,low
Negative,@prithvi nayak ನಿನ್ ತುಲ್ಲುಗೆ ಗಲೀಜ್,5,0.6,0.4,1.0,0.0,0.0,False,low
Negative,@prithvi nayak ನಿಮ್ಮ ಅಪ್ಪ ನಾಮರ್ದ,5,0.6,0.4,1.0,0.0,0.0,False,low
Negative,@prithvi nayak ನಿ ಷಂಡ,4,0.5,0.5,1.0,0.0,0.0,False,low
Negative,@prithvi nayak ನೇ ಮಿಂಡ್ರಿ ಮಗ,5,0.6,0.4,1.0,0.0,0.0,False,low
Negative,@prithvi nayak ನಿಮ್ಮ ಅಕ್ಕುನ್ ಮಿಂಡ ನಾನೆ,6,0.6667,0.3333,1.0,0.0,0.0,False,low
Negative,@prithvi nayak ನಿಮ್ಮ ಅಮ್ಮ ಕಂಡೋರಿಗೆ ಹಡಿಲಿ,6,0.6667,0.3333,1.0,0.0,0.0,False,low
Negative,@prithvi nayak ನಿನ್ ತುಲ್ಲಗೆ ಬಕಾರ್ಡಿ ಬಿಯರ್ ತುರ್ಕಾ,7,0.7143,0.2857,1.0,0.0,0.0,False,low
Negative,@prithvi nayak  ನಿನ್ ತುಲ್ಲುಗೆ ನನ್ ತುಣ್ಣಿ ಇಡ್ಲಿ,7,0.7143,0.2857,1.0,0.0,0.0,False,low
Negative,@prithvi nayak ಚಪ್ಪರ್ ಬೋಳಿಮಕ್ಳ.. ಲುಚ್ಛನ್ ಫ್ಯಾನ್ಸ್ ಬುದ್ದಿ ಎಲ್ಲಿಗೆ ಹೋಗುತ್ತೆ ಎಲ್ಲಿ ಹೋದ್ರು ಬರಿ ಉರ್ಕೋಳ್ಳೋದೇ ಆಯ್ತು ನಿಮ್ಮ ಜನ್ಮಕ್ಕೆ.. ನಿಮ್ಮ ಲುಚನ್ಗೆ ಹೇಳ್ದ್ರೋ ಒಂದಾದ್ರು ಹಿಟ್ ಸೀರಿಯಲ್ ಕೊಡು ಅಂತಾ ಪೈಲ್ವಾನ್ ಸೀರಿಯಲ್ ಆಲ್ಸೋ ಫ್ಲಾಪ್,28,0.9286,0.0714,1.0,0.0,0.0,False,low
Negative,@prithvi nayak ನಿಂಗ್ ತುಲ್ಲುಗೆ ಫ್ಲಾಪ್,5,0.6,0.4,1.0,0.0,0.0,False,low
Negative,@prithvi nayak ಉರ್ಕೊಂಡ ಲುಚ್ಛನ್ ಫ್ಯಾನ್ bcz,6,0.5,0.5,1.0,0.0,0.0,False,low
Negative,@prithvi nayak ನಿಮ್ಮ ಅಮ್ಮ ಆಲ್ಸೋ ಫ್ಲಾಪ್,6,0.6667,0.3333,1.0,0.0,0.0,False,low
Negative,@prithvi nayak ನಿಮ್ಮ ಅವ್ವುನ್ ಹತ್ರಾ ಹೋಗು ಕೊಡ್ತಾಳೆ ತಿಕಾ ನಾ,9,0.7778,0.2222,1.0,0.0,0.0,False,low
Negative,@CHNADU Ganeshakar hlo ಹೇಳಪ್ಪ ಇದಿನಿ,5,0.5,0.5,1.0,0.0,0.0,False,low
Negative,@Kiccha Vitthal ನಿಮ್ಮ ಹೈವಾನ್ ಫ್ಲಾಪ್,5,0.75,0.25,1.0,0.0,0.0,False,low
Negative,@Kiccha Vitthal ನಿಮ್ಮ ಅವ್ವ ಹಾದರಗಿತ್ತಿ... ನಿನ್ ದೊಡ್ಡ ಷಂಡ,8,0.8571,0.1429,1.0,0.0,0.0,False,low
Negative,@prithvi nayak ಅದಿಕ್ಕೆ ನಿಮ್ಮ ಲುಚ್ಚಾ ಹೆಂಡ್ತಿ ಮೇಲೆ ಅನುಮಾನ ಪಟ್ಟು ಡೈವರ್ಸ್ ಮಾಡೋಕೆ ಹೋಗಿದ್ದ ಯಾರೋ ಬುದ್ದಿ ಹೇಳಿದರೆ... ಗಂಡರ ಗಂಡ ಜಗ ಮಿಂಡ ನಿಮ್ಮ ಕಾಮಣ್ಣ... ಲುಚ್ಚಾ ಬಳೆಗಾರ,23,0.913,0.087,1.0,0.0,0.0,False,low
Negative,@prithvi nayak ನಿಮ್ಮ ಅವ್ವ ಊರ್ ಹಾದರಗಿತ್ತಿ ಅಂತೇ 🤣🤣🤣🤣ಒನ್ ನೈಟ್ ಕಳ್ಸ್ಕೊಡು ನಿಂಗೆ ತಮ್ಮ ನ್ನ ಕೊಡ್ತೀನಿ... ಲೋ ಚೋದು bookmyshow alli hogi nodu ದಬಾಕ್ 3 ರೇಟಿಂಗ್ಸ್ 63% ede. ಇನ್ನು ಒನ್ ವೀಕ್ ಆಗಿಲ್ಲ ತು.. ಹೋಗಿ ಒಡೆಯ ರೇಟಿಂಗ್ಸ್ ನೋಡು 15 ಡೇಸ್ ಆದ್ರೂ 80% ಇದೇ... ನೋಡು ಬೇಕಾದ್ರೆ ಗಾಂಡು ಸುಮ್ನೆ ಯಾಕ್ ತಿಕಾ ಉರ್ಕೋತಿಯ ಲೌಡೆ... ನಿಮ್ಮ ಲುಚ್ಚಾ continues 4 ಫ್ಲಾಪ್ ಫಿಲಂ ಕೊಟ್ಟ ಯಾಪ್ಪಾ ತು ಫ್ಲಾಪ್ ಸ್ಟಾರ್ ಬಳೆಗಾರ 🤣🤣🤣🤣🤣..,60,0.8519,0.1296,0.9815,0.0185,0.037,False,low
Negative,@Kiccha Vitthal ಲೋ ನಿಮ್ಮ ಲುಚ್ಛನ್ ದಬಾಕ್ 3.. ದಬಾಕೊತಲ್ಲೊ 🤣🤣🤣🤣🤣 villian,10,0.7143,0.2857,1.0,0.0,0.0,False,low
Negative,@Darshan Jain 🤣🤣🤣🤣🤣🤣🤣🤟🤟🤘🤘gottu bidu maga ningu avna bagge sumne yake bildup,11,0.0,1.0,1.0,0.0,0.0,False,low
Positive,and rocking star fans also,5,0.0,0.0,0.0,1.0,0.0,False,low
Mixed feelings,I'll lol Lo,3,0.0,0.0,0.0,1.0,0.0,True,low
Negative,@prithvi nayak nayakru suel maklu,5,0.0,1.0,1.0,0.0,0.0,False,low
Positive,Waiting  ASN,2,0.0,0.0,0.0,1.0,0.0,True,low
Mixed feelings,@Vinay Yogeesh yar avnu,4,0.0,1.0,1.0,0.0,0.0,True,low
unknown state,@Nandi Parthasarathi haa,3,0.0,1.0,1.0,0.0,0.0,True,low
Mixed feelings,ನಮ್ಮ ಕಾಮೆಂಟ್ ನೋಡಿ ಓದಿದವರ ಸಮಸ್ಯೆಗಳು ಬೇಗ ಪರಿಹಾರವಾಗಲಿ...ಓಂ ನಮೋ ನಾರಯಣಯ ನಮಃ,10,1.0,0.0,1.0,0.0,0.0,False,low
unknown state,@Deekshit Chandra,2,0.0,1.0,1.0,0.0,0.0,True,low
Positive,En ಕಮೆಂಟ್ ಗುರು ಎಲ್ ಇರ್ತೀರೋ ನೀವೆಲ್ಲಾ ಸೂಪರ್,7,0.8571,0.1429,1.0,0.0,0.0,False,low
Positive,Nice comment bro!!!,3,0.0,0.0,0.0,1.0,0.0,True,low
Positive,@Deekshit Chandra ನಾವು ಉಡುಪಿ ಕಡೆಯವರೇ,5,0.75,0.25,1.0,0.0,0.0,False,low
not-Kannada,Kudla dagul yerla ullara‍‍,4,0.0,1.0,1.0,0.0,0.0,False,low
Positive,ಕನ್ನಡ ಇಂಡಸ್ಟ್ರಿಯಲನಲ್ಲಿ ರಕ್ಷಿತ ಶೆಟ್ಟಿ ಅಂದ್ರೆ ಅಮೀರ ಖಾನ್ ಇದ್ದಂಗೆ,8,1.0,0.0,1.0,0.0,0.0,False,low
unknown state,Udupi Inda Yarella bandiddiri?,4,0.0,1.0,1.0,0.0,0.0,True,low
Positive,ಅದ್ಬುತವಾಗಿದೆ ಅವನೇ ಶ್ರೀಮನ್ನಾರಾಯಣ ಚಿತ್ರದ ಹಾಡು ಹ್ಯಾಂಡ್ಸಪ್,6,1.0,0.0,1.0,0.0,0.0,False,low
Positive,ಅವನೇ ಶ್ರೀಮನ್ನಾರಾಯಣ ಚಿತ್ರಕ್ಕೆ ಶುಭವಾಗಲಿ,4,1.0,0.0,1.0,0.0,0.0,False,low
Negative,ಅರ್ಜುನ್ ಜನ್ಯ ಅವರೇ ನೋಡಿ ಅಜನೀಶ್ ಲೋಕನಾಥ್ ಅತ್ರ ಹೋಗಿ ಮೂಸಿಕ್ ಮಾಡೋದನ್ನ ಕಲಿಯಿರಿ 🤣n#Odeya movie ಗೆ ಏನ್ ಮ್ಯೂಸಿಕ್ ಕೊಟ್ಟಿದಿಯ ಸ್ವಾಮಿ........... ತೂ 🤭🤭,20,0.8947,0.0526,0.9474,0.0526,0.1053,False,low
Negative,yakale.... Dbooos bagi matadtya,4,0.0,1.0,1.0,0.0,0.0,True,low
Mixed feelings,@Nandi Parthasarathi Loo Sisya nin Yello erodu,7,0.0,1.0,1.0,0.0,0.0,True,low
Negative,@Ŕävîñđŕå_02_GøWđřú yako le..... bartya? baro takat idya?,7,0.0,1.0,1.0,0.0,0.0,False,low
Negative,@Nandi Parthasarathi Yello erodu ninu lowde,6,0.0,1.0,1.0,0.0,0.0,False,low
Negative,Olledanna swalpa guruthisi,3,0.0,1.0,1.0,0.0,0.0,True,low
unknown state,Howdu huliya,2,0.0,1.0,1.0,0.0,0.0,True,low
Negative,ನನ್ ಮಕ್ಳಾ ಎಲ್ಲರೂ ಕನ್ನಡದವರೇ ಇಲ್ಲಿರೋದು ಶಾಟದ ಇಂಗ್ಲಿಷ್ ಕಾಮೆಂಟ್ ಹಾಕ್ತೀರಾ... ಒಬ್ಬೊಬ್ಬನಿಗೆ ಒಬ್ಬೊಬ್ಬ ಹೀರೋ ಇಷ್ಟ... ಸುಮ್ನೆ ಕನ್ನಡದ ಹಾಡುಗಳನ್ನ ಕೇಳಿ ಇಷ್ಟ ಆದರೆ ಕಾಮೆಂಟ್ ಅಲ್ಲಿ ತೋರಿಸಿಕೊಳ್ಳಿ ಕಷ್ಟ ಆದರೆ ಮುಚ್ಕೊಂಡು ಮನಸಲ್ಲಿಟ್ಕೊಳ್ಳಿ ಹೀಗೆ ನಾವೆಲ್ಲ ಕನ್ನಡದವರು ಕಚ್ಚಾಡ್ತಾ ಇರೋದ್ರಿಂದಾನೆ ಕನ್ನಡಾನ ಉಳಿಸಿ ಅಂತ ಬೋರ್ಡ್ ಗಳು ಹೆಚ್ಚಾಗ್ತಾ ಇರೋದು... nಒಬ್ಬ ಅಪ್ಪನಿಗೆ ಹುಟ್ಟಿದ ಯಾವೋನು ಸ್ಟಾರ್ ವಾರ್ ಗೆ ಬೆಂಕಿ ಹಚ್ಚೊ ಕೆಲಸ ಮಾಡಲ್ಲ...‌ nಹಾಗೆಲ್ಲ ಮಾಡೋರು ಸೂಳೆ ಮಕ್ಕಳು ಅಂದ್ರೆ ತಪ್ಪೇನು ಇಲ್ಲ‌... nಇದನ್ನೆಲ್ಲ ಇಲ್ಲಿಗೆ ನಿಲ್ಲಿಸಿ ಕನ್ನಡ ಉಳಿಸಿ ಬೆಳೆಸೋದರ ಕಡೆ ಗಮನ ಕೊಡಿ... nಕನ್ನಡಿಗರೆಲ್ಲಾ ಯಾವತ್ತೂ ಒಂದೇ ಅನ್ನೋದನ್ನ ಜಗತ್ತಿಗೆ ತೋರಿಸೊ ಅಂತ ಕೆಲಸ ಮಾಡೋಣ ಜೊತೆಯಾಗಿ...‌ nಜೈ ಕರ್ನಾಟಕ ಮಾತೆ....,78,1.0,0.0,1.0,0.0,0.0,False,low
Negative,@Manju Sonu ಸೂಪರ್ ಕಮೆಂಟ್ ಕಣ್ಲಾ.... ನಿನ್ commentನ ಆ Italy Ravindra Lowda ಹತ್ ಸಲ ಓದಿದ್ರೂ ಅರ್ಥ ಮಾಡ್ಕೊಳ್ಳೋಕ್ ಆಗಲ್ಲ....,17,0.9231,0.0769,1.0,0.0,0.0,False,low
Negative,@Vishal Shetty neenu beedhi soole maga antha gotthu bidu.... hogi beedhili nintko....🤣,12,0.0,1.0,1.0,0.0,0.0,False,low
Negative,ಯಾಕೋ ತುಲ್ಲೇ ತುಲ್ಲಲ್ಲಿ ಕಡಿತಾ ಇದಿಯಾ ಬೋಳಿಮಗನೇ... ಬಂದ್ರೆ ತುಲ್ಲರೆ ಹಾಕ್ತಿನಿ.... ನಿಮ್ಮ ಅವ್ವುನ್ ತುಲ್ಲಿಗೆ,12,1.0,0.0,1.0,0.0,0.0,False,low
Negative,ಏಳ ನಿನ್ ಅಕ್ಕುನ್ ತಿಕಾ ನ ಕೈಯಾ,6,1.0,0.0,1.0,0.0,0.0,False,low
Negative,ನಿಮ್ಮ ಅವ್ವ ರಂಡಿ,3,1.0,0.0,1.0,0.0,0.0,True,low
Negative,ನಿಮ್ಮ ಅವ್ವ ಸೂಳೆ,3,1.0,0.0,1.0,0.0,0.0,True,low
Negative,ನಿನ್ ತುಣ್ಣಿ ಹತ್ರಾ ಶಾಟ ಉದ್ದ ಆಗಿದಾವೆ ಅನ್ಸುತ್ತೆ ಹೋಗಿ ಬೊಳುಸು.... ನಿಮ್ಮ ಅಮ್ಮನ್  d boss ವಿಶ್ಯ ಕ್ಕೇ ಬಂದ್ರೆ ತುಲ್ಲರೆ ಕೊಡ್ತೀನಿ ಮಾತ್ರ... ಹುಶಾರ್.. ಬಾರೋ.. dum ಇದ್ರೆ ಮೆಜೆಸ್ಟಿಕ್.... ಹತ್ರಾ ತುಲ್ಲರೆ ದೆಂಗ್ತಿನಿ ಅಷ್ಟೇ ಮಗನೇ ನಿಮ್ಮ ಅವ್ವ ಹಾದರಗಿತ್ತಿ,32,0.9062,0.0312,0.9375,0.0625,0.125,False,low
Negative,Nkn ನಾವು ಗೊತ್ತಲಾ ಬಂದ್ರೆ ನಿನ್ ತುಲ್ಲರೆ ಕೊಡ್ತೀವಿ..,7,0.8571,0.1429,1.0,0.0,0.0,False,low
Negative,@Ŕävîñđŕå_02_GøWđřú  ನಿಮ್ಮ ಅಮ್ಮನ್ ತುಲ್ಲು,4,1.0,0.0,1.0,0.0,0.0,True,low
Negative,@Ŕävîñđŕå_02_GøWđřú ಲೊ ಹಾದರಗಿತ್ತಿ ಮಗನೇ...,4,1.0,0.0,1.0,0.0,0.0,True,low
Negative,@Ŕävîñđŕå_02_GøWđřú ನಿಮ್ಮ ಅಕ್ಕುನ್ ಒನ್ ನೈಟ್ ಕಲ್ಸು bgm,7,0.8333,0.1667,1.0,0.0,0.0,False,low
Negative,@Ŕävîñđŕå_02_GøWđřú ನೀ ತುಲ್ಯ,3,1.0,0.0,1.0,0.0,0.0,True,low
Negative,@Ŕävîñđŕå_02_GøWđřú ನೀ ಗಂಡ್ಸ ಅಲ್ಲಾ ಬೀಡು,5,1.0,0.0,1.0,0.0,0.0,False,low
Positive,@Vasantha Setty ಅಂಡರ್ಗ್ರೌಂಡ್ ಗೇ ಹೋಗು ಸಿಗ್ತಾರೆ ಮೆಜೆಸ್ಟಿಕ್ ಅಲ್ಲಿ ತುಲ್ಲೇ....,9,0.875,0.125,1.0,0.0,0.0,False,low
Negative,@Ŕävîñđŕå_02_GøWđřú ನಿನ್ ಹೆಂಡ್ರು ತುಲ್ಲಗೆ ಏನ್ ಇವಾಗ,6,1.0,0.0,1.0,0.0,0.0,False,low
Negative,@Nandi Parthasarathi nanna shanta samana Bollywood Hollywood sulemagne modlu ninna ಮಾತೃಭಾಷೆ ಬೆಳಸು adu yare hero aagli,16,0.1538,0.7692,0.9231,0.0769,0.1538,False,low
Negative,@Vishal Shetty lo beedhi soole magane....nin prakarane belsbeku annodidre nim kade maado yakshagaana,13,0.0,0.9091,0.9091,0.0909,0.1818,False,low
Negative,@Vishal Shetty ಲೊ ಯಾರೋ ನಂದಿನಿ...... ಒನ್ ಲೀಟರ್ ಹಾಲು ಕೊಡ್ತಾಳ,9,0.875,0.125,1.0,0.0,0.0,False,low
Negative,@Nandi Parthasarathi ಲೆ ಲೋಫರ್ ಮುಂಡೆ ನಂದಿನಿ.... ಮನೇಲಿ ಹೇಳ್ಬಿಟ್ಟು ಬಂದಿದೀಯ ತಾನೇ... ತು ಲೋಫರ್ ಮುಂಡೆ... ಯಾಕೆ ಬೇಕೂ ನಿಂಗೆ ಇವೆಲ್ಲಾ ಹಾದರಗಿತ್ತಿ,18,0.9412,0.0588,1.0,0.0,0.0,False,low
Negative,@Nandi Parthasarathi ಮುಕುಳಿ ಮುಚ್ಚಿಕೊಂಡು ಸೈಡ್ ಅಲ್ಲಿ ಇರು... ಇದು ಗಂಡಸ್ರ ವಿಶ್ಯ ಬಳೆಗಾರು ಎಲ್ಲಿ ಎಲ್ಲ ಬಾರೋ ಹಾಗಿಲ್ಲ ಬೇವರ್ಸಿ ಮುಂಡೆ,17,0.9375,0.0625,1.0,0.0,0.0,False,low
Negative,@Nandi Parthasarathi ಬಂದ್ರೆ ತಿಕಾ ದೆಂಗ್ತಿನಿ ಎಷ್ಟೇ ನಿನ್ ರೇಟು ಹಡ್ಬಿ ಸೂಳೆ.... ಆ ಲುಚ್ಛನ್ ಫ್ಯಾನ್ ಅಂತೇ... ಅವುಂದು ತುಣ್ಣಿ ಉಣ್ಣು ಹೋಗಿ ಲೋಫರ್ ಸೂಳೆ,20,0.9474,0.0526,1.0,0.0,0.0,False,low
Negative,@Nandi Parthasarathi ಲೆ ಗತಿಗೆಟ್ಟು ಮುಂಡೆ... ನಿಮ್ಮ ಲುಚ್ಛನ್ ತರ ಬೇರೆ ಲ್ಯಾಂಗ್ವೇಜ್ ಅವ್ರಿಗೆ ಬಕೆಟ್ ಹಿಡುದು.. ಸೈಡ್ ರೋಲ್ ಮಾಡಿಲ್ಲ ನಮ್ d boss .... ಪೈಲ್ಸ್ ಮ್ಯಾನ್ ಅಂತೇ.. ಬಾಡಿ ನೇ ಇಲ್ಲಾ ಅವುನ್ ನ ಪೈಲ್ವಾನ್ ಅಂತೀರಾ.... ಮತ್ತೆ ನಮ್ ಬಾಸ್ year ಅಲ್ಲಿ 3 boxoffice hit ಆಗೋದನ್ನ ಒಪ್ಪಿಕೊಳೋಲ್ಲಾ... ಯಾಕ್ರೆ ಮುಂಡೇರೆ.. ಯಾವುದು ಮೊಡ್ದು ತುಣ್ಣಿ ಸಿಗ್ಲಿಲ್ವಾ,46,0.8605,0.0465,0.907,0.093,0.186,False,low
Negative,@Nandi Parthasarathi ಲೆ ಮುಂಡೆ ಇಲ್ಲಿ ಕೇಳು ನಿಮ್ಮ ಬಾಸ್ ಯಾವಾಗ್ಲಾದ್ರೂ help ಮಾಡಿದನಾ.... ಹೋಗ್ಲಿ ನಿಂಗೆ ಹೊಸ ಕಾಂಡೊಮ್ ಆದ್ರೂ ಕೊಡ್ಸಿದಾನ... ಲುಚ್ಚಾ ಸುದ್ವೇಪಿ,19,0.8889,0.0556,0.9444,0.0556,0.1111,False,low
Negative,@TROLL MONSTER_KANNADA ಓಹ್ ನೀನು ನಿಮ್ಮ ಮನೇಲಿ ಇವೆಲ್ಲ ಹೇಳ್ತೀಯಾ? ನಿನ್ನ ಅಮ್ಮನನ್ನ ಅಮ್ಮ ಅಂತ ಕರೆಯೊಲ್ಲ ಅನ್ಸುತ್ತೆ....  ಅಮ್ಮನ್ ಅಂತೀಯ ಅನ್ಸುತ್ತೆ.... ಓಹ್ ನಿನ್ ಮನೇಲೂ ನೀನು ತುಣ್ಣೆ ತುಲ್ಲು ಅಂತ ಮಾತಾಡೋದಾ??? ಗ್ರೇಟ್ ಫಾಮಿಲಿ ಕಣೋ ನಿಂದು....,29,0.9643,0.0,0.9643,0.0357,0.0714,False,low
Negative,@Nandi Parthasarathi ಲೆ ನೀನು ಒಳ್ಳೆಅವ್ಳು ಆದ್ರೆ ಸೈಡ್ ಗೇ ಇರು.... ಅದು ಬಿಟ್ಟು ತಿಕಾ ಎಲ್ಲಾ ಮಾತಾಡೋಕೆ ಬಂದ್ರೆ... ಗೊತ್ತಲಾ,16,0.9333,0.0667,1.0,0.0,0.0,False,low
unknown state,@Vishal Shetty ಯಾವನ್ ಗುರು ರವೀಂದ್ರ,5,0.75,0.25,1.0,0.0,0.0,False,low
Negative,@Nandi Parthasarathi ಸುಮ್ನೆ ಸೈಡ್ ಗೇ ಹೋಗು ಗೊತ್ತಲಾ ನಾನು ವಿಶಾಲ್ ಶೆಟ್ಟಿ ಅಲ್ಲಾ... ಮಿಂಡರುಗಾಳಿ,12,0.9091,0.0909,1.0,0.0,0.0,False,low
Negative,@Nandi Parthasarathi ನಿನ್ ತುಲ್ಲು ಉರಿತ..... ಲೋಕಲ್ ಚಾಯ್ಸ್ ಕುಡುದೇ ಏನ್ ಕಿತ್ಕೊ ತಿಯ... ಬ ನನ್ ತುಣ್ಣಿ ಉಣ್ಣು ಹ RMD ನೇ ತಿಂದೆ.... ನಿಂಗೇನು ತುಲ್ಲು ಉರಿ,22,0.95,0.05,1.0,0.0,0.0,False,low
Negative,@Nandi Parthasarathi ಯಾಕೆ ಹುಡುಕೊಂಡು ಬಂದ್ರೆ ತುಲ್ಲು ಕೊಡ್ತೀಯಾ ಬೇವರ್ಸಿ,8,0.8571,0.1429,1.0,0.0,0.0,False,low
Negative,@Nandi Parthasarathiಲೆ ಹಾದರಗಿತ್ತಿ.... ನಿನ್ ತುಲ್ಲು ಊರು ಬಾಗ್ಲು ಅನ್ಸುತ್ತೆ,8,0.875,0.125,1.0,0.0,0.0,False,low
Negative,@Nandi Parthasarathi ನೀನು ರಂಡೆ,4,0.6667,0.3333,1.0,0.0,0.0,True,low
unknown state,@Nandi Parthasarathi ನಿ ಮುಂಡೆ,4,0.6667,0.3333,1.0,0.0,0.0,True,low
Negative,@Nandi Parthasarathi ನಿ ಸೂಳೆ,4,0.6667,0.3333,1.0,0.0,0.0,True,low
unknown state,@Nandi Parthasarathi ನಿ ಹಾದರಗಿತ್ತಿ,4,0.6667,0.3333,1.0,0.0,0.0,True,low
Mixed feelings,@Nandi Parthasarathi ನಂದಿನಿ ನಿನ್ ಮಲೆ ಹೀಚುಗ,6,0.8,0.2,1.0,0.0,0.0,False,low
Negative,@Nandi Parthasarathi ಎಷ್ಟು ಲೀಟರ್ ಹಾಲು ಕೊಡ್ತೀಯಾ ನಂದಿನಿ,7,0.8333,0.1667,1.0,0.0,0.0,False,low
Negative,@Nandi Parthasarathi ಹಲ್ಕಟ್ ಬೋಸುಡಿ,4,0.6667,0.3333,1.0,0.0,0.0,True,low
Negative,@Nandi Parthasarathi ನಿನ್ ಅಕ್ಕುನ್,4,0.6667,0.3333,1.0,0.0,0.0,True,low
Negative,@Nandi Parthasarathi ನಿನ್ ammun,4,0.3333,0.6667,1.0,0.0,0.0,True,low
Negative,@Nandi Parthasarathi ನಿಂದು ತುಲ್ಲು ಯಾಕೋ ಹಳ್ಸಿ ಹೋಗಿದೆ ಅನ್ಸುತ್ತೆ ಹೋಗಿ ಡೆಟಾಲ್ ಹಾಕಿ ತೊಳ್ಕೊ,12,0.9091,0.0909,1.0,0.0,0.0,False,low
Negative,@Nandi Parthasarathi ಹುಚ್ಚು ಮುಂಡೆ,4,0.6667,0.3333,1.0,0.0,0.0,True,low
Negative,@Nandi Parthasarathi ನಿನ್ ಅಮ್ಮನ್ ನ ಕೈಯಾ,6,0.8,0.2,1.0,0.0,0.0,False,low
unknown state,@Nandi Parthasarathi ನೀನು ನಂಗ್ ಏನಾದ್ರು ಹುಟ್ಟಿದ್ಯ,6,0.8,0.2,1.0,0.0,0.0,False,low
Mixed feelings,@Nandi Parthasarathi ನಂದಿನಿ ಹಾಲು... ಕೊಡೆ,5,0.75,0.25,1.0,0.0,0.0,False,low
Negative,@Nandi Parthasarathi ಎಷ್ಟು ರೇಟು ಒಂದು ರಾತ್ರಿ ಬ ಸಾಕು,8,0.8571,0.1429,1.0,0.0,0.0,False,low
unknown state,@Nandi Parthasarathi ಮಿಂಡ್ರಿ,3,0.5,0.5,1.0,0.0,0.0,True,low
Negative,@Nandi Parthasarathi ರಂಡಿ,3,0.5,0.5,1.0,0.0,0.0,True,low
Negative,@Nandi Parthasarathi ನಿನ್ ತುಲ್ಲಿಗೆ,4,0.6667,0.3333,1.0,0.0,0.0,True,low
Negative,@Nandi Parthasarathi ನಿಮ್ಮ ಅವ್ವುನ್ ತುಲ್ಲಗೆ ಹಳಸಿದ್ ಹೋಳಿಗೆ ಹಾಕ,8,0.8571,0.1429,1.0,0.0,0.0,False,low
Negative,@Nandi Parthasarathi ನಂದಿನಿ ಅವ್ರೆ ನಿಮ್ಮ ಹಾಲು ತುಂಬಾ ಕಾಸ್ಟ್ಲಿ ಅಂತೇ ಹೌದ,10,0.8889,0.1111,1.0,0.0,0.0,False,low
Mixed feelings,ಅಶ್ವತ್ಥಾಮ ಚಿರಂಜೀವಿ ಅವನು ಇನ್ನೂ ಬದುಕಿದ್ದಾನೆ ಇದು ಸತ್ಯ,7,1.0,0.0,1.0,0.0,0.0,False,low
Positive,hai gaya husharaytha,3,0.0,1.0,1.0,0.0,0.0,True,low
Positive,ಸತ್ಯಕ್ಕೆ ಸಾವಿಲ್ಲ ಸುಳ್ಳಿಗೆ ಸುಖವಿಲ್ಲ  ಇದುಸತ್ಯ,5,1.0,0.0,1.0,0.0,0.0,False,low
Positive,ಹೌದು ಸರ್ ಅಶ್ವತ್ಥಾಮ ಇನ್ನೂ ಬದುಕಿದ್ದಾನೆ,5,1.0,0.0,1.0,0.0,0.0,False,low
Positive,ಅಶ್ವತ್ಥಾಮ ಚಿರಂಜೀವಿ ಶಾಪ ವಿಮೋಚನೆಗಾಗಿ ಶಿವನ ಪೂಜೆ ಸಲ್ಲಿಸುತ್ತಿದ್ದಾರೆ ಒಂದು ಬಾರಿ ಉಡುಪಿಗೆ ಮಧ್ಯರಾತ್ರಿ ಬಂದಿರುವುದು  ಖಚಿತವಾಗಿದೆ ಟೀವಿ 9 ಕನ್ನಡದಲ್ಲಿ ಈ ವಿಷಯ ಪ್ರಸಾರವಾಗಿದೆ,19,1.0,0.0,1.0,0.0,0.0,False,low
Positive,ಟೀವಿ ನೈನ್ ಕನ್ನಡದಲ್ಲಿ ಈ ವಿಚಾರ ತೋರಿಸಿದ್ದಾರೆ,6,1.0,0.0,1.0,0.0,0.0,False,low
Mixed feelings,Nambike eruvavaru nodi,3,0.0,1.0,1.0,0.0,0.0,True,low
Mixed feelings,ಅಪೊಲೊ ಆಸ್ಪತ್ರೆಗೆ ಸೇರಿಸಿದರೆ ಎಲ್ಲ ಸರಿಹೊಗುತ್ತೆ,5,1.0,0.0,1.0,0.0,0.0,False,low
unknown state,ಮೊದಲು ನೀನು ಧರ್ಮದ ಬಾಗೆ ನಿನಗೆಸತು ಗೊತ್ತು ಹೆಲ್ಲು,7,1.0,0.0,1.0,0.0,0.0,False,low
Negative,@Mahantesh Goudar ಮೊದಲು ಕನ್ನಡವನ್ನು ಸರಿಯಾಗಿ ಟೈಪ್ ಮಾಡುವುದನ್ನು ಕಲಿರಿ ಆಮೇಲೆ ಧರ್ಮದ ಉಪದೇಶ ಮಾಡಿ plzzzzzz,13,0.9091,0.0909,1.0,0.0,0.0,False,low
Positive,ಒಳ್ಳೆ ಐಡಿಯಾ ಕೊಟ್ಟಿದ್ದೀಯ ದುಡ್ಡು ಕಳ್ಕೊಂಡು ಜೀವ ಕಳಕೊಳ್ಳ ಪರಿಸ್ಥಿತಿ ಚಿರಂಜೀವಿ ಅಶ್ವಥಾಮ ಮಗೆ ಬರಬಹುದು ಈ ಅನುಭವ ನಮಗೆ ಆಗಿದೆ,16,1.0,0.0,1.0,0.0,0.0,False,low
Negative,ಜನರನ್ನು ಮೂರ್ಖರನಗಿಸೋ ವಿಡಿಯೋ ಇದು ಯಾರೂ ಕೂಡ ನಂಬಬೇಡಿ ಒಬ್ಬ ವ್ಯಕ್ತಿ 5000 ವರ್ಷ ಬದುಕುವುದು ಸಾಧ್ಯವಾ   ನಿಮ್ಮಗೆ ನೀವೇ ಪ್ರಶ್ನೆ ಮಾಡಿಕೊಳ್ಳಿ.,17,1.0,0.0,1.0,0.0,0.0,False,low
Positive,ಕಾಲಮಾನಕ್ಕೆ ತಕ್ಕಂತೆ ಜೀವಿಗಳ ಜೀವಿತಾವಧಿ ಕೂಡ ಬದಲಾಗುತ್ತದೆ,6,1.0,0.0,1.0,0.0,0.0,False,low
Positive,Nange gottu ashwathama ellidane anta,5,0.0,1.0,1.0,0.0,0.0,False,low
Negative,ನೀವು ಹೇಳಿದ ಕಥೆ ಚನ್ನಾಗಿಯೇ ಇದೆ ಆದ್ರೆ ಅಶ್ವತ್ತಾಮ ಬದುಕಿರೋದು ಸುಳ್ಳು,9,1.0,0.0,1.0,0.0,0.0,False,low
Positive,Nivu heliddu nija,3,0.0,1.0,1.0,0.0,0.0,True,low
not-Kannada,Don't Post FAKE videos,4,0.0,0.0,0.0,1.0,0.0,True,low
Positive,Nija ashwattama chiranjivi Krishna kottiro shapa,6,0.0,1.0,1.0,0.0,0.0,False,low
Negative,Shapaa kottavane Krishna ..avre ivaga badhukilla. Anthavreee,7,0.0,1.0,1.0,0.0,0.0,False,low
Negative,ಮೂಢ ನಂಬಿಕೆ ಇರುವವರೆಗೂ ನಮ್ಮ ದೇಶ ಉದ್ದಾರ ಹಾಗಲ್ಲ,7,1.0,0.0,1.0,0.0,0.0,False,low
Mixed feelings,ಹೌದು ಅವನು ನನಗೆ ರಾತ್ರಿ  ಬೇಟಿಯಾಗಿದ್ದ ಕಣ್ಣು ಮುಚ್ಚಿ  ತೆಗೆಯೋದರೂಳಗೆ ಬೆಳಕಾಗಿತ್ತು,9,1.0,0.0,1.0,0.0,0.0,False,low
Positive,Nimge Nijavagalu netiyagiddra,3,0.0,1.0,1.0,0.0,0.0,True,low
Negative,Beligge yeddhu bavige haarbekittu avaga kanasu nanasu agithithu,8,0.0,1.0,1.0,0.0,0.0,False,low
not-Kannada,O my god,3,0.0,0.0,0.0,1.0,0.0,True,low
Negative,Mangala grahake hogovrige a ashwathama eddhidhre   antha gotthidhre avnanne kurskondu mahabharatha kathene poorthi aagi barskotha edhru aste yake   mahabharatha nadedhitthanthe anno badhalu mahabaratha naddhidhu sathyane antha proof kuda madtha edhralwa,30,0.0,0.9333,0.9333,0.0667,0.1333,False,low
not-Kannada,Yes it's true,3,0.0,0.0,0.0,1.0,0.0,True,low
Positive,ADBHUTHA  Sathya,2,0.0,1.0,1.0,0.0,0.0,True,low
Positive,Idu 100%nija nija,3,0.0,1.0,1.0,0.0,0.0,True,low
Negative,Hagadare kaleyugaku antya edhe antha aytu ero ast Dina enjoy madkond erbekappa,12,0.0,0.9091,0.9091,0.0909,0.1818,False,low
unknown state,ನಮ್ಮನೆಗು ಬಂದಿದ್ದ ನಾನು ಅವನಿಗೆ ಹೇಳಿದೆ ನಿನ್ನ ಬಗ್ಗೆನೇ ಟಿವಿಯಲ್ಲಿ ತೋರಿಸುತ್ತಿದ್ದಾರೆ ಅಂದೆ ಅದಕ್ಕೆ ಅವನು ಹೇಳಿದ ಹೆಣ್ಣು ಕೋಡಬೇಕಂತ ಎಲ್ಲಾ ಕಡೆ ಹೋಡಕೋತ್ತಿದ್ದಾರೆ. ಅಂತ ಹೇಳಿದಾ,20,1.0,0.0,1.0,0.0,0.0,False,low
Positive,Iddane idu nanna nabike,4,0.0,1.0,1.0,0.0,0.0,False,low
Positive,ವಿಶ್ವಗುರು ಬಸವಣ್ಣನವರ ಆಪ್ತ ಕಾರ್ಯದರ್ಶಿಯಾಗಿದ್ದ ಶ್ರೀ ಹಡಪದ ಅಪ್ಪಣ್ಣನವರ ಇತಿಹಾಸದ ಬಗ್ಗೆ ತಿಳಿಸಿ ಸರ್,11,1.0,0.0,1.0,0.0,0.0,False,low
Mixed feelings,Nija nivu mahabaratha nodilva,4,0.0,1.0,1.0,0.0,0.0,False,low
not-Kannada,Jog falls uh?,3,0.0,0.0,0.0,1.0,0.0,True,low
Positive,Nammanegu bandidru selfi thago bekonstralli hogbitru,6,0.0,1.0,1.0,0.0,0.0,False,low
not-Kannada,Good story teller. Awesomeeeee,4,0.0,0.0,0.0,1.0,0.0,True,low
Positive,ಕೇಳಲು ಇಷ್ಟ ಆದರೆ ಇದು ನಿಜ ಅಲ್ಲ ಅನಿಸುತ್ತೆ...ನನ್ನ ಪ್ರಕಾರ,8,1.0,0.0,1.0,0.0,0.0,False,low
not-Kannada,@Pramod Kal,2,0.0,1.0,1.0,0.0,0.0,True,low
Positive,ನಮ್ಮನೆಗು ಬಂದು ಮಜ್ಜಿಗೆ ಕೇಳಿದ್ದ,4,1.0,0.0,1.0,0.0,0.0,False,low
Negative,ಎಂತಾ ಕೆಲ್ಸ ಮಾಡ್ದೆ ಗುರು. ಕೊಡಬಾರದ,5,1.0,0.0,1.0,0.0,0.0,False,low
Mixed feelings,Ganesh Bhat -ಕ್ರಷ್ಣ ನಿಮ್ಮ ಮನೆಗೆ ಬ೦ದು ಮಜ್ಜಿಗೆ ಕೆಳಿಲ್ಲವಾ?!,8,0.8571,0.1429,1.0,0.0,0.0,False,low
not-Kannada,@Supriya Manogna nnHaaaaaaa,3,0.0,1.0,1.0,0.0,0.0,True,low
Negative,Ganesh Bhat -ನಿನು ಒ೦ದು ಬ್ರಾಹ್ಮಣ ಸರಿಯಾಗಿ ಜಾತಿ ಮಯಾ೯ದೆ ಇಟ್ಟು ಮಾತಾಡುವದನ್ನು ಕಲಿ,11,0.9,0.1,1.0,0.0,0.0,False,low
Negative,Ganesh Bhat -ಇಷ್ಟ  ಅಸಭ್ಯವಾಗಿ ನಿನು ಬ್ರಾಹ್ಮಣನಾಗಿ ಮಾತಾಡುವದು ಸರಿ ಅಲ್ಲಾ. ಯಾರಿಗೆ ಮರಾಯ ನಿನ್ನ ಮನೆ ಮಜ್ಜಿಗೆ ಬೆಕಾಗಿದೆ,15,0.9286,0.0714,1.0,0.0,0.0,False,low
Negative,Ganesh Bhat -ಅಯ್ಯೊ ಮರಾಯ ನನ್ನಗೆ ನಿನ್ನ ಮನೆ ಮಜ್ಜಿಗೆ ಯಾಕಪ್ಪಾ. ಯಾರಾದರೂ ದಾರಿಹೊಕರಿಗೆ ನಿಡಪ್ಪಾ,12,0.9091,0.0909,1.0,0.0,0.0,False,low
Negative,Ganesh Bhat -ಬೆಡುವ ಅವಶ್ಯಕತೆ ನನ್ನಗೆ ಇಲ್ಲಪ್ಪಾ ಬೆಕಾದರೆ ನಿನೆ ಬಾ ಪ್ರಿ ಅಗಿ ಉಟ ಹಾಕತಿನಿ.,13,0.9167,0.0833,1.0,0.0,0.0,False,low
Mixed feelings,Nijwaglu idare antha nambake agta illaaa,6,0.0,1.0,1.0,0.0,0.0,False,low
Negative,Namma manigu banndidda ashwathama,4,0.0,1.0,1.0,0.0,0.0,False,low
Positive,ಓಂಕಾರ ವಿಶ್ವ ರೂಪಯಾ ನಮಃ,4,1.0,0.0,1.0,0.0,0.0,False,low
Positive,Ashwathamana bagge thiliyalu raktha rathri emba yakshagana nodiri,8,0.0,1.0,1.0,0.0,0.0,False,low
Positive,ಇನ್ನು ನಮ್ಮ ಗೇ ಕಾಣದೆ ಏನೇನು ಇದೆಯೋ ಇಲ್ಲವೋ ಎಲ್ಲಾ ಕೃಷ್ಣ ನಿಗೆ ಗೊತ್ತು,11,1.0,0.0,1.0,0.0,0.0,False,low
Positive,ಹೌದು  ನಮ್ಮ ಬರೀ ಕಣ್ಣಿಗೆ ಸಾಸಿವೆ ಗಾತ್ರದಲ್ಲಿ ಮಾತ್ರ  ಕಂಡರೆ,8,1.0,0.0,1.0,0.0,0.0,False,low
Negative,ಗುರು ಇದೆಲ್ಲ ನಂಬೊ ಮಾತ,4,1.0,0.0,1.0,0.0,0.0,False,low
not-Kannada,I think Sanskrit?,3,0.0,0.0,0.0,1.0,0.0,True,low
Positive,Banni hagadre matadaskond barona,4,0.0,1.0,1.0,0.0,0.0,False,low
Positive,ಬಾ ಗುರು ಹೋಗಿ ಬರೋಣ ಫುಲ್ ಕಥೆ ಕೇಳ್ಕೊಂಡು ಬರೋಣ,8,1.0,0.0,1.0,0.0,0.0,False,low
Mixed feelings,Nangu gottu.. yarigu helbeda,4,0.0,1.0,1.0,0.0,0.0,False,low
Negative,@Kalki Kali yuga yavag naasha maadtiyo kalki🤣🤣,7,0.0,1.0,1.0,0.0,0.0,False,low
Mixed feelings,@KD Kiran adakke innu tumba samayavide,6,0.0,1.0,1.0,0.0,0.0,False,low
Negative,@poojitha subbaiah 🤣🤣,3,0.0,1.0,1.0,0.0,0.0,True,low
not-Kannada,Bro super,2,0.0,0.0,0.0,1.0,0.0,True,low
Positive,anna super anna,3,0.0,0.0,0.0,1.0,0.0,True,low
not-Kannada,🤣🤣🤣brooo I'm big fan,4,0.0,0.0,0.0,1.0,0.0,True,low
Negative,ಈ ದರಿದ್ರ ಬಡ್ಡ್ಯತವ tiktok ನೋಡಿಯೆ ನಮ್ಮ ಮೋದಿಯವರು ಬ್ಯಾನ್ ಮಾಡಿದ್ದು ಗುರು,10,0.9,0.1,1.0,0.0,0.0,False,low
Positive,ಸೂಪರ್ ಗುರು ಲೋವ್ ಯು,4,1.0,0.0,1.0,0.0,0.0,False,low
not-Kannada,420 tik tok 420 China,5,0.0,1.0,1.0,0.0,0.0,True,low
Positive,ಸೂಪರ್ ಆಗಿ ಹೇಳ್ದೆ ಗುರು,4,1.0,0.0,1.0,0.0,0.0,False,low
Negative,Paaapa. Konegu tik tok hoythu.. nayigal boglod kadme aythu,9,0.0,1.0,1.0,0.0,0.0,False,low
Positive,ಒಳ್ಳೆ ಸಂದೇಶ ಸರ್ tq,4,0.75,0.25,1.0,0.0,0.0,False,low
not-Kannada,Super bro,2,0.0,0.0,0.0,1.0,0.0,True,low
not-Kannada,Super video,2,0.0,0.0,0.0,1.0,0.0,True,low
Positive,Namma hagu kelavara aase nija aytu. Tik tok,8,0.0,1.0,1.0,0.0,0.0,False,low
Positive,ಹಿಂಗೆ ವಿಡಿಯೋ ಮಾಡು,3,1.0,0.0,1.0,0.0,0.0,True,low
Positive,ತುಂಬಾ ಚೆನ್ನಾಗಿ ಮತಾಡ್ತಿಯ,3,1.0,0.0,1.0,0.0,0.0,True,low
Negative,ಮೊದ್ಲು ಡಿಲೀಟ್  ಮಾಡ್ರೋ ಯಾವನು ಯವಳು  ಹಾಕೊಂಡಿದೀರಾ tiktok ಲೇ ದೇಶದ್ರೋಹಿಗಳ ಡಿಲೀಟ್ ಮಾಡ್ರಲಾ ಚಪ್ಪರ್ಗಳ  ಚೀನಿ ಆಪ್ ಗಳು ಯಾವು ಇದಾವೆ ಎಲ್ಲಾ ಮಾಡ್ರೋ ಈ ವಿಡಿಯೋ ದಲ್ಲಿ ಕೆಲವೊಂದು ಕಚಡಗಳು ಮಾತಾಡಿದವಲ್ಲ ಅವು ದೇಶದ್ರೋಹಿಗಳು ಸುಟ್ಟಾಕ್ರೋ ಅವರ್ನೆಲ್ಲ,29,0.9655,0.0345,1.0,0.0,0.0,False,low
Negative,Tiktok Dattu putra🤣 ugeeri inna,5,0.0,1.0,1.0,0.0,0.0,False,low
not-Kannada,Super duperrr hit,3,0.0,0.0,0.0,1.0,0.0,True,low
Negative,Tik tok beda Anna,4,0.0,1.0,1.0,0.0,0.0,True,low
Positive,Guru super,2,0.0,0.0,0.0,1.0,0.0,True,low
Positive,Nivu heliddu ondu ondu maathu  sathyanee,6,0.0,1.0,1.0,0.0,0.0,False,low
not-Kannada,Bro I m full support u,6,0.0,0.0,0.0,1.0,0.0,False,low
unknown state,Guru Pub G game.....,4,0.0,0.0,0.0,1.0,0.0,True,low
Positive,Ur super guru,3,0.0,0.0,0.0,1.0,0.0,True,low
Negative,ಸೂಪರ್ ಸೂಪರ್  ಚೆನ್ನಾಗೆ ಉಗಿದಿದ್ದೀರಾ  ಅನ್ನ ಕೊಟ್ಟ ಮನೆಗೆ ಕನ್ನ ಹಾಕೋ  ಬೇವರ್ಸಿಗಳು  ಚೀನಾ,11,1.0,0.0,1.0,0.0,0.0,False,low
Negative,Tik tok badebagan   tiktok henda  maklu  uta hodala,8,0.0,1.0,1.0,0.0,0.0,False,low
Positive,Super guru awesome video,4,0.0,0.0,0.0,1.0,0.0,False,low
Positive,Super guru,2,0.0,0.0,0.0,1.0,0.0,True,low
Positive,1999 ರಲ್ಲಿ ನಡೆದ ಘಟನೆಯನ್ನು ಕೇಳಿ ತಿಳಿದು ನೋಡಿ ಅವಗ ನೀಮಗೆ ತಿಳಿಯುತ್ತದೆ ನಮ್ಮ ದೇಶದ ಅಭಿಮಾನ ಆವಾಗ ನೀವು TikTOK  ನ್ನು ಅವಾಗಲೆ ತೆಗೆದು ಹಾಕೂತಿರಿ ಇದು ನನ್ನ ಬಾಲ್ಯದ ನೆನಪು,24,0.9565,0.0435,1.0,0.0,0.0,False,low
not-Kannada,Super bro 🤣🤣🤣🤣,3,0.0,0.0,0.0,1.0,0.0,True,low
not-Kannada,Super Bro,2,0.0,0.0,0.0,1.0,0.0,True,low
Positive,ದೇಶ ಪ್ರೇಮಿಗಳೆ ದಯವಿಟ್ಟು ಚೈನಾ app ಗಳನ್ನು ಬಳಸಬೇಡಿnವೀರಮರಣವನ್ನಪ್ಪಿದ ನಮ್ಮದೇಶದ ಸೈನಿಕರ ಪ್ರಾಣಕ್ಕೋಸ್ಕರ ಈ ಕೆಲಸ ಮಾಡೋಣnಜೈ ಹಿಂದ್,14,0.9286,0.0,0.9286,0.0714,0.1429,False,low
Positive,ನಿಜಾ ಬ್ರೋ ಜೈ ಹಿಂದ್,4,1.0,0.0,1.0,0.0,0.0,False,low
Negative,Tik Tok Sadegalu,3,0.0,1.0,1.0,0.0,0.0,True,low
Positive,Ur Insta I'd name bro,5,0.0,0.0,0.0,1.0,0.0,True,low
not-Kannada,Super bro I support u,5,0.0,0.0,0.0,1.0,0.0,False,low
Positive,Subscribed... Bro... Benki ninu,4,0.0,1.0,1.0,0.0,0.0,True,low
Positive,Super  channel super msg,4,0.0,0.0,0.0,1.0,0.0,False,low
Positive,ಗುರು ನಿನ್ನ ಪಾದ ಝೆರಾಕ್ಸ್ ಮಾಡಿ ಕೊಟ್ಟ ಬಿಡಪ್ಪ,7,1.0,0.0,1.0,0.0,0.0,False,low
Positive,ಗುರು ನಿನಗೆ ಧನ್ಯವಾದಗಳು,3,1.0,0.0,1.0,0.0,0.0,True,low
not-Kannada,Super brooo 🥰🥰🥰,3,0.0,0.0,0.0,1.0,0.0,True,low
Positive,ಮೊದಲು ನೀನು ಟಿಕ್ ಟಾಕ್ ಡಿಲೀಟ್ ಮಾಡು ಗುರು,7,1.0,0.0,1.0,0.0,0.0,False,low
Positive,ಚೈನಾ ಟಿಕ್ ಟಾಕ್ ಯೂಸ್ ಮಾಡ್ಕೊಂಡು ಚೈನಾ ಬಗ್ಗೆ,7,1.0,0.0,1.0,0.0,0.0,False,low
not-Kannada,Bahu bhai hindusthan jai,4,0.0,1.0,1.0,0.0,0.0,False,low
not-Kannada,I support your videos bro,5,0.0,0.0,0.0,1.0,0.0,False,low
not-Kannada,Super bro,2,0.0,0.0,0.0,1.0,0.0,True,low
not-Kannada,Spr bro...,2,0.0,1.0,1.0,0.0,0.0,True,low
not-Kannada,Love u bro,3,0.0,0.0,0.0,1.0,0.0,True,low
Positive,ನೀವ್ ಹೇಳೋದ್ರಲ್ಲಿ ಏನು ತಪ್ಪಿಲ್ಲ ಬ್ರದರ್,5,1.0,0.0,1.0,0.0,0.0,False,low
Negative,Sir  ನಮ್ಮ  ದೇಶದ  ಟ್ರೊಲ್  ಮಾಡಿ  ಹೆಣ  ಬೀಳುತ್ತೆ  ಚೀನಾ  ದೇಶದ  ಆರ್ಥಿಕತೆ  ಹೆಚ್ಚಳ  ಆಗುತ್ತೆ   ನಮ್  ಹುಡುಗೀರ್ಗೆ  ಮಾಡೋಕೆ  ಕೆಲಸ  ಇಲ್ಲಾ  ಮುಖಕೆ  ಬಣ್ಣ  ಹಚ್ಚಿ  ಇರೋ  ಹುಡುಗೀರನ್ನ  ರಚ್ಚಿಗೆ  ಎಬಿಸ್ತಾವರಷ್ಟೇ,24,0.9583,0.0,0.9583,0.0417,0.0833,False,low
Positive,ಸೂಪರ್ ಅಣ್ಣ,2,1.0,0.0,1.0,0.0,0.0,True,low
Negative,Nivu Yaste ugudru Sariagla,4,0.0,1.0,1.0,0.0,0.0,True,low
Positive,Love from Hindi lover,4,0.0,0.0,0.0,1.0,0.0,True,low
Positive,WHO ARE RAKSHIT SHETTY FAN GIVE ME LIKE . RAKSHIT SHETTY SONG IS FULL OF FIRE .,17,0.0,0.0,0.0,1.0,0.0,True,low
Positive,Super Duper song,3,0.0,0.0,0.0,1.0,0.0,True,low
not-Kannada,సూపర్ సాంగ్ !!nకొరియోగ్రఫీ   చాలా బాగా   చేశారు  !!,7,0.0,0.0,0.0,1.0,0.0,True,low
not-Kannada,BEST SONG EVER,3,0.0,0.0,0.0,1.0,0.0,True,low
Positive,Best song love it,4,0.0,0.0,0.0,1.0,0.0,False,low
unknown state,JACK SPARROW R S,4,0.0,0.0,0.0,1.0,0.0,True,low
Mixed feelings,Give a picture,3,0.0,0.0,0.0,1.0,0.0,True,low
unknown state,@Aadharaamos  Well,2,0.0,1.0,1.0,0.0,0.0,True,low
Positive,ಲಾಕ್ ಡೌನ್ ನಲ್ಲಿ ಈ ಹಾಡನ್ನು ಕೇಳಿ ದವರೂ ಲೈಕ್ ಮಾಡಿ,9,1.0,0.0,1.0,0.0,0.0,False,low
unknown state,35M+ views,2,0.0,0.0,0.0,1.0,0.0,True,low
Positive,ಈ ಹಾಡನ್ನು ಪದೇ ಪದೇ ಕೇಳುವವರು ಹಾಗೂ ನೋಡುವವರು ಯಾರಾದರೂ ಇದ್ದೀರಾ....,9,1.0,0.0,1.0,0.0,0.0,False,low
Positive,Fan from maharashtra 🤩🤩🤩,4,0.0,0.0,0.0,1.0,0.0,True,low
unknown state,L in in? Pkk I,5,0.0,0.0,0.0,1.0,0.0,False,low
Negative,@Pavan Pavan nanu ivag nodidnalla adakke hakide 383k+like hagiddo  adakke comment madide tapputilkobedi okk naaaa,15,0.0,0.9167,0.9167,0.0833,0.1667,False,low
unknown state,ಇ ಎಡಿಟ್ ಹೇಗಿದೆn,3,1.0,0.0,1.0,0.0,0.0,True,low
unknown state,@Raja Vishnuvardhana Agreed,3,0.0,0.0,0.0,1.0,0.0,True,low
Positive,hands up. Kannada super. Song ..but .. like me anyone's 2020 like me ..,14,0.0,0.0,0.0,1.0,0.0,False,low
unknown state,Telugu lo super,3,0.0,0.0,0.0,1.0,0.0,True,low
unknown state,Most liked song in KFI.,5,0.0,0.0,0.0,1.0,0.0,False,low
Positive,ಸೂಪರ್ ಸಾಂಗ್ ಫ್ರಂ ಅಪ್ಪು ಫ್ಯಾನ್,5,1.0,0.0,1.0,0.0,0.0,False,low
unknown state,34 m v,3,0.0,0.0,0.0,1.0,0.0,True,low
Positive,Idu idu bekithu namgelargu.... Jai rakshitha bai,7,0.0,1.0,1.0,0.0,0.0,False,low
Positive,34 M 🤫🤫,3,0.0,0.0,0.0,1.0,0.0,True,low
Positive,Superb song n video,4,0.0,0.0,0.0,1.0,0.0,False,low
not-Kannada,I like is song..,4,0.0,0.0,0.0,1.0,0.0,False,low
Positive,ಹಾಡಿನಲ್ಲಿರುವ ಪದಪುಂಜವನ್ನು ಬಳಿಸಿದ ರೀತಿಯೇ ಅತಿ ಅದ್ಭುತ....,6,1.0,0.0,1.0,0.0,0.0,False,low
Negative,Now 28k dislikes,3,0.0,0.0,0.0,1.0,0.0,True,low
Positive,ಕನ್ನಡವನ್ನು ಇನ್ನೊಂದು ಹಂತಕ್ಕೆ ಕೊಂಡೊಯ್ಯುವುದರಲ್ಲಿ ಸಂದೇಹವೇ ಇಲ್ಲ...nರಶ್ಮಿಕ ಕಕ್ಕ ಅವರೇ ನೋಡಿ ಉರ್ಕೊಳ್ಳಿ,10,1.0,0.0,1.0,0.0,0.0,False,low
not-Kannada,Number 1 song,3,0.0,0.0,0.0,1.0,0.0,True,low
Positive,Number 1 song,3,0.0,0.0,0.0,1.0,0.0,True,low
Positive,super song,2,0.0,0.0,0.0,1.0,0.0,True,low
unknown state,Oh Broi  Tqusm🤩,3,0.0,0.0,0.0,1.0,0.0,True,low
Positive,Super song guru,3,0.0,0.0,0.0,1.0,0.0,True,low
unknown state,Tkindidtuuihbjiygi KJ jMwuhMuyc,3,0.0,1.0,1.0,0.0,0.0,True,low
not-Kannada,RAKSHIT SHETTY WE LOVE YOU SO MUCH,7,0.0,1.0,1.0,0.0,0.0,True,low
not-Kannada,RAKSHIT SHETTY WE LOVE YOU SO MUCH,7,0.0,1.0,1.0,0.0,0.0,True,low
Positive,I like this,3,0.0,0.0,0.0,1.0,0.0,True,low
Mixed feelings,Im fanof rakshit shetty,4,0.0,1.0,1.0,0.0,0.0,False,low
Positive,Super video,2,0.0,0.0,0.0,1.0,0.0,True,low
not-Kannada,Best.    Song,2,0.0,0.0,0.0,1.0,0.0,True,low
Positive,Highest liked video in sandalwood,5,0.0,0.0,0.0,1.0,0.0,False,low
Positive,Jai Rakshit Shetty,3,0.0,1.0,1.0,0.0,0.0,True,low
not-Kannada,Most liked Kannada song,4,0.0,0.0,0.0,1.0,0.0,True,low
not-Kannada,All song super,3,0.0,0.0,0.0,1.0,0.0,True,low
Positive,ಯಾರೆಲ್ಲ ಈ ಸಾಂಗ್ ಅನ್ನು ದಿನಾಲೂ ಕೇಳುತ್ತೀರಿ... 🤔,7,1.0,0.0,1.0,0.0,0.0,False,low
not-Kannada,Super  songs,2,0.0,0.0,0.0,1.0,0.0,True,low
unknown state,ಮೈಸೂರು .ಎಂ.ಪಿ qhqjrjsrlfktiskg,3,0.6667,0.3333,1.0,0.0,0.0,True,low
Mixed feelings,MY BOSS ANNA  YASH BOSS ANNA  YASH BOSS ANNA,9,0.0,0.0,0.0,1.0,0.0,True,low
Mixed feelings,32 million boys ..,4,0.0,0.0,0.0,1.0,0.0,True,low
Mixed feelings,32 M,2,0.0,0.0,0.0,1.0,0.0,True,low
Positive,Super song in kannada,4,0.0,0.0,0.0,1.0,0.0,False,low
Positive,ಅಚ್ಚ ಕನ್ನಡದ ಸಾಹಿತ್ಯ ಸೂಪರ್ nಜಯ್ ಕರ್ನಾಟಕ,6,1.0,0.0,1.0,0.0,0.0,False,low
Positive,ಇನ್ನು ಕೇವಲ 1000 ಮೆಚ್ಚುಗೆಗಳು(ಲೈಕ್)  ಬೇಕಿದೆ.. ಅತಿ ಹೆಚ್ಚು ಮೆಚ್ಚುಗೆಗಳು(ಲೈಕ್)  ಪಡೆದ ಕನ್ನಡ ಚಲನಚಿತ್ರದ ದೃಶ್ಯ ಗೀತೆ (ವೀಡಿಯೊ ಹಾಡು) ಆಗಲು nಯೂಟ್ಯೂಬ್ ನಲ್ಲಿ..  nದಿನಾಂಕ,19,1.0,0.0,1.0,0.0,0.0,False,low
not-Kannada,കട്ട വെയ്റ്റിങ് മലയാളം asn,4,0.0,1.0,1.0,0.0,0.0,True,low
Mixed feelings,31 M,2,0.0,0.0,0.0,1.0,0.0,True,low
Mixed feelings,ನಾನು ಬೆಂಗಳೂರಿನ ಮುಂಬರುವ ಡಿಜೆ / ನಿರ್ಮಾಪಕ,6,1.0,0.0,1.0,0.0,0.0,False,low
unknown state,Only Kannada no English,4,0.0,0.0,0.0,1.0,0.0,True,low
unknown state,ಕನ್ನಡ ಫಿಲ್ಮ್ ಹಿಸ್ಟರಿ ನಲ್ಲ್ಲಿ ಎರಡು ಕಾಲ ಘಟ್ಟ ಇರುತ್ತೆ,8,1.0,0.0,1.0,0.0,0.0,False,low
