label,text,n_tokens,kannada_script_pct,romanized_kannada_pct,kannada_language_pct,english_pct,effective_score,low_confidence,bucket
Negative,Bari olu nan makla,4,0.0,0.75,0.75,0.25,0.5,False,medium
Positive,Houdu ashvatama 5000 varsha dinda  idre Krista Shaka 2000 Anta yak aktaidare Hindu galu munche inda idane navu idannu pratipadisabeku I,21,0.0,0.8667,0.8667,0.1333,0.2667,False,medium
Negative,Nan lwda dalli edane band nodkondu ogo gandu,8,0.0,0.75,0.75,0.25,0.5,False,medium
unknown state,Yes edre adare yli?,4,0.0,0.75,0.75,0.25,0.5,False,medium
Positive,Avanu allla bro avaru annabeku,5,0.0,0.75,0.75,0.25,0.5,False,medium
Mixed feelings,Avanige gaya vasi agbeku andre..avnu krishna na bhakti madi..vasi madbeku eela Kaliyuga nasa agbeku,14,0.0,0.7692,0.7692,0.2308,0.4615,False,medium
Positive,Uttara pradeshada lakkinpura dalli shiva pooje madtidda,7,0.0,0.8571,0.8571,0.1429,0.2857,False,medium
Positive,Namma manege bandidru avarige nanu nan dress kottu aliside,9,0.0,0.7778,0.7778,0.2222,0.4444,False,medium
Positive,Nija kano adhu...neevgalu kathe katkondirodu...alla alla antha....,7,0.0,0.75,0.75,0.25,0.5,False,medium
Mixed feelings,Nija 100%  but aswastama antta heg  kandiditare..,7,0.0,0.8333,0.8333,0.1667,0.3333,False,medium
Mixed feelings,Nane nam vasthu pradashnke bandidru gotha,6,0.0,0.8333,0.8333,0.1667,0.3333,False,medium
Positive,Sir ನಮಸ್ಕಾರ ಕಲಿಯುಗದಲ್ಲಿ ಅಶ್ವತ್ಥಾಮ ಇದ್ದಾರೆ ಅಂತ ಹೇಳಿದರು .ಎಲ್ಲಿ ಇದ್ದಾರೆ  ಅವರು ನಾವು ನೋಡಬಹುದ ನನು ನೊಡಬೇಕು ಅಂತಾ  ಇದೇ ಅಗತ್ತ sir,18,0.8889,0.0,0.8889,0.1111,0.2222,False,medium
Negative,All fake bro nija vishaya maatra heli bro ummane janara manasalli sullu nambike yanna huttisa bedi plzzzz,17,0.0,0.75,0.75,0.25,0.5,False,medium
Negative,Ramayana agiye 500 varsha ayeetu indu sullu yakandre 5000yer back hege,11,0.0,0.7778,0.7778,0.2222,0.4444,False,medium
Negative,Navu kuri Alla guru kaliyugada kaligallu,6,0.0,0.8,0.8,0.2,0.4,False,medium
Negative,Le nimmouna thullagaa naayi tunni saabarige huttida MidArimagane,8,0.0,0.875,0.875,0.125,0.25,False,medium
Positive,Btv avra hatra video clip irbodu.... ಇದ್ರೆ ಹಾಕಿ plzz,9,0.25,0.5,0.75,0.25,0.5,False,medium
Positive,Ayo mostly avarige samskruti bhase barutee ansathe,7,0.0,0.8571,0.8571,0.1429,0.2857,False,medium
Positive,Avnu yava language mathadodu,4,0.0,0.75,0.75,0.25,0.5,False,medium
not-Kannada,This real jai krishna krishna,5,0.0,0.2,0.2,0.8,0.4,False,medium
Mixed feelings,Ashwatama ge Kannada barutte yenri,5,0.0,0.75,0.75,0.25,0.5,False,medium
Negative,@Akki MAnna summan namana huchhar olage tagyatara,7,0.0,0.8571,0.8571,0.1429,0.2857,False,medium
not-Kannada,@Sagar sagar  s u r correct bro..,7,0.0,0.2857,0.2857,0.7143,0.5714,False,medium
Mixed feelings,Ashwatama ge Hindi barutte yenri,5,0.0,0.75,0.75,0.25,0.5,False,medium
Positive,ತನ್ನ ಉತ್ತಮ ಗುಣಮಟ್ಟವನ್ನು ಸಾಬೀತು ಮಾಡುತ್ತಾ ಮುಂದೆ ಸಾಗುತ್ತಿದೆ... We love you  #ಮಸ್ತಮಗಾ team🤩,12,0.7273,0.0,0.7273,0.2727,0.5455,False,medium
Positive,Sir eega navu uthpadane madidanna vedeshakee yavareeti procedure mulaka kalstatee.yavdee lancha eladee.,12,0.0,0.8333,0.8333,0.1667,0.3333,False,medium
Mixed feelings,Sir ee varshada sikshanada bagge tilisi,6,0.0,0.8333,0.8333,0.1667,0.3333,False,medium
Mixed feelings,Gurve egle Google nali search madu,6,0.0,0.8,0.8,0.2,0.4,False,medium
Negative,E video nodi Namma desha e stiti nodi bejar aytu nBangarada akki agidda bharatakke e paristi barabaradittu,17,0.0,0.75,0.75,0.25,0.5,False,medium
Positive,@pruthvisagar sagar but create hindi muslim divide,7,0.0,0.2857,0.2857,0.7143,0.5714,False,medium
Negative,Bharatadalli Experience kelidre en madodu? Nav hosa kelsa madoke ready idivi,11,0.0,0.8889,0.8889,0.1111,0.2222,False,medium
Negative,@sumya kulkarni ನೀವು ಬ್ರಾಹ್ಮಣರಾಗಿ intercast marriage agoke dairya idena ? Never.,11,0.2222,0.6667,0.8889,0.1111,0.2222,False,medium
Negative,@Unity of India ...ಅಂತರ್ ಜಾತಿ ವಿವಾಹಕ್ಕು...... ಜಾತಿ ವ್ಯವಸ್ಥೆಗೂ......ದೇಶ ಉದ್ದಾರಕ್ಕೂ ಸಂಬಂಧವಿಲ್ಲ......,10,0.7778,0.0,0.7778,0.2222,0.4444,False,medium
Negative,@king k ....ಎಲ್ಲಾ ರಾಜಕಾರಣಿಗಳು ಕಳ್ಳರೆ.... ಇದ್ದುದರಲ್ಲಿ ಬಿಜೆಪಿ ಯವರು ಕಡಿಮೆ ಕಳ್ಳರು....,10,0.8,0.0,0.8,0.2,0.4,False,medium
Mixed feelings,@king k 9880823640.....ಇದು ನನ್ನ ಫೋನ್ ನಂಬರ್....ನಿನ್ನ ಎಲ್ಲ ಪ್ರಶ್ನೆಗಳಿಗೆ ಉತ್ತರಿಸುವೆ,9,0.7778,0.0,0.7778,0.2222,0.4444,False,medium
Negative,@king k ...ಕರ್ನಾಟಕದಲ್ಲಿ ಅತ್ಯಂತ ಭ್ರಷ್ಟರು ಅಂದ್ರೆ ಜೆಡಿಸ್...ಮತ್ತು ಕಾಂಗ್ರೆಸ್.....ಇವರು ನಿಪುಣರು ...ಹಾಗಾಗಿ ಇವರು ತಪ್ಪಿಸಿಕೊಳ್ತಾರೆ......ಅರ್ಥ ಮಾಡಿಕೊಳ್ಳದೆ ಮಾತಾಡಬೇಡ.....,14,0.8571,0.0,0.8571,0.1429,0.2857,False,medium
Negative,@Dayananda C howda BJP yavaru kadime kallara mate yaddiyuvarappa  yake jailge hogi bandru . 15 minister jailge hogidyake?? nNin first corectagi artha madka first,24,0.0,0.7619,0.7619,0.2381,0.4762,False,medium
Mixed feelings,@Dayananda C sir ivaga hagalla belige call maditini heli. Prashne keltini. Political bittu . Abhirudhi bagge keltini heli.,18,0.0,0.7857,0.7857,0.2143,0.4286,False,medium
Positive,China copy maadi naawu maadbekilla.. jana alli khushyaagilla.. naadre niw helidralli tumba kelsa aagbeku.. bhaaratadalli adella maadodu janakku bekaagalla,19,0.0,0.8421,0.8421,0.1579,0.3158,False,medium
Mixed feelings,Sir u copy dr vivek bindra sir,7,0.0,0.2857,0.2857,0.7143,0.5714,False,medium
Negative,Bro navu arvinda tilkotidivi andre navu avrige yenadru kodbeku dodd dodd channel galige hinde dodd vyakti irtare so skip madade nodi avrigu duddu barli  .,25,0.0,0.7917,0.7917,0.2083,0.4167,False,medium
Positive,@Unity of India  ನಮ್ಮ ದೇಶದ ಹಾ ಪಾರ್ಟಿ ದೇಶ ವನ್ನು ತುಂಡು ತುಂಡು ಹಾಗಿ ಮಾಡ್ತೀನಿ ಅಂತ ಹೇಳ್ತಾರೆ ಇದಕ್ಕಿಂತ ದೊಡ್ಡ ಮಾತು ಬೇಕಾ kanniya  kumar,21,0.8,0.1,0.9,0.1,0.2,False,medium
Mixed feelings,Nija. Never support communist party,5,0.0,0.25,0.25,0.75,0.5,False,medium
Negative,@Avatar 123 but you support corupt political democracy,8,0.0,0.1429,0.1429,0.8571,0.2857,False,medium
Positive,Thumba vishaya galannu thilisi kotri Amar prasad ravare .thank you,10,0.0,0.7778,0.7778,0.2222,0.4444,False,medium
Negative,Brazil ಕಂಪನಿ ಬಂದು 4 ವರ್ಷಕ್ಕೆ  ಬಾಗ್ಲು  ಮುಚ್ಚುತು  ಕಾರಣ ಲೋಕಲ್ accountant ಎರಡು ಕೈ ಯಿಂದ ತಿಂದ,14,0.8462,0.0,0.8462,0.1538,0.3077,False,medium
Positive,Hi....chaina dalli ago product nnu navu madidvi....adre....namma desha davre namage mosa madidru same model nnu chaina kondogi avrege thorise dublicate madbittu dandu...kammi belege elle mariddare....edde karana...navu hinduliyalu....eglu navu...mado ondondu product chaina dinda tharisthidru adre navu automobiles product naavu madthideevi...adre yaaru encarage madalla.....,42,0.0,0.7879,0.7879,0.2121,0.4242,False,medium
Mixed feelings,Navu kuda speed edivi ....makklu uttisodrale ..love madodrale ...,9,0.0,0.7143,0.7143,0.2857,0.5714,False,medium
unknown state,@Dhanik Patel I am not blaming India bro,8,0.0,0.1667,0.1667,0.8333,0.3333,False,medium
Mixed feelings,Modi doing good job for new india,7,0.0,0.1429,0.1429,0.8571,0.2857,False,medium
Mixed feelings,Good information sir but ivattu yako parokshavaģi  China desha vanna hogalida hage ittu adru ade nija  satya yavaglu kahiyagi irutte,20,0.0,0.7895,0.7895,0.2105,0.4211,False,medium
Negative,Bharatadalli skill idru experience illade kelsa kodolla chinadalli nivu helo hage hosa pratibegalige aavkasha kodatre aste vyatyasa china gu namgu,20,0.0,0.85,0.85,0.15,0.3,False,medium
Negative,Namma yalla sarkara nu hage ide bidi..,7,0.0,0.7143,0.7143,0.2857,0.5714,False,medium
Mixed feelings,I forgot prems even is a best song maker,9,0.0,0.1111,0.1111,0.8889,0.2222,False,medium
Mixed feelings,@Sujan Tejashands up ande kai ettu annadukka agutta,8,0.0,0.8571,0.8571,0.1429,0.2857,False,medium
Mixed feelings,@P h Ahamad Bava ಅಣ್ಣ ಒಂದೆರಡು ಪದ ಬಿಟ್ಟು ಇನ್ನೂ ಉಳಿದ ಪದ ಅಚ್ಚ ಕನ್ನಡದಲ್ಲಿ ಇದೆ ಅಲ್ವಾ?,15,0.8462,0.0,0.8462,0.1538,0.3077,False,medium
Negative,Lowde song hesru en helu,5,0.0,0.8,0.8,0.2,0.4,False,medium
Mixed feelings,Legit gaming ಅದು ಒಂದ್ ಪದ ಬಿಟ್ಟು ನೋಡು,7,0.7143,0.0,0.7143,0.2857,0.5714,False,medium
Positive,@Madhu Madhu hello bro navu tulunad navru tulu namma matru bashe aste abhimana kannada bashe melu ide,17,0.0,0.75,0.75,0.25,0.5,False,medium
Positive,All industries are going hands up.. 27kke avanu bandaga,9,0.0,0.25,0.25,0.75,0.5,False,medium
Positive,Bro nan kade enda nimg gondhu salam.,7,0.0,0.7143,0.7143,0.2857,0.5714,False,medium
Positive,Damm godd...an song guru...ajnish u made a magic broooo,9,0.0,0.1667,0.1667,0.8333,0.3333,False,medium
Negative,Waiting for hindi nLike .......,5,0.0,0.25,0.25,0.75,0.5,False,medium
Positive,Actually idu idu chanagirodu,4,0.0,0.75,0.75,0.25,0.5,False,medium
Positive,#ಇದು ಚರಿತ್ರೆ ಸ್ರೃಷ್ಟಿಸುವ ಅವತಾರ nBaground music 🤺🤘,7,0.6667,0.1667,0.8333,0.1667,0.3333,False,medium
Positive,That making was osm #ASN 🤩🤩🤩,6,0.0,0.25,0.25,0.75,0.5,False,medium
Positive,Yuddha maadabeku oodabaaradu katukara mundhe Bhagavadgeethe.. Great lines!,8,0.0,0.8333,0.8333,0.1667,0.3333,False,medium
Positive,Idu charitre srushtiso avatara nice,5,0.0,0.8,0.8,0.2,0.4,False,medium
unknown state,Flair gun  ge hondu like,5,0.0,0.2,0.2,0.8,0.4,False,medium
not-Kannada,@VARAPRASAD K K super bro,5,0.0,0.2,0.2,0.8,0.4,False,medium
not-Kannada,Gentlemen full movie linkn,4,0.0,0.25,0.25,0.75,0.5,False,medium
Positive,Full movie upload madri.. Ofter release pls,7,0.0,0.1667,0.1667,0.8333,0.3333,False,medium
Negative,Dislikers r fucking da baas fans,6,0.0,0.1667,0.1667,0.8333,0.3333,False,medium
Positive,Rocking star kadi enda all de best,7,0.0,0.2857,0.2857,0.7143,0.5714,False,medium
not-Kannada,Zinda hai tho deklena,4,0.0,0.75,0.75,0.25,0.5,False,medium
Positive,Movie chenagide hogi nodi,4,0.0,0.75,0.75,0.25,0.5,False,medium
Positive,Ee film chennagide. Nanu nodide. Neevoo nodi.,7,0.0,0.8,0.8,0.2,0.4,False,medium
Positive,All the best prajwal Devaraj Bøss,6,0.0,0.25,0.25,0.75,0.5,False,medium
Positive,Chikki chikki chikkappa nidde indda bega helappa pade pade kelbeku tumbha tumbha tacing padgalu adu sang agiddre innu kushipadtide I love jental man movi,24,0.0,0.8333,0.8333,0.1667,0.3333,False,medium
not-Kannada,I love you jentalman  move,5,0.0,0.2,0.2,0.8,0.4,False,medium
Positive,Super movi yallru nodi tumbba tumbba istavada movi,8,0.0,0.875,0.875,0.125,0.25,False,medium
not-Kannada,Why kannadigas not supporting kannada movies. .,7,0.0,0.1667,0.1667,0.8333,0.3333,False,medium
Positive,Awsome movie must match movie,5,0.0,0.2,0.2,0.8,0.4,False,medium
not-Kannada,D boss bro dainamic price Prajwal Devaraj,7,0.0,0.2,0.2,0.8,0.4,False,medium
Positive,Asome bro nD boss,4,0.0,0.25,0.25,0.75,0.5,False,medium
Negative,Nimdu bari ide aagoythu telegu avaru copy maadudre tm movie nodthira Kannada davru own aagi maadudru kyathe thegithira,18,0.0,0.7059,0.7059,0.2941,0.5882,False,medium
Negative,@Naveen kumar yadav lo thamma nanu copy madidare antha yello helidini.. ratasasan movie bgm inspiration indha idhna madidare andirodhu.. nav yav telugu movie nu nodalla kannadake modala adhyathe namdhu,29,0.0,0.7586,0.7586,0.2414,0.4828,False,medium
Positive,Masth guru sakadgi helidiya,4,0.0,0.75,0.75,0.25,0.5,False,medium
Negative,Paapa yaro hair oil bagge helkodthidre niv yake oppose maadthira.adu avara ishta avaru yelli aadaru copy maadli ..niv yavathu yenu copy maadillva.niv hege nim opinion helidri avru ashte avara opinion helidru ashte.niv maathadidu avarige sari ansalla,36,0.0,0.7778,0.7778,0.2222,0.4444,False,medium
Negative,Guru nakn enu madbekitu guru ninu avr ajji nam dhesha dalli uti a china desha ke utiro hange Madtare tu evr janmake est benki haka,25,0.0,0.75,0.75,0.25,0.5,False,medium
not-Kannada,Supr bro u r video,5,0.0,0.2,0.2,0.8,0.4,False,medium
Positive,Enu helede guru baidaru kuda paragilla good thingking,8,0.0,0.75,0.75,0.25,0.5,False,medium
Positive,Game name henu bro,4,0.0,0.25,0.25,0.75,0.5,False,medium
Negative,Bevarsigalige artha aagirbeku bro chenag ugdhideera,6,0.0,0.8333,0.8333,0.1667,0.3333,False,medium
Negative,E nayi nann makkalage thiliyode illa,6,0.0,0.8333,0.8333,0.1667,0.3333,False,medium
Positive,Nice bro Nina vicoe super,5,0.0,0.25,0.25,0.75,0.5,False,medium
Negative,Navu matar use madatilla jagatinna yella deshgalu use madatidare.solemagane,9,0.0,0.7778,0.7778,0.2222,0.4444,False,medium
Negative,ಎನ್ ಉಗದಿದಿಯಾ ಗುರು ಮಾತ್ ಮಾತಗು ಉಗುದಿದಿಯಾ ಈ video ನಾ ಏನಾದ್ರು tick tock star ಗಳು ಏನಾದ್ರು ನೋಡಿದ್ರೆ ನೇಣು ಹಕ್ಕೊತ್ತಾರೆ ಗುರು super🤣,20,0.75,0.05,0.8,0.2,0.4,False,medium
Positive,Super bro huge video madu Anna,6,0.0,0.2,0.2,0.8,0.4,False,medium
Negative,Tik tok mad suli makkalige chppali ach hodri sulimakkaliga and ladies fast chuthu sulimakkalu,14,0.0,0.7143,0.7143,0.2857,0.5714,False,medium
Negative,Bro ha dacchu su..... Maga you are super no 1 roaster,11,0.0,0.125,0.125,0.875,0.25,False,medium
Positive,Last  ತನಕ ನಕ್ಕಿ ನಕ್ಕಿ ಹೊಟ್ಟೆ ನೋವು ಬಂತು,7,0.8571,0.0,0.8571,0.1429,0.2857,False,medium
Positive,Sakkatt agine   kyakirsi  ugdidira  sir,5,0.0,0.8,0.8,0.2,0.4,False,medium
Positive,Anna sakath agi mathadiddira,4,0.0,0.75,0.75,0.25,0.5,False,medium
Negative,Guru Chinese mobile yen madodu,5,0.0,0.25,0.25,0.75,0.5,False,medium
Negative,Avra manelli yavagadru hoddu sayisudre gottagutte kittod nan maklige tik tok yak ban madbeku andorge saryagelidira bro,17,0.0,0.7647,0.7647,0.2353,0.4706,False,medium
Positive,Mast roast madidi anna,4,0.0,0.25,0.25,0.75,0.5,False,medium
Negative,ನಾವೇ thukali stars ಅಂತ ಟಿಕ್ tak maritha idru ಕೆಲ sade ಗಳು ivaga ಮನೇಲಿ ಮುಸುರೆ ತಿಕ್ಕಿ baddetava,16,0.5,0.375,0.875,0.125,0.25,False,medium
Negative,ನನ್ shata fil ಮಾಡದೆ bro,5,0.4,0.4,0.8,0.2,0.4,False,medium
Mixed feelings,Super Anna enu ugiri chanagi,5,0.0,0.75,0.75,0.25,0.5,False,medium
Positive,Tik tok alli jagala madtidralla adra baggenu ondu video madi anna super agi ugididdira,14,0.0,0.7857,0.7857,0.2143,0.4286,False,medium
Positive,Jai criative kannadiga supper,4,0.0,0.75,0.75,0.25,0.5,False,medium
Positive,Super Bindu ge Takkar kottidira bro,6,0.0,0.25,0.25,0.75,0.5,False,medium
Positive,Super gurunJai hind Jai Indian army,6,0.0,0.25,0.25,0.75,0.5,False,medium
Positive,niv helid nija star antha bere akotidru karma,8,0.0,0.75,0.75,0.25,0.5,False,medium
not-Kannada,Good massage broooo lv u,5,0.0,0.25,0.25,0.75,0.5,False,medium
Positive,Super Anna ede Tara video s Madi super,8,0.0,0.2,0.2,0.8,0.4,False,medium
Negative,indian Tiktok ನಿನಾದರು ಕಂಡುಯಿಡಿ ಮಾರಯಾ ಜಾಸ್ತಿ ವದರಬೇಡ,7,0.8333,0.0,0.8333,0.1667,0.3333,False,medium
Negative,Bindhu gowda ge sariagi madidera,5,0.0,0.8,0.8,0.2,0.4,False,medium
Negative,I hate tiktok mobile thagondagindanu install made illa i hate this,11,0.0,0.2727,0.2727,0.7273,0.5455,False,medium
Negative,Nkn en mathgalu guru nindhu ABBA tiktok li thirke shoki madorige Chapli thagond barsidhange super guru,16,0.0,0.7143,0.7143,0.2857,0.5714,False,medium
Positive,Anna nin padha Xerox kodanna,5,0.0,0.75,0.75,0.25,0.5,False,medium
not-Kannada,Wow wow wow wow wow..Lovely guru,6,0.0,0.1667,0.1667,0.8333,0.3333,False,medium
not-Kannada,Wow wow wow wow wow..Lovely guru,6,0.0,0.1667,0.1667,0.8333,0.3333,False,medium
Negative,Edralli nivu enu overagi mathadilla bro,6,0.0,0.8333,0.8333,0.1667,0.3333,False,medium
Positive,Chinada tiktok CEO helidanante bharatadalli  iruvashtu somarigalu berellu illa anta idarta avara deshadavare aa app annu ashtu use madtilla  bharatadalli koti gattale use madtidare. Banne maadida modi sarkarakke danyavadagalu nnJai JAWAN Jai KISAN nJAI HINDH,35,0.0,0.8621,0.8621,0.1379,0.2759,False,medium
Positive,ಸಕ್ಕತ್ ಹುರಿದ ಗುರು olle patta kalsidya tiktok support madidha Ch * as galige ....,14,0.2727,0.5455,0.8182,0.1818,0.3636,False,medium
Negative,Awsum guru enu swalpa hugiri,5,0.0,0.8,0.8,0.2,0.4,False,medium
Negative,Innu swalpa Sanskrit nalli baybeku guru,6,0.0,0.8,0.8,0.2,0.4,False,medium
Positive,havlli guru nimanthavru bekku,4,0.0,0.75,0.75,0.25,0.5,False,medium
Negative,Ondondu maathu shalege chappali suthkondu hodeda hagide bro nnNkn chaina apps ban maadsi avar arthikathage hodetha bilali nnTq so much,20,0.0,0.75,0.75,0.25,0.5,False,medium
Mixed feelings,Pubgi kooda ban agbikittu,4,0.0,0.75,0.75,0.25,0.5,False,medium
unknown state,Hands up nahi Hands down,5,0.0,0.25,0.25,0.75,0.5,False,medium
Positive,Nice song galli mathina bajaru suddi saridhe sumaru charitre shrustiso avathara,11,0.0,0.8182,0.8182,0.1818,0.3636,False,medium
Negative,Neevu varshkke ondu cinema madru supper 1varshkke 34cinema madobadalige intha ondu cinema saku,13,0.0,0.7273,0.7273,0.2727,0.5455,False,medium
Positive,ASN song Hansp song nice,5,0.0,0.25,0.25,0.75,0.5,False,medium
Positive,I want to see everedy I like it,8,0.0,0.125,0.125,0.875,0.25,False,medium
Negative,dislikes are from pedigree foodies,5,0.0,0.2,0.2,0.8,0.4,False,medium
Positive,Super sir nim anthoru Nam Kannada industry ge beku namma Kannada industrya kirty patake ellade harabeku belibeku,17,0.0,0.7143,0.7143,0.2857,0.5714,False,medium
Positive,What a song yah,4,0.0,0.25,0.25,0.75,0.5,False,medium
Negative,Nimm avvan tull ...kannag en tunni itkond nodi en Randi magagna,11,0.0,0.8889,0.8889,0.1111,0.2222,False,medium
unknown state,@info abhi ಏನ್ ಡೈಲಾಗ್ ಪಾ,5,0.6,0.2,0.8,0.2,0.4,False,medium
unknown state,Swalpa aerial tara ide.,4,0.0,0.25,0.25,0.75,0.5,False,medium
Positive,Idu esta Janagalage like aagide,5,0.0,0.75,0.75,0.25,0.5,False,medium
Positive,Most liked video song agutte ee Kannada Film industry li  Year,11,0.0,0.25,0.25,0.75,0.5,False,medium
Positive,Yava woodigu kammi illa Namma sandall wood,7,0.0,0.8333,0.8333,0.1667,0.3333,False,medium
unknown state,Give link to that pandi kokku song ....,8,0.0,0.2857,0.2857,0.7143,0.5714,False,medium
not-Kannada,Hindi me kab release karo ge,6,0.0,0.1667,0.1667,0.8333,0.3333,False,medium
Negative,13k dislikes frm jealous bollywood fans,6,0.0,0.2,0.2,0.8,0.4,False,medium
Negative,Jaa Dhinchak Pooja ki songs dekh Bollywoodiya,7,0.0,0.75,0.75,0.25,0.5,False,medium
Positive,Yaaru e songanna ondakkinta jaasti sala kelta edeera like maadi,10,0.0,0.8,0.8,0.2,0.4,False,medium
Negative,Ending nalli looti heg sikthu avnge.. movie nalli thorsode illa ..,11,0.0,0.8,0.8,0.2,0.4,False,medium
Negative,@sumit patil but torsalla..,4,0.0,0.75,0.75,0.25,0.5,False,medium
Positive,Super taxi vali baby,4,0.0,0.25,0.25,0.75,0.5,False,medium
Positive,Bro nanage tumba bejar agide namm sainikar savinind .china davargi buddi kalsek bro ..,14,0.0,0.7692,0.7692,0.2308,0.4615,False,medium
not-Kannada,Hlo bro... Even I uninstalled at stupid app...,8,0.0,0.2,0.2,0.8,0.4,False,medium
unknown state,Bindu  lowda smartphones laptop kelvu brand chinade agidru nav use madtha erodakke already tax kattidivi en  munde kattod beda antha heltha erodu,22,0.0,0.7273,0.7273,0.2727,0.5455,False,medium
Negative,Nkn last dialogue lit,4,0.0,0.25,0.25,0.75,0.5,False,medium
Negative,Ivrantu un install madalla sulemaklu. Avrna following madtiro nayigalige buddi barbeku modlu. Nam India dalliro inta nayigala kathe ne istu deshad bagge yenadru gottidre tane. Tiktok nalli bandu motivation helo ivlige deshad bagge keladre yenu gottiralla guru ivakke. Avar maneli bodig bittidare avalna navadru enmadokagatte,45,0.0,0.85,0.85,0.15,0.3,False,medium
not-Kannada,Ta bro your ginias,4,0.0,0.25,0.25,0.75,0.5,False,medium
Positive,Namma  desha da bagge abimana ellde eroru ge  adru tik tok use madtha eddre avru tamma mother naa ennobirige bitkotta hage  eddanu odinu tik tok madidre niu muuru bittoru antha artha,31,0.0,0.871,0.871,0.129,0.2581,False,medium
Negative,ದೇಶಕ್ಕೋಸ್ಕರ ಒಂದು app uninstall ಮಾಡೊಕೆ ಆಗಲ್ಲ ಇವರಿಗೆ ಥೂ ಇವರ ಜನ್ಮಕ್ಕೆ,10,0.8,0.0,0.8,0.2,0.4,False,medium
Negative,Maga pubgi mix ಮಾಡಬೇಡ..... ಆಗೇ ಮಾಡು,6,0.5,0.3333,0.8333,0.1667,0.3333,False,medium
Negative,E tik tokrs ondisht jana mental galu bro avugalna tik tokrs anodkina chainis anbekku,14,0.0,0.7143,0.7143,0.2857,0.5714,False,medium
Negative,En ugdde guru adru nam janake budi barala bro tiktok elde edre saytivi antare thoo,15,0.0,0.8,0.8,0.2,0.4,False,medium
Negative,Innu aagilva tiktok ban,4,0.0,0.75,0.75,0.25,0.5,False,medium
Negative,Bro yaarnu bidbedi tiktok uninstall aagovargu rost Maadi. Prathiyobrunnu,9,0.0,0.7143,0.7143,0.2857,0.5714,False,medium
Positive,Navu delet madi tumba dina aytu,6,0.0,0.8333,0.8333,0.1667,0.3333,False,medium
Negative,sule bindhu... awlge nam sainikaru kintha awllu fame beku.. thu lofer mundde hula bidhu saithya ninu,16,0.0,0.8,0.8,0.2,0.4,False,medium
Negative,Bro iverella made in china,5,0.0,0.2,0.2,0.8,0.4,False,medium
Negative,E jana thav sathru kuda Tiktok na mathra uninstall madola ansuthe 🤦 kelsa ildhe showoff goskara tiktok madi china davrna belstisdre jothege tham mana maryade na halmadkotidare thu en jananappa ige roast madi bro tiktok madorgella.,36,0.0,0.7353,0.7353,0.2647,0.5294,False,medium
Negative,Tik tok  bevarsigalanna chaina   gadiyalli chaddiyalli bomb ettu chaina  kade  odisa beku avaga sari agutte,15,0.0,0.8667,0.8667,0.1333,0.2667,False,medium
Mixed feelings,E kannalli ennu en  en nodbeko bro,7,0.0,0.7143,0.7143,0.2857,0.5714,False,medium
Positive,Tik tok ban agleee beku,5,0.0,0.75,0.75,0.25,0.5,False,medium
Positive,Innu enta avrige hege helbeku anna desha anta bandaga ellaru ki jodisbeku enta avrige nam deshada sinikaru prana kodbeka adike kendra sarkara ne  e tik  tok  ban madbeku,28,0.0,0.7857,0.7857,0.2143,0.4286,False,medium
unknown state,Tik tok vade gala,4,0.0,0.75,0.75,0.25,0.5,False,medium
Negative,OMG ಟಿಕ್ ಟಾಕ್ ನಿಂದ nಚೈನಾದ ಬೋ* ಮ* 7,8,0.8571,0.0,0.8571,0.1429,0.2857,False,medium
Negative,Tiktok madorena Chinese ge kalse beku,6,0.0,0.8,0.8,0.2,0.4,False,medium
Negative,Why only tik tok ಅನ್ನೋ ತುಕಾಲಿ ನ ಚೈನಾ ಗೆ ಕಳಿಸಿ ಅವ್ಳು ಕೂಡ ಚೈನೀಸ್ ಬ್ರೀಡ್ ಇರ್ಬೇಕು,15,0.7333,0.1333,0.8667,0.1333,0.2667,False,medium
Negative,Sir haa suule Bindu gowda GE,6,0.0,0.75,0.75,0.25,0.5,False,medium
Negative,Kach hogedu banda varu like madi,6,0.0,0.8333,0.8333,0.1667,0.3333,False,medium
Positive,Nam boss supero super,4,0.0,0.25,0.25,0.75,0.5,False,medium
Positive,Sang supar Chinu love you too...uppi.,6,0.0,0.25,0.25,0.75,0.5,False,medium
Mixed feelings,ಇನ್ನೂ ಎಲ್ಲೆಲ್ಲಿ ಕೇಳ್ತವ್ರೋ.... ಅದೆಲ್ಲಾ report ಇವನಿಗೆ ಕೊಡ್ರೋ... ಅವನ reasearch ಗೆ  help ಆಗ್ಲಿ,12,0.75,0.0833,0.8333,0.1667,0.3333,False,medium
Positive,Rakshit yake ista gotha friend's na jote yalli yavagllu ittikondiru thare,11,0.0,0.8182,0.8182,0.1818,0.3636,False,medium
Positive,avarige belesidorna thuliyodhu gottilla anda star patta bandamele friends na mariyodhu gottilla,12,0.0,0.75,0.75,0.25,0.5,False,medium
not-Kannada,sudeep fan like me,4,0.0,0.25,0.25,0.75,0.5,False,medium
Negative,Rashmika urakondu sayabeku atara belibeku bro nivu,7,0.0,0.8571,0.8571,0.1429,0.2857,False,medium
Positive,sandalwood ge obba trend setter sikkidaane..n.n.n.n.n.nyaaravnu???n.n.n.n.n.n.nAvane Srimannarayana,7,0.0,0.2,0.2,0.8,0.4,False,medium
Positive,Hadsap handsap.......plzzzzzzz kannada cinima idndustige handsap me.........saport,7,0.0,0.8,0.8,0.2,0.4,False,medium
Positive,Super song 100 days pakka,5,0.0,0.25,0.25,0.75,0.5,False,medium
not-Kannada,Super sangs super movie,4,0.0,0.25,0.25,0.75,0.5,False,medium
Positive,Comment's nali like madidre illi unlike madi (super song ) nI will coming soon back ..⏳ n100 days super it move pakka.,22,0.0,0.2632,0.2632,0.7368,0.5263,False,medium
not-Kannada,Super .  Siri kannada suprr song,6,0.0,0.25,0.25,0.75,0.5,False,medium
Positive,ಶ್ರೀ ಮನ್ ನಾರಾಯಣ  movie ಹಾಡು  ಕೇಳಲು  ಸುಮಧುರ...... ಡ್ಯಾನ್ಸ್  ಸೂಪರ್....   ಇದೆ,10,0.9,0.0,0.9,0.1,0.2,False,medium
unknown state,E song alli flare gun ide,6,0.0,0.1667,0.1667,0.8333,0.3333,False,medium
Negative,Avalu sule munde nam KarnatakanRakshith avarige sahaya madinPlz,8,0.0,0.875,0.875,0.125,0.25,False,medium
Positive,Youtube channel nalli ASN release promos upload madi sir,9,0.0,0.25,0.25,0.75,0.5,False,medium
Positive,Youtube channel nalli ASN release promos upload madi sir,9,0.0,0.25,0.25,0.75,0.5,False,medium
Positive,Youtube channel nalli ASN release promos upload madi sir,9,0.0,0.25,0.25,0.75,0.5,False,medium
Positive,Youtube channel nalli ASN release promos upload madi sir,9,0.0,0.25,0.25,0.75,0.5,False,medium
not-Kannada,Rakshit Shetty fans like here,5,0.0,0.25,0.25,0.75,0.5,False,medium
unknown state,Rasmeka u r un like he is so cuteeeeee his simple  alte,12,0.0,0.1818,0.1818,0.8182,0.3636,False,medium
Positive,Kannada namma modala aadyathe aagirbeku,5,0.0,0.8,0.8,0.2,0.4,False,medium
unknown state,Krishna Tirividi ಹೌದು ಕರೆಕ್ಟ್..ಅಪ್ಪು ಫ್ಯಾನ್ ಕಡೆಯಿಂದ..,6,0.8,0.0,0.8,0.2,0.4,False,medium
unknown state,Nanige thumba esta aytu chitrakate diya du love mocktail kinta tq keep it up,14,0.0,0.7143,0.7143,0.2857,0.5714,False,medium
Negative,Sir intha cinema madida mele dodda mattadalli prachara madbekittu. nNodi prem avru dabba film madudru hype build-up create madodralli etthida kai.,21,0.0,0.7143,0.7143,0.2857,0.5714,False,medium
Negative,suvarna chanle nemge studio elva yvdo gujari jagadali madidira ade star actors agidre hege madtidra,15,0.0,0.7333,0.7333,0.2667,0.5333,False,medium
Mixed feelings,ನಂಗೆ ತುಂಬಾ ಬೇಜರಾಯಿತು ಒಂದು ಒಳ್ಳೆ ಸಿನಿಮಾ ಮಿಸ್ ಮಾಡ್ಕೊಂಡೆ ಅಂತ theater li ನೋಡಬೇಕಿತ್ತು.nI feel guilty,14,0.7143,0.0,0.7143,0.2857,0.5714,False,medium
Positive,Yas re relis madi,4,0.0,0.75,0.75,0.25,0.5,False,medium
Positive,good movie. re realse sir.,5,0.0,0.2,0.2,0.8,0.4,False,medium
unknown state,Nan nodidini mobile li,4,0.0,0.25,0.25,0.75,0.5,False,medium
Mixed feelings,Sorry ..nFilm thetarally  nododakkagta ella..nEnadruu theatar open adre nan nija hogtini ..matte friendsnu karkondu hogtini .,16,0.0,0.7333,0.7333,0.2667,0.5333,False,medium
Mixed feelings,Movie super and climax chapper,5,0.0,0.2,0.2,0.8,0.4,False,medium
Negative,Proper promotion maadila sir,4,0.0,0.25,0.25,0.75,0.5,False,medium
unknown state,Please movie na re release madi,6,0.0,0.1667,0.1667,0.8333,0.3333,False,medium
Negative,Naa innomme e movie naodalla  avanajji eradu dina aytu hale hudgi nenapagi uta illa nidde illa sayotara annistide,18,0.0,0.7778,0.7778,0.2222,0.4444,False,medium
Positive,Pakka movie channagirutte..nN suspense movie for sure,7,0.0,0.2857,0.2857,0.7143,0.5714,False,medium
Negative,Y boss yaro sade,4,0.0,0.25,0.25,0.75,0.5,False,medium
unknown state,@christ anil nimmappa alvenro,4,0.0,0.75,0.75,0.25,0.5,False,medium
Positive,Prajwal devaraj looks sooooo handsome in ANANTHU VS NUSRUTH kannada movie,11,0.0,0.2857,0.2857,0.7143,0.5714,False,medium
unknown state,Soori anba song nodi bandavru  like maadi,7,0.0,0.7143,0.7143,0.2857,0.5714,False,medium
not-Kannada,Prajwal look is different,4,0.0,0.25,0.25,0.75,0.5,False,medium
Positive,Curiousity thumba jaasthi aagthide bega release maddri,7,0.0,0.8571,0.8571,0.1429,0.2857,False,medium
Positive,ಚಾಲೆಂಜಿಂಗ್ ಸ್ಟಾರ್ ದರ್ಶನ್ ಅಭಿಮಾನಿಗಳ ಕಡೆಯಿಂದ All the best......,8,0.8333,0.0,0.8333,0.1667,0.3333,False,medium
Positive,Remake ಮಾಡಿ hit ಕೊಡೊಕೆ ಇದು 2010 ಅಲ್ಲ.n2020 Swamake ಮಾಡಿ ಖಂಡಿತ hit ಕೊಡುತ್ತೆ.nಗೆಳೆಯ ಅಂತ ಸಿನಿಮಾಗಳು ಮಾಡಿ,15,0.7692,0.0,0.7692,0.2308,0.4615,False,medium
Mixed feelings,Idu remake alla kanappa,4,0.0,0.75,0.75,0.25,0.5,False,medium
Positive,God bless prajju sir,4,0.0,0.25,0.25,0.75,0.5,False,medium
Negative,Lucchan Tara para basheyavra thika nekkbardu ashte Alva guru,9,0.0,0.8571,0.8571,0.1429,0.2857,False,medium
Negative,@ಕಿಚ್ಚನ ಹಾವಳಿ astu cheepalla bido nimtara 60cr above madide pailwan kurukshetra 100cr collection madide,14,0.1667,0.6667,0.8333,0.1667,0.3333,False,medium
Mixed feelings,@ಕಿಚ್ಚನ ಹಾವಳಿ book my show Alli pailwan 16cr kurukshetra 28cr madide nodo amele maatadu yavdu jaasti collection madide anta,19,0.125,0.625,0.75,0.25,0.5,False,medium
unknown state,@d boss mania Yegurkollale cake cutting puk,7,0.0,0.1667,0.1667,0.8333,0.3333,False,medium
Negative,@MADHU S B ಪಕ್ಕಾ ಹೇಳ್ದೆ ಗುರು.... ಈ ಗೂಬಾಡ್ ನನ್ಮಕ್ಳು,9,0.6667,0.1111,0.7778,0.2222,0.4444,False,medium
unknown state,Bro....ii movie online nalli elli sigutte....or TV yalli yavaga haktare......plzzzzzzzzz helu,11,0.0,0.7143,0.7143,0.2857,0.5714,False,medium
Positive,Sir navu kannadadavru #asn moviena nale release madidru nodthivi.... #Kgf rangeGe bere bhashelu promote madi modlu...Kannadadallanthu % hit,18,0.0,0.7333,0.7333,0.2667,0.5333,False,medium
not-Kannada,Where is hindhi song plz upload  hi dhi version,9,0.0,0.2222,0.2222,0.7778,0.4444,False,medium
unknown state,Next shankar nag boss,4,0.0,0.25,0.25,0.75,0.5,False,medium
Mixed feelings,Bro ನೀವು ಯಾವ ಗೇಮ್  ಅಡ್ತ ಇರೋದು,6,0.8333,0.0,0.8333,0.1667,0.3333,False,medium
Positive,Full rada rada macha henge navu,6,0.0,0.8333,0.8333,0.1667,0.3333,False,medium
Positive,Guru nin yelli adru tagondi roast madodu bidbeda ninge bekadre kaalige biltini,12,0.0,0.8333,0.8333,0.1667,0.3333,False,medium
Positive,Super song bro tik tok virus ban full happy,9,0.0,0.2222,0.2222,0.7778,0.4444,False,medium
Positive,Sister ಹಾಗೆಲ್ಲ ಮಾಡಲ್ಲ ನಾವು ಯಾರಾದರೂ ತಪ್ಪು ಮಾಡ್ತಿದ್ದೀರೆ ಅಂದಾಗ ಅವರನ್ನ roast ಮಾಡ್ತಿವಿ ಅಷ್ಟೇ.. ಅದು entertainmentಗೆ ಅಷ್ಟೇ.. ತುಂಬಾ ಧನ್ಯದಗಳು ಹೀಗೆ support ಮಾಡ್ತೀರಿ,20,0.85,0.0,0.85,0.15,0.3,False,medium
Positive,Super Guru  tiktok ban I'm real happy,7,0.0,0.2,0.2,0.8,0.4,False,medium
Negative,Tiktokers present situation... nನೋಡುವವರು ಯಾರು ನಮ್ಮ ವೀಡಿಯೋನೂ,7,0.6667,0.1667,0.8333,0.1667,0.3333,False,medium
Positive,Tik tok banu nan kicha Sudeep fanu egide  comment madi,10,0.0,0.7778,0.7778,0.2222,0.4444,False,medium
Negative,1 min silence for tiktokers,5,0.0,0.25,0.25,0.75,0.5,False,medium
Negative,One minute silence for tiktokers 🤣🤣,6,0.0,0.2,0.2,0.8,0.4,False,medium
Positive,Nam salwagi kadiyali eddu kasta padtare army dauaru  but ewrige tiktok du hatide thunima  India dali edre India jana hage erli thoo nima chanagi matadiya anna tq,27,0.0,0.76,0.76,0.24,0.48,False,medium
Positive,Super bro.........yen roast madtiya bro ....,6,0.0,0.25,0.25,0.75,0.5,False,medium
Negative,Tik tok nan shataa🤣🤣,4,0.0,0.75,0.75,0.25,0.5,False,medium
unknown state,Super Anna. Neev helid Matu 100% nija. Onedu Matalu oned artayide.,11,0.0,0.8,0.8,0.2,0.4,False,medium
Mixed feelings,Bro niu videos dali torso gems name yanu,8,0.0,0.25,0.25,0.75,0.5,False,medium
Positive,nimm mathu  saryagi heliddira super,5,0.0,0.8,0.8,0.2,0.4,False,medium
Positive,ಬಿಂದು ಗೆ ಹೂಡಿ ಮೇಟ್ನಗೆ...ಟಿಕ್ಟಾಕ್ ಗೆ ಹುಟ್ಟಿದ್ದುಅನ್ನೂಗೆ ಹೇಳ್ತ್ತಳೆ....ಸೂಪರ್ ಗೆ ವಿಡಿಯೋ ಮಾಡಿದ್ದಿಯಾ ಗುರು...i love india,13,0.8462,0.0,0.8462,0.1538,0.3077,False,medium
Positive,Anna tumba channag madtiraa.. Super,5,0.0,0.75,0.75,0.25,0.5,False,medium
Positive,corrcet aghi baydidira doddhu hero thara adthare thu....,8,0.0,0.8571,0.8571,0.1429,0.2857,False,medium
Positive,Nijavaglu kannadiga agiddakke hemme agtide guru,6,0.0,0.8333,0.8333,0.1667,0.3333,False,medium
Positive,Bro niv sarige helidri,4,0.0,0.75,0.75,0.25,0.5,False,medium
Mixed feelings,Sir nevu Mele bande bartiraa Neman tuldavru nem kaladi bartare aga nem time,13,0.0,0.8182,0.8182,0.1818,0.3636,False,medium
Positive,I lv u sir,4,0.0,0.25,0.25,0.75,0.5,False,medium
Positive,Badukina vastavakke hattiravada matugalu... Olledagli sir,6,0.0,0.75,0.75,0.25,0.5,False,medium
Positive,Plz dayvitto Kannada Film industry yali ivrgge Film gallali chence koddi yappa,12,0.0,0.7778,0.7778,0.2222,0.4444,False,medium
Mixed feelings,Devre olle avrge yak kasta kodtiya,6,0.0,0.8333,0.8333,0.1667,0.3333,False,medium
not-Kannada,Trueley fact true man love you sir,7,0.0,0.1429,0.1429,0.8571,0.2857,False,medium
Negative,Huchha venkat sene innu jeevantha ide...bhaya padbeda sir,8,0.0,0.8571,0.8571,0.1429,0.2857,False,medium
Positive,Sir ನಿಮ್ಮ ಮಾತು 100 ಕ್ಕೆ ೧೦೦% ಸತ್ಯ..,7,0.8333,0.0,0.8333,0.1667,0.3333,False,medium
not-Kannada,Film industri is west so,5,0.0,0.2,0.2,0.8,0.4,False,medium
Positive,Nim maathugalu thumba esta aaythu sir,6,0.0,0.8333,0.8333,0.1667,0.3333,False,medium
Positive,Hi sir supnHasage  eddastu kalu chachu  nAnno gadae evattu nim nudigalu gottyatyu sirnUr grate sir,15,0.0,0.7333,0.7333,0.2667,0.5333,False,medium
Positive,Nim yella maathu nam prathidina jeevana dalli bekadudhe. nnivu genuine,10,0.0,0.8,0.8,0.2,0.4,False,medium
Positive,Nim bagge nanu kai hetthi mugithini shankar ashwath sir,9,0.0,0.8889,0.8889,0.1111,0.2222,False,medium
Positive,Sir nimmana nodtidre ashwth sirna nodadhaste kushi aaguthe Sir,9,0.0,0.875,0.875,0.125,0.25,False,medium
unknown state,sir nimmannu naanu 1st nodiddu Manethana  annuva 2.30 serial nalli sir...20 years before sir...but adra nanthara evagle nodtha erudu sir...,20,0.0,0.7143,0.7143,0.2857,0.5714,False,medium
Positive,Sir dasara habbada shubashayagalu,4,0.0,0.75,0.75,0.25,0.5,False,medium
Negative,Yavano avn bosudk unlike madiddu,5,0.0,0.8,0.8,0.2,0.4,False,medium
Positive,ಯೇ ಇವ್ರೇನೋ ಮಾಡ್ತಾರ್ ಕಣ್ರಪಡಬ್ಬಾ ಮೂವಿ ಮಾಡಿ ಮಾತುಮಾತಿಗೂ ನಮ್ ಮೂವಿ different different ಅನ್ನೋರ್ಗೆ ಈ ಮೂವಿ ನೋಡಿ ಜ್ಞಾನೋದಯ ಆಗ್ಬೇಕು...ಇದು ಗೆಲ್ಲುತ್ತೋ ಇಲ್ವೋ ಗೊತ್ತಿಲ್ಲ but ಇತಿಹಾಸ ಬರೆಯೋದು guarantee,24,0.8333,0.0,0.8333,0.1667,0.3333,False,medium
not-Kannada,@Syed Akbar even KGF had songs,6,0.0,0.25,0.25,0.75,0.5,False,medium
Mixed feelings,.evrytime u watch u will get different feelings dat s da power f asn,14,0.0,0.1429,0.1429,0.8571,0.2857,False,medium
Positive,Ultimate bgm fantastic song,4,0.0,0.25,0.25,0.75,0.5,False,medium
Negative,est movie li ede tara ede  same scenes.,8,0.0,0.25,0.25,0.75,0.5,False,medium
Positive,En guru song idu awesome steps are just amazing,9,0.0,0.2222,0.2222,0.7778,0.4444,False,medium
Positive,Super Sir songs kicchaa big boss fan,7,0.0,0.1667,0.1667,0.8333,0.3333,False,medium
Negative,Like goskara ivella beka 🤦‍,5,0.0,0.75,0.75,0.25,0.5,False,medium
Positive,BGM yav Hollywood gu kammi illa. Amazing song,8,0.0,0.8333,0.8333,0.1667,0.3333,False,medium
Positive,ಮಗ ನಿನ್ ಪ್ರಾಸಬದ್ಧ ನಿರೂಪಣೆ ಗೆ ಫಿದಾ ಆಗೋದೇ new subscribe ಮಗ ಸುಪರ್ಬ್,11,0.8182,0.0,0.8182,0.1818,0.3636,False,medium
Positive,Adre niv suprb bro,4,0.0,0.75,0.75,0.25,0.5,False,medium
not-Kannada,Super ck. Ur voice ur content........,6,0.0,0.25,0.25,0.75,0.5,False,medium
Negative,Looo bolee makla tiktokersnSule Galla India du economy jasthe madeee adree nkn china du madtheraaa nBole makla Nim na hang madbeku n Tiktokers nChina du spoons ninunBole maklla Sule mundee galan,31,0.0,0.7391,0.7391,0.2609,0.5217,False,medium
Negative,Ho guru adu pubg alla  adu yav game antha modlu thilko ninu,12,0.0,0.75,0.75,0.25,0.5,False,medium
Positive,ಏನ್  ಪ್ರಾಸ  ಗುರು  ನಿಂದು 🤣nNkn deng devru madu tiktok na,10,0.4,0.4,0.8,0.2,0.4,False,medium
Negative,Bindu gowda  ನಿನಗೆ ಹೇಳ್ತಿನಿ ಕೇಳು tiktok ಮಾಲೀಕ ನಿಂಮತವರಿಗೆ ಅಂತಾನೆ ಈ app ಮಾಡಿದ್ದಾನೆ ಕೆಲಸ ಇಲ್ಲದೆ ಕಾಲಿ ಇರೋರಿಗೆ ಅಂತ ನಮ್ಮ ದೇಶಕ್ಕೊಸ್ಕರ ಒಂದ app delete ಮಾಡೋಕೆ ಆಗಲ್ಲ ಅಂದ್ರೆ ನಿನಗೆ ತೂ,27,0.7778,0.1111,0.8889,0.1111,0.2222,False,medium
Negative,ಅಯ್ಯೇೂ ಅಲ್ಲು ಮಾಡ್ತಾರೆ tic toc  ನ,6,0.6667,0.1667,0.8333,0.1667,0.3333,False,medium
Positive,Haage madidre nam India dalli ketta kasa eralla anna,9,0.0,0.75,0.75,0.25,0.5,False,medium
Mixed feelings,Istu helidru innu tik tok ge support madoru manushyare alla nArta madkoli pls pls,14,0.0,0.7143,0.7143,0.2857,0.5714,False,medium
Negative,Tiktok uninstall madodakku modlu ee changlu nan maklanna modlu desha dinda delete madbeku Guru,14,0.0,0.7692,0.7692,0.2308,0.4615,False,medium
Negative,Yake avru uninstall madak hinde munde  nodtidare  andre.   Avrige  amount bartide  ansutte tiktok enda,14,0.0,0.7692,0.7692,0.2308,0.4615,False,medium
Positive,Superb chennag heludri frnd🤣🤣Nam hatra tik tok app illa,9,0.0,0.7778,0.7778,0.2222,0.4444,False,medium
Positive,Desha modlu pls ban agbeku tik tok,7,0.0,0.7143,0.7143,0.2857,0.5714,False,medium
Positive,NKN tiktok ban agbeku aste,5,0.0,0.8,0.8,0.2,0.4,False,medium
Negative,ಕಕ್ಕ ಮಾಡ್ಕೊಳ್ಳೋಕೆ ಬಂದ್ ಬಿಟ್ಟಿದ್ದಿಯ  ಇಷ್ಟೆಲ್ಲ ಹೇಳಿಕೂಡ chinaದು use ಮಾಡಲ್ಲ ನಾನ್ ಹೇಳಿರೋದು apps ಬಗ್ಗೆ ಕಣೋ products ಬಗ್ಗೆ ಅಲ್ಲ...ಮಾಡಿರೋ ಕಕ್ಕನ ತೊಳ್ಕೊಂಡು ಮನೆಗೆ ಹೋಗು,21,0.8571,0.0,0.8571,0.1429,0.2857,False,medium
Negative,Anna nim e vedio nodinu mathe chaina apps use madidre...nijakku avru maryade  swabhiman ildoru bharatha dalli irbardu ....antavrnella nimhange maryade thegibeku.....,21,0.0,0.7778,0.7778,0.2222,0.4444,False,medium
Positive,Bro nim videos delete agalla bedi  bro don't worry do videos bro,12,0.0,0.25,0.25,0.75,0.5,False,medium
not-Kannada,Bro game name plss,4,0.0,0.25,0.25,0.75,0.5,False,medium
Positive,Say say say sayta,4,0.0,0.25,0.25,0.75,0.5,False,medium
Negative,Nija heliddiya guru.nEvr mane yaradru bordernalli sattidre gottagodu.,8,0.0,0.875,0.875,0.125,0.25,False,medium
Positive,Sai Kumar diolauge anthu benki bro,6,0.0,0.8,0.8,0.2,0.4,False,medium
not-Kannada,Osam bro big fan,4,0.0,0.25,0.25,0.75,0.5,False,medium
Positive,Thankz bro ದೊಡ್ಡ ಮಾತು,4,0.5,0.25,0.75,0.25,0.5,False,medium
Negative,Madona bro kanditha yarannau bidodu beda..,6,0.0,0.8333,0.8333,0.1667,0.3333,False,medium
Negative,Sule magne nin maneli yava china product ilva,8,0.0,0.75,0.75,0.25,0.5,False,medium
Positive,Nice bro ... Nanu ella China apps delete madidini,9,0.0,0.1667,0.1667,0.8333,0.3333,False,medium
Negative,Hahaha sisya yavano nin mobile hegrisidane antha kansutte hahahaha...,9,0.0,0.875,0.875,0.125,0.25,False,medium
Positive,ಕಾಯಕವೇ ಕೈಲಾಸ ಎಂಬ ತತ್ವವನ್ನು ಪಾಲಿಸುತ್ತಿರುವ ಕಲಿಯುಗದ ಮನುಷ್ಯ ಮತ್ತು sir ನಾನು ನಿಮ್ಮ ತಂದೆ k s ಅಶ್ವತ್ಥ್ ಸರ್ ಅವರ ಅಭಿಮಾನಿ,18,0.8333,0.0,0.8333,0.1667,0.3333,False,medium
Mixed feelings,Sar bedi duty madali taraget Miss agote.....?,7,0.0,0.8,0.8,0.2,0.4,False,medium
not-Kannada,Sar good Ur so good,5,0.0,0.25,0.25,0.75,0.5,False,medium
Positive,Sakat swabhimani sir nivu,4,0.0,0.75,0.75,0.25,0.5,False,medium
Positive,Dignity of labour... ಭಾರತದಲ್ಲಿ ಇಲ್ಲ... ಅದನ್ನು ಭಾರತೀಯರು ಬೆಳೆಸಿಕೊಳ್ಳಬೇಕು,8,0.7143,0.0,0.7143,0.2857,0.5714,False,medium
Negative,Neen yaro psyko irbeku adike hinge mathad tha idiya,9,0.0,0.8889,0.8889,0.1111,0.2222,False,medium
Positive,Nim maatu odhi kannalli neer bantu bro,7,0.0,0.7143,0.7143,0.2857,0.5714,False,medium
Positive,Togir tippa sotre super,4,0.0,0.75,0.75,0.25,0.5,False,medium
Positive,40 varsha ende keliddu story evaga shanthosha aagta ede,9,0.0,0.875,0.875,0.125,0.25,False,medium
Positive,Nanna ballya jivana nenap aytu thanks aswini adio,8,0.0,0.875,0.875,0.125,0.25,False,medium
Positive,Super nakka nakka saakayatu,4,0.0,0.75,0.75,0.25,0.5,False,medium
Positive,Div movie nodi thumba kushi aithu yakandre hen maklu jevanke atharavada movie thumba adbuthavagithu dia ond  sala nodidini bt  nange e movie na mathe mathe nodbeku anthasuthe. Nanganthu yala movie ista bt  dia thumba special yakae hege antha helodik agthila asta aithu sundravada love Thai preethi  2 hero's  obrg ibru kami illa dia nodvag kushi aithu prithi helthare anvaga kalkondru mathe bere  sambanda besadaga hale prethinali priiithi India duragi mathe bandy mathe kalkonda aa  ondu nimsha jeva kaldoithu bt  gene idru I love dia,84,0.0,0.7975,0.7975,0.2025,0.4051,False,medium
Negative,We kannadigas have killed a good movie,7,0.0,0.1429,0.1429,0.8571,0.2857,False,medium
Mixed feelings,Nanu iga bekantale ...alisoke bande shakuntale ....mis u poo,9,0.0,0.8571,0.8571,0.1429,0.2857,False,medium
Positive,Life Alli esto movie nodidivi adre diya movie astu yavdu  ista agtilla. Diya nodid mele love madbeku,17,0.0,0.7333,0.7333,0.2667,0.5333,False,medium
Positive,Lockdown mugili relise madi bartivi sir,6,0.0,0.8333,0.8333,0.1667,0.3333,False,medium
Mixed feelings,Origin...but grown up in kapu..nimge kannada barutta wow.,8,0.0,0.2857,0.2857,0.7143,0.5714,False,medium
Negative,Yakandre sariyagi promotion madilla,4,0.0,0.75,0.75,0.25,0.5,False,medium
not-Kannada,Tamil fan super movid,4,0.0,0.25,0.25,0.75,0.5,False,medium
Positive,Exlent movie my favorite movie,5,0.0,0.2,0.2,0.8,0.4,False,medium
Positive,Dia movie is super,4,0.0,0.25,0.25,0.75,0.5,False,medium
Mixed feelings,ಸರ್ ದಯವಿಟ್ಟು Red FM ನಲ್ಲಿ  ನಿಮ್ಮ ಹೆಸರು ಏನಿತ್ತು ಹೇಳಿ....ನಾನು Red FM ಯಾವತ್ತೂ ಕೇಳ್ತೀನಿ....n ನಾಗರಾಜ್ or ವರುಣ್ ???n    Pls Admin let me know....,22,0.7857,0.0,0.7857,0.2143,0.4286,False,medium
Negative,Nimge interview madoke bere jaga sekilwa 🤦,7,0.0,0.8333,0.8333,0.1667,0.3333,False,medium
Negative,Heroine ge jamba ella,4,0.0,0.25,0.25,0.75,0.5,False,medium
Negative,Sir. Movie bagge eradu matilla. Adre ivatu multiplex jasti agi bittive. Rate kooda bhayankara. Ondu nominal price idre hogbahudu. Tumba janru kooda primenalli,23,0.0,0.7778,0.7778,0.2222,0.4444,False,medium
Positive,I like u aadhi,4,0.0,0.25,0.25,0.75,0.5,False,medium
Positive,Dia mathu adhi e chitrada aathmagalu yakandre,7,0.0,0.8571,0.8571,0.1429,0.2857,False,medium
Negative,jeevanadalli navu chenagiddaga baro sambandakkinta navu novinnali eddaga Namma na a novinninda ache baro hage maduva sambandakke bele kodbeku so ninge ega arta aytu ankotini,25,0.0,0.8333,0.8333,0.1667,0.3333,False,medium
Negative,ನನಗೆ ಕಾಣುವ ಒಂದೇ ತಪ್ಪು...... publicity ಮಾಡದೇ ಇದ್ದದ್ದು. ....,8,0.8571,0.0,0.8571,0.1429,0.2857,False,medium
Positive,Nice movie.. deekshit super,4,0.0,0.25,0.25,0.75,0.5,False,medium
Mixed feelings,ಜನ ಯಾಕೆ ಥಿಯೇಟರ್ ಗೆ ಬರ್ತಿಲ್ಲ ಅಂದ್ರೆ piracy ಫೋನ್ ಅಲ್ಲೇ movie ಸಿಗುತ್ತೆ ಮತ್ಯಾಕೆ ಥಿಯೇಟರ್ ಗೆ ಹೋಗೋದು ಅಂತ ಬರೋಲ್ಲ ಜನ,18,0.8889,0.0,0.8889,0.1111,0.2222,False,medium
Negative,Bari sokuda film marre,4,0.0,0.75,0.75,0.25,0.5,False,medium
Positive,Superb movie I love diya,5,0.0,0.2,0.2,0.8,0.4,False,medium
Positive,i love you dia,4,0.0,0.25,0.25,0.75,0.5,False,medium
Positive,Creative  ಕಿಲಾಡಿ ಗುರು ನೀನು ಸೂಪರ್,5,0.8,0.0,0.8,0.2,0.4,False,medium
not-Kannada,Dost excellent video good no one video,7,0.0,0.1429,0.1429,0.8571,0.2857,False,medium
not-Kannada,O my god supero super,5,0.0,0.2,0.2,0.8,0.4,False,medium
Positive,ಸೂಪರ್ ಸೂಪರ್ ಸೂಪರ್ ಫ್ಯಾನ್ ಆಗೋದೇ bro ನಿಮಗೆ,7,0.8571,0.0,0.8571,0.1429,0.2857,False,medium
Negative,Ivrella nijvaglu nam Indian anta ansutte anna yappa istu himse kodtidru tiktok antidaralla yappa nijvaglu ivnella nijvaglu aaisbeku,18,0.0,0.8824,0.8824,0.1176,0.2353,False,medium
Positive,astena sir innu sawlpa chanagi hellbekithu tik tok kalli galige super guru,12,0.0,0.75,0.75,0.25,0.5,False,medium
Positive,Yen helda guru super,4,0.0,0.25,0.25,0.75,0.5,False,medium
Negative,Koltogiro kobrimitayi mukdloge edkond degtin bro,6,0.0,0.8333,0.8333,0.1667,0.3333,False,medium
Positive,Haaa nivu super bro i am big fan your voice  ....,11,0.0,0.1111,0.1111,0.8889,0.2222,False,medium
Positive,Neva ado game nema,4,0.0,0.25,0.25,0.75,0.5,False,medium
Negative,Bindu nu china breed may be,6,0.0,0.1667,0.1667,0.8333,0.3333,False,medium
Negative,China apps ಯಾಕೆ ಬ್ಯಾನ್ ಮಾಡಬೇಕು ಅಂತ ಹೇಳುವವರಿಗೆ  ಚಪ್ಪಲಿಯಲ್ಲಿ ಹೋಡೆದು ಬುದ್ಧಿ ಕಲಿಸಬೇಕು .,12,0.8182,0.0,0.8182,0.1818,0.3636,False,medium
Negative,E bevrcgal maneli yavandru sathidre sari erodu,7,0.0,0.7143,0.7143,0.2857,0.5714,False,medium
Negative,Chindi broiiii e munde maklige naman desha bakthi kammi sayor yelo saythare e bevrcgalige tiktok mukya anthe,17,0.0,0.875,0.875,0.125,0.25,False,medium
unknown state,Ban agoithalla bro Inna yenidhru tamte saddhu yerd steppu  ashte,10,0.0,0.7778,0.7778,0.2222,0.4444,False,medium
Positive,Super sir yentha mathu nivu sir nijavada tik tok bagge thilekondirodu,11,0.0,0.7273,0.7273,0.2727,0.5455,False,medium
Negative,Inta kithhodda Sule Maklige tiktok ban Agedu olled aithu,9,0.0,0.8333,0.8333,0.1667,0.3333,False,medium
not-Kannada,I never expect a Kannadiga troll like. I am Impressed so I liked it. Keep rocking. jai hind jai karnataka,20,0.0,0.1765,0.1765,0.8235,0.3529,False,medium
Positive,Neev mado pratiyond videos galu mukake ekda tegdu oddag irutte bidi bro and nim voicenim big fan agbitidivi bro......,19,0.0,0.7222,0.7222,0.2778,0.5556,False,medium
Positive,Anna nenu super super Anna,5,0.0,0.25,0.25,0.75,0.5,False,medium
unknown state,Please sir Tik tak bide,5,0.0,0.25,0.25,0.75,0.5,False,medium
Positive,ನಿಮ್ಮ ಸ್ವಾಭಿಮಾನದ ಜೀವನಕ್ಕೆ Hats off,5,0.75,0.0,0.75,0.25,0.5,False,medium
not-Kannada,Geret oumaanniere warold if shankar aswata,6,0.0,0.8333,0.8333,0.1667,0.3333,False,medium
Positive,Drivergalu yavttidru king  proud of my job,7,0.0,0.2857,0.2857,0.7143,0.5714,False,medium
Positive,Naavu maduvakelasa Namma athmabhimanakke dakke baradanthe badukuvude hemmepadabekada vishayaviddare Hat's off you congratulations,13,0.0,0.7273,0.7273,0.2727,0.5455,False,medium
Positive,Edu edu kannada industry... Olle kalavidrige,6,0.0,0.75,0.75,0.25,0.5,False,medium
Positive,ನಿಜವಾದ ಹೀರೋ ನೀವು sir ಸ್ವಾಭಿಮಾನದ ಗುರು ನೀವು,7,0.8571,0.0,0.8571,0.1429,0.2857,False,medium
Positive,Matte film ge banni sir,5,0.0,0.2,0.2,0.8,0.4,False,medium
Negative,Loo Nim Makha muccha e Video gu Dislike yenro nim Hendti Munde Haga avr character Nodi kaliro life Andre yenu antha thu nanmakla,23,0.0,0.7857,0.7857,0.2143,0.4286,False,medium
Positive,Your are great man ದೇವರು ಚೇನಗೀ.ಇಟ್ಟಿರಿಲ್ಲಿ wonder full man,9,0.2222,0.0,0.2222,0.7778,0.4444,False,medium
unknown state,Shankar sir moulyayutha nudigalu,4,0.0,0.75,0.75,0.25,0.5,False,medium
Positive,Sara super Nivu holleya kalaviddaru Sara Nivu nuraru varusa chanagiri,10,0.0,0.7143,0.7143,0.2857,0.5714,False,medium
Positive,sir yarige yaru agolla appa amma Na biture Sir olle mathugallu,11,0.0,0.8889,0.8889,0.1111,0.2222,False,medium
Positive,Sir nanu thumba chikkavanu adru harsthini sir naa bhagavantha nimna haraisali,11,0.0,0.8182,0.8182,0.1818,0.3636,False,medium
Positive,Ashwath ge Ashwathe saati nAntha Mahaan Natarige Nanndondu Doodda Salaam,10,0.0,0.75,0.75,0.25,0.5,False,medium
Positive,Yenelbeko gothagtilla nim swabimanakke ondu Salam sir,7,0.0,0.8333,0.8333,0.1667,0.3333,False,medium
Negative,Alla inta olle video gu dislike madtaralva avrige manaviyate manushyatva olle guna kuda illa ansutte.....enta swabhimani vyakti weekness na kuda strenth agi madkond swabhimani agi jeevna madtidaralva great sir....,29,0.0,0.8519,0.8519,0.1481,0.2963,False,medium
Positive,Sir Nimage devru nimjote erta,5,0.0,0.75,0.75,0.25,0.5,False,medium
Positive,Hats off sir nim Swabhimana and karya nishtege thumba Santhosha agutte sir nimg olle arogya success kodli antha devralli bedkothivi Munde niv natiso Ella cinemagalu uttama pradarshana padiyali,28,0.0,0.75,0.75,0.25,0.5,False,medium
Negative,Tumba kalaavidara gati ide. Kalege bele illa. Ashwath Awara family ge ee thara aagbaardittu.,14,0.0,0.7273,0.7273,0.2727,0.5455,False,medium
Negative,Hats off to u sir...nMosa madi tinno Pizzaginta Niyattagi dudidu tinno ragi nalli eshto aanda erutte jeevandalli..,17,0.0,0.7143,0.7143,0.2857,0.5714,False,medium
Negative,ASN release in nKannada-Dec 27nTelugu-Jan 1stnTamil& Malayalam-Jan 3rdnHindi-jan16thnnAstaralli Ella mobile nalli nodi Mugsirtaare aaga release Maadi Aden record Create maadtaro?n300 koti Beku anta Tweet maadidre saaladu ondu cinemana Janagalige Yav reethi Talupisodu anta gottirbeku.... Kurukshetra ide reethi Promotion ilde haalagi hoytu...Innoo idunnoo hange maadtidaare,44,0.0,0.7692,0.7692,0.2308,0.4615,False,medium
Positive,Hwdu guru alredy 30 sala nodidini,6,0.0,0.8,0.8,0.2,0.4,False,medium
Positive,Nenne bigboss nalli chandan same step maadudru..,7,0.0,0.7143,0.7143,0.2857,0.5714,False,medium
unknown state,@anirudh 8 mostly avru Ee film nalli iddare anusutte,9,0.0,0.7143,0.7143,0.2857,0.5714,False,medium
Positive,ಅದ್ಭುತವಾದ ಸಂಗೀತ ಆದ್ರೆ ಸುಮಾರಾಗಿದೆ lyrics,5,0.8,0.0,0.8,0.2,0.4,False,medium
Positive,Namma janakke innu idara liric arta agilla.good music extraordinary liric.,10,0.0,0.8,0.8,0.2,0.4,False,medium
Positive,Entha savu marre idu nExam Alli ans nepagalla  1line bardu 2nd line baribekidre ide song barutte,16,0.0,0.7692,0.7692,0.2308,0.4615,False,medium
unknown state,All hands up nAnd one like,6,0.0,0.1667,0.1667,0.8333,0.3333,False,medium
Positive,ಹೊಸ ಇತಿಹಾಸ ಸೃಷ್ಟಿಸಿದ ಸಿನಿಮಾಗಳ ಸಾಲಿಗೆ ಸೇರಲಿ . ..ಜೈ d boss,10,0.7778,0.0,0.7778,0.2222,0.4444,False,medium
Positive,Sir yella song video clips release maadi,7,0.0,0.2857,0.2857,0.7143,0.5714,False,medium
Positive,2nd time yaar nodtha ideera,5,0.0,0.75,0.75,0.25,0.5,False,medium
Positive,DOP and dance styles are lit,6,0.0,0.1667,0.1667,0.8333,0.3333,False,medium
Positive,Ajaneesh lokanatha sir nodiyo kaliyo arujuna janya,7,0.0,0.8571,0.8571,0.1429,0.2857,False,medium
Positive,But olle cinima gedde gellutte... ASN  🤘,7,0.0,0.75,0.75,0.25,0.5,False,medium
Negative,Bro valledu yarigu bega kaansodilla,5,0.0,0.8,0.8,0.2,0.4,False,medium
Positive,Pruthvi avara acting anthu nanna avarisikondu bittide .nanna friend helidda thayi sentimentalli avara acting nodi ninu emotional agthiya nodu antha.adre nanu nanu aagalla andidde.adre aa scene nodbittu nanu ankonde. evarige national award kodbeku antha.,34,0.0,0.7647,0.7647,0.2353,0.4706,False,medium
Negative,ಚಿತ್ರದ climax ಏ.... ಚಿತ್ರವನ್ನು ಮಂಕಾಗಿಸಿದೆ,5,0.8,0.0,0.8,0.2,0.4,False,medium
Mixed feelings,@nageshwar nagu mungaru male khaali odtirlilla 50℅ prekshakaru bartidru 3rd week nantra 100℅ adru,14,0.0,0.8182,0.8182,0.1818,0.3636,False,medium
Negative,@nageshwar nagu ನಾನು ಹೇಳ್ತಿರೋದು ಇಷ್ಟೇ ಥಿಯೇಟರ್ ಅಲ್ಲೂ ನೋಡಲ್ಲ atleast ಮೊಬೈಲ್ ಆದ್ರು amazon ಅಲ್ಲಿ ನಿಯತ್ತಾಗಿ ನೋಡಿ nPiracy telegram ಅಲ್ಲಿ ನೋಡ್ಬೇಡಿ ಅಂತಾ,20,0.7,0.2,0.9,0.1,0.2,False,medium
unknown state,Account details kodi sir.... Love you  love you  love you,10,0.0,0.125,0.125,0.875,0.25,False,medium
Positive,Adhi... Sprb acting. Olle avakashagalu sigli nimge. Idi team gu olled agli,12,0.0,0.75,0.75,0.25,0.5,False,medium
unknown state,Nanu 14 sala nodidha movie idhu,6,0.0,0.8,0.8,0.2,0.4,False,medium
Positive,diya best movie in kannada. what a acting superb <3,10,0.0,0.1111,0.1111,0.8889,0.2222,False,medium
Positive,I love you dia,4,0.0,0.25,0.25,0.75,0.5,False,medium
Negative,nachike agtide nange enthado dod dod heros movi chennagildiddruu  odtave,10,0.0,0.9,0.9,0.1,0.2,False,medium
Positive,Re release maadi movie na... Super movie,7,0.0,0.2,0.2,0.8,0.4,False,medium
Negative,Nange bahala novaytu nannamele yakandre nanu  Diyaa moviena thetoralli nodilla adakke please realise onse again nanu nodtin Mathe janru nodtare please,21,0.0,0.8421,0.8421,0.1579,0.3158,False,medium
Positive,Really ... Diya Karnataka crush agbitidare... Nija taane...? Love u diya,11,0.0,0.25,0.25,0.75,0.5,False,medium
unknown state,Nanu yash sudeep darshan appu cinema bittu yardu nodalla,9,0.0,0.8889,0.8889,0.1111,0.2222,False,medium
Positive,ಸಾರ್ ನಿಮ್ಮ film ಸೊತಿಲ್ಲ....nಜನರೆಲ್ಲಾ ಮೆಚ್ಚುಗೆ ವ್ಯಕ್ತಪಡಿಸಿದ್ದಾರೆ..,6,0.8333,0.0,0.8333,0.1667,0.3333,False,medium
Positive,Diya sandalwood new queen.,4,0.0,0.25,0.25,0.75,0.5,False,medium
Negative,Inta Best Movie na Theatre nalli nodakaglilla ade bejaru,9,0.0,0.8333,0.8333,0.1667,0.3333,False,medium
Mixed feelings,ನಿರ್ಮಾಪಕರೇ ನಿಮ್ಮ ಅಕೌಂಟ್ ನಂಬರ್ ಕೊಡಿ ನಿಮ್ಮ account gge amount akabeku,10,0.6,0.2,0.8,0.2,0.4,False,medium
Positive,i love u ದಿಯಾ,4,0.25,0.0,0.25,0.75,0.5,False,medium
Positive,Plz rerelease movie again,4,0.0,0.25,0.25,0.75,0.5,False,medium
Negative,Kelave kelavu theatrenalli matra release agittu,6,0.0,0.8333,0.8333,0.1667,0.3333,False,medium
Positive,ರಶ್ಮಿಕ ಗಿಂತ ದಿಯಾ ಅವರ ನಟನೆ ತುಂಬಾ ಚೆನ್ನಾಗಿದೆ....film antuu super,9,0.7778,0.1111,0.8889,0.1111,0.2222,False,medium
Negative,Rashmika andre yaru guru nThukali sule edalala avle erboda,9,0.0,0.7778,0.7778,0.2222,0.4444,False,medium
Negative,Avlu lofar .....nan sister Diya papa amezon a to z super next relece I m going,16,0.0,0.2857,0.2857,0.7143,0.5714,False,medium
Positive,Super movie.yallaru hogi nodi,4,0.0,0.75,0.75,0.25,0.5,False,medium
Positive,Adre ivaga beda. Ee COVID-19 ella mugibeku,7,0.0,0.8,0.8,0.2,0.4,False,medium
Negative,Thu dabba movie sulemagand,4,0.0,0.75,0.75,0.25,0.5,False,medium
Positive,ಯಾವುದೇ holloywood ಮಟ್ಟಕ್ಕೂ ಕಮ್ಮಿ ಇಲ್ಲದಂತೆ ಬಂದಿರುವ ಹಾಡು ಮತ್ತು ಸಿನೆಮಾ ಗೆ ಒಂದು hands up,13,0.7692,0.0769,0.8462,0.1538,0.3077,False,medium
Negative,Solpa beat jor madbekagittu,4,0.0,0.75,0.75,0.25,0.5,False,medium
Mixed feelings,Idu charitre srushtiso avatara...n*A*S*N*nYar yaru movie nodi like agide,9,0.0,0.75,0.75,0.25,0.5,False,medium
Positive,Wwwwso Super rakshit boss nim name nange tumbanee ista hagee nim movinu istanee nnnnnn,14,0.0,0.8182,0.8182,0.1818,0.3636,False,medium
unknown state,@Sanju Sp adhu gun hesru,5,0.0,0.75,0.75,0.25,0.5,False,medium
unknown state,May be after hamsaleka,4,0.0,0.25,0.25,0.75,0.5,False,medium
Positive,All kannada fans hands up to avaneshrimath narayana keep rocking movie,11,0.0,0.1818,0.1818,0.8182,0.3636,False,medium
unknown state,Like for singer #vijayprakash,4,0.0,0.25,0.25,0.75,0.5,False,medium
unknown state,Rashmika n her fans,4,0.0,0.25,0.25,0.75,0.5,False,medium
Positive,ಎಲ್ಲರಿಗೂ ಹೊಸ ವರ್ಷದ ಹಾರ್ಧಿಕ ಶುಭಾಶಯಗಳು ಯಾರು 2020 ರಲ್ಲಿ ನೋಡ್ತಾ ಇದ್ದೀರಾ please like ಮಾಡಿ,13,0.8333,0.0,0.8333,0.1667,0.3333,False,medium
unknown state,Hidden details in trailer of ASNn,6,0.0,0.1667,0.1667,0.8333,0.3333,False,medium
Negative,Ajanish Loknath en music kottiddiya ಗುರು ಚಿಂದಿ,7,0.3333,0.5,0.8333,0.1667,0.3333,False,medium
Positive,Pakka! And KGF Chapter II ಇದಕ್ಕಿಂತ inna ದೊಡ್ಡ ರಾಜ್ಯ ನೇ ಕಟ್ಟುತ್ತೇ! Waiting for Asn & KGF II,17,0.625,0.25,0.875,0.125,0.25,False,medium
Negative,Kabja kannada samrajya nucchu noor madtade,6,0.0,0.8333,0.8333,0.1667,0.3333,False,medium
Positive,Idella yake Kannada Films Dodda samrajjya ne katbeku Dodda Charitrene Srusti madbeku anta helu....,14,0.0,0.8571,0.8571,0.1429,0.2857,False,medium
Positive,Chindi song  Vijay prakash fans hit like here,8,0.0,0.2857,0.2857,0.7143,0.5714,False,medium
Positive,Signature steps awesome...pakka...# tag agthe,5,0.0,0.25,0.25,0.75,0.5,False,medium
Positive,youtu.be/C3... nnಇದು ಚರಿತ್ರೆ ಸೃಷ್ಟಿಸೋ ಅವತಾರnಅವನೇ ಶ್ರೀಮನ್ ನಾರಾಯಣ nnHands up!! n#ASN,10,0.6667,0.2222,0.8889,0.1111,0.2222,False,medium
Negative,Yaru tension agbede yakandre dislike madiravru mindrika kadeyavru🤣,8,0.0,0.75,0.75,0.25,0.5,False,medium
Positive,Huchha Venkatsene west Indies... Al the best asn...,8,0.0,0.25,0.25,0.75,0.5,False,medium
Positive,Unlike ಮಾಡಿದವರು ರಶ್ಮಿಕಾ ಅಭಿಮಾನಿಗಳು....,4,0.75,0.0,0.75,0.25,0.5,False,medium
Positive,ಬಂದ ಬಂದ ಅವನೇ ಶ್ರೀಮನ್ನಾರಾಯಣnHands up,5,0.8,0.0,0.8,0.2,0.4,False,medium
Negative,Dislike from rashmika fans,4,0.0,0.25,0.25,0.75,0.5,False,medium
Positive,Edu charitre srustiso movie,4,0.0,0.75,0.75,0.25,0.5,False,medium
not-Kannada,Vere level  thinking sir,4,0.0,0.25,0.25,0.75,0.5,False,medium
Positive,super songnಜೈ ಕರ್ನಾಟಕ ಜೈ ಕನ್ನಡ,5,0.8,0.0,0.8,0.2,0.4,False,medium
Positive,ಇದು ಕನ್ನಡ ಚಿತ್ರರಂಗದ ಚರಿತ್ರೆ ಸೃಟಿಸೂ ಅವತಾರ ಯಾರ್ ಅವನು .......... (ಅವನೇ ಶ್ರೀಮನಾರಾಯಣ) All The Best D B055 fan,17,0.8333,0.0,0.8333,0.1667,0.3333,False,medium
Positive,@Kumara Kantirava nSame nInnu eno bekunnKgf song listen nEsto powerfull idennElla languagenna nAttract maadidenBut idu,15,0.0,0.8571,0.8571,0.1429,0.2857,False,medium
Positive,@Kumara Kantirava avn heldange 1st time hange ansodhu..,8,0.0,0.8333,0.8333,0.1667,0.3333,False,medium
Negative,Neene compose madappa hogu,4,0.0,0.75,0.75,0.25,0.5,False,medium
Positive,@DILL DULL ಆತರ ಏನಿಲ್ಲ ಸಾಂಗ್ ಸೂಪರ್ ಆಗ ಇದೇ slow ಪೊಯ್ಸನ್,10,0.7778,0.0,0.7778,0.2222,0.4444,False,medium
Positive,ಮ್ಯೂಸಿಕ್ ತುಂಬಾ estaaythu bro,4,0.5,0.25,0.75,0.25,0.5,False,medium
Negative,Song Karnatakadalli ella hero fans film node nodtare but pls bere languages lli promotion madi,15,0.0,0.2857,0.2857,0.7143,0.5714,False,medium
unknown state,Gun ಹೆಸ್ರು ಅನವರತ ಇರ್ಬಹುದಾ? 🤔🤔🤔nಗೊತ್ತಿಲ್ಲ ಇದ್ರು ಇರಬಹುದು,7,0.8571,0.0,0.8571,0.1429,0.2857,False,medium
unknown state,@G D yatheesh good job BRO,6,0.0,0.2,0.2,0.8,0.4,False,medium
Positive,All the best for rocking star fans  song vibinna vagidhe,10,0.0,0.2,0.2,0.8,0.4,False,medium
Negative,@Sanjeev Kumar dabba nan maga rakshith shetty,7,0.0,0.8333,0.8333,0.1667,0.3333,False,medium
Negative,@F M S rakahith is shit man,7,0.0,0.1429,0.1429,0.8571,0.2857,False,medium
unknown state,Isske samne dabbang flop hai..ASN,5,0.0,0.8,0.8,0.2,0.4,False,medium
Positive,Awesome song ..guru ವಿಜಯ್ sir ವಾಯ್ಸ್ superb,7,0.2857,0.0,0.2857,0.7143,0.5714,False,medium
Negative,@VIKRANTH DHANUSH Handsup kannada pada yenu? Polsaru yava pada use madtare?,11,0.0,0.75,0.75,0.25,0.5,False,medium
Negative,@VIKRANTH DHANUSH ಕೈ ಮೇಲೆತ್ತು ? nnaa pistol hesaru ಕೈ ಮೇಲೆತ್ತು idabahuda?,11,0.4444,0.4444,0.8889,0.1111,0.2222,False,medium
Positive,Kannada industry alli hosa dakale baryok bandavn yar avnu.......avane sreemannarayana,10,0.0,0.7778,0.7778,0.2222,0.4444,False,medium
Negative,We are all ready serrender settre....,6,0.0,0.2,0.2,0.8,0.4,False,medium
Negative,Promotion ond bittu mikid ellanu chanag madtidira.,7,0.0,0.8571,0.8571,0.1429,0.2857,False,medium
Positive,Edhu  charitreh  surishti suva  awatra.....excellent,5,0.0,0.75,0.75,0.25,0.5,False,medium
Negative,Views struck aagide guru,4,0.0,0.25,0.25,0.75,0.5,False,medium
unknown state,Wat dat means bro,4,0.0,0.25,0.25,0.75,0.5,False,medium
Positive,@mallikarjun Dhanashetty Elrigoo nimtharane yochne bandre kannada top allirodhu..,9,0.0,0.7143,0.7143,0.2857,0.5714,False,medium
Positive,Vijaya prakash voice is superb just I cont yappa super super,11,0.0,0.2727,0.2727,0.7273,0.5455,False,medium
Positive,@Troll Stupid Fans naanu adikke kano helthirodu  ninnantha jathi naayi na hethidke paapa avru baiskothidare kano balegara kaamuka nan makla,20,0.0,0.7222,0.7222,0.2778,0.5556,False,medium
Negative,@10 R Ayyo hogo thukalli gandu,6,0.0,0.75,0.75,0.25,0.5,False,medium
Negative,@10 R neen hange badko avaginda yaavno balegaara ante avn hesr badkothiddiya.. hogi aa balegaaran tunne unn hogu... Sumne harkollodalla,20,0.0,0.8235,0.8235,0.1765,0.3529,False,medium
Negative,@Troll Stupid Fans ninnam thullu oor shenda alla ninnamun minda,10,0.0,0.875,0.875,0.125,0.25,False,medium
Negative,@10 R hogi ballegaarnn tunne unn... Aa balegaaran bhikshe majestic cinema nim dBabes ge .. Nim amma majestic Sule ansuthe adkke isht harkottiddiya bewarsi sulemundemagane... Nin ammana Kellu Nene hege malgisi keydiddini anta ...,34,0.0,0.7826,0.7826,0.2174,0.4348,False,medium
Negative,@Troll Stupid Fans neenu Darshan ge huttirbeku adike avn bagge ne mathadthidiya nimman thulna keyya soole magane.nim amman thull ge kathe thunne sigaka hogi bale akolo aaa gaandu lucha thara,30,0.0,0.7692,0.7692,0.2308,0.4615,False,medium
unknown state,@Abhijith shetty no klnAp no kkjjmb nn 🤡🧖‍🧡🧣🧤🧘‍🧘🧘‍,8,0.0,0.7143,0.7143,0.2857,0.5714,False,medium
Negative,@Troll Stupid Fans halkat sulemagne nin Amman thullu sulemagne gaandu nayi sulemakla d boss bagge matadidre sulemagne Ninnamman keythini ashte nayi rande soole maga Nim Amman kalisu keythini soole rande magne,31,0.0,0.88,0.88,0.12,0.24,False,medium
Positive,Superbly song by Vijay prakash,5,0.0,0.25,0.25,0.75,0.5,False,medium
Positive,ಸಖತ್ song. ವಿಜಯ್ ಪ್ರಕಾಶ್ ಧ್ವನಿ,5,0.8,0.0,0.8,0.2,0.4,False,medium
Positive,ನೈಸ್ ಸಾಂಗ್ D ಬಾಸ್,4,0.75,0.0,0.75,0.25,0.5,False,medium
Positive,Hindi song release madlilva?,4,0.0,0.25,0.25,0.75,0.5,False,medium
Mixed feelings,Anna full wand ayti song,5,0.0,0.2,0.2,0.8,0.4,False,medium
Mixed feelings,@Troll Stupid Fans avre enu heltilla,6,0.0,0.75,0.75,0.25,0.5,False,medium
Negative,@Gajendra hv neen kano show off gandu... Flirt maadoke bartaane bewarsi... Nimanta chool bewarsi gallindaane hudugiru comment maadoke hogolla jasthi... Jeevndalli hudgirna nodillveno thukaali,24,0.0,0.7778,0.7778,0.2222,0.4444,False,medium
Negative,@Troll Stupid Fans hudgiru comment madodunne nodok bartiya bevarsi  madak kyaame ilvenoo lofer,13,0.0,0.8182,0.8182,0.1818,0.3636,False,medium
Negative,Yapppaaaa!  Yak guru istond hype e song ge?,8,0.0,0.1667,0.1667,0.8333,0.3333,False,medium
unknown state,@Mithun KUDLA well said bro,5,0.0,0.25,0.25,0.75,0.5,False,medium
Negative,@Vijay Prasad yen yogyathey. Chappar. 3000 gintha hechchu cinema nodidheeni naanu. Nann abipraya kotrey yeno boli magane muddhey thinna louda. nThooo!!,21,0.0,0.875,0.875,0.125,0.25,False,medium
Negative,@satishnithyanandam nin hesralle comedy ide ..nin antha thika kobbu iro mindri sule makklathrs nangen mathu. Hogo kong boli magane.,19,0.0,0.8333,0.8333,0.1667,0.3333,False,medium
Negative,@Nandi Parthasarathi ನಂದಿನಿ 1 ಲೀಟರ್ ಹಾಲು ಕೊಡಿ plz,8,0.6667,0.1667,0.8333,0.1667,0.3333,False,medium
Negative,@Vishal Shetty oh karch maadko hogu.... yello yaardo mundaav ikki sampadane maadirtya....,12,0.0,0.8889,0.8889,0.1111,0.2222,False,medium
Mixed feelings,@Nandi Parthasarathi nimmvga nimmkga ittini illi ninuge 50%off ba,9,0.0,0.8571,0.8571,0.1429,0.2857,False,medium
Negative,@TROLL MONSTER_KANNADA ಲೋ ಗಾಂಡುಗೆ ಹುಟ್ಟಿದ ರಂಡಿ ಮಗನೇ,7,0.8333,0.0,0.8333,0.1667,0.3333,False,medium
Negative,@Nandi Parthasarathi hogo ninna akkna tullu ninna tara kelsa ilva nange yenu yavglu comments madkondu tika muchkondu sidege hogo,19,0.0,0.8889,0.8889,0.1111,0.2222,False,medium
Negative,ಏ ನಂದಿನಿ ರಂಡಿಮಗಳ D Boss Bagge matadadre hudukondu Bandu Hoditini Jaag helu,12,0.4286,0.4286,0.8571,0.1429,0.2857,False,medium
Negative,@VINOD KALMANI nhu neen iro jagane helu.... naane bandu hoditini.... illa tumkur main road bustop ge bandu partha yaaru antha kelu,21,0.0,0.8333,0.8333,0.1667,0.3333,False,medium
Negative,@Nandi Parthasarathi ಹಡಿತೀನಿ ಬಂದ್ರೆ ತುಲ್ಲರೆ no ಹಾಕೆ ಬೇವರ್ಸಿ,8,0.7143,0.1429,0.8571,0.1429,0.2857,False,medium
Negative,@Nandi Parthasarathi tunnel unnu gandu,5,0.0,0.75,0.75,0.25,0.5,False,medium
Negative,@Vishal Shetty BOSS na nodi urkobeku aste yenu nithkolake agalla,10,0.0,0.875,0.875,0.125,0.25,False,medium
Positive,@TROLL MONSTER_KANNADA guru Bari mathadak aste yav sule makligu munde bandu mathadastu dhum Ella BOSS always King,17,0.0,0.75,0.75,0.25,0.5,False,medium
Negative,@TROLL MONSTER_KANNADA nim Amman kalsu thoristhini,6,0.0,0.75,0.75,0.25,0.5,False,medium
Negative,@TROLL MONSTER_KANNADA nin yavano helake sule magane,7,0.0,0.8333,0.8333,0.1667,0.3333,False,medium
Negative,@Nandi Parthasarathi nin Amman sule magane nin number send gandu,10,0.0,0.75,0.75,0.25,0.5,False,medium
Mixed feelings,@Ŕävîñđŕå_02_GøWđřú ಲೋ boss fan agi ಯಾಕೋ ನೆಗೆಟಿವ್ cmt hakiya loude,10,0.3333,0.4444,0.7778,0.2222,0.4444,False,medium
Mixed feelings,@Nandi Parthasarathi 108ತಗೋ ಡೆಲವೇರಿ ಆಗೋ ಟೈಮ್ ಬಂದ್ರೆ ಈ no ಗೇ cl ಮಾಡು,12,0.7273,0.0909,0.8182,0.1818,0.3636,False,medium
Negative,@TROLL MONSTER_KANNADA @vishal shetty @vinodkalmani @Italy Davi lowdan Lovezz Candy  ಅಂತಾ blind followersಗೆ ಈ ರೀತಿ ಅರ್ಥ ಮಾಡಿಸಬೇಕಾ???? ನೆನ್ನೆ ಮೊನ್ನೆ ಲಬೊ ಲಬೋ ಅಂತ ಬಾಯಿ ಬಡ್ಕೋತಿದ್ದ..... ಇವತ್ತು ಅದೆಲ್ಲಿ ಹೋದನೊ???? mobile no. ಹಾಕೋಕು ಹೆದರಿಕೆ ಬೋಳಿಮಗನಿಗೆ..... ಸುಮ್ನೆ ಬಾಯಿ ಹರಿದುಕೊಂಡು ಅಮ್ಮನ್ ಅಕ್ಕನ್ ಅನ್ನೋದಲ್ಲ..... ನೀವೂ ಗಂಡಸರೆ ಆಗಿದ್ರೆ ನಿಮ್ ನಂಬರ್ ಹಾಕ್ರೋ ಬೇವರ್ಸಿ ಬೋಳಿಕೆಗಳ..... ಥೂ ನಿಮ್ ಜನ್ಮಕಿಷ್ಟು ಬೆಂಕಿ ಹಾಕ.....,51,0.8085,0.0851,0.8936,0.1064,0.2128,False,medium
Negative,@TROLL MONSTER_KANNADA nಆಯ್ತು ಕಣೋ.... ಇವಾಗ ನೀನು ನನಗಿಂತ ದೊಡ್ಡ ಷಂಡ ಅಲ್ಲ ಅನ್ನೋದಾದ್ರೆ ನಿನ್ mobile no. ಹಾಕೋಕೆ ಏನೋ ಕಷ್ಟ???? ನೀನ್ ನಿನ್ mobile no. ನಿನ್ ನಿಜವಾದ ಹೆಸರು ಹಾಕ್ಲಿಲ್ಲ ಅಂದ್ರೆ.... ಮೇಲೆ ನೀನು ಬೈದಿರೋ ಅಷ್ಟೂ comments ನಿಂಗೆ ಉಲ್ಟಾ ಆಗ್ಲಿ.... ನಿನ್ನಮ್ಮನ್,35,0.8235,0.0,0.8235,0.1765,0.3529,False,medium
Mixed feelings,Rakshit Shettre... adbhuta kannada pada balike..devara haage bandu kannada chitrarangavannu badukisuttiddiri..,11,0.0,0.8,0.8,0.2,0.4,False,medium
unknown state,ಲಾಸ್ಟ್ ಅಲ್ಲಿ Fork  ಎಸೆದಿದ್ದು shaanvi aka Lakshmi ಇರಬಹುದಾ ಅನ್ನೋರು like ಮಾಡಿ,11,0.6667,0.2222,0.8889,0.1111,0.2222,False,medium
Positive,Yaarigu yaarannu holike madodu beda raj is raj shankar is only shankar vishnuji is only vishnuji.. !! Haage rakshith kooda rakshith andkolrii jagala yaake.... !!!yaaru yaarnu beat madodu beda avarade aada history create maadlii khushipadona ashte elru nammavre hottekicchu beda friends... !!,42,0.0,0.7778,0.7778,0.2222,0.4444,False,medium
Mixed feelings,@Manjumani Manjumani howdu bro yelru namavre super nivu,8,0.0,0.7143,0.7143,0.2857,0.5714,False,medium
Negative,@Venu real life llu haage iddidre accept madabahuditthuu alvaa.. !!!nEspecially obba natananna thumbaa abhimaanigalu fallow maadthaare so avru nija jeevanadallu  maadhari aagirabeke vinaha thappu madbaardu alvaa baree film lli maathra hero aagidre saaladuu real life llu kooda hero agirbeku aaga avaru obba nijavaada  manushya aagoke saadhya... !!!,47,0.0,0.7727,0.7727,0.2273,0.4545,False,medium
unknown state,@Manjumani Manjumani yes really sure,5,0.0,0.25,0.25,0.75,0.5,False,medium
Positive,🤠Narayana swag 🤟ಗೆ ಯಾರು ಫಿದಾ ಆದ್ರಿ like maadi,8,0.5,0.25,0.75,0.25,0.5,False,medium
unknown state,Handsup shoot madbeka dishkaew,4,0.0,0.75,0.75,0.25,0.5,False,medium
Negative,Hindi Yalli Distribution madore illa ouda,6,0.0,0.75,0.75,0.25,0.5,False,medium
unknown state,Sir pls answer abt Hindi version...,6,0.0,0.25,0.25,0.75,0.5,False,medium
not-Kannada,Hindi nahi hai kya,4,0.0,0.75,0.75,0.25,0.5,False,medium
Positive,ಸರ್ ಹಿಂದಿ song ಬೇಗ ಬಿಡಿ,5,0.8,0.0,0.8,0.2,0.4,False,medium
not-Kannada,Make available on Spotify alsi,5,0.0,0.25,0.25,0.75,0.5,False,medium
not-Kannada,Hindi songs kaha he,4,0.0,0.25,0.25,0.75,0.5,False,medium
Negative,Hindi elitha handig uttad hadbi nan magne,7,0.0,0.7143,0.7143,0.2857,0.5714,False,medium
Positive,@Doavi samstana movie gellutte nAamele Jana promotion maadthare,8,0.0,0.7143,0.7143,0.2857,0.5714,False,medium
Positive,Nange picture ka geet,4,0.0,0.75,0.75,0.25,0.5,False,medium
unknown state,@Basavaraja S A aw in km. M km kmnnMN MN on,11,0.0,0.2,0.2,0.8,0.4,False,medium
Mixed feelings,Slow poison song annoru like Maadi,6,0.0,0.2,0.2,0.8,0.4,False,medium
Positive,Rekshith shetty kerala fans,4,0.0,0.75,0.75,0.25,0.5,False,medium
Negative,Eno Anna dool ebsi bitti alla comment boxnalli,8,0.0,0.8571,0.8571,0.1429,0.2857,False,medium
Positive,Super music avane srimannarayana movie super it movie anoru like me,11,0.0,0.2727,0.2727,0.7273,0.5455,False,medium
not-Kannada,@Raghul yes. In amazon prime video,6,0.0,0.2,0.2,0.8,0.4,False,medium
Negative,RIP to those 28k dislikers,5,0.0,0.25,0.25,0.75,0.5,False,medium
Negative,Seems like they are sallu muvi fans🤣🤣,7,0.0,0.2857,0.2857,0.7143,0.5714,False,medium
Negative,Vijapura distica sindagiya tetaranalli e song cut madiddare yaradaru vicharisabekagi vinanti,11,0.0,0.7273,0.7273,0.2727,0.5455,False,medium
Positive,Super song lovley may song,5,0.0,0.2,0.2,0.8,0.4,False,medium
Negative,ಈ ಸಾಂಗ್ movie ಅಲ್ಲಿ ನೋಡುವಾಗ ಫೀಲ್ ಬೇರೆನೇ ಇತ್ತು,8,0.875,0.0,0.875,0.125,0.25,False,medium
Negative,ನಾನು ಇವತ್ತು ಫಿಲ್ಮ್ ನೋಡಿದೆ..ಸೂಪರ್nಸ್ವಲ್ಪ ಸಮಯ ಜಾಸ್ತಿ ಇದೆ...ಆದ್ರೆ..ಗೊತ್ತೇ ಆಗಲ್ಲ...ಯಾವಾಗ ನೀವು watch ನೋಡ್ತಿರೋ ಅವಾಗ ಟೈಂ ನೋಡ್ತಿರೋ...ಆಗ lag ಅಂತ ಅನಿಸ್ತಾದೆ...ಇಲ್ಲಾಂದ್ರೆ 3 hours ಹೋಗೋಡೆ ಗೊತ್ತೇ ಆಗಲ್ಲ,22,0.8571,0.0,0.8571,0.1429,0.2857,False,medium
Positive,Sir pls i request bgm for band master,8,0.0,0.125,0.125,0.875,0.25,False,medium
Negative,rashmika tunnanna nge max 5 years tym bt shetty ge innu 20 ys tym ide RAKSHITH SHETTY belibeku annoru movie nodi .....,22,0.0,0.7059,0.7059,0.2941,0.5882,False,medium
Negative,Rite.... Bt avara personal adu.. problems en aitu anta namge gotilla ...yake hudgi mele hig coments mododu brother??? Nam sis ge idu agidre?? Nav en madtidvi??  Aur problems avaru solve modkonda aitu naaav sumne ivele overthinking madta idivi ...,39,0.0,0.7667,0.7667,0.2333,0.4667,False,medium
Positive,Superhit different Kannada movie super super super,7,0.0,0.1667,0.1667,0.8333,0.3333,False,medium
Positive,First time movie nodoru taleli uoohe screenply ittukondu nodbedi freedomagi nodi movie superagide kanndada hosatana adduriyagi kanutte guru movi superrrrrr,20,0.0,0.7368,0.7368,0.2632,0.5263,False,medium
Mixed feelings,ಈ ಹಾಡು ಒಂಥರಾslow poison ಇದ್ದ ಹಾಗೆ,6,0.8333,0.0,0.8333,0.1667,0.3333,False,medium
unknown state,@Navya N ya your right but I like him,9,0.0,0.2222,0.2222,0.7778,0.4444,False,medium
Positive,@SK Productions Shnakar nag anna nice man,7,0.0,0.2,0.2,0.8,0.4,False,medium
Positive,ಕನ್ನಡ industry ya ಹೆಮ್ಮೆ....ASN,4,0.5,0.25,0.75,0.25,0.5,False,medium
Negative,Nam boss avru Nam boss ivru antha kachadtirornella onde kade  sersi maja kodone shree mannarayan,15,0.0,0.7857,0.7857,0.2143,0.4286,False,medium
Negative,Disliked people's listn1)rashmikan2)rashmika's mothern3)rashmika's fathern4)rashmika's relativesn5)& rashmika's fans.,8,0.0,0.25,0.25,0.75,0.5,False,medium
Mixed feelings,@ashwini p avunu dagar devarakonda,5,0.0,0.8,0.8,0.2,0.4,False,medium
Positive,@ashwini p avunu dagar Devarakonda DD,6,0.0,0.75,0.75,0.25,0.5,False,medium
not-Kannada,kgf gunda ha bey,4,0.0,0.75,0.75,0.25,0.5,False,medium
Mixed feelings,@Darshan H R no way bro,6,0.0,0.1667,0.1667,0.8333,0.3333,False,medium
unknown state,@Sachin Y S nim number send made bro,8,0.0,0.25,0.25,0.75,0.5,False,medium
Negative,@SHASHIKALA B howda mam enge,5,0.0,0.8,0.8,0.2,0.4,False,medium
Positive,Yaaru Film nodkobandu keltiroru like maadi,6,0.0,0.8,0.8,0.2,0.4,False,medium
Positive,ದಿನಕ್ಕೊಂದು ಸಾರಿಯಾದರೂ ಈ ವಿಡಿಯೋ ನೋಡಿದವರು like Madi......,7,0.8333,0.0,0.8333,0.1667,0.3333,False,medium
Positive,Super movie in kannad film industry,6,0.0,0.1667,0.1667,0.8333,0.3333,False,medium
Positive,Super boos jai d boss,5,0.0,0.2,0.2,0.8,0.4,False,medium
unknown state,Visual are super totoly  movie,5,0.0,0.2,0.2,0.8,0.4,False,medium
Positive,#ASN chitrakke olle dagli song atu adbuta reethili moodi bandide...,10,0.0,0.8889,0.8889,0.1111,0.2222,False,medium
Negative,Promotions madro illa 3 varsha kasta pattiro du waste sgbardu,10,0.0,0.7778,0.7778,0.2222,0.4444,False,medium
Positive,Demand ಈರುಳ್ಳಿಗೆ ಬಿಟ್ರೆnNEXTnನಮ್ಮ ASN ನಾ ಹಿಂದಿಯಲ್ಲಿ promote ಮಾಡಿ ಅನ್ನುವವರೆ ಹೆಚ್ಚು,10,0.7778,0.0,0.7778,0.2222,0.4444,False,medium
not-Kannada,Ajaneesh ka music kuch hatke hain,6,0.0,0.8333,0.8333,0.1667,0.3333,False,medium
unknown state,Nagarjuna avaru lyrics bardirodhu!!,4,0.0,0.75,0.75,0.25,0.5,False,medium
Positive,@funny videos nAyyo Mang badde thadhe.. n ಅಚ್ಚಗನ್ನಡ ಹಚ್ಚಗನ್ನಡ.nಅಚ್ಚಗನ್ನಡ ಸಾಮಾನ್ಯವಾಗಿ ಬಳಸುವುದು ವಾಡಿಕೆ.nಹಚ್ಚಹಸಿರು ಪದದಲ್ಲಿ ಹಸಿರನ್ನು ಉನ್ನತೀಕರಣಗೊಳಿಸಿ,15,0.5714,0.2143,0.7857,0.2143,0.4286,False,medium
Positive,Charitre shrustiso avatara....nRakshith ge idu hosa avatara,7,0.0,0.8333,0.8333,0.1667,0.3333,False,medium
Negative,Dislike madiru Yarantha gotthanBurnel kodro avrige...,6,0.0,0.75,0.75,0.25,0.5,False,medium
Positive,Dinkchaak haadugalanna keli besottogiro kannada janatege adhbhuta rasadoutana koduva different haadu....... Ravichandran avra aa haadugala habba nenapayitu..... Blockbuster ASN,19,0.0,0.7857,0.7857,0.2143,0.4286,False,medium
Positive,ಬೇರೆ ಭಾಷೆಯ ಅವರಿಗೆಲ್ಲ hands up ಹೇಳಲು ಬರುತ್ತಿದ್ದಾರೆ ರಕ್ಷಿತ್ ಶೆಟ್ಟಿ.ಯಶ್ ಅಭಿಮಾನಿಯಾಗಿ ಹೇಳುತ್ತಿದ್ದಿನಿ . ಕೆಜಿಎಫ್ ಆದಮೇಲೆ ಎರಡನೇ ಸಿನಿಮಾ ಬ್ಲಾಕ್ಬಸ್ಟರ್ ಆಗುವುದು ಇದ್ದೇನೆ,19,0.8889,0.0,0.8889,0.1111,0.2222,False,medium
Mixed feelings,@Manjunath v ನಾನು ಅಷ್ಟೇ ಯಶ್ ಫ್ಯಾನ್,6,0.6667,0.1667,0.8333,0.1667,0.3333,False,medium
Mixed feelings,ನನಗು same ಹಂಗೇ ಅನ್ನಿಸ್ತು;,4,0.75,0.0,0.75,0.25,0.5,False,medium
Positive,7 ಜನ್ಮ ಇದಿಯಾ ಆತ್ವಾ ಇಲ್ವೋ |n,6,0.8,0.0,0.8,0.2,0.4,False,medium
Positive,All d best for appu fans,6,0.0,0.1667,0.1667,0.8333,0.3333,False,medium
Positive,OMG nange gotte irlilla prajwal hatra istond ide anta,9,0.0,0.7778,0.7778,0.2222,0.4444,False,medium
Positive,Amazing trailer ಹೊಸ ತರಹದ ಪ್ರಯತ್ನ ಚಿತ್ರ ತಂಡಕ್ಕೆ nಶುಭವಾಗಲಿ 100 ದಿನಗಳು ಪೊರೈಸಲಿ nಅಪ್ಪು ಬಾಸ್ ಅಭಿಮಾನಿಗಳ ಪರವಾಗಿ ಗುಡ್ ಲಕ್ ಆಲ್ ದಿ ಬೆಸ್ಟ್,20,0.8947,0.0,0.8947,0.1053,0.2105,False,medium
Negative,It's Tamil movie dubnPlz don't dub sir,7,0.0,0.1667,0.1667,0.8333,0.3333,False,medium
Positive,Supar anna love you pajuanna....,5,0.0,0.25,0.25,0.75,0.5,False,medium
not-Kannada,100% successful movie no dought prajwal bro congratulations,8,0.0,0.2857,0.2857,0.7143,0.5714,False,medium
Positive,D boss  fans full support. Successful hagli movie,8,0.0,0.1429,0.1429,0.8571,0.2857,False,medium
Positive,All d best from appu fans,6,0.0,0.1667,0.1667,0.8333,0.3333,False,medium
Positive,Power Star fans like madi,5,0.0,0.25,0.25,0.75,0.5,False,medium
Positive,Super alla best bro,4,0.0,0.25,0.25,0.75,0.5,False,medium
Negative,Gulama movie tarah ondd movie maadu nin hesrru maate kellsutte,10,0.0,0.8,0.8,0.2,0.4,False,medium
Negative,Barri dabba movie ne unn maado du,7,0.0,0.7143,0.7143,0.2857,0.5714,False,medium
Negative,Ade old same story,4,0.0,0.25,0.25,0.75,0.5,False,medium
Negative,Tamil vishal movie remake,4,0.0,0.25,0.25,0.75,0.5,False,medium
Positive,ರಾಕಿಂಗ್ ಸ್ಟಾರ್ ಯಶ್ ಅಭಿಮಾನಿಗಳ ಕಡೆ ಇಂದ...... Best wishes🤗,8,0.8571,0.0,0.8571,0.1429,0.2857,False,medium
Positive,Preethi ge praana bidovru Idara ??,6,0.0,0.75,0.75,0.25,0.5,False,medium
Positive,Nice togari tippa kathegalu,4,0.0,0.75,0.75,0.25,0.5,False,medium
Negative,Vaal kachidu bhal Nagu tarastri....Bhari Ada ri kati...,8,0.0,0.75,0.75,0.25,0.5,False,medium
Positive,Togari tippa is greaterden,4,0.0,0.75,0.75,0.25,0.5,False,medium
Positive,Shambu baligar avara maathaduva shaili super,6,0.0,0.8333,0.8333,0.1667,0.3333,False,medium
Positive,Tippa janapad hasay chataki super,5,0.0,0.8,0.8,0.2,0.4,False,medium
Mixed feelings,@DACCHU D BOSS naanu adanne hudukta idini 🤔,8,0.0,0.8333,0.8333,0.1667,0.3333,False,medium
Positive,Super sir iam like this video awesome,7,0.0,0.1429,0.1429,0.8571,0.2857,False,medium
Positive,Sir ನಮ್ಮಲು communist ಆಡಳಿತ ಬಂದರೆ ಯಾವ ರೀತಿ ಇರಬಹುದು ಎಂಬುವುದರ ಬಗ್ಗೆ ಮಾಹಿತಿ ಬೇಕು ಮತ್ತು ಅನುಕೂಲ ಅನಾನುಕೂಲ ಗಳ ಬಗ್ಗೆ ತಿಳಿಸಿ ಕೊಡಿ ದಯವಿಟ್ಟು,20,0.9,0.0,0.9,0.1,0.2,False,medium
Positive,Krishna daliya Krishna Modi ke geet,6,0.0,0.75,0.75,0.25,0.5,False,medium
Positive,Super super super mahithi,4,0.0,0.25,0.25,0.75,0.5,False,medium
Mixed feelings,Nav itara iroke karana Congress party,6,0.0,0.8,0.8,0.2,0.4,False,medium
Positive,ಅದ್ಬುತವಾದ ಮಾತುಗಳು ಆಡಿದಿರಿ ನೀವು ..Mast maga Ni best maga,9,0.5,0.25,0.75,0.25,0.5,False,medium
Positive,Nija helidri sir..! Nimma video nodi admele kuda namma bhatiyaru  badalali antha pray madtini.,14,0.0,0.7692,0.7692,0.2308,0.4615,False,medium
Mixed feelings,Shrinidhi surya avru idre chanagirutte,5,0.0,0.8,0.8,0.2,0.4,False,medium
Positive,Sir modalu namm Deshadalli Tustikaran rajakarana irorvaregu namm paristiti ide,10,0.0,0.75,0.75,0.25,0.5,False,medium
Negative,Amar prasaad sir nam deshadalli chaina kinta  talehidukaru jassti edare gotta nam desha en kammi ella eslamikarana maadodaralli chaina kinta kammi ella nam deshadalli jana nammanna aa devastanakke sersilla ee devastanakke serlilla annoru chaina kinta kammi ella 100 ralli 35 % marks tagondru avrige meesalatiyalli kelsa tagolloru en chaina kinta kammi ella.nodona  chainadalli estodu savalattu torsi nodona.,57,0.0,0.7778,0.7778,0.2222,0.4444,False,medium
Positive,IAS IPS madirorigintha politicians  ge value jasti iro namma vishala manassina Indians badlagovargu nnam desha beliyodu kasta ide,18,0.0,0.75,0.75,0.25,0.5,False,medium
Positive,Sir chinag Takkar kodo innond deshaneilva    prapanchdalli,7,0.0,0.8333,0.8333,0.1667,0.3333,False,medium
Positive,Nijvaaglu sir.olle information kottidiri,4,0.0,0.75,0.75,0.25,0.5,False,medium
Positive,Avaru badlagabeku ivara badlagabeku annodu tappu modlu nav badlagbeku ekandre vote hakori nave matte avara gedda mele avaranna baioru nave nija ansidre like madi,24,0.0,0.7917,0.7917,0.2083,0.4167,False,medium
Positive,Sir pakka news edhu prradhana manthrri  modhe noddbeku ashtty sir...,10,0.0,0.7778,0.7778,0.2222,0.4444,False,medium
Positive,ಅಮರ್ ಅವರೇ ads ತುಂಬಾ ಜಾಸ್ತಿ ಆಯಿತು,6,0.8333,0.0,0.8333,0.1667,0.3333,False,medium
Positive,Nivu pan India film Madi sir nivu Nam sandalwood most handsome hunk,12,0.0,0.2222,0.2222,0.7778,0.4444,False,medium
Negative,@Prajwal Kp r u mad guy?.,6,0.0,0.2,0.2,0.8,0.4,False,medium
Positive,ಪವರ್ ಸ್ಟಾರ್ ಪುನೀತ್ ರಾಜಕುಮಾರ್ ಅಭಿಮಾನಿಗಳಿಂದ all tha best,8,0.625,0.125,0.75,0.25,0.5,False,medium
Positive,ಅಭಿನಯ ಚಕ್ರವರ್ತಿ ಕಿಚ್ಚ ಸುದೀಪ್ ಅವರ ಕಡೆಯಿಂದ.. All tha best movi,10,0.6667,0.2222,0.8889,0.1111,0.2222,False,medium
Positive,ಡಿ ಬಾಸ್ ಅಭಿಮಾನಿಗಳ ಕಡೆಯಿಂದ  All the best....,7,0.8,0.0,0.8,0.2,0.4,False,medium
Positive,D ಬಾಸ್ ಅಭಿಮಾನಿ ಕಡಿಂದ ಆಲ್ ದ ಬೆಸ್ಟ್,7,0.8571,0.0,0.8571,0.1429,0.2857,False,medium
Negative,@Mahesh Babu ninu Kalasipalya Sule fan alwa,7,0.0,0.75,0.75,0.25,0.5,False,medium
Positive,D.boss kade inda dodda wel come madtivi,7,0.0,0.8571,0.8571,0.1429,0.2857,False,medium
unknown state,@Chandra kanth naa siggappu manithan,5,0.0,0.8,0.8,0.2,0.4,False,medium
Positive,Prajju yav dress hakudru super aage kantane ..,8,0.0,0.7143,0.7143,0.2857,0.5714,False,medium
Positive,sir nivu thumba olle talent  iruva actor swalpa deha kammi madi modalnage stayilish agi idre nivu modalinage form ge barthira,20,0.0,0.75,0.75,0.25,0.5,False,medium
unknown state,Yenta mat andi yappa,4,0.0,0.75,0.75,0.25,0.5,False,medium
Positive,Super hit agodralli yavude dout illa gelayare Jeeva,8,0.0,0.7143,0.7143,0.2857,0.5714,False,medium
Negative,@Reginald Kelly ಲೆ ತುಕಾಲಿ ನಿನ್ನ ಸಂಸ್ಕೃತಿ ತೋರಿಸುತ್ತೆ ನಿನ್ನ ಎಷ್ಟು ಕಚಡ ಅಂತ,11,0.9,0.0,0.9,0.1,0.2,False,medium
Negative,ಸೂಳೆಮಗನೇ yengo ediya ಎಲ್ಲಾ ಕಡೆ daagar ankondu promotion madtira gaandu sulemakla daagar kano avnu Darshan alla 🤦‍,17,0.2,0.6667,0.8667,0.1333,0.2667,False,medium
Mixed feelings,@Pradip AR idhu remake all i am editor,8,0.0,0.2857,0.2857,0.7143,0.5714,False,medium
unknown state,@Venki Udv but story line seems different.,7,0.0,0.1667,0.1667,0.8333,0.3333,False,medium
Negative,Lo nin d filme odtilla modlu anv film nodro amele bere filmge sprt madu sumne comnt akbitre film odbidutta bari builduppu,21,0.0,0.8095,0.8095,0.1905,0.381,False,medium
Negative,@naveen v  looo thikamuchkondu hogi nim BALEGARA SUDEEP HELU BARI KANNADA MOVEI THEGIYOKKE MANGDHULLE,14,0.0,0.8,0.8,0.2,0.4,False,medium
Negative,@Rohith K le nin dagar bandli agtavne modlu kudlu olskoloke yelu ella nin avnu musodilla🤣🤣,15,0.0,0.8,0.8,0.2,0.4,False,medium
Negative,@naveen v nim gandu balegara movie yalla utterflop modlu side acting madudu ಬಿಡು anu modlu,15,0.0667,0.6667,0.7333,0.2667,0.5333,False,medium
Negative,@Karthik Gowda Dacchu hmm aythu dagarge hosa award kodtini bandli star antha helbidu,13,0.0,0.8182,0.8182,0.1818,0.3636,False,medium
Negative,@naveen v nin Amman thullu sulemagne,6,0.0,0.8,0.8,0.2,0.4,False,medium
Negative,@twisted formals yake urita edeya nivu dagar fans anta nim culture ende gottu agute modlu sariyagi mat adu magne modle Gulbarga mandi navu start madre ninu eral nin avvun tullu clean madsu,32,0.0,0.7742,0.7742,0.2258,0.4516,False,medium
Negative,@naveen v ninna luccha ige modale kaddi swalpa body madkond baralu helu olle baavali haage eddane mattu omdu hit movie kodoke helu madirodella flop,24,0.0,0.7917,0.7917,0.2083,0.4167,False,medium
Negative,@naveen v kudlu elladidre nindu tegedu kodu bvc ninna luccjanige handidu maasa kodu modalu baavali chalpat Singh side actor🤣🤣,19,0.0,0.8333,0.8333,0.1667,0.3333,False,medium
Negative,@Ambrish Mallad modalu bere hero respect kododu kali amele maathadu gaandu kudlu ella adu Ella andkondu,16,0.0,0.7143,0.7143,0.2857,0.5714,False,medium
Negative,Lo d gujaalds neev support maadida yaav sinimaagalu succes agilla .. yaakro sumne buildep .. simple example andre ..amar movienu ..fail maadudralo .ambareesh gintha name bekittha...ಮಧ್ಯೆ ನೀವ್ ಹೋಗಿ ಹಾಳ್ ಮಾಡುದ್ರಲೋ ..,31,0.1786,0.5357,0.7143,0.2857,0.5714,False,medium
Negative,@Like a Phoenix hm avarige ade helbku kushi padli swalp,10,0.0,0.7778,0.7778,0.2222,0.4444,False,medium
Positive,Super jai D boss,4,0.0,0.25,0.25,0.75,0.5,False,medium
Negative,@Vinay Vn sule maga neenu ade bere ide bere,9,0.0,0.875,0.875,0.125,0.25,False,medium
Negative,Rock Siddu yaako gaandu soole magane naanu ninna thangina rape maadidna.. yelo mathannu ole mathanaadu.. nanagu baahi ide.. nanage gothilade thapagide.. Neenu mathado reethi badalisiko ...,26,0.0,0.8696,0.8696,0.1304,0.2609,False,medium
Positive,Super pajjuu I am d Boss,6,0.0,0.2,0.2,0.8,0.4,False,medium
Positive,Arjun reddy kannadadalli remake aadre prajwal devraj suit aagthaare annoru like maadi,12,0.0,0.75,0.75,0.25,0.5,False,medium
Negative,@Bharathraj T B kitkobekaste ninu bandi nandu,7,0.0,0.7143,0.7143,0.2857,0.5714,False,medium
Mixed feelings,Super d boss fan's like madi,6,0.0,0.1667,0.1667,0.8333,0.3333,False,medium
unknown state,Hata best D Boss fans,5,0.0,0.25,0.25,0.75,0.5,False,medium
Mixed feelings,Appu fans like here,4,0.0,0.25,0.25,0.75,0.5,False,medium
Positive,ಗೆಳೆಯ ಚಿತ್ರದಲ್ಲಿ ಕಿಶೋರ್ ಜೊತೆಗಾರರಿಗೆ ಹೇಳುವ ಒಂದು ಡೈಲಾಗ್ ಇದೆ...ಹುಡುಗ ಬೇಕಾಗ್ತಾನೆ ಇಟ್ಕೊಳ್ರೋ...!n    Dynamic Prince is Back with Damn Look.,17,0.8333,0.0,0.8333,0.1667,0.3333,False,medium
Negative,@Kushal MR nin kano bvc jaatrr,6,0.0,0.8,0.8,0.2,0.4,False,medium
Positive,Jadesh Kumar Anna.. trailer is dashing,6,0.0,0.25,0.25,0.75,0.5,False,medium
Positive,Wow prajwal looks is awesom  ಈ ಮೂವೀ ಆದ್ರೂ ಹಿಟ್ ಆಗ್ಲಿ ಕನಪ್ಪ ದೇವ್ರೇ,12,0.5833,0.1667,0.75,0.25,0.5,False,medium
not-Kannada,Super  ur cine life Turnig  movie sir p d,9,0.0,0.125,0.125,0.875,0.25,False,medium
Positive,ಸೂಪರ್ ಜೈ D ಬಾಸ್,4,0.75,0.0,0.75,0.25,0.5,False,medium
Positive,Trailer ultimate ...  ಸಿನಿಮಾನೂ ಚೆನ್ನಾಗಿರಬಹುದು ಜಂಟಲ್ ಮ್ಯಾನ್ ಚಿತ್ರತಂಡಕ್ಕೆ ಒಳ್ಳೆಯದಾಗಲಿ... #ಪ್ರಜ್ವಲ್ ದೇವರಾಜ್.  Look super 🤩🤩,14,0.7273,0.0,0.7273,0.2727,0.5455,False,medium
Negative,Reginald Kelly kithkabeku bandu edthine nandu,6,0.0,0.8,0.8,0.2,0.4,False,medium
Positive,sir deshadali shikshana jotege kwoshliya nu kalisabeku selp udyogada samartya barbeku nnrajakiya vektigalu adikara and hanke ase belde deshavanu munnadasabeku employment ge jobs sigo rieti nodka beku,27,0.0,0.7778,0.7778,0.2222,0.4444,False,medium
Negative,Chillere rajakarana dailoge super,4,0.0,0.75,0.75,0.25,0.5,False,medium
Positive,Anna super anna nivu nivu ondu samajakke seve hagu deshavannu ulisalu ondu sangavannu katti navu nimmannu bembalisuteve,17,0.0,0.8235,0.8235,0.1765,0.3529,False,medium
Mixed feelings,Sir mobile gala bage video madi bro,7,0.0,0.2857,0.2857,0.7143,0.5714,False,medium
Negative,Barathadalli free aagi kodudanna nillisbeku.,5,0.0,0.8,0.8,0.2,0.4,False,medium
Positive,Houdu niv helidu 100% nija sir.,6,0.0,0.8,0.8,0.2,0.4,False,medium
Positive,Nimma mahithi 100% sathya yavaga etharahada rajakaranigalinda deshakke mukthi sigatho aa devarigu kuda gothilla adare next generation avaru sadane madabahudu,20,0.0,0.8421,0.8421,0.1579,0.3158,False,medium
Negative,Corona hesralli hospital nalli nadeethiro dandhe bagge vivarisi.... Viruss bandu manushyaru saaythaaro ilvo gotthilla aadre hospital bill keli manushya badhukodu kastavaagidhe.,21,0.0,0.7895,0.7895,0.2105,0.4211,False,medium
Negative,Elli politics jasti and beliyokke bedalla hotte kirchu padthare,9,0.0,0.7778,0.7778,0.2222,0.4444,False,medium
Positive,Edakke politics bittu voggattagi kelsa madidrene munde barakke sadya.,9,0.0,0.8889,0.8889,0.1111,0.2222,False,medium
Positive,Sari korona bandare adana guna padisikolalu amount hestu karchu aguthe adu yavayavadake antha solpa maithi kodthira please,17,0.0,0.7647,0.7647,0.2353,0.4706,False,medium
Negative,Tik tok Tarane act madidre hana sigutalva edanne etkondu. Nam government mane manege items kottu Products ready madi adanna videshakka marata madbeku matte nam janakke kamishon kotre voledalva. Nam jangala kayyalli yake kelsa madkotilla .,35,0.0,0.7667,0.7667,0.2333,0.4667,False,medium
Negative,Idella nam indiadaroge buddi barbeku alwa idkela tale odisidre navu yavthu munfe hogtifvi illi enidu hinduthwa jathi jagala idela beka tale odistare adrindane etara agtide,25,0.0,0.88,0.88,0.12,0.24,False,medium
Mixed feelings,Modi ji gamana kodi namma sath nemage ide,8,0.0,0.875,0.875,0.125,0.25,False,medium
Positive,Nimma news keltha eddre,4,0.0,0.75,0.75,0.25,0.5,False,medium
Positive,Edellaa aagabeku andre PRAJAKIYA aadalitakke barabeku,6,0.0,0.8,0.8,0.2,0.4,False,medium
Mixed feelings,Sir hagadre namma desha kooda communist rastra agbeka?,8,0.0,0.75,0.75,0.25,0.5,False,medium
Positive,Elru nodle bekadaa video..,4,0.0,0.75,0.75,0.25,0.5,False,medium
Positive,10 lla 11 pramuka  kaarana  boy behano modi,8,0.0,0.8333,0.8333,0.1667,0.3333,False,medium
Mixed feelings,China govt super fast agi land,6,0.0,0.1667,0.1667,0.8333,0.3333,False,medium
Positive,Karavali karavali... Itte boda marre?? Film super hit aagbeku. Bere statesnavru nammatha nodbeku aste...,14,0.0,0.7778,0.7778,0.2222,0.4444,False,medium
Mixed feelings,Pranjali Raj nija boglu.... Ninu kannadiga alva,7,0.0,0.75,0.75,0.25,0.5,False,medium
unknown state,dilip kumar nanu kuda bro,5,0.0,0.8,0.8,0.2,0.4,False,medium
Negative,En bgm guru chindi,4,0.0,0.75,0.75,0.25,0.5,False,medium
Negative,Varshakke 3 thagadu movie madi industry haal mado hero galu ondh kade adrenn3 Varsha kasta pattu ondhu olle film mado namma Rakshith Shetty haagu Yash innondh kade n,28,0.0,0.7727,0.7727,0.2273,0.4545,False,medium
Negative,🤔🤔🤔 hello thamma navu unity maintain madthivi aithu thorskolo avyashyakathe namgila nin CMT nodid kudle yavan avr fanism bidkodala 🤣🤣 nin kano doddu sede nan maga,26,0.0,0.7826,0.7826,0.2174,0.4348,False,medium
unknown state,Super amazing if u like rakshith shetty like,8,0.0,0.25,0.25,0.75,0.5,False,medium
Negative,Okie okie anta helboduu powerful music irbekittu,7,0.0,0.7143,0.7143,0.2857,0.5714,False,medium
Positive,Idu charitre shrustisuva avatara idu charitre shrushtisuva cinema ASN,9,0.0,0.875,0.875,0.125,0.25,False,medium
unknown state,ಕನ್ನಡಿಗ ಕಲಾರಸಿಕ nAvane Srimannarayana Trailer-BGM n          Re-Createdn,7,0.3333,0.5,0.8333,0.1667,0.3333,False,medium
Positive,Pakka mas Nam kannada movie,5,0.0,0.25,0.25,0.75,0.5,False,medium
unknown state,@Lemon & are you from odissa?,6,0.0,0.2,0.2,0.8,0.4,False,medium
Negative,@Vinay Kumar MS avn allla guru Tika urkondeddu nenu 🥴🥴,10,0.0,0.8,0.8,0.2,0.4,False,medium
not-Kannada,@Venkatesh Maraddi हिन्दी ऑडिएंस में भी ASN का गजब क्रेज है। जरूर देखेंगे इस फिल्म को। We will definitely watch this movie....,22,0.0,0.2,0.2,0.8,0.4,False,medium
Positive,Bollywood range nali ide super song🤔,6,0.0,0.1667,0.1667,0.8333,0.3333,False,medium
Positive,Amazing  song gudluk to alla team ..super vp sir,9,0.0,0.2222,0.2222,0.7778,0.4444,False,medium
Positive,ಎಷ್ಟು ಕೇಲ್ಲಿ ಗುರು ನಾನು ಇನ್ನೂ ಕೇಳಬೇಕು ಅನಿಸುತ್ತೆ all the best ಶೇಟ್ರೆ,11,0.7273,0.0,0.7273,0.2727,0.5455,False,medium
Negative,2019 utter flop in sandlewood,5,0.0,0.25,0.25,0.75,0.5,False,medium
Positive,Rakshit Macha time togondrunu sakath agi bandide,7,0.0,0.8333,0.8333,0.1667,0.3333,False,medium
Positive,ದೊಡ್ಡಬಳ್ಳಾಪುರ ದ ಸೌಂದರ್ಯ ಮಹಲ್ ನಲ್ಲಿ  ಹವಾ ಪಕ್ಕ .   ....n.. ಕಿರಿಕ್ ಪಾರ್ಟಿ after,12,0.9,0.0,0.9,0.1,0.2,False,medium
Positive,Full havli idona bidi bro kannadigaru navinnu idivavala,8,0.0,0.75,0.75,0.25,0.5,False,medium
Negative,@shivaraj shivu ನೀನು IAS  officerಆ????? uneducated ಅಂತ ಹೇಳ್ತೀಯ.... but ನೆಟ್ಟಗೆ type ಮಾಡೋಕು ಬರಲ್ಲ.... ಕುಡುಕರನ್ನ drinkers ಅಂತ ಅಲ್ಲ,17,0.625,0.125,0.75,0.25,0.5,False,medium
Positive,Very super unique filmography awesome choreography,6,0.0,0.1667,0.1667,0.8333,0.3333,False,medium
Positive,Superb song..superb making love you Rakshith sir..,7,0.0,0.1667,0.1667,0.8333,0.3333,False,medium
Positive,Ravichandran vishnuwardha raajkumar Shankar nag elruna onde sari nodidangaythu..,9,0.0,0.75,0.75,0.25,0.5,False,medium
Positive,Super guru Ella record break made madtira guru nivu i love sir,12,0.0,0.1818,0.1818,0.8182,0.3636,False,medium
Positive,ಏನ್ ಮ್ಯೂಸಿಕ್ ಕೊಟ್ಟೀದಿಯ ಗುರು..nI'm surrender ಟು ಲಿರಿಕ್ಸ,7,0.8571,0.0,0.8571,0.1429,0.2857,False,medium
Positive,Lyrics Artha adoru Kay kaal aadsrappa,6,0.0,0.75,0.75,0.25,0.5,False,medium
Negative,Siri gannadam galge haakbitallapa Thu  yaro ninu lo gelge Kano adhu,11,0.0,0.8889,0.8889,0.1111,0.2222,False,medium
not-Kannada,That voice....n@VP sir..nVere level song,5,0.0,0.25,0.25,0.75,0.5,False,medium
Mixed feelings,Kannada film  industry avaru sir solpa nodi rii yen madta ididra inta ashvath sir avara maga ondu sanni veshe dalli kalsa Kodi,22,0.0,0.7143,0.7143,0.2857,0.5714,False,medium
Mixed feelings,Kannada film  industry avaru sir solpa nodi rii yen madta ididra inta ashvath sir avara maga ondu sanni veshe dalli kalsa Kodi,22,0.0,0.7143,0.7143,0.2857,0.5714,False,medium
Positive,ಬನ್ನಿ ಸರ್ ನಾವು driver ರೆ ದೇವರು ಯಾರಿಗೂ ಅನ್ಯಾಯ ಮಾಡೋಲ್ಲ  ನಮ್ಮ ಪಾಲಿಗೆ ಬಂದಿದ್ದನ್ನ ನಾವು ಅನುಭವಿಸಲೇ ಬೇಕು.....god bless you sir,18,0.7778,0.0,0.7778,0.2222,0.4444,False,medium
Positive,Bigg boss nalli kalisri nijwaglu help maadida haage aaguthe intha olle artist ri ivaru kasta dalli iddaare,17,0.0,0.7647,0.7647,0.2353,0.4706,False,medium
Positive,Allaru swabimana life evarannu nodi kaliyabeku,6,0.0,0.8333,0.8333,0.1667,0.3333,False,medium
Mixed feelings,Fittest will survive. Ashwath olle actor aadre maganu ange aagbeku andre aagutta? Dr rajakumar tara avr maklu aagalla avr yavattidru avre. So illi acchari pado avashyakate illa.,27,0.0,0.75,0.75,0.25,0.5,False,medium
Positive,Ivrna nodidre ashwath avrna nodida hange agutte......nVoice antu ade tara ide,11,0.0,0.8,0.8,0.2,0.4,False,medium
Positive,Nammantavrge spoorti nivu sir,4,0.0,0.75,0.75,0.25,0.5,False,medium
Negative,ಎಲ್ಲಾ ಸರಿnnnಆದರೆ ಬೆಂಗಳೂರಲಿರುವ ola Uber ಡ್ರೈವರ್  ಕಥೆ ಕೇಳೋರ್ಯಾರು,8,0.8571,0.0,0.8571,0.1429,0.2857,False,medium
Mixed feelings,ನೀವು bigg boss ಗೆ ಹೋಗಿ ಸರ್ ಗೆಲ್ಲಬಹುದು ನೀವೇ 🥺🤾,9,0.75,0.125,0.875,0.125,0.25,False,medium
Positive,ಅದ್ಭುತ ಸರ್ ಜೇವನದಲ್ಲಿ ಎಂದು ಸೋಲುಬಾರದು great ನಿಜವಾಗಿಯೂ,7,0.8571,0.0,0.8571,0.1429,0.2857,False,medium
Mixed feelings,ಸರ್ bigg boss house ಗೆ ಹೋಗಿ ನೀವೇ ಗೆಲ್ತಿರಾ 🥺,9,0.625,0.125,0.75,0.25,0.5,False,medium
Mixed feelings,ಸರ್ bigg boss house ಗೆ ಹೋಗಿ ನೀವೇ ಗೆಲ್ತಿರಾ 🥺,9,0.625,0.125,0.75,0.25,0.5,False,medium
Positive,Kannada cinema nimma antha budhijeevi na ullaskollalike agilla antha tumbaa bejaar aagute.,12,0.0,0.75,0.75,0.25,0.5,False,medium
Negative,ಸರಿಯಾದ planning ಇರಬೇಕು. ನಮ್ಮ ರಾಜ್ಯದವರು  Business ನಲ್ಲಿ improve ಆಗ್ಬೇಕು.,9,0.75,0.0,0.75,0.25,0.5,False,medium
Positive,Mysore maharajara bagge hemme inda helidralla tumba chennagittu.,8,0.0,0.875,0.875,0.125,0.25,False,medium
not-Kannada,I love u appaji,4,0.0,0.25,0.25,0.75,0.5,False,medium
Negative,Nan jeevana yak hingaytu anta camera munde ಅಳುತ್ತಾ kuthiro janagala madya,11,0.0909,0.6364,0.7273,0.2727,0.5455,False,medium
Positive,Bangalore ಗೆ ಬನ್ನಿ ಕಾಲ್ ಮಾಡಿ 9743436877,6,0.8,0.0,0.8,0.2,0.4,False,medium
Positive,Swabhimana da baduku sartaka,4,0.0,0.75,0.75,0.25,0.5,False,medium
Mixed feelings,ಶಂಕರ್ ಅಶ್ವತ್ಥ್ ಅವರು bigg boss ಗೆ ಬರೋದು ನಿಜಾನಾ?,8,0.75,0.125,0.875,0.125,0.25,False,medium
Positive,Nijvaglu nivu tumbha great sir nimma antha ollevyakthi nodi devru idana antha prashne baruthe,14,0.0,0.8571,0.8571,0.1429,0.2857,False,medium
Positive,Anna super aaegi magadheera videos entertainment new folder,8,0.0,0.25,0.25,0.75,0.5,False,medium
Negative,Le tiktok huchhu sulemakle,4,0.0,0.75,0.75,0.25,0.5,False,medium
Negative,Hee sulli makalla videos beda. Tiktok ban agidhe holli kelsa,10,0.0,0.7778,0.7778,0.2222,0.4444,False,medium
Negative,Oooo bindu aunty Nin badukbeka tik tok delete maduu,9,0.0,0.8571,0.8571,0.1429,0.2857,False,medium
Positive,ಸೂಪರ್ voice and i am very happy for banning tiktok app,11,0.0909,0.0909,0.1818,0.8182,0.3636,False,medium
Positive,Modijji avrige gothu aste gothu soldiers value,7,0.0,0.7143,0.7143,0.2857,0.5714,False,medium
Negative,Bro e tiktok madovrna modlu thuldu sayisbeku ...nBari bildup kodo sedegale erodu bvrc galu,14,0.0,0.8462,0.8462,0.1538,0.3077,False,medium
Positive,Lo Anna ninu nijvada hero kanocorrect agi helde,8,0.0,0.7143,0.7143,0.2857,0.5714,False,medium
Positive,Nakkan idhu idhu roast andhery,5,0.0,0.8,0.8,0.2,0.4,False,medium
Positive,Tiktok matra alla bro chaina du ellanu ban madbeku,9,0.0,0.7778,0.7778,0.2222,0.4444,False,medium
Positive,Super guru neenu tiktak sede galige yeneludru arthagalla,8,0.0,0.75,0.75,0.25,0.5,False,medium
Positive,Super bro nim nice and dialogue bro🤣,7,0.0,0.1429,0.1429,0.8571,0.2857,False,medium
Negative,Chindi guru... tik tok ban agi yar thika urkoltha avree avru hogi Indian army mathe Modhiji naa keli..! Lowda antha tik tok li questions madodala..!!!,25,0.0,0.8,0.8,0.2,0.4,False,medium
Positive,En helde guru sakkath.tik tok madorgella super agi heldre,9,0.0,0.7778,0.7778,0.2222,0.4444,False,medium
Positive,ಏನಾದರೂ ತಪ್ಪಿದ್ದರೆ ಕ್ಷಮೆ ಇರಲಿ..nಹೀಗೆ support ಮಾಡ್ತೀರಿ ನಾನು ನಿಮಗೆ entertainment ಕೊಡ್ತಿರ್ತಿನಿ...nಹಾಗೆ instgram ಅಲ್ಲೂ ಕೂಡ follow ಮಾಡಿn,15,0.7333,0.0667,0.8,0.2,0.4,False,medium
Negative,Yen thapu illa Inna chanag ugibeku,6,0.0,0.8,0.8,0.2,0.4,False,medium
Positive,Yamma..kivili raktha barthide supper guroo,5,0.0,0.8,0.8,0.2,0.4,False,medium
Negative,@Gagan Gouli baya yake bro follow madi astondu kettoralla navu,10,0.0,0.7778,0.7778,0.2222,0.4444,False,medium
Positive,@kushal kumar thankz hage insta alli follow madi,8,0.0,0.75,0.75,0.25,0.5,False,medium
Negative,Kolthogiro kobri mitai mukadavle na..?nYappa devre neenu ugidu uppakodralli no,10,0.0,0.9,0.9,0.1,0.2,False,medium
Negative,Thumba chennagide agbeku nan maklge,5,0.0,0.8,0.8,0.2,0.4,False,medium
Positive,Yenu tappilla bidu bro pakka helidiya,6,0.0,0.8333,0.8333,0.1667,0.3333,False,medium
Positive,Thappu ella nima kelavodu dailog druva sarja thara ede sprrrr,10,0.0,0.8889,0.8889,0.1111,0.2222,False,medium
Positive,Bro nanu tik tok install madidde..onde dinakke uninstall madde....matte tik tok sahavasakke hogilla...allinda tik tok agu hogugalanna troll video dalle nodi njoy madta idini....super bro...🤣🤣🤣🤣,25,0.0,0.7619,0.7619,0.2381,0.4762,False,medium
Positive,movie was legendary. ninu itihasa baryoke bandirodu maga. kannada indutry history baredre eradu part irutte ondu rakshit baroku munche mattondu rakshit  bandadmele,22,0.0,0.7273,0.7273,0.2727,0.5455,False,medium
Mixed feelings,ನಿನ್ನೆ ಅಷ್ಟೆ movie ನೋಡಿದೆ.movie,4,0.75,0.0,0.75,0.25,0.5,False,medium
Positive,Yudha mada beku katukara🧟 munde oda ‍baradu bhagavatgethe Who likes this line,12,0.0,0.7273,0.7273,0.2727,0.5455,False,medium
Positive,Vijaya prakasha voice is amazing song super,7,0.0,0.2857,0.2857,0.7143,0.5714,False,medium
Positive,Boss nivu Rashmi kinta jasthi belibeku,6,0.0,0.8,0.8,0.2,0.4,False,medium
Negative,Thuu nachike annodhe elwa yella vishaya galu bare joke madkonde erthiralla ... loo change aagro ennu time edhe,18,0.0,0.7647,0.7647,0.2353,0.4706,False,medium
Negative,avru hege andre . neenu hene satya helu naavu deslike maadode . naavu erode adke avru huttutane . appa ammananne esta pattirlikkella,22,0.0,0.8947,0.8947,0.1053,0.2105,False,medium
Mixed feelings,Bidu guru vorkolru edri moduke hogudu nLike China nodi navu bega fast hagbekantilva hage,14,0.0,0.8462,0.8462,0.1538,0.3077,False,medium
Mixed feelings,@Sujith Manipal alla uddin khalji dehali sulthana ...... ava ennu iddana,11,0.0,0.8889,0.8889,0.1111,0.2222,False,medium
Mixed feelings,@Cockpit cock allavuddin mayadeepa annodu Arabian nights stories nalli baruva kaalpanika kathe deepa ujjidare bhootha bandhu ella kelasa maaduthve allavuddin khilji alla,22,0.0,0.7619,0.7619,0.2381,0.4762,False,medium
Positive,ಏನಾದರೂ ತಪ್ಪಿದ್ದರೆ ಕ್ಷಮೆ ಇರಲಿ..nಹೀಗೆ support ಮಾಡ್ತೀರಿ ನಾನು ನಿಮಗೆ entertainment ಕೊಡ್ತಿರ್ತಿನಿ...nಹಾಗೆ instgram ಅಲ್ಲೂ ಕೂಡ follow ಮಾಡಿn,15,0.7333,0.0667,0.8,0.2,0.4,False,medium
Mixed feelings,E game yavadu bro,4,0.0,0.25,0.25,0.75,0.5,False,medium
Mixed feelings,ಯಾಕೆ ಎಲ್ಲ ವಿಡಿಯೋ ದಲ್ಲೂ ಈ ಗೇಮ್ ನ add ಮಾಡಿ ಆಕ್ತಿರಲ್ಲ,10,0.9,0.0,0.9,0.1,0.2,False,medium
Mixed feelings,Bro aa game  name  heli,5,0.0,0.2,0.2,0.8,0.4,False,medium
Positive,Nin voice and dialogues ge fidha guru 🤣🤣🤣🤣🤣,8,0.0,0.2857,0.2857,0.7143,0.5714,False,medium
Positive,Really nyc sakath chenagi madidira nange esta aythu. Super riii adrallu tiktok dattu putra nna sakath roast madi heltini...,19,0.0,0.8125,0.8125,0.1875,0.375,False,medium
Mixed feelings,Anna e game yavadu,4,0.0,0.25,0.25,0.75,0.5,False,medium
Negative,Maneli appa amma na chennagi nodkondilla andru tirke shoki beku ivarigella bro,12,0.0,0.8333,0.8333,0.1667,0.3333,False,medium
Negative,Boss akkun bidbede roste madi,5,0.0,0.8,0.8,0.2,0.4,False,medium
Positive,Sakath anna nim haadu,4,0.0,0.75,0.75,0.25,0.5,False,medium
Mixed feelings,Guru nin voice en guru adu ha ha bombat__ series agi ond heltini nanage enadru nim videos inda nakku nakku hotte novu bandre neeve javabdari helidini,26,0.0,0.7308,0.7308,0.2692,0.5385,False,medium
Positive,Tiktok ban ಆಗಿ ಒಳ್ಳೆಯ ದು ಆಯಿತು,6,0.6667,0.1667,0.8333,0.1667,0.3333,False,medium
not-Kannada,Are bhai Yek dum phel diya,6,0.0,0.8,0.8,0.2,0.4,False,medium
Negative,Sari guru nan Rc nodod irli ninu illi bandiro cmnts nodu ninge gotthagutthe,13,0.0,0.75,0.75,0.25,0.5,False,medium
Negative,Tiktok ban agirodrida tiktok madtidrala avr family avrig kushi agirute tumba deena ivr mada nodi sakagitu,16,0.0,0.8125,0.8125,0.1875,0.375,False,medium
Mixed feelings,Bro a game yavdu,4,0.0,0.25,0.25,0.75,0.5,False,medium
unknown state,Yaw game guru edhu,4,0.0,0.25,0.25,0.75,0.5,False,medium
Mixed feelings,Bro game name pizz,4,0.0,0.25,0.25,0.75,0.5,False,medium
Positive,Super bro nim song,4,0.0,0.25,0.25,0.75,0.5,False,medium
Negative,Thooo ni chanalge nai maga,5,0.0,0.75,0.75,0.25,0.5,False,medium
Positive,Olle kelsa madudru ban madi......  2020 li idonde gudnews,9,0.0,0.7143,0.7143,0.2857,0.5714,False,medium
Positive,Osm bro 🤣🤣🤣tiktok shok madutidru avayalla 🤣🤣🤣🤣🤣,7,0.0,0.8,0.8,0.2,0.4,False,medium
Positive,Bejar adaga nim video nodidre khushi agutte,7,0.0,0.8571,0.8571,0.1429,0.2857,False,medium
Mixed feelings,Anna aa game yavdu,4,0.0,0.25,0.25,0.75,0.5,False,medium
Negative,@Rajesh Rao bari inta comments maadkond koothkoli....thuu inta cinema na kannadadalli prothsaha maadilla anta naachike aagbeku,16,0.0,0.7857,0.7857,0.2143,0.4286,False,medium
Negative,@Rajesh Rao en maadodu asht bejaar aagide....ond olle cinema hesr maadlilvalla anta...bejar maadkobedi,13,0.0,0.9,0.9,0.1,0.2,False,medium
Negative,Promotion heg madodo anta kaliri,5,0.0,0.8,0.8,0.2,0.4,False,medium
Positive,Super movie love madabardu guruuu,5,0.0,0.25,0.25,0.75,0.5,False,medium
Mixed feelings,Sar Nim Len nodida mele Nim nija madthbeku SAR plz call Madi,12,0.0,0.7143,0.7143,0.2857,0.5714,False,medium
Negative,RIP kannada film chamber.No proper plannings.,6,0.0,0.1667,0.1667,0.8333,0.3333,False,medium
unknown state,Yar yaru ashwattama badukidanendu nambutero Elli ondu like madi,9,0.0,0.875,0.875,0.125,0.25,False,medium
Negative,Nam  karnatakdallu bandidru yavno huchha andkond nodoke hogilla,8,0.0,0.875,0.875,0.125,0.25,False,medium
unknown state,Nam oorigu  bandidda. Nanu chicken biryani tinsi  kalsde,8,0.0,0.7143,0.7143,0.2857,0.5714,False,medium
Negative,Alla ri  valmiki real life na khate bardidaro real khate bardidaro avnu ganeshana hattira barsiridu avaga Ramayana Mahabharata nadide Ella  haganta ashvataama badkidane anta hege nambtira astukku adu nadidide elvo namg gotte ella adu hege aahvataama badkidane anta heltira. Edu bidi nivu avna nodidira bandu Kate helda anta ede alla nivu hogi kelidira avaru buildope GE helirbodu. Edu yarige esta agidiyo avru like madi.,64,0.0,0.8772,0.8772,0.1228,0.2456,False,medium
Mixed feelings,Ashwathama ge korona bandru bandirabahudu...!,5,0.0,0.75,0.75,0.25,0.5,False,medium
Negative,Nanna prakara badukira bhahudu adare media davari aa cotiyalli ashvattama na bage yake gottaglilla,14,0.0,0.7857,0.7857,0.2143,0.4286,False,medium
Negative,Doctor Avrige avana bahse hege gottu.,6,0.0,0.8,0.8,0.2,0.4,False,medium
Negative,Nin tula malanaleya asvat nama avru yar kanigu kanskalake esta padala akaamat kandru noddavru ale satogtare antadrali avne band docter baklu badudnante nin avunmakanleua hogi nin anta gandu galge hog helu kate na,33,0.0,0.8485,0.8485,0.1515,0.303,False,medium
unknown state,Ega ha ashvathama ellidhane,4,0.0,0.75,0.75,0.25,0.5,False,medium
unknown state,And Narayan swamy yaru yava uru,6,0.0,0.8,0.8,0.2,0.4,False,medium
Mixed feelings,Ashvatthsma idre avana photo kalsi,5,0.0,0.8,0.8,0.2,0.4,False,medium
Negative,Yelli tanka jana moodnambke bidalvo alli tanka inta shatnayakru useless videos haktane irrtare guru.nMahabharata tumba olle moral story. Jeevanakke bekagiro tumba paata ide idralli. Adunella use madkondu olle jeevna madbeku aste. nHindu Muslim Cristian etc etc... Yella naav naav madkondirodu. Yella manushyaru onde,43,0.0,0.7778,0.7778,0.2222,0.4444,False,medium
unknown state,Nanu nodhidhini uttar Pradesh forest,5,0.0,0.75,0.75,0.25,0.5,False,medium
unknown state,Nange ondu doubt ? mahabharatha nijavagi nadedidya ?? Or ಕಥೇನ??,10,0.1429,0.7143,0.8571,0.1429,0.2857,False,medium
Negative,Karnatakakke bandaddela sullu swami swalpa reel biduvaga alochane maadi bidu,10,0.0,0.8,0.8,0.2,0.4,False,medium
Negative,Karnataka ke bandu Kannada matadidna ane guru sullu avnu sooside madko bahudittu alvaa fake news,15,0.0,0.7857,0.7857,0.2143,0.4286,False,medium
Negative,Yelli tanka jana moodnambke bidalvo alli tanka inta shatnayakru useless videos haktane irrtare guru.nMahabharata tumba olle moral story. Jeevanakke bekagiro tumba paata ide idralli. Adunella use madkondu olle jeevna madbeku aste.,31,0.0,0.7586,0.7586,0.2414,0.4828,False,medium
unknown state,Avnu bandiddre avana video akki,5,0.0,0.8,0.8,0.2,0.4,False,medium
Negative,Bogus kathe ........thu nan makla sullu bogaloku nachike agalva yaro nivella thuuuuuuu,12,0.0,0.8,0.8,0.2,0.4,False,medium
unknown state,Anna adu real story,4,0.0,0.25,0.25,0.75,0.5,False,medium
Mixed feelings,@Entertainment Gaming ನಂಗೆ ಎಲ್ಲೋ ಕಾಣಿಸ್ತಾ ಇಲ್ವೇ ಇಲ್ಲ,7,0.8333,0.0,0.8333,0.1667,0.3333,False,medium
Mixed feelings,Ivru helirodu antalla namma dharma shashtra helide. Ashwathhama chranjivi endu. Adre avru doctor manège hogidru adu doubt,17,0.0,0.7333,0.7333,0.2667,0.5333,False,medium
unknown state,@Entertainment Gaming ohhh sari guru nambthine,6,0.0,0.25,0.25,0.75,0.5,False,medium
Negative,@desperado  ಶ್ರೀ ಮನ್ ನಾರಾಯಣ ಡಬ್ಬ ಸಿನಿಮಾ,6,0.8333,0.0,0.8333,0.1667,0.3333,False,medium
not-Kannada,Nice movie like from tamilnadu,5,0.0,0.2,0.2,0.8,0.4,False,medium
unknown state,Oh baby once again also yaar,6,0.0,0.1667,0.1667,0.8333,0.3333,False,medium
unknown state,Now karabu is most liked song,6,0.0,0.1667,0.1667,0.8333,0.3333,False,medium
Positive,Nam kannada songs yavglu super hit,6,0.0,0.1667,0.1667,0.8333,0.3333,False,medium
Positive,Nam kannada songs yavglu super hit,6,0.0,0.1667,0.1667,0.8333,0.3333,False,medium
unknown state,@kiran cg avaru Hyderabad Alli irodu anta heliddu.hyderabad Karnataka region anta helilla,12,0.0,0.8889,0.8889,0.1111,0.2222,False,medium
unknown state,U-turn is telugu or tamil movie na..?,7,0.0,0.1429,0.1429,0.8571,0.2857,False,medium
unknown state,U missed duniyaa movie,4,0.0,0.25,0.25,0.75,0.5,False,medium
Negative,Takathidre kariya thara movie madli,5,0.0,0.8,0.8,0.2,0.4,False,medium
Mixed feelings,Wow exlent verry new dfrent yellu kelilla nodilla danyavadagalu,9,0.0,0.7778,0.7778,0.2222,0.4444,False,medium
Positive,Avane Srimannarayana Trailer-BGM n          Re-Createdn,5,0.0,0.75,0.75,0.25,0.5,False,medium
Mixed feelings,Dboss fansnYboss fansnKboss fans,4,0.0,0.75,0.75,0.25,0.5,False,medium
Positive,Madhu Ranju nAvane Srimannarayana Trailer-BGM n          Re-Createdn,7,0.0,0.8,0.8,0.2,0.4,False,medium
Positive,Super rakshit hands up songs super,6,0.0,0.1667,0.1667,0.8333,0.3333,False,medium
Negative,ಹಂದಿಗಳ್ಯಾಕೆ youtube use ಮಾಡ್ತಿವೆ.....ndislike ಕೂಡ ಮಾಡ್ತಿವೆ..nnಇಂಥ ಸಾಂಗ್ dislike ಮಾಡೋರಿಗೆ ಎನ್ ಅನ್ಬೇಕು....,11,0.7273,0.0,0.7273,0.2727,0.5455,False,medium
Positive,ಸೂಪರ್ ಸರ್ ಈ ಸಾಂಗ್ ನನಿಗಂತೂ ತುಂಬ ಈ ಆಡು ದಿಫ್ಫ್ರೆಂಟ್ ಅಂತ ಅನಿಸಿದರೆ ನನ್  ಫೇವರೆಟ್ ಸಾಂಗ್ ಆಗಿದೆ ಕಣ್ರೀ. ವಿಜಯ್ ಪ್ರಕಾಶ್ ಸರ್ ವಾಯ್ಸ್ please more then peples watch this song super ಅವನೇ ಶ್ರೀಮನ್ನಾರಾಯಣ. ಇಷ್ಟ ಆದ್ರೆ ಲೈಕ್ ಮಾಡಿ. ಇಷ್ಟ ಆಗಲಿಲ್ಲವಾ ಸುಮ್ನೆ ಕುತ್ಕೊಳ್ಳಿ ಯಾಕ್ ಸುಮ್ನೆ  ಡಿಸ್ ಲೈಕ್ ಮಾಡ್ತೀರ,43,0.814,0.0233,0.8372,0.1628,0.3256,False,medium
Mixed feelings,Avane Srimannarayana Trailer-BGM n          Re-Createdn,5,0.0,0.75,0.75,0.25,0.5,False,medium
Negative,@Thejas Gowda Lee sulemagane   fans Kade ಇಂದ ಸಪೋರ್ಟ್ ಅಂದರೆ,9,0.5,0.3333,0.8333,0.1667,0.3333,False,medium
Negative,@Virat Sachin tika yak urkolona Swami... Swalpa Naga Bantu.. Nakde... Tale mele yard hodidu buddi helona ankondde..,17,0.0,0.8,0.8,0.2,0.4,False,medium
Negative,@Thejas Gowda avnu oba uneducated slum sulemaga..adke yaneno bogltane🤣🤣,9,0.0,0.75,0.75,0.25,0.5,False,medium
Negative,@sujith naik tale mel hodiyoda ond kudlunu kithkollok agalla,9,0.0,0.7778,0.7778,0.2222,0.4444,False,medium
Positive,Trending No1... Asn song....nಮಂತ್ರ ಮುಗ್ಧಗೊಳಿಸೋ ಗೀತೆ.... ಕೇಳ್ತಾ ಕೇಳ್ತಾ...ಮತ್ತೇರಿಸೋ.....ಹಾಡು...,8,0.8333,0.0,0.8333,0.1667,0.3333,False,medium
Positive,Rakshit bro nodi no1 tranding thogando bhandihivi Saka bro,9,0.0,0.7143,0.7143,0.2857,0.5714,False,medium
Positive,I feel sandalwood have not lost shankarnag after seeing RS2,10,0.0,0.1111,0.1111,0.8889,0.2222,False,medium
Positive,ಸೂಪರ್  ಡಿ ಬೋಸ್ಸ್ fan,4,0.75,0.0,0.75,0.25,0.5,False,medium
unknown state,Telugu version upload madurri,4,0.0,0.25,0.25,0.75,0.5,False,medium
Positive,ಈ ಸಂಗೀತ ಮತ್ತು ಡಾನ್ಸ್ ಸ್ಟೆಪ್ ಒಂದು benchmark ಮತ್ತು trend ಆಗತ್ತೆ,10,0.8,0.0,0.8,0.2,0.4,False,medium
Mixed feelings,Aga navu yaru TV Alli nododu beda. Suvarna channel avra TRP kammi madsona. Aga avrige buddhi barutte. Olle olle films Nella isht Bega TV Alli hakudre theatre ge yaar hogtare,30,0.0,0.8,0.8,0.2,0.4,False,medium
Positive,Nice song Sri super  superhit,5,0.0,0.25,0.25,0.75,0.5,False,medium
Mixed feelings,ಈ ವಿಡಿಯೋ ವನ್ನು 10m views ಆದಮೇಲೇ ನೋಡುವವರು,7,0.8333,0.0,0.8333,0.1667,0.3333,False,medium
Positive,Intaha innu hadugalu kannada industryge beku annuvavaru like madi,9,0.0,0.7778,0.7778,0.2222,0.4444,False,medium
Positive,Big star agbitte u,4,0.0,0.25,0.25,0.75,0.5,False,medium
Positive,Kannadadalli ee Tara cinematography iro movies innu barli,8,0.0,0.7143,0.7143,0.2857,0.5714,False,medium
Positive,Raxit shetty uvarige ondu namaskar ide tara uvaru kannad film madali uvar comedy tumba chennagide.,15,0.0,0.7333,0.7333,0.2667,0.5333,False,medium
not-Kannada,Please upload Full movie original bgm,6,0.0,0.2,0.2,0.8,0.4,False,medium
Positive,super guru yellidde guru,4,0.0,0.25,0.25,0.75,0.5,False,medium
Negative,Kannada songs na dislike madbede,5,0.0,0.2,0.2,0.8,0.4,False,medium
Positive,Avane Srimannarayana Trailer-BGM n          Re-Createdn,5,0.0,0.75,0.75,0.25,0.5,False,medium
Mixed feelings,@Kumara Kantirava sari bidi navella kannadigare,6,0.0,0.8,0.8,0.2,0.4,False,medium
Negative,Yav kaldan mare nin,4,0.0,0.75,0.75,0.25,0.5,False,medium
Negative,Telugu comments copy madbutta 🤦‍,5,0.0,0.25,0.25,0.75,0.5,False,medium
Positive,Slow poison song annoru like Maadi,6,0.0,0.2,0.2,0.8,0.4,False,medium
Positive,Edu charitre srustiso Avatara awdu annuvavaru like madi,8,0.0,0.8571,0.8571,0.1429,0.2857,False,medium
Positive,First time kannada movie film video song full bittirodu,9,0.0,0.1111,0.1111,0.8889,0.2222,False,medium
Positive,ಇದು ರಕ್ಷಿತ್ ಶೆಟ್ಟಿ ಚರಿತ್ರೆ ಸೃಷ್ಟಿಸೋ ಅವತಾರ nನಿಮ್ಮಂತಹ ಸೃಜನಶೀಲ ಮತ್ತು ಚಾಣಕ್ಯ movie maker ನಮ್ಮ ಕರ್ನಾಟಕದಲ್ಲಿ ಇರುವುದು ನಮಗೆ ಹೆಮ್ಮೆ,17,0.8824,0.0,0.8824,0.1176,0.2353,False,medium
Mixed feelings,Superb bgm n nice dance moves,6,0.0,0.1667,0.1667,0.8333,0.3333,False,medium
Positive,Anna Saudi Arabia li release maadi,6,0.0,0.25,0.25,0.75,0.5,False,medium
Negative,Dislike ಮಾಡೋ ಮೂರ್ಖರ ಬುದ್ದಿಗೆ ಶ್ರದ್ಧಾಂಜಲಿ.,5,0.8,0.0,0.8,0.2,0.4,False,medium
Positive,Kannada padagala jodane adhbhutha,4,0.0,0.75,0.75,0.25,0.5,False,medium
Positive,ನಕ್ಕನ್... ಇದು song ಅಂದ್ರೆnHands Up... nಹೌದೋ ಹುಲಿಯಾ...,7,0.8333,0.0,0.8333,0.1667,0.3333,False,medium
Positive,Hands up' ಅವನ ಬರ್ತಾ ಇದಾನೆ...,5,0.6,0.2,0.8,0.2,0.4,False,medium
Positive,Hindi alli yaavaga bidthare?,4,0.0,0.75,0.75,0.25,0.5,False,medium
Positive,Idu Englishs filmae beat madute ansudre like madi,8,0.0,0.7143,0.7143,0.2857,0.5714,False,medium
Positive,ಸೂಪರ್ ಸಾಂಗ್........ ತುಂಬಾ ಇಷ್ಟ ಆಯ್ತು.....  love you rakshith bhai,9,0.5556,0.2222,0.7778,0.2222,0.4444,False,medium
Mixed feelings,DRUVA sarja- hit likenRakshith Shetty- commentsn,6,0.0,0.8,0.8,0.2,0.4,False,medium
Positive,ಸೂಪರ್ ಸಾಂಗ್ altimate ಸಾಂಗ್ guru,5,0.6,0.2,0.8,0.2,0.4,False,medium
Positive,Music ನಿಂದ ಇ ಸಿನೆಮಾ 100 ದಿನ teater    ನಲ್ಲಿ ಇರತ್ತೆ,9,0.75,0.125,0.875,0.125,0.25,False,medium
Positive,ಈ ಹಾಡಿಗೇ  ಥಿಯೇಟರ್ ಅಲ್ಲಿ ಸ್ಟೇಪ್ಸ್ ಹಾಕೋದೋರು ಓಂದು like  ಕೋಡ್ರೋ,9,0.8889,0.0,0.8889,0.1111,0.2222,False,medium
unknown state,Film nodidmele ee song ge addict aadavaru like maadinYalllrigu thanks for 1000 likes,13,0.0,0.2727,0.2727,0.7273,0.5455,False,medium
not-Kannada,@Chennabasamma Uma Lagu nodri cholo ithi film,7,0.0,0.8,0.8,0.2,0.4,False,medium
unknown state,1000 ne like nandhe brother,5,0.0,0.25,0.25,0.75,0.5,False,medium
unknown state,@Manjunath mtr tq bro,4,0.0,0.75,0.75,0.25,0.5,False,medium
not-Kannada,Rango cartoon movie... nice movie,5,0.0,0.25,0.25,0.75,0.5,False,medium
Positive,Sakath beats..Matte Matte kelabeku anno song..,6,0.0,0.8,0.8,0.2,0.4,False,medium
Negative,Hate the dislikers .If it is true like me,9,0.0,0.1111,0.1111,0.8889,0.2222,False,medium
Positive,We varshada super song,4,0.0,0.25,0.25,0.75,0.5,False,medium
Positive,Evergreen song listalli idhu yavglu iratthe doudte illa....,8,0.0,0.7143,0.7143,0.2857,0.5714,False,medium
Negative,Rasmika ge  uribeku nimma cenema successful kanabeku hagu nimma jodi shanvi madam rakshit shetty jote  maduve agabeku idu nimma abhimani asheya,21,0.0,0.8095,0.8095,0.1905,0.381,False,medium
unknown state,Rs fance like here,4,0.0,0.25,0.25,0.75,0.5,False,medium
Positive,Super movie 200days paka super guru see once dis movie,10,0.0,0.1111,0.1111,0.8889,0.2222,False,medium
Positive,En song guruve I love this song K G F bitre ede super movie guru.......super,15,0.0,0.2857,0.2857,0.7143,0.5714,False,medium
unknown state,K.s  .karthik  yash  fernd  nanbarn9916102619  devaraj,6,0.0,0.8,0.8,0.2,0.4,False,medium
Positive,Super ಸಾಂಗ್ ವೆರಿ ನೈಸ್....,4,0.75,0.0,0.75,0.25,0.5,False,medium
unknown state,super dancenAnd alsonJai Vijaya prakesh,5,0.0,0.75,0.75,0.25,0.5,False,medium
Positive,I am addicted malayalam version song nHands up to ajaneesh loknath and Malayalam singer,14,0.0,0.2308,0.2308,0.7692,0.4615,False,medium
Positive,So super song yaa,4,0.0,0.25,0.25,0.75,0.5,False,medium
Positive,ಇದು ಇದು actually ಚೆನ್ನಾಗಿರೋದು.🤩🤩🤩,4,0.75,0.0,0.75,0.25,0.5,False,medium
Positive,Support from #rcbedarcbbeku fans,4,0.0,0.25,0.25,0.75,0.5,False,medium
Mixed feelings,I think junior Pawan KalyannI am waiting,7,0.0,0.1667,0.1667,0.8333,0.3333,False,medium
Mixed feelings,Odeya film yeng edhe nodudra,5,0.0,0.8,0.8,0.2,0.4,False,medium
Positive,Ulti music and signature step,5,0.0,0.2,0.2,0.8,0.4,False,medium
Positive,Supar hit song anna,4,0.0,0.25,0.25,0.75,0.5,False,medium
Positive,Keli kaadiruva baandavaarenBhuviyalli avana arithavaarenYaarila bidinMunnudinIddaradondu dantakathenNalku dikkinalu bekavanunBanduku hidida manavanunThale melide keeretanViraatanGuri bennato netaaranunGalli maatina bazaarunSuddi saaride sumaarunPaatrada parichaya irovrunEe badukige ide Ghana  hesarunHands up idu AnavaraatanHands up Na agnyata nHands up ide vedanta nIdu charithre srushtiso avataara,39,0.0,0.8378,0.8378,0.1622,0.3243,False,medium
Mixed feelings,Kudlardh  yan ulle bro,4,0.0,0.75,0.75,0.25,0.5,False,medium
Mixed feelings,Frickin ear worm of a song..Ppa pa ba ppa pa pa pa pa pa..,14,0.0,0.2143,0.2143,0.7857,0.4286,False,medium
Positive,Super duper movie kananda movie industry no1 movie,8,0.0,0.2857,0.2857,0.7143,0.5714,False,medium
Positive,Different ಮ್ಯೂಸಿಕ್ ಸರ್.nಅಜನಿಶ್ ಸರ್ ಗೆ ಧನ್ಯವಾದಗಳು..,6,0.8333,0.0,0.8333,0.1667,0.3333,False,medium
Positive,Song super step ennu super,5,0.0,0.2,0.2,0.8,0.4,False,medium
Mixed feelings,@sathish chandra 🤣Naan kelv comment noDidakke heliddu,7,0.0,0.7143,0.7143,0.2857,0.5714,False,medium
Positive,Avane nodri sriman narayan love from belagavi,7,0.0,0.7143,0.7143,0.2857,0.5714,False,medium
Positive,ಸೂಪರ್ ........ bigg ಫ್ಯಾನ್ of  ರಕ್ಷಿತ್ shetty,7,0.5,0.3333,0.8333,0.1667,0.3333,False,medium
Positive,Super marvlese  percent 365 day,5,0.0,0.25,0.25,0.75,0.5,False,medium
Positive,idu charitre srustisuv  avatar -----------,5,0.0,0.75,0.75,0.25,0.5,False,medium
Positive,ನನ್ನ ಗೆಲ್ಲೋದು ಊಹೆಗೂ ಮೀರಿದ ಸಾಹಸnOsm line,6,0.8333,0.0,0.8333,0.1667,0.3333,False,medium
Mixed feelings,Pistol look like flare gun...nnJai pubg..,6,0.0,0.2,0.2,0.8,0.4,False,medium
Mixed feelings,Idappa kannada song andre KFI back on track,8,0.0,0.1429,0.1429,0.8571,0.2857,False,medium
not-Kannada,Hands Up songnH i n d i . . .,10,0.0,0.1667,0.1667,0.8333,0.3333,False,medium
Negative,Yarg artha agilvo lyrics nodi,5,0.0,0.8,0.8,0.2,0.4,False,medium
Positive,ಈ ಮೂವಿಯನ್ನು first day ನೋಡುವವರು ಲೈಕ್ ಮಾಡಿ,7,0.7143,0.0,0.7143,0.2857,0.5714,False,medium
Mixed feelings,@BLACK HEART guru modlu avr heeliddu artha madko,8,0.0,0.7143,0.7143,0.2857,0.5714,False,medium
Negative,Over buildup yella yaake bidu guru...story chanagi kottidre saaku...aa rashmika thika uribeku....,12,0.0,0.7778,0.7778,0.2222,0.4444,False,medium
Positive,En song Guru... Namma Narayana Namma hemme all India fidha agibitdhe nimge ....,13,0.0,0.7143,0.7143,0.2857,0.5714,False,medium
Positive,Superb songnದೀಪಣ್ಣನ ಅಭಿಮಾನಗಳ ಕಡೆಯಿಂದ ರಕ್ಷಿತ ಶೆಟ್ಟಿಯವರಿಗೆ ಶುಭವಾಗಲಿ....,7,0.8571,0.0,0.8571,0.1429,0.2857,False,medium
Positive,Super song pakka block buster,5,0.0,0.2,0.2,0.8,0.4,False,medium
Positive,Haterless pan Indian simple star,5,0.0,0.25,0.25,0.75,0.5,False,medium
unknown state,kfi is not for single person,6,0.0,0.1667,0.1667,0.8333,0.3333,False,medium
unknown state,I hope salmaan vai didn't watch it,7,0.0,0.2857,0.2857,0.7143,0.5714,False,medium
not-Kannada,HINDI walo nLike pelo,4,0.0,0.75,0.75,0.25,0.5,False,medium
Positive,Matthomme namma kannada suputhra rks,5,0.0,0.8,0.8,0.2,0.4,False,medium
Positive,Filam is paka blackbaster,4,0.0,0.75,0.75,0.25,0.5,False,medium
unknown state,Vishnu Dada fans like madi,5,0.0,0.25,0.25,0.75,0.5,False,medium
Positive,Super guru pakka block buster,5,0.0,0.2,0.2,0.8,0.4,False,medium
Negative,Rashmika urkoo  rashmika haters like herenRakshith sheety,7,0.0,0.7143,0.7143,0.2857,0.5714,False,medium
Positive,Hands up ಇದು ಚರಿತ್ರೆ ಸೃಷ್ಟಿಸೋ ಅವತಾರ .. Althe best ASN...simple Star ನ ಅದ್ಧೂರಿ ಅವತಾರ.. ಅವನೇ ಶ್ರೀಮನ್ನಾರಾಯಣ..,16,0.75,0.0,0.75,0.25,0.5,False,medium
Positive,Idu idu bekittu actually.....jai rk boss,6,0.0,0.8,0.8,0.2,0.4,False,medium
Positive,chindi step chindi bgm superrrr,5,0.0,0.75,0.75,0.25,0.5,False,medium
Positive,All d best from ballari NTR fans,7,0.0,0.1667,0.1667,0.8333,0.3333,False,medium
Negative,Dislike madid gandu inondsala keli,5,0.0,0.8,0.8,0.2,0.4,False,medium
Positive,Actually iedu iedu channagirodu,4,0.0,0.75,0.75,0.25,0.5,False,medium
not-Kannada,He  is like  shankarnag,4,0.0,0.25,0.25,0.75,0.5,False,medium
Negative,Dislike madiroru rashmika kade avre erbeku!,6,0.0,0.8333,0.8333,0.1667,0.3333,False,medium
Positive,ಆಶಿಕ ಸುಮ್ನೆ ನೀವೇ ಮದುವೆ ಆಗಿ ರಕ್ಷಿತ್ ಶೆಟ್ಟಿ ಅವರಿಗೆ .... ಜೋಡಿ ತುಂಬಾ ಚೆನ್ನಾಗಿರುತ್ತೆ....nnIn beauty you >>>>>>>>>>•••• Rashmika,16,0.8462,0.0,0.8462,0.1538,0.3077,False,medium
Positive,@Sudeep K N ಹೌದು ಹುಲಿಯ ಜೈ ಹುಚ್ಚಾ ವೆಂಕಟ ಸೇನೆ.......,9,0.6667,0.1111,0.7778,0.2222,0.4444,False,medium
Mixed feelings,ಮೋಸ ಮಾಡಿ ಹೋಗುವ ಹುಡುಗಿರಿಗೆ ಇದೇ ತರ ಬುದ್ದಿ ಕಲಿಸಬೇಕು .....#Rakshithsheety come back ....,12,0.8,0.0,0.8,0.2,0.4,False,medium
Mixed feelings,@Mahesh 13 Karnataka dalle bere bhashe movie nodor jaasthi aagidare,10,0.0,0.875,0.875,0.125,0.25,False,medium
Positive,Yellar gamnaanu HANDS UP Hatra ne ide. haage gamna ittu nodi.,11,0.0,0.75,0.75,0.25,0.5,False,medium
Negative,two dislikes I think it may be rashmika and devarakonda,10,0.0,0.2,0.2,0.8,0.4,False,medium
Positive,Best heroine n Shanvi- likenRashmika - comment,7,0.0,0.2,0.2,0.8,0.4,False,medium
Negative,Bandiro 3 comment adru avalge andkondre adu ugiyakke madidiralla guru,10,0.0,0.7778,0.7778,0.2222,0.4444,False,medium
Positive,idu avane Sri man narayan,5,0.0,0.75,0.75,0.25,0.5,False,medium
Positive,Simple star fans like madi,5,0.0,0.2,0.2,0.8,0.4,False,medium
Positive,D boss fans inda full support iden#jaidboss,7,0.0,0.2857,0.2857,0.7143,0.5714,False,medium
Negative,@prithvi nayak Flop yaavdu antha Karnataka ge gottu bidi...,9,0.0,0.8333,0.8333,0.1667,0.3333,False,medium
Negative,@twisted formals nin amman yako lowda nkn dboss tus patakinin obba sule maga,13,0.0,0.7692,0.7692,0.2308,0.4615,False,medium
Negative,@prithvi nayak Roberrt bangada goth aagutte,6,0.0,0.8,0.8,0.2,0.4,False,medium
Mixed feelings,Nam Kannada Heroes ge Support maadade Dislike Kodtiralla Enro Neevu....  ALL THE BEST From D BOSS Fans,17,0.0,0.25,0.25,0.75,0.5,False,medium
not-Kannada,Sir ye song Tamil language me hai,7,0.0,0.1667,0.1667,0.8333,0.3333,False,medium
Positive,Nim ge esta agiddare like.Comments.madi,5,0.0,0.8,0.8,0.2,0.4,False,medium
Mixed feelings,Look like a shankarnag,4,0.0,0.25,0.25,0.75,0.5,False,medium
Positive,Illi Like madidhre chenagiro movie barallanDuud kottu encourage madi movie nodidre barathe,12,0.0,0.7273,0.7273,0.2727,0.5455,False,medium
Positive,Bro avru ellargu ista ..avru yavattu controversy madkondilla,8,0.0,0.75,0.75,0.25,0.5,False,medium
Mixed feelings,Vilan ಬಳಿ ಒಂದು coin urali barhttalla,6,0.3333,0.5,0.8333,0.1667,0.3333,False,medium
not-Kannada,Rama Rama tusu daksha vrutha jaaripa,6,0.0,0.8,0.8,0.2,0.4,False,medium
Mixed feelings,Hudgirge estu huchu edso song adre.   Enaa hudugara kathe henge.,10,0.0,0.8889,0.8889,0.1111,0.2222,False,medium
Positive,E song super and handsome step super annowru like madi,10,0.0,0.2,0.2,0.8,0.4,False,medium
Negative,Please all dislike 'this video.,5,0.0,0.2,0.2,0.8,0.4,False,medium
not-Kannada,in 10m view 224k likes..i think highest likes for less views in kannada...,13,0.0,0.1,0.1,0.9,0.2,False,medium
Negative,@Nightwatchman Tamil nadavrige gottu Sudeep bagge neen Yav thukali anta nin mat keltare.,13,0.0,0.9,0.9,0.1,0.2,False,medium
Positive,Best song I have heard after belagenddu,7,0.0,0.1429,0.1429,0.8571,0.2857,False,medium
Positive,Idu charitre srutsiro song,4,0.0,0.75,0.75,0.25,0.5,False,medium
Positive,Year ge ondu film bandru Chenagide super sir,8,0.0,0.2857,0.2857,0.7143,0.5714,False,medium
Positive,Sooper pa Rakshit.  mukali haryanga talent paa nindu,8,0.0,0.7143,0.7143,0.2857,0.5714,False,medium
unknown state,Who like rakshit Shety hit like,6,0.0,0.2,0.2,0.8,0.4,False,medium
Positive,Tukaram character yarige ista agide avru like madi,8,0.0,0.75,0.75,0.25,0.5,False,medium
unknown state,Hands up like madi,4,0.0,0.25,0.25,0.75,0.5,False,medium
Negative,Dislike madirovur rasmika panzgalu,4,0.0,0.75,0.75,0.25,0.5,False,medium
Negative,Esta adre mele like button ede kodtare bidapa,8,0.0,0.75,0.75,0.25,0.5,False,medium
unknown state,@Aiswarya Soundarya hi mem..uta ayta mem....gn,6,0.0,0.75,0.75,0.25,0.5,False,medium
Positive,Super creation bro .  Adru nim voice sppppprrrrrr.....,8,0.0,0.2,0.2,0.8,0.4,False,medium
Negative,ಪಾಪ ಜಾಸ್ತಿ followers ಇರೋರ್ ತುಂಬಾ ಬೇಜಾರ್ ಮಾಡ್ಕೊಂಡಿದಾರೆ,7,0.8571,0.0,0.8571,0.1429,0.2857,False,medium
Positive,What a tiktok song super,5,0.0,0.2,0.2,0.8,0.4,False,medium
unknown state,Bro yav ooru nivu,4,0.0,0.75,0.75,0.25,0.5,False,medium
Positive,super anna super creative kannadiga,5,0.0,0.2,0.2,0.8,0.4,False,medium
Positive,E kithu hogi ero Nan makallu na chapalli Alli hodi beku.... Tiktok Ban Madi olle kelsa Madi edare,18,0.0,0.8182,0.8182,0.1818,0.3636,False,medium
unknown state,Hi bro yav urruuuuuuu ninduuuu Kollegala na,7,0.0,0.25,0.25,0.75,0.5,False,medium
Positive,En Anna nim mathgalu Mika 🤣🤣🤣🤣instadalli sigtave bidi anna,9,0.0,0.8333,0.8333,0.1667,0.3333,False,medium
Positive,Tumba channagi mathadthira anna,4,0.0,0.75,0.75,0.25,0.5,False,medium
Mixed feelings,Anna e game yavudu,4,0.0,0.25,0.25,0.75,0.5,False,medium
Positive,Anna nin super anna,4,0.0,0.25,0.25,0.75,0.5,False,medium
Positive,Super avanu helidanalla yelo galate ante avanu sikudre japli yelo togoduu odibeku tuuu.nNivu inu roste madtairi..nJai creative kannadiga..,18,0.0,0.8235,0.8235,0.1765,0.3529,False,medium
Positive,Super Ann nanagu. Tik tok.banna  agude bekagitu,7,0.0,0.8,0.8,0.2,0.4,False,medium
Mixed feelings,sir niu ene adru tik tok alli hero herohin tara stile madtarala avarige idu kammine niu innu ivarige rost madi sir jai modi ji,24,0.0,0.7917,0.7917,0.2083,0.4167,False,medium
Mixed feelings,E game yavadu bro,4,0.0,0.25,0.25,0.75,0.5,False,medium
Positive,Ultimate Guru tik tok ಅವರ ಭವಿಷ್ಯ ನೇ ಹೇಳ್ಬಿಟ್ಟೆ,8,0.5714,0.2857,0.8571,0.1429,0.2857,False,medium
Positive,Holle kelsa ban agirodu🤣,4,0.0,0.75,0.75,0.25,0.5,False,medium
Mixed feelings,Alle Dum taka anta shoot madona AKM nalli🤣🤣🤣🤣,8,0.0,0.8,0.8,0.2,0.4,False,medium
unknown state,Le tiktok hudugira yella pubg banni  AWM M4 use madodu hege anta helkodtini,13,0.0,0.8182,0.8182,0.1818,0.3636,False,medium
Positive,Guru e game name en guru.... Masth eede game,9,0.0,0.2857,0.2857,0.7143,0.5714,False,medium
Mixed feelings,Finally prime minister modi did it,6,0.0,0.1667,0.1667,0.8333,0.3333,False,medium
Positive,En dailouges guru nsuper gurunYou rocking gurunNin dailouges keludmele nim channel subscribe maadthiddeeni hinge continue maadu gurunInnondibru dingurbilligalu tiktok li buildup kodthidru avrnu ee videodalli topgersidre chanaagirthitthu,27,0.0,0.7037,0.7037,0.2963,0.5926,False,medium
Negative,tiktok madle beku andre  chines border bidona alle tiktok madi syali,11,0.0,0.8182,0.8182,0.1818,0.3636,False,medium
Positive,Namganthu tik tok ban aagiddu tumba kushi,7,0.0,0.8571,0.8571,0.1429,0.2857,False,medium
Negative,E bindu gowda en hucchu ididhia antha,7,0.0,0.8571,0.8571,0.1429,0.2857,False,medium
Positive,Super video ಜೈ ಹಿಂದ್ ಜೈ ಭಾರತ ಮಾತೆ,7,0.7143,0.0,0.7143,0.2857,0.5714,False,medium
Positive,ಪಕ್ಕಾ correct ಆಗಿ ಹೇಳಿದಿರಿ  ಅಣ್ಣ,5,0.8,0.0,0.8,0.2,0.4,False,medium
Positive,Tiktok ban madidre desh ke walendu,6,0.0,0.8333,0.8333,0.1667,0.3333,False,medium
Negative,Nodarappa yaro heludrala ban yak madbeku antha,7,0.0,0.7143,0.7143,0.2857,0.5714,False,medium
Positive,Fan aagode bayya NiNgE..,4,0.0,0.75,0.75,0.25,0.5,False,medium
Positive,Chinddi hagi madidiya guru,4,0.0,0.75,0.75,0.25,0.5,False,medium
Negative,Roposo engo aramag ittu ega ivr ela roposo ge bandu roposo nu hal madta idare anna,16,0.0,0.75,0.75,0.25,0.5,False,medium
Negative,Tik tok ogidke urkondu ಉಪ್ಪಿಟ್ಟು agore bro,7,0.1429,0.7143,0.8571,0.1429,0.2857,False,medium
Positive,Super guru iam proud my india,6,0.0,0.1667,0.1667,0.8333,0.3333,False,medium
Positive,Anna super talent  anna nimdu ide tara videos  madtabiri,9,0.0,0.2222,0.2222,0.7778,0.4444,False,medium
Positive,Super guru ninu love you,5,0.0,0.2,0.2,0.8,0.4,False,medium
Negative,Estella troll madidru roast madidru konege deshakke ago nastada bhagge gothadru inna tiktok vahiskondu bartharandre evrgella yen anbek guru...??. nnikal lawde,21,0.0,0.75,0.75,0.25,0.5,False,medium
Mixed feelings,Correct aag helidri bro .. aa lfr ge tiktok ilde idre uta nidde baralla ansatte,15,0.0,0.7143,0.7143,0.2857,0.5714,False,medium
Positive,Tq bro for saport Trollers iam troller nಜೈ ಹಿಂದ್,9,0.25,0.5,0.75,0.25,0.5,False,medium
Mixed feelings,Karab guru nenu nNkn eddu masthu🤗,6,0.0,0.8333,0.8333,0.1667,0.3333,False,medium
Positive,Bro nanu kuda tiktok use madthidae adrae adu ban adaga nang yenu bejar agilla yakandrae namdu ondu sanna contribution irli namma desha kae jai hind,25,0.0,0.8,0.8,0.2,0.4,False,medium
Negative,Full gichhh Madi nod anaa mast,6,0.0,0.25,0.25,0.75,0.5,False,medium
Negative,Anna nin super yelargu saryag ugdidya avrgela bartha edid bikshe kaasu miss aythu antha support madtha edru aste,18,0.0,0.7778,0.7778,0.2222,0.4444,False,medium
not-Kannada,Super bro...... Well video for tiktoker,6,0.0,0.25,0.25,0.75,0.5,False,medium
Positive,Nijvagalu Nim anthavaru iddrene Anna  yalarigu bhuddi barodhu anna,9,0.0,0.8571,0.8571,0.1429,0.2857,False,medium
Negative,Rashmika Thu..l.l.i irve ankoavro ondu like,6,0.0,0.8,0.8,0.2,0.4,False,medium
Negative,Modlu keldaga mamuli song ashtukke ashte annusthu,7,0.0,0.8571,0.8571,0.1429,0.2857,False,medium
Positive,Rakshit boss Super dance u r looking like karate king shaankar nag ND Vishnuvardan boss m Vishnu sir fan,19,0.0,0.1333,0.1333,0.8667,0.2667,False,medium
Mixed feelings,Bro hagandr kgf asn 5 language alli bidugade agute avaga bere industri avaru hage andre yenagutte,16,0.0,0.8,0.8,0.2,0.4,False,medium
Positive,Wt a song sprb song boss,6,0.0,0.1667,0.1667,0.8333,0.3333,False,medium
Negative,2k dislikes rashmika maandanna fanss,5,0.0,0.75,0.75,0.25,0.5,False,medium
unknown state,Step ge fans agidivi annoru give like,7,0.0,0.2857,0.2857,0.7143,0.5714,False,medium
Positive,nijvaglu ee movie nodilla Andre nim papa aste,8,0.0,0.7143,0.7143,0.2857,0.5714,False,medium
unknown state,Nice steps like chirnjevi,4,0.0,0.25,0.25,0.75,0.5,False,medium
Negative,Rasmika ge urskadru sapport madi,5,0.0,0.8,0.8,0.2,0.4,False,medium
not-Kannada,Super song vaiting for movie,5,0.0,0.2,0.2,0.8,0.4,False,medium
Positive,ಆಯ್ಯ್ಯೋ...... ಈ ಹಾಡು ಹುಚ್ಚು ಹಿಡಿಸುತ್ತಿದೆ. ದಯವಿಟ್ಟು ಸಹಕರಿಸಿ ಗೆಳೆಯರೇ . ನಮ್ಮ industry  ಫುಲ್ ಬೆಳಿತಿದೆ. ನಾನು & ನನ್ನ frnds waitng for diz movie🤗🤗,21,0.6842,0.1579,0.8421,0.1579,0.3158,False,medium
Negative,All dislike by rashmika fans,5,0.0,0.2,0.2,0.8,0.4,False,medium
Positive,Idu charitre shrustiso movie agutte,5,0.0,0.8,0.8,0.2,0.4,False,medium
Positive,Shivaraj Shivu nnimm number kodri,5,0.0,0.75,0.75,0.25,0.5,False,medium
not-Kannada,Ramesh Snakannanavar you have to go to a,8,0.0,0.1429,0.1429,0.8571,0.2857,False,medium
Positive,ತೊಗರಿ ತಿಪ್ಪ ಸುಪರ್ ಕಾಮಿಡಿ so super thogari thippa comdey,9,0.4444,0.3333,0.7778,0.2222,0.4444,False,medium
Positive,Rakshith Sir fan like here,5,0.0,0.25,0.25,0.75,0.5,False,medium
Positive,ಆವಾಗಾವಾಗ ಈ ಹಾಡು ಕೇಳಲಿಲ್ಲ ಅಂದ್ರೆ ಏನೋ ಮಿಸ್ ಮಾಡಿದಾಹಾಗೆ ಆಗುತ್ತೆnSlow poison,10,0.9,0.0,0.9,0.1,0.2,False,medium
Positive,En song madidiri boss ninne inda 20 sari kelidini innu kelbeku kelbeku antha anstide,14,0.0,0.7692,0.7692,0.2308,0.4615,False,medium
Positive,ಕನ್ನಡ ಸಿನಿಮಾ ರಂಗದ ಸುವರ್ಣಯುಗ ಈ ಕಾಲ ಎಂದರೆ ತಪ್ಪಾಗಲಾರದು.nಅದ್ಬುತ ದುಷ್ಯಕವ್ಯ ಈ ಸಿನಿಮಾಗಳು.nGolden time for Kannada film industrynMungaru Male,17,0.7333,0.0667,0.8,0.2,0.4,False,medium
Positive,ಸೂಪರ್ ಸೂಪರ್ ಡಿ ಬಾಸ್ fan,5,0.8,0.0,0.8,0.2,0.4,False,medium
not-Kannada,Ji d boss I love you d boss,8,0.0,0.125,0.125,0.875,0.25,False,medium
Positive,Sandalwoodnalli  dhamaka mado avatara start agalide.,6,0.0,0.8333,0.8333,0.1667,0.3333,False,medium
Negative,Those 1.3k dislikes are seems to be fan of rashmika,10,0.0,0.1111,0.1111,0.8889,0.2222,False,medium
Mixed feelings,Slow poison song annoru like madi...,6,0.0,0.2,0.2,0.8,0.4,False,medium
Positive,ಅಜನೀಶ್ ಏನ್ ಮ್ಯೂಸಿಕ್ ಗುರುnಬಾಲಿವುಡ್ ಸಾಂಗ್ಸ್ ಗಿಂತ ಚೆನ್ನಾಗಿದೆnWaiting for fdfs,9,0.7778,0.1111,0.8889,0.1111,0.2222,False,medium
not-Kannada,Super song rakshit sir ASN,5,0.0,0.25,0.25,0.75,0.5,False,medium
Negative,Chutiyaa Ganesh gintaa olle movie irutthe bidu guru idu. Ganesh ge olle swamake maadoke helu modlu,16,0.0,0.7857,0.7857,0.2143,0.4286,False,medium
Positive,ಹಿಂದಿ song innu yake relise agilla,6,0.1667,0.6667,0.8333,0.1667,0.3333,False,medium
Negative,unlike kottiroru ramshakkana fanse erbeku,5,0.0,0.8,0.8,0.2,0.4,False,medium
Negative,Those 1.2k dislikes are jealous kongas for sure🤣,8,0.0,0.1429,0.1429,0.8571,0.2857,False,medium
not-Kannada,Super rakhit we love u and kannada,7,0.0,0.1429,0.1429,0.8571,0.2857,False,medium
not-Kannada,Bgm and dance super,4,0.0,0.25,0.25,0.75,0.5,False,medium
not-Kannada,Ajanish sir superb music,4,0.0,0.25,0.25,0.75,0.5,False,medium
Positive,Kannadada hemmeya asn filme annoru like madi,7,0.0,0.8571,0.8571,0.1429,0.2857,False,medium
Positive,Actually ಇದು ಇದು song  ಅಂದ್ರೆ...🤘🤘 ಏನಂತೀರಿ ಗೆಳಯರೆ.,7,0.7143,0.0,0.7143,0.2857,0.5714,False,medium
not-Kannada,Jai D boss Jai simple,5,0.0,0.25,0.25,0.75,0.5,False,medium
not-Kannada,Pls put it in jio saavn music,7,0.0,0.2857,0.2857,0.7143,0.5714,False,medium
Positive,ಯಾಕೆ dislike ಮಾಡ್ತಾರೆ ಮರೆ? Addicted,5,0.75,0.0,0.75,0.25,0.5,False,medium
Positive,Rakshith shetty ... superb song .. ninna kastada prayathnakke kanditha pala sikke sigutte.  ..,14,0.0,0.8182,0.8182,0.1818,0.3636,False,medium
Positive,Dboss abhimani aagi nange gotthilla esht sala e song nodidhini antha yarellla jasthi nodidhira like madrappa pls,17,0.0,0.75,0.75,0.25,0.5,False,medium
Positive,Ibrunu kannadadavre ibru belibeku. support maadi compare maadbedi,8,0.0,0.75,0.75,0.25,0.5,False,medium
Positive,first time keldaga ista agalla amel kelta kelta kelbeku ansatte.. nimgu haage annista,13,0.0,0.8462,0.8462,0.1538,0.3077,False,medium
Negative,@King of King yako istond urkond saytiyA burnal achko,9,0.0,0.75,0.75,0.25,0.5,False,medium
Negative,@nkn havali neene hachko yak Andre ninge urdirutte,8,0.0,0.8571,0.8571,0.1429,0.2857,False,medium
Negative,@nkn havali neenu urkondirodakke replay madiyalla,6,0.0,0.8333,0.8333,0.1667,0.3333,False,medium
Negative,@Manohar Hiremath neen full urkondidiya bido,6,0.0,0.8,0.8,0.2,0.4,False,medium
Negative,@nkn havali nin astu urkondilla pa,6,0.0,0.8333,0.8333,0.1667,0.3333,False,medium
Positive,Cindi song repeat mode unlimited,5,0.0,0.2,0.2,0.8,0.4,False,medium
Negative,Dislike maddavrige en helbeku,4,0.0,0.75,0.75,0.25,0.5,False,medium
Positive,Idu idu.. (1.56)actually bekagiddu..osm music,5,0.0,0.75,0.75,0.25,0.5,False,medium
not-Kannada,Bhuvan Naik wow man awesome,5,0.0,0.25,0.25,0.75,0.5,False,medium
Negative,Thanks ellakade link Sher madi nTukali kushmikage hattiro kobbanna elisi,10,0.0,0.7778,0.7778,0.2222,0.4444,False,medium
Negative,Rashmika shetty fans irbekun.,4,0.0,0.75,0.75,0.25,0.5,False,medium
Positive,Super agide song maatra Haaands Up  n940 dislikes and still counting,11,0.0,0.25,0.25,0.75,0.5,False,medium
not-Kannada,@Nanu wt do u think ?,6,0.0,0.2,0.2,0.8,0.4,False,medium
Negative,1.8k dis likesn ನಂಗೆ ಅನ್ಸುತ್ತೆ  🤔🤔ಇವ್ರೆಲ್ಲಾ ರಶ್ಮಿಕ ಮಂದಣ್ಣನ ಫ್ಯಾನ್ಸ್ ಅಂತ,10,0.7778,0.1111,0.8889,0.1111,0.2222,False,medium
not-Kannada,Super song.i am d boss fan,6,0.0,0.1667,0.1667,0.8333,0.3333,False,medium
Negative,1.8k dislike kottiro sulemaklu yaarappa... Nim padha ondh sala mutbeku...,10,0.0,0.8333,0.8333,0.1667,0.3333,False,medium
Positive,Pakka new year party song.... m/,6,0.0,0.2,0.2,0.8,0.4,False,medium
Negative,Rip for 1.8dislikers devaru nimma atmakke shanti kodli,8,0.0,0.7143,0.7143,0.2857,0.5714,False,medium
not-Kannada,Any non kannadiga here?,4,0.0,0.25,0.25,0.75,0.5,False,medium
Negative,@Raja Vishnuvardhana ningen problem guru,5,0.0,0.25,0.25,0.75,0.5,False,medium
Positive,Eno ontara chnnagide annoru like madi🤔🤔🤔🤔🤔🤔🤔🤔🤔,6,0.0,0.8,0.8,0.2,0.4,False,medium
Positive,6 dinagalaadru innoo trending nallide,5,0.0,0.75,0.75,0.25,0.5,False,medium
unknown state,Song like kotigabba 2 track,5,0.0,0.25,0.25,0.75,0.5,False,medium
Positive,ಗೊತ್ತಿಲ್ಲ ರಕ್ಷಿತ್ ಶೆಟ್ರು ನಟನೆಗೆ ನಾನು ಫಿದಾ .. ಬಾಸ್ waiting for ಮೂವಿ.... ಚರಿತ್ರೆ ಬರೆಯೋ ಎಲ್ಲ ಲಕ್ಷಣ ಇದೆ.. All The best your bright ಫ್ಯೂಚರ್,22,0.7368,0.0,0.7368,0.2632,0.5263,False,medium
Negative,Kannadada chanukya namma rakshit shetty bro na yochanegalu...... Dislike madiroru rashmika fans irbeku ......,14,0.0,0.7273,0.7273,0.2727,0.5455,False,medium
unknown state,Hands up e songige,4,0.0,0.25,0.25,0.75,0.5,False,medium
Positive,Music ಅಂತು supperrrr ಸರ್ ನಿಮಗೆ Handsap,6,0.75,0.0,0.75,0.25,0.5,False,medium
Positive,Hands up-_if u like nHands up-_movie superhitnHands up-_record breakern Iddu hosa dakale shrutiso samaya ....,15,0.0,0.7692,0.7692,0.2308,0.4615,False,medium
Mixed feelings,Inspired by RANADHEERA ? Looks like modern ravi Chandran .,10,0.0,0.2,0.2,0.8,0.4,False,medium
Negative,Bigbossalli  step hakiro controverrsy nodi bandiror yar yarppann like Madi,10,0.0,0.7778,0.7778,0.2222,0.4444,False,medium
Mixed feelings,Bigg boss allu avane srimanarayna,5,0.0,0.8,0.8,0.2,0.4,False,medium
unknown state,@vyv v even Producer for KP,6,0.0,0.25,0.25,0.75,0.5,False,medium
Positive,Eshttu sari kellidaru besaramudada haddu,5,0.0,0.8,0.8,0.2,0.4,False,medium
Positive,Yes re release madbeku,4,0.0,0.25,0.25,0.75,0.5,False,medium
Positive,i love adi acting super,5,0.0,0.2,0.2,0.8,0.4,False,medium
Negative,sory sir teatarali film nodlike agilla tumba bejaride,8,0.0,0.75,0.75,0.25,0.5,False,medium
Positive,Re release madi please,4,0.0,0.25,0.25,0.75,0.5,False,medium
Negative,Sir ondhh hellla ..... nEllaru kelsa antha ondhh madtirtare ....nnMathe biduvu madkondu film nodok barthivi .....nAvaga naav estu antha ollole film na nodbodhu neevu heli ...nnSwalpa plan madkondu industry ...Ella ottige bido yojane na hidkoldhe idre best ....,38,0.0,0.7419,0.7419,0.2581,0.5161,False,medium
Negative,It's amazing movie.  I think promotion sari agilla anta anista ide,11,0.0,0.2727,0.2727,0.7273,0.5455,False,medium
unknown state,Naanu kooda join aagthini,4,0.0,0.75,0.75,0.25,0.5,False,medium
Negative,Elru Thika muchkond iri nim build up galu nodok agtilla..producer gee enro kashta...??? Kashta irodhu Badavarigee..corona bandhu esht family sayta .idave..uta ildale esht himse agta idee avrige jeevna nadsoke maklige nettagee ondh otthu uta kodok agdale avrige help madi,39,0.0,0.8571,0.8571,0.1429,0.2857,False,medium
Negative,@Sweekar Gowda Nim mane hatra ಊಟಕ್ಕೆ Jana galige kasta agtideya.nidre Avar place n avar Mobile number send madu.nಇನ್ನೊಂದು ಅರ್ಥ ಮಾಡ್ಕೊ nCorona ilde idaglu ninninda tegalo msg bandidave nOlle ಎಡಬಿಡಂಗಿ ತರ ಆಡಬೇಡಾnProcedure ge hana mukya alvo gottilla ಆ film technician ge avaru innondu chance kodabeku adu mukya nಅರ್ಥ ಮಾಡಿಕೊ ಮೂರ್ಖ ಶಿಕಾಮಣಿ,50,0.2667,0.4889,0.7556,0.2444,0.4889,False,medium
Negative,@Its Paramatma sumne irappa loss agoke avar en bikari Ella...neev olle Thukali Build up kodta idira sumne,17,0.0,0.7692,0.7692,0.2308,0.4615,False,medium
Positive,Harsith venktesh yake comedy anusathva... Kastadalli idhavarige help maadi punya siguthe,11,0.0,0.7778,0.7778,0.2222,0.4444,False,medium
Negative,Marketing swalpa bekittu ansutte,4,0.0,0.75,0.75,0.25,0.5,False,medium
Positive,ಪೃಥ್ವಿ ಅಂಬರ್ ಏನ್  ಗುರೂ ನೀನು national award winning actor ಗುರೂ ನೀನು.ನಿನ್ನ ನಟನೆಗೆ ನಾನಂತೂ ಫ್ಯಾನ್ ಮಾರಾಯ.ಎಷ್ಠು ಎನರ್ಜಿ ಇದ್ಯೋ ನಿನ್ನಲ್ಲಿ,18,0.7778,0.0,0.7778,0.2222,0.4444,False,medium
Positive,Movie rerelease madi plss,4,0.0,0.75,0.75,0.25,0.5,False,medium
Positive,Super movi nanu nodidini,4,0.0,0.75,0.75,0.25,0.5,False,medium
Positive,Kannada industri proud to Dia movie,6,0.0,0.2,0.2,0.8,0.4,False,medium
Mixed feelings,Diya thumba chennagide ondu olle prayathna movie kone vargu sinimada ondu bhagavagi ondu olle feeling nalli movie na nodthidde but kone seen nijakku ishata aglilla tragidi ishtondu bekitta ellara manisige ishta ada adi na sayisbekitta so last seen nodida thakshna alliyavaregu idda feel pat antha Maya agi edenu heeg madudru ansuthe,51,0.0,0.74,0.74,0.26,0.52,False,medium
Positive,Sathyavaglu movie maatra ulty,4,0.0,0.75,0.75,0.25,0.5,False,medium
Negative,3 days ಇಂದ ನಂ 1 ಟ್ರೆಂಡಿಂಗ್ ಲ್ಲಿ ಇದೆ.ಅದು ಹೇಗೆ ಬರಿ 1.5 m views ತೊರಸ್ತಿದೆ.,14,0.7273,0.0,0.7273,0.2727,0.5455,False,medium
Negative,Please darshan fans dislike madbedi nim Hero ne great but please Ee movie ge dislike madbedi,16,0.0,0.2857,0.2857,0.7143,0.5714,False,medium
Negative,@sathish m nNin kano gaandu sariyagi matadu darshan fans bari kettadagi matadtare troll madtidare idu ninge gottenoley darshan na bitre yargu support madolla antha rumors spread madidare adke nangu ange anusthu helde,32,0.0,0.75,0.75,0.25,0.5,False,medium
Positive,Arjun janyan karkond bandu music kelisiri,6,0.0,0.8333,0.8333,0.1667,0.3333,False,medium
Negative,Modhlu sariyagi english kaliyo childu,5,0.0,0.8,0.8,0.2,0.4,False,medium
Positive,Pacca edu charetre shrushisti  so avatara,6,0.0,0.8333,0.8333,0.1667,0.3333,False,medium
Mixed feelings,Caller tune code piz?,4,0.0,0.25,0.25,0.75,0.5,False,medium
Positive,Super rakshit shetti ajanish,4,0.0,0.75,0.75,0.25,0.5,False,medium
Negative,1.4k dislikes from rashmika fans may be ...,8,0.0,0.1667,0.1667,0.8333,0.3333,False,medium
Negative,Anna yav kaaldall iddira.2020 agutte next..Joke madbedi,7,0.0,0.8333,0.8333,0.1667,0.3333,False,medium
Negative,@Raja Vishnuvardhana hagidre enu madok agolla bidu.hahaha.,7,0.0,0.8333,0.8333,0.1667,0.3333,False,medium
Positive,Namma karaavali enta enta actors galanna kannada cinemage needide gotta!?upendra,10,0.0,0.8,0.8,0.2,0.4,False,medium
Positive,idu.. idu.. channagirodu andrenbenki boss nivu,6,0.0,0.8333,0.8333,0.1667,0.3333,False,medium
Mixed feelings,Kannada nigant allli dagar Andre enu artha gotta?n,8,0.0,0.8333,0.8333,0.1667,0.3333,False,medium
Positive,ಉತ್ತರ ಕನ್ನಡದ ಹೆಮ್ಮೆ ಯ ನಟ್ and ನಮ್ಮ ಮೆಚ್ಚಿನ,8,0.875,0.0,0.875,0.125,0.25,False,medium
Positive,1st time - chennag illan2nd time - parvagillan3rd time- addicted,10,0.0,0.2,0.2,0.8,0.4,False,medium
unknown state,Rakshit shetty Future superstar annoru Like madi,7,0.0,0.8,0.8,0.2,0.4,False,medium
Negative,@Yash cult Guru ellaa actors ade halkaa kelsaa maadodu bidappa raaja...,11,0.0,0.7778,0.7778,0.2222,0.4444,False,medium
Mixed feelings,Reamke king  d boss,4,0.0,0.25,0.25,0.75,0.5,False,medium
Positive,Kushi avare nimma mele thumba love aagide . Great acting,10,0.0,0.75,0.75,0.25,0.5,False,medium
Positive,ansodenu avrdu love merrid soo life ali obrigobru arta madkondu nambke na beliskondu prethina uliskondu... chanagiri,16,0.0,0.7333,0.7333,0.2667,0.5333,False,medium
unknown state,@Asha Asha good be happy..,5,0.0,0.25,0.25,0.75,0.5,False,medium
unknown state,Mee too sir please do consider,6,0.0,0.1667,0.1667,0.8333,0.3333,False,medium
Negative,kiran kumar  account number loude ke bal pakad,8,0.0,0.75,0.75,0.25,0.5,False,medium
unknown state,Randhawa movie 10 rating ide,5,0.0,0.25,0.25,0.75,0.5,False,medium
Positive,Super movie especially last 30 mins,6,0.0,0.2,0.2,0.8,0.4,False,medium
unknown state,@Pandiya Shri idre contact madi,5,0.0,0.75,0.75,0.25,0.5,False,medium
Positive,Pruthvi avre nim acting Super,5,0.0,0.75,0.75,0.25,0.5,False,medium
Positive,Adhakalva janarige dharsan fav..avn adhe tharadh movie madudh,8,0.0,0.875,0.875,0.125,0.25,False,medium
unknown state,Yes tats y salman Khan,5,0.0,0.25,0.25,0.75,0.5,False,medium
Positive,Belagavi dag release madro #diya....,5,0.0,0.75,0.75,0.25,0.5,False,medium
Negative,6-5=2 nalli nijvadh video antha posteralli nodide but movie nodida mele gotthaythu adu sulu antha,15,0.0,0.7857,0.7857,0.2143,0.4286,False,medium
unknown state,Onde baari hattu cinema bandre,5,0.0,0.8,0.8,0.2,0.4,False,medium
Positive,Sir mandya dalli tirga nodakke hodre tagdebittidare,7,0.0,0.8571,0.8571,0.1429,0.2857,False,medium
Mixed feelings,Nivu climax nodilla adakke nimge ishta agilla,7,0.0,0.8571,0.8571,0.1429,0.2857,False,medium
Positive,#win 12 ನಿಮ್ಮ ಕನ್ನಡ ಪ್ರೇಮಕ್ಕೆ ಧನ್ಯವಾದ,6,0.8,0.0,0.8,0.2,0.4,False,medium
unknown state,@Shashidhar A 10000% sathyavada maathu,5,0.0,0.75,0.75,0.25,0.5,False,medium
unknown state,Kelsa made dudedu duddu tandu kode,6,0.0,0.8333,0.8333,0.1667,0.3333,False,medium
Negative,Whitefield nalli yav theatre nallu hakalla kachada nanmaklu nodoke,9,0.0,0.7778,0.7778,0.2222,0.4444,False,medium
Negative,Becaz kannada movies are not producing good movies.,8,0.0,0.125,0.125,0.875,0.25,False,medium
Negative,@Nikistark x dia is kannada movie man mind ur comment,10,0.0,0.2,0.2,0.8,0.4,False,medium
unknown state,@Nikistark x it's Kannada buddy,5,0.0,0.25,0.25,0.75,0.5,False,medium
Negative,Kithodnan maklu galu. Alli saytha edare  elli yak madbeku uninstall madbeku anthare. Gandu galu,14,0.0,0.8333,0.8333,0.1667,0.3333,False,medium
not-Kannada,I am waiting bahi,4,0.0,0.25,0.25,0.75,0.5,False,medium
Positive,ನಿಜವಾಗಿಯೂ  ಅದ್ಭುತ heartly heltidini... plz avrigella namma nimmellara supprt beku,10,0.2222,0.6667,0.8889,0.1111,0.2222,False,medium
not-Kannada,Anirud superb yar....wat a thinking man .....,7,0.0,0.2,0.2,0.8,0.4,False,medium
not-Kannada,Ur just owsm man!!,4,0.0,0.25,0.25,0.75,0.5,False,medium
not-Kannada,Thank you so much bro pakru,6,0.0,0.1667,0.1667,0.8333,0.3333,False,medium
not-Kannada,Thank you so much Fayaz bhaii,6,0.0,0.2,0.2,0.8,0.4,False,medium
Positive,Shankar ashwath sir devaru  olledu madli sir nimge,8,0.0,0.75,0.75,0.25,0.5,False,medium
Positive,Kelsa yavdadrenu maadu guru,4,0.0,0.75,0.75,0.25,0.5,False,medium
Positive,Sathyavaada maathanna nudidri sir Bhagavanthana bagge  Bhagavanthana neevu kondadidri andre neevu saamaanya vyakthiyalla entha olle maathanna nijavaada obba jnaniyu nudithane  aadre neevu nudididdira Andre I r so grate Bhagavantha nimmanna chennagittirli edthare anno nambike ede thanku sirji,37,0.0,0.8182,0.8182,0.1818,0.3636,False,medium
Positive,Nim matalle gottagutte neevu estu positive Anta,7,0.0,0.8333,0.8333,0.1667,0.3333,False,medium
Positive,Sir nimge anatha anatha dhanyavadhagalu,5,0.0,0.8,0.8,0.2,0.4,False,medium
Mixed feelings,Hollay hrudhayawantha Ashwath sir hawra maganigey heee sthithi noowu,9,0.0,0.8571,0.8571,0.1429,0.2857,False,medium
Positive,ಸರ್ ನೀವು ಯಾಕೆ automatic ಕಾರ್ ತೊಗೋಬಾರ್ದು,6,0.8333,0.0,0.8333,0.1667,0.3333,False,medium
Positive,Sir nimmannu prathyakshavagi nodalu aaseyagutide sir nimma hattira ondu dina full kaala kaleyalu aase idhe aadre yenu maadudhu sir nimmannu bittu barudhu yochane maaduvaaga manassige bahala bahala kashsta aagutte sir  devaru nimma aasegalanella eederisaly,34,0.0,0.8235,0.8235,0.1765,0.3529,False,medium
Positive,Egina youth's ge spoorthy sir nivu Devaru nimge ayyasu aarogya channagi kodli,12,0.0,0.7273,0.7273,0.2727,0.5455,False,medium
Positive,Gud job  nim nirdharakke nimma kelasakke Namma gowrava namaskara. kanditha nimge olle role kodo buddi nirdeshakarige  haagu kannda industry ge barabeku...,21,0.0,0.7895,0.7895,0.2105,0.4211,False,medium
Positive,Obba nata driver ägiddaru adakkintha obba driver natarägiddàre annothe HEMME.,10,0.0,0.7778,0.7778,0.2222,0.4444,False,medium
Positive,Tande yante maga kooda swabhimaani mattu swavalambhi jeevana nadesuthiddare.hats off sir.,11,0.0,0.8182,0.8182,0.1818,0.3636,False,medium
Positive,Sasthanga namaskaar guru nale,4,0.0,0.75,0.75,0.25,0.5,False,medium
Positive,Kai kesaradare bai masaru supper ser,6,0.0,0.8333,0.8333,0.1667,0.3333,False,medium
Negative,Noraru kooti suriyo Kannada Film industry entha kalavidara nu belasalu sadyavilave enta  nachike vishaya alva,15,0.0,0.7692,0.7692,0.2308,0.4615,False,medium
Positive,Jivanakke ondu holle adaara e togari tippana Kate always Anna nanu kuda Sumatra baari kelta idde youtob nali nodi rumba santosha ayhatu anna,23,0.0,0.8,0.8,0.2,0.4,False,medium
not-Kannada,Super tippa i like video i love video,8,0.0,0.125,0.125,0.875,0.25,False,medium
Positive,Super my fevaret  thanks thaku soo mucha  ee janpadh hashy hakedhke shambhu bhalligar avarege kote kote ondhanegallu pls inodhu nuchen malaya edhe alla adhan hakepa pls,26,0.0,0.8077,0.8077,0.1923,0.3846,False,medium
Positive,Allow illo kelid nenapu,4,0.0,0.75,0.75,0.25,0.5,False,medium
Positive,Super star in uk tippa,5,0.0,0.2,0.2,0.8,0.4,False,medium
Positive,Yelli eddru guru e music director super music ultimate music,10,0.0,0.2,0.2,0.8,0.4,False,medium
not-Kannada,He is look like Virat kohli,6,0.0,0.2,0.2,0.8,0.4,False,medium
unknown state,Aata barutta? 27 kke  show madtini,6,0.0,0.8,0.8,0.2,0.4,False,medium
not-Kannada,Different star rakshit sir,4,0.0,0.25,0.25,0.75,0.5,False,medium
Positive,100 times e song keldhe super,6,0.0,0.2,0.2,0.8,0.4,False,medium
Negative,Tusmika manganna Na tikha uriyang Ede... Rakshith Shetty ni hinge belibeku..avl mukli uriyeng,13,0.0,0.7778,0.7778,0.2222,0.4444,False,medium
Positive,ಕನ್ನಡಿಗರ ಪವರ್ ಕನ್ನಡಿಗರು  ತಾಕತ್ all pan  ಮೂವಿ  ಕನ್ನಡಿಗರು......,8,0.75,0.0,0.75,0.25,0.5,False,medium
Positive,Super duper love you,4,0.0,0.25,0.25,0.75,0.5,False,medium
unknown state,Idu charitre srushtiso avatara e line kelidmele tak anta nenpagodu vijay prakash sir annovru like madi,16,0.0,0.75,0.75,0.25,0.5,False,medium
Negative,Thu nem yogyathe ge maha vishnu hesaru ettu entha movie tegitira nachige agbeku nemge,14,0.0,0.7857,0.7857,0.2143,0.4286,False,medium
not-Kannada,Wonderfull super amazing song superrrrrrrrr,5,0.0,0.25,0.25,0.75,0.5,False,medium
Negative,Dislike madiroru mostly Rashmika Mandanna fans anisuthe.........,7,0.0,0.25,0.25,0.75,0.5,False,medium
Negative,Nija bro  urkolli bidi.,4,0.0,0.75,0.75,0.25,0.5,False,medium
Mixed feelings,Adege astondu currect aagi heltira madam,6,0.0,0.8333,0.8333,0.1667,0.3333,False,medium
Mixed feelings,I hope ur not a rashmika mandanna fan,8,0.0,0.25,0.25,0.75,0.5,False,medium
unknown state,All Celebrities HandsUp Challenge |Avane Srimannarayana Movie |HandsUp Song Kannadan,10,0.0,0.75,0.75,0.25,0.5,False,medium
Positive,Kannadigaradavaru kelage like madi kannadabhimana torisi,6,0.0,0.8333,0.8333,0.1667,0.3333,False,medium
not-Kannada,Music director  u r osm,5,0.0,0.2,0.2,0.8,0.4,False,medium
not-Kannada,Super song in kannba super song,6,0.0,0.1667,0.1667,0.8333,0.3333,False,medium
Negative,Nan maga ge lali song wake up song ella  nu e song agide,13,0.0,0.2308,0.2308,0.7692,0.4615,False,medium
Positive,Wahoo super n2020 ವರ್ಷ nಇದು ಚರಿತ್ರೆ ಸೃಷ್ಟಿ ಸೋ ಅವತಾರ,9,0.75,0.125,0.875,0.125,0.25,False,medium
not-Kannada,Anyone from kerala here,4,0.0,0.25,0.25,0.75,0.5,False,medium
not-Kannada,nice song love u ..... song ....... nice dancee ....... superrrr,11,0.0,0.1429,0.1429,0.8571,0.2857,False,medium
Positive,Sudeep du olle movies innu idave.nnPhantom,6,0.0,0.8333,0.8333,0.1667,0.3333,False,medium
Positive,Rashika mandhana nodu namma Kannadada tiger naa,7,0.0,0.8333,0.8333,0.1667,0.3333,False,medium
Positive,I am kiccha fans super song,6,0.0,0.1667,0.1667,0.8333,0.3333,False,medium
unknown state,ravi chandra ಸಂಗ ಸ,4,0.5,0.25,0.75,0.25,0.5,False,medium
Positive,Finally  movie nodaytu..... Adbhuta atyadbhuta......... Nodo prati kshananu taleli budhi odtane eirute...... Amazing,13,0.0,0.7143,0.7143,0.2857,0.5714,False,medium
Positive,ದೃಷ್ಟಿ ನನ್ನೋಬ್ಬನ ಮೇಲಿಡಿ ತಪ್ಪದು ನಿಜ ಮನರಂಜನೆ film nodo munchene ee song ista adavaru like madi,15,0.4,0.4,0.8,0.2,0.4,False,medium
Positive,Super duper movie and song,5,0.0,0.2,0.2,0.8,0.4,False,medium
Negative,Ninnantha mabb sulemaklige intha film artha aagalla bido nimmouna...,9,0.0,0.875,0.875,0.125,0.25,False,medium
Positive,ASN movie is too good..,5,0.0,0.2,0.2,0.8,0.4,False,medium
unknown state,@AJITH S SHETTY nanu karthik shetty manglurininda,7,0.0,0.8333,0.8333,0.1667,0.3333,False,medium
Negative,@AJITH S SHETTY appreciate maadiddu gottagudilva marayya ninge🤦,8,0.0,0.7143,0.7143,0.2857,0.5714,False,medium
unknown state,Dagar boobs ogo boddide,4,0.0,0.75,0.75,0.25,0.5,False,medium
Positive,ಕರಾವಳಿ ಸ್ಟೈಲ್ movie nododhe ಚೆಂದ,5,0.6,0.2,0.8,0.2,0.4,False,medium
Mixed feelings,Valle story iratte maathra,4,0.0,0.75,0.75,0.25,0.5,False,medium
Positive,Haageye e onedu shikariya kathege nannadondu like erlapa,8,0.0,0.75,0.75,0.25,0.5,False,medium
Positive,I love promod sir voice,5,0.0,0.2,0.2,0.8,0.4,False,medium
Positive,ನಿಮ್ಮ ಚಿತ್ರಕ್ಕೆ ಶುಭವಾಗಲಿ n ನಿಮ್ಮ ಕನ್ನಡಿಗ.,6,0.8333,0.0,0.8333,0.1667,0.3333,False,medium
Mixed feelings,Shivu rajkumarnPunith rajkumarnRaghavendra rajkumarnAvvr ge chance kodda beku...pappa,8,0.0,0.7143,0.7143,0.2857,0.5714,False,medium
Negative,@SURAKSH SHETTY naa yaavatu Shetty bandagindha Kannada industry ketede antha helilla aadre bereyavaru eedare evaara banner aali baari majority aage Shetty nee eerodu,23,0.0,0.8421,0.8421,0.1579,0.3158,False,medium
Positive,#DBOSS  ದರ್ಶನ್ ಅಣ್ಣನ ಅಭಿಮಾನಿಗಳ ಕಡೆ ಇಂದ All the best,9,0.625,0.125,0.75,0.25,0.5,False,medium
Negative,smarter than u ಮೊದ್ಲು ಕನ್ನಡ ಬಳಸಿ ಕನ್ನಡ ಲಿಪಿಯಲ್ಲೆ ಬರೆಯಿರಿ..nಕನ್ನಡವೇ ಸತ್ಯ ಕನ್ನಡವೇ ನಿತ್ಯ,12,0.75,0.0,0.75,0.25,0.5,False,medium
Negative,Moon ( ಚಂದ್ರ ) ಇಲ್ಲ ಅಂದ್ರೆ !!,7,0.75,0.0,0.75,0.25,0.5,False,medium
not-Kannada,Golden era for kannada film industry  love mocktail,8,0.0,0.125,0.125,0.875,0.25,False,medium
not-Kannada,@Karna all 3 r good!!,5,0.0,0.25,0.25,0.75,0.5,False,medium
Positive,Pop corn monkey tiger kuda super idr,7,0.0,0.2857,0.2857,0.7143,0.5714,False,medium
Positive,D Boss ಅಭಿಮಾನಿಗಳಿಂದ all the best,6,0.2,0.0,0.2,0.8,0.4,False,medium
not-Kannada,@VARAPRASAD K K  jail boy d boobs wig star,9,0.0,0.1111,0.1111,0.8889,0.2222,False,medium
Negative,@Vinay kumar banthu jaathi naayi savi savi nenapu soole sudeepu pans for a reason 🤣🤪,15,0.0,0.7143,0.7143,0.2857,0.5714,False,medium
Negative,@VARAPRASAD K K soole magne avrige Bari jaati fabsallo Ella jaatilu fans idaare neen heldyalla jaati naayi antha pakka gawda kano naanu nin Amman soole magne neenu as darshan naydu jaati irbeku  dagaar dagaar dam dam dagaar soole maga darshan,40,0.0,0.8108,0.8108,0.1892,0.3784,False,medium
Negative,@VARAPRASAD K K balegaara banda nin Amman ge bale idsakke dagaar banda nin Amman keyyakke soole magne,17,0.0,0.7333,0.7333,0.2667,0.5333,False,medium
Negative,@VARAPRASAD K K nin Amman thika nayi keyya dagaar darshan elladru neenu huttakintha munche nin appan munche koting kottidda ansutte soole magne nin amman dengaa,25,0.0,0.875,0.875,0.125,0.25,False,medium
Negative,@Vinay kumar eno bale pan e rangege urkondidiya ninge urdiro ranagge burnol ella agbaralla keralakko kollegalakko hogi nin thikke shaanthi madsu jotege nim balegaran karkond hogi thikke 2 chakkotha katsu next kaddi pileswan ge balance agutte enanthira bale pans now bale pans reaction hakro steppu 🤣,46,0.0,0.7045,0.7045,0.2955,0.5909,False,medium
Negative,@VARAPRASAD K K hawdo nin Amman gaandu dagaar fans avna yogyathe hendthi kayi murdu jail ge hogi petty thing ubsa jaasti aagi ashtottige saarati Andre Lion King movie remake release maadkottiddu nam kiccha  eega helu hendthi hodidu jail ge hodonu balegaarana jail olage idda kaami paravaagi film release maadkottinu balegaarana utra kodo nayi adukje helodu avnanna dagaar soolenagan antha nin Amma haaku steppu Alla thika muchkond,66,0.0,0.7333,0.7333,0.2667,0.5333,False,medium
Negative,@VARAPRASAD K K shaata dagaar Savi Savi nenapu dagaar soole darshan though DeepunAA mudya choolbart kittod mukhakke thank thumba hair wigngaddakku shaata kittu anskondidaane choolbart.  avnige mettina haarane kodbeku🤣🤣,29,0.0,0.8148,0.8148,0.1852,0.3704,False,medium
Negative,@VARAPRASAD K K nin Amman thulle shaata bekaadre helu nin chulbort movie hair wig ge . Dagaar boss cutout bekaadre helu dappa  sodane hodkodtivi ondu maatu helu saaku haage shaatad haara redi maadustivi ashtu salalilla Andre helu mettin haara maadustivi dagaar fans nin Amman ganda dagaar soole maga Hale aanti iddange idaanallo avnige kodu bale,55,0.0,0.7959,0.7959,0.2041,0.4082,False,medium
Positive,#DBOSS  ದರ್ಶನ್ ಅಣ್ಣನ ಅಭಿಮಾನಿಗಳ ಕಡೆ ಇಂದ All the best,9,0.625,0.125,0.75,0.25,0.5,False,medium
unknown state,Super star Darshan fans ikada,5,0.0,0.25,0.25,0.75,0.5,False,medium
not-Kannada,Lol darahan fans talking about quality 🤣🤣.,7,0.0,0.1667,0.1667,0.8333,0.3333,False,medium
Mixed feelings,Sumne irru guru yake kiriku,5,0.0,0.8,0.8,0.2,0.4,False,medium
Negative,@gowtham gowtham Kiccha nimamman oorsoole nimammam thullige bale sigskondu keythivi hushaaru sik sikkid kade thika kodtha edre hardu oorbaglu madthivi amele doctorgu holge jaga erbardu hange keythivi beware bale pans 🤣🤪,31,0.0,0.8621,0.8621,0.1379,0.2759,False,medium
unknown state,@Kavya V u wanna go there?,6,0.0,0.1667,0.1667,0.8333,0.3333,False,medium
Mixed feelings,Namma galli goo bandiddru ashwatthama,5,0.0,0.8,0.8,0.2,0.4,False,medium
Positive,Ella hantha hellodakke hagodilla eddaru erabhahudu e prapancha ne ondu maye yavudakku uttara sigodilla nambikene ella,16,0.0,0.75,0.75,0.25,0.5,False,medium
Mixed feelings,Howdu brother nanu tv nalli nodidde evru elidnella avru elidru,10,0.0,0.8,0.8,0.2,0.4,False,medium
Negative,@Kiran Shali ಲೈ  ತಗಡು ನೀನು ಹಿಂದು ಧರ್ಮದ್ವನೆನೊ ಆಥವಾ  cross ನೀನು,10,0.7778,0.1111,0.8889,0.1111,0.2222,False,medium
Negative,@vinay vinu nice comedy man....     ನಾನ್ ಕೇಳೋ ಪ್ರಶ್ನೆಗೆ ಉತ್ತರ ಹೇಳೋಕೆ ಆಗ್ದಲೆ ಇರೋ ನನ್ನ ಬಂದು ಏನೋ ಮಾಡ್ತಿಯ ಪಾಪ..  ನಿನ್ ನೋಡಿದ್ರೆ ಅಯ್ಯೋ ಅನ್ಸುತ್ತೆ...,21,0.8,0.1,0.9,0.1,0.2,False,medium
Mixed feelings,Ayyo guru... Yelli tanka jana moodnambke bidalvo alli tanka inta shatnayakru useless videos haktane irrtare guru.nMahabharata tumba olle moral story. Jeevanakke bekagiro tumba paata ide idralli. Adunella use madkondu olle jeevna madbeku aste.,33,0.0,0.7586,0.7586,0.2414,0.4828,False,medium
Positive,@vinay vinu  Hindu Muslim Cristian etc etc... Yella naav naav madkondirodu. Yella manushyaru onde,14,0.0,0.875,0.875,0.125,0.25,False,medium
Positive,@vinay vinu kanditha bro shigradalli,5,0.0,0.8,0.8,0.2,0.4,False,medium
Positive,Nanage nambalu sadyavaguttilla ...adakkagi ondu balavada karana athava kuruhu beku next vedio dalli haki I am waiting,17,0.0,0.75,0.75,0.25,0.5,False,medium
Negative,O mareya ava chiranjeevi alla shaapa erutte,7,0.0,0.7143,0.7143,0.2857,0.5714,False,medium
Positive,@Rajashekar Khandare Houdu sir ashwathamanige chiranjivi vara ide adakke avanige sri krishna aatara shrapa kottiddu ashwatama shivana innondu rudra avtara,20,0.0,0.8333,0.8333,0.1667,0.3333,False,medium
Positive,Haudu Swami.Neevu helliddu satthyaa.Gadugin Bharat yemba Grantha baredanthaa Kumarvyaasare aa Narayan santharu.Igalu sahaa naavu Veearanarayan temple nodabahudu.Idu Iruvadhu Gadag city yalli.Hubballi yindaa 55 Km antharadalli Ide.,26,0.0,0.8125,0.8125,0.1875,0.375,False,medium
Positive,ಒಳ್ಳೆ ಕನ್ನಡ ಸಿನಿಮಾಗಳಿಗೆ ಯಾವಾಗ್ಲೂ ಸಪೋರ್ಟ್ ಮಾಡೋ fans ಕಡೆಯಿಂದ,8,0.875,0.0,0.875,0.125,0.25,False,medium
Mixed feelings,ಸೂಪರ್ n.. ಮಠ ಸರ್ ದಾಡಿ ಬ್ಲಾಕ್ ಮಾಡಿರೋದು ಖುಷಿ ತಂದಿದೆ,9,0.8889,0.0,0.8889,0.1111,0.2222,False,medium
Positive,So called ದೊಡ್ಡ ದೊಡ್ಡ ಸ್ಟಾರ್ ನಟರು ಇಂತಹ ಚಿತ್ರಗಳ ಬಗ್ಗೆನೂ ಸ್ವಲ್ಪ ಗಮನ ಕೊಟ್ರೆ ಕನ್ನಡ ಚಿತ್ರೋದ್ಯಮ ಒಳ್ಳೆಯ ಎತ್ತರಕ್ಕೆ ಬೆಳೆಯುತ್ತೆ,17,0.8824,0.0,0.8824,0.1176,0.2353,False,medium
Negative,Ondu trailer cut madak saryag baralla.trailet nodokke kasta agthide,9,0.0,0.7778,0.7778,0.2222,0.4444,False,medium
unknown state,dboss true fans like here,5,0.0,0.2,0.2,0.8,0.4,False,medium
Positive,ಪ್ರಾಣಿಯ ಶಿಕಾರಿ ಅಲ್ಲ ಅಂತ ತಿಳಿಯುತ್ತೆ.. ಯಾವ ಶಿಕಾರಿ.. ಕಾದು ನೋಡಬೇಕಾಗಿದೆ superb trailer..,11,0.8182,0.0,0.8182,0.1818,0.3636,False,medium
Negative,ಈ ಕರಾವಳಿ ಶೆಟ್ರು films ಯಾಕೆ ಇಷ್ಟೊಂದು dull and bore ಹೊಡಿಸುತ್ತೋ ಗೊತಾಗ್ತಿಲ್ಲ. ಆ ಕಿರಿಕ್ ಪಾರ್ಟಿ,14,0.7143,0.0,0.7143,0.2857,0.5714,False,medium
Positive,E movie name  enu  paka  hitttt e a,8,0.0,0.2857,0.2857,0.7143,0.5714,False,medium
Positive,Ondu muttinantha kathe iruva cinema,5,0.0,0.8,0.8,0.2,0.4,False,medium
Mixed feelings,Kannada cinema dali osha parvaa . .......,7,0.0,0.2,0.2,0.8,0.4,False,medium
unknown state,I like it I like it kantha.,7,0.0,0.1429,0.1429,0.8571,0.2857,False,medium
Positive,Ayyo  devre    en  comedy  madtira  neevu  hage  voice  sprb,9,0.0,0.7778,0.7778,0.2222,0.4444,False,medium
Positive,Mostly nimma mate keli tic tok ban agirbeku ಅಣ್ಣ ಏನಾದ್ರು ಆಗ್ಲಿ  ನಮ್ಮ  ಅಸೆ ನೆರವೇರಿತು tq u ಮೋದಿಜಿ,17,0.4118,0.2941,0.7059,0.2941,0.5882,False,medium
Positive,Superb bro inge continue madi,5,0.0,0.2,0.2,0.8,0.4,False,medium
Negative,ಟಿಕ ಟಾಕ್ ಹೀರೋ ಹೀರೋಯಿನಗಳ  ತಿಥಿ ಊಟ ಹಾಕಸು ಗುರು creative ಕನ್ನಡಿಗ,10,0.9,0.0,0.9,0.1,0.2,False,medium
Negative,Eh Tiktok ela Andre nimanatha troller kooda Mundhe bartirlilia,9,0.0,0.8333,0.8333,0.1667,0.3333,False,medium
Positive,E varsha bad news Keli Keli saakagittu...first good news of 2020,11,0.0,0.1429,0.1429,0.8571,0.2857,False,medium
Positive,Tiktok ....byan agiddu olledu aythu anna,6,0.0,0.8,0.8,0.2,0.4,False,medium
Negative,Unlikers Ella chinos appang huttid sulemaklu irbek,7,0.0,0.8333,0.8333,0.1667,0.3333,False,medium
Positive,I like it kanta nI like it,7,0.0,0.1429,0.1429,0.8571,0.2857,False,medium
Positive,Guru sure news nanu tik tok dawn lod madeda yavaga nama nDudu tindu nama dashda mala uddha madaka bandro avaga deleted,21,0.0,0.7619,0.7619,0.2381,0.4762,False,medium
Positive,Yallo heno aythu anthane alva guru avnu sule maga,9,0.0,0.7778,0.7778,0.2222,0.4444,False,medium
Positive,ಗುರು ಅವರಿಗೆ ತಾಕತ್ತಿದ್ದರೆ ಯೂಟ್ಯೂಬ್ ಅರಸ್ ಆಗೋಕೆ ಹೇಳು 10 15 20 ಸೆಕೆಂಡ್ ಮಾಡೋ ಟಿಕ್ ಟಾಕ್ ಸಡೆಗಲಿಗೆ ಯೂಟ್ಯೂಬಲ್ಲಿ ಎಂಟು ಹತ್ತು ಇಪ್ಪತ್ತು ನಿಮಿಷ ವಿಡಿಯೋ ಮಾಡೋಕೆ ತಾಕತ್ತಿದೆಯಾ ಕೇಳು nnLove u ರೋಸ್ಟ್ team ಅಂಡ್ ಟ್ರೋಲ್ team,31,0.8571,0.0357,0.8929,0.1071,0.2143,False,medium
Positive,Bro  ಬಹುದಿನಗಳ  ಆಸೆ  ಫಲಿತಿ ಸಿತಮ,5,0.8,0.0,0.8,0.2,0.4,False,medium
Mixed feelings,Modi modi nYes papanBanning tik tok nNo papan58 apps nHahaaaaaaa🤣,10,0.0,0.875,0.875,0.125,0.25,False,medium
Negative,Heliro prati ondu point super brooo adrallu yaro obba yallo eno agidakke tiktok ban madavre anta helidnalla avnige saryagi uttara kottidira super nivu,23,0.0,0.8182,0.8182,0.1818,0.3636,False,medium
Negative,Tiktok mado gaandu s.. maklu,5,0.0,0.8,0.8,0.2,0.4,False,medium
unknown state,Iii prends yaradru edira,4,0.0,0.75,0.75,0.25,0.5,False,medium
unknown state,ನಿಮ್ಮ ಚಾನಲ್ ಗೆ subscribe ಆಗಿದಕ್ಕೆ ಕುಶಿ ಆಯಿತು,7,0.8571,0.0,0.8571,0.1429,0.2857,False,medium
Positive,ಹಂಗೆ ಇದನ್ನ part 2 ಮಾಡಿ ಸ್ವಾಮಿ ತುಂಬಾ ಚೆನ್ನಾಗಿದೆ..,8,0.8571,0.0,0.8571,0.1429,0.2857,False,medium
Negative,Dislike madidorella bevarsi TikTokers..thika urkondavre Burnol kodrooo🤣🤣🤣🤣🤣🤣,7,0.0,0.8,0.8,0.2,0.4,False,medium
Positive,ನಕ್ಕನ್ ಹಾಕ್ರೋ ಸ್ಟೆಪ್ಪು.....tik tok internet access madtilla ..,8,0.4286,0.2857,0.7143,0.2857,0.5714,False,medium
Mixed feelings,ನಿನ್ ಅಡ್ತಿರೋ pubge ನು ಚೈನ ದೆ ಅದನ್ನು uninstall madu,9,0.6667,0.2222,0.8889,0.1111,0.2222,False,medium
Mixed feelings,Koriya du kanappa pubg 🤣🤣 thilko first,7,0.0,0.8333,0.8333,0.1667,0.3333,False,medium
Positive,Super sir..nanantu adella dwnld kuda madirlilla...420china,6,0.0,0.8,0.8,0.2,0.4,False,medium
Positive,Chinndikanna neenu neenu nam tharane madthadthiya. Super,7,0.0,0.8333,0.8333,0.1667,0.3333,False,medium
Negative,Bro tiktok ban bagge bejar agiro nayi galige innu mut nodkollo hage roast madu bro plzz...aa lofar nayi galige nam desha kinta ade bekagide nayigalige...,25,0.0,0.7826,0.7826,0.2174,0.4348,False,medium
Positive,ಜೈ ಡಿ ಬಾಸ್ ರಾಯಚೂರಿನ ಅಭಿಮಾನಿಗಳ ವತಿಯಿಂದ All the best,9,0.75,0.0,0.75,0.25,0.5,False,medium
Positive,Ha sanchari vijay waiting to see him,7,0.0,0.2857,0.2857,0.7143,0.5714,False,medium
Negative,Ide Tara ide Kate bere basheli bandre hododi nodteera Ade kannadadalli  bandre yakro nodalla ....,15,0.0,0.8182,0.8182,0.1818,0.3636,False,medium
Positive,Prajju love you from d boss fan,7,0.0,0.1429,0.1429,0.8571,0.2857,False,medium
not-Kannada,Its a swamake movie.. not remake,6,0.0,0.1667,0.1667,0.8333,0.3333,False,medium
Negative,Dinadalli 18 gante malgonige kelsa yar kottru guru ..? Contact info idya?,12,0.0,0.7778,0.7778,0.2222,0.4444,False,medium
Negative,Nin yavag nodidde baggi avn potential. Muchole,7,0.0,0.8333,0.8333,0.1667,0.3333,False,medium
not-Kannada,Jai D bossssssssssssssssssss fan hits like,6,0.0,0.2,0.2,0.8,0.4,False,medium
Positive,Ei movi pass aglile,4,0.0,0.75,0.75,0.25,0.5,False,medium
not-Kannada,Trailer looks soo promising,4,0.0,0.25,0.25,0.75,0.5,False,medium
Positive,Ee movieyinda dodda mattada success siguthhe Prajwal sirge.,8,0.0,0.8571,0.8571,0.1429,0.2857,False,medium
unknown state,@Naveen R Naan sigapu manithan,5,0.0,0.75,0.75,0.25,0.5,False,medium
Negative,Saku thika muchu shoki nan magne,6,0.0,0.8333,0.8333,0.1667,0.3333,False,medium
not-Kannada,Super jai d boSs,4,0.0,0.25,0.25,0.75,0.5,False,medium
unknown state,Hindi dubbed movie download link hd,6,0.0,0.1667,0.1667,0.8333,0.3333,False,medium
unknown state,Trailer supernLast music like a Telugu movie raakshasudu,8,0.0,0.2857,0.2857,0.7143,0.5714,False,medium
Negative,Og avn tunne unnu first,5,0.0,0.8,0.8,0.2,0.4,False,medium
not-Kannada,Nice bro jai D boss,5,0.0,0.2,0.2,0.8,0.4,False,medium
Positive,ನಮ್ಮ ಕನ್ನಡ ಹೀರೋಗಳ ಲೆವೆಲ್ change agide after kgf.,8,0.5,0.25,0.75,0.25,0.5,False,medium
Positive,E tara film ge ella kaitaididdu.... Welcooome..... Item song iro,10,0.0,0.1429,0.1429,0.8571,0.2857,False,medium
Positive,very nice tippa story,4,0.0,0.25,0.25,0.75,0.5,False,medium
not-Kannada,Anjali Devi   b  avinash  achari,5,0.0,0.75,0.75,0.25,0.5,False,medium
Positive,super duper old audio drama,5,0.0,0.2,0.2,0.8,0.4,False,medium
not-Kannada,Togari tippa katha n 3,5,0.0,0.75,0.75,0.25,0.5,False,medium
Mixed feelings,Suppar anna I am army boy,6,0.0,0.1667,0.1667,0.8333,0.3333,False,medium
Mixed feelings,ಹೌದು ರೀ ನಿವು ಹೇಳಿದ್ದು correct,5,0.8,0.0,0.8,0.2,0.4,False,medium
Negative,Tik tok beku anthideralla kelobbru nim antha thale edukaru bere yaru ella namma arthikathe nela kachhisida country ge nimma support alva nijvada shathrugalu avr alla nam ollgadey ero nivu...,29,0.0,0.7857,0.7857,0.2143,0.4286,False,medium
Positive,Yen dialog hoditiya guru super,5,0.0,0.2,0.2,0.8,0.4,False,medium
not-Kannada,Wow super super super jai India,6,0.0,0.2,0.2,0.8,0.4,False,medium
Negative,Guru nin heliddu super nija.adre e Bindu lowda avn ammun tukali sule maklige uriyutte ade indiyadalli gst jasti madidre strick madthare ade tik tok madi chinage amount hodre kushi agthare ivrella bharatiyaralla chinise tunnege uttdoru,35,0.0,0.8824,0.8824,0.1176,0.2353,False,medium
Positive,ಅಣ್ಣ ಸರಿಯಾಗಿ ಹೇಳ್ದೆ .. super.,5,0.75,0.0,0.75,0.25,0.5,False,medium
unknown state,super bro bikat china,4,0.0,0.25,0.25,0.75,0.5,False,medium
Positive,Sakath guru....  Avan amman innu rost madri broooo nAvarella nam INDIA  dalle erbardu hag rost madri..  Guru,17,0.0,0.75,0.75,0.25,0.5,False,medium
Positive,Heege innu chennaga bairi e chena nanmaklige App Ban madidd olled aytu hage avru kade tariskollo 3000 things stop madbeku aga buddi barutt avrge,24,0.0,0.8571,0.8571,0.1429,0.2857,False,medium
Positive,En super helidya bro innu eno beku,7,0.0,0.7143,0.7143,0.2857,0.5714,False,medium
Negative,Bro avarage ennu ugi sattiro yodrali avara gadano magano edidre e mathu helatiralila yaaro gand yaarado makkalu  e naayigalage yena alvaa tu prati yodanu Namma ge Anna tamma avara Namma vastu tilakori naayigalaa,33,0.0,0.8667,0.8667,0.1333,0.2667,False,medium
Negative,Le Bindu naayi phone all radi togonda aaytha avarge adara laba sikatu aadare tik tok end dinaa avarage laba baratte enna mele yaava vastu Togo beda China vastu ninu Togo beda Naana antu tiragi nodalla Ni ale tuu,38,0.0,0.8438,0.8438,0.1562,0.3125,False,medium
Negative,Super bro tik tok tik tok antha sayo bekuf nanmaklge sariyagi samadana helidira bro,14,0.0,0.7857,0.7857,0.2143,0.4286,False,medium
Positive,anna sakatagi matadidya  i like you  anna,7,0.0,0.2857,0.2857,0.7143,0.5714,False,medium
Positive,Bro nim maath keli China App hogli Indian App nallu video madalla bidi,13,0.0,0.7778,0.7778,0.2222,0.4444,False,medium
Negative,Mast aitu tik tok ban maadi evella odo du bare yodu bittu bari tirpe shoki maadi nandu istu talent ankotir wa yalla dabba nan maklige Sari yaagi paata kalisi dange aitu. Study bage awrige Care idde iddilla iga nodona yestu awar talent anta. Taawe tik tok maadi tammanne brilliant anta tilkoluwara Talente,52,0.0,0.8298,0.8298,0.1702,0.3404,False,medium
Positive,Super bro.. Keeping doing like this.... Do more ...trollers.. Jai  trollers. I like trollers,14,0.0,0.2222,0.2222,0.7778,0.4444,False,medium
Positive,Jai hind  guru  nimge  ondu     super  agi madidira   Hinta  nanna makkalige nanna  deshada bagge enu gottu Avarige   tiktok Alla nale  avaru  sattu  hogtare alva   tiktok nu baralla tamte hodiyakke  Janru baralla   adannu  tiktok madkondu  Aram agirli anta  tiktok madi kalastare nanna makligennnAll videos  super  guru  nim no send madi,49,0.0,0.7674,0.7674,0.2326,0.4651,False,medium
Negative,Dboss thara ivnu jana galisoke.. dodda dodda dialogue bidalla media munde rakshit na avnge holisbedi,15,0.0,0.7333,0.7333,0.2667,0.5333,False,medium
Negative,Obba amman hatra ninge yav maga ista antha kelidhre. Sandalwood fan,11,0.0,0.8,0.8,0.2,0.4,False,medium
Negative,Eetharau gandu questions yake keltairudo,5,0.0,0.8,0.8,0.2,0.4,False,medium
Negative,Thu sooolemagane Bari star madya tandido kelsa madtiralo ibru kuda nam Kannada actors ibrigu nam support yavaglu irutte nimmanta soolemaklu ibru madyaadali tandidtira,23,0.0,0.75,0.75,0.25,0.5,False,medium
Negative,Compare madebda yella nam avre.. Talent irodakke beldirodu,8,0.0,0.7143,0.7143,0.2857,0.5714,False,medium
Negative,Ivnu soole maga pakka. Ivnu yash fan bandu hen kelsa madthavne nodro soole maga,14,0.0,0.8462,0.8462,0.1538,0.3077,False,medium
unknown state,@kinu0505 guru avnu darshan fan alla yash fanu,8,0.0,0.7143,0.7143,0.2857,0.5714,False,medium
Positive,@10 R yaar fan adhru agli.. thandhido buddhi yake.. ivaga yela kfi kade nodtha idhare.. kachada galu heeg madthare.. d boss yavathu yelarnu encourage madthare,25,0.0,0.7917,0.7917,0.2083,0.4167,False,medium
Positive,Bgm ಇಷ್ಟ ಪಟ್ಟವರು like ಮಾಡಿ..,5,0.6,0.2,0.8,0.2,0.4,False,medium
Positive,ನಮ್ hero record ಅಷ್ಟು nನಮ್ hero record ಇಷ್ಟು ಅಂತ  ಕೆಲವೊಂದಿಷ್ಟು fans ಬಡಿದಾಡ್ತಿದ್ರೆnಅಲ್ಲೋಬ್ಬ ಎಲ್ಲ fans ಗಳನ್ನು ಒಗ್ಗೂಡಿಸಿ ತನ್ನೆಡೆಗೆ ಸೆಳೆಯುವಂತೆ ಮಾಡಿ ತನ್ನದೇ ಛಾಪು ಮೂಡಿಸಿದ nಯಾರವನು!?nnnnnnಅವನೇ ಶ್ರೀಮನ್ ನಾರಾಯಣ,25,0.76,0.0,0.76,0.24,0.48,False,medium
Mixed feelings,@Shreenivas K wrang misteek maadtidya.... kurkure shetra aytha?,8,0.0,0.8571,0.8571,0.1429,0.2857,False,medium
Negative,@Nandi Parthasarathi gaandu Sule magne hogi bucket du gaygf nodu adu bittu illi dboss annnabeda cheeti kalla fan,18,0.0,0.8667,0.8667,0.1333,0.2667,False,medium
Negative,@Nandi Parthasarathi hogo sede gayash gojjekesari released in nayimari tunne,10,0.0,0.7778,0.7778,0.2222,0.4444,False,medium
Negative,@Nandi Parthasarathi gottu Neenu cheeti tulla fan antha change madbeda,10,0.0,0.75,0.75,0.25,0.5,False,medium
Negative,@Nandi Parthasarathi nandini anta itkondidya nen hengsa🤣🤣nEllelo hogbeda matter bage matado childe....chanagiro film na chanagila antyala adrale gotagute enta kachda nenu anta bereourna aadre belsu ilwa tepug iru..nim appa amma nu bereourna tulkonde bandirbeku adke nenu hinge,37,0.0,0.8571,0.8571,0.1429,0.2857,False,medium
Negative,@Nandi Parthasarathienu nan amman akkan andidina thu nina modlu nind nodko nan innu odta idini shoki mado yava necessity nu illa nange....nim appa amma na baydu nan en madli....nKelsa madtini antidya taleli buddi idya en ide 🤣nDarshan bagr helak nen yavanu,41,0.0,0.7632,0.7632,0.2368,0.4737,False,medium
Negative,Onde ond cmnt ketudag idre torso childe🤣🤣nNamdu olle respected family nimdeno gotila...modlu tilkond helu bayig bandang helak nangu barutte...nan hesru katkond ningen agbeku,23,0.0,0.8571,0.8571,0.1429,0.2857,False,medium
Negative,@#win 12 yello yaavdo beedhi soolege huttironu neenu ansutthe....adakke nin hesru haakolde yavdo no. haakondidya.... leay child chapati nin no. ond kodu saaku nin dove na nin munde ne keaytini...... asht saaku nange....,33,0.0,0.75,0.75,0.25,0.5,False,medium
unknown state,@Madan Kumar Mister Modan kumor..... ascar yenu nobal price,9,0.0,0.8,0.8,0.2,0.4,False,medium
unknown state,Currect agi helidri sir,4,0.0,0.75,0.75,0.25,0.5,False,medium
not-Kannada,Hindi m kb aayega... Hindi m v ache se promotion kijiye plz,12,0.0,0.2,0.2,0.8,0.4,False,medium
Negative,Lovely gichhi kyaka chindi,4,0.0,0.75,0.75,0.25,0.5,False,medium
Mixed feelings,@Ajaya shetty sari bidi,4,0.0,0.75,0.75,0.25,0.5,False,medium
Negative,@MOVIES BOX crct bro ಪೈಲ್ಸ್ ಮ್ಯಾನ್ ರನ್ನಿಂಗ್ ಸಕ್ಸಸ್ಫುಲ್ಲಿ ಇನ್ ಅನಸ್ (ಮುಕುಳಿ ),12,0.7,0.1,0.8,0.2,0.4,False,medium
Negative,@Kiccha Vitthal ಲುಚ್ಛನ್ ಫ್ಯಾನ್ಸ್ ಉರ್ಕೋತಾವ್ರೆ d boss ಬೆಳಿಯೋದು ನೋಡಿ... ಕಂಜೂಸ್ ನನ್ ಮಕ್ಳು... ಸೇಮ್ ಅವುನ್ ತರ ನೇ msg ಮಾಡ್ತಾವ್ರೆ  ಸರಿ ಬಿಡಿ ಅಂತಾ ಸೇಮ್ ಡೈಲೌಗ್ ಲುಚ್ಚಾ ಹೇಳ್ತಾನೆ ಸರಿ ಬಿಡಿ ಅಂತಾ lol,29,0.8214,0.0357,0.8571,0.1429,0.2857,False,medium
Negative,@TROLL MONSTER_KANNADA nim maneg bande iru ning hosa tengi sigtale 4monts admele soo be happy bro nim amman sule magne,20,0.0,0.7222,0.7222,0.2778,0.5556,False,medium
Negative,@prithvi nayak ಪೈಲ್ವಾನ್ ರನ್ನಿಂಗ್ ಸಕ್ಸಸ್ ಫುಲ್ ಇನ್ mars,8,0.625,0.25,0.875,0.125,0.25,False,medium
Mixed feelings,@prithvi nayak lo ಶಿಷ್ಯ ವಿಷ್ಯ ಗೊತಾಯ್ತಾ... ನಾನು ಇವತ್ತು ಥಿಯೇಟರ್ ಗೇ ಹೋಗಿದ್ದೆ ದಬಾಂಗ್ 3 ಅಡ್ವಾನ್ಸ್ ಟಿಕೆಟ್ ತಗೋಳೋಕೆ.. ಅವ್ರು ಹೇಳಿದ್ರು ಏಲಿಯನ್ಸ್ ಬಂದು ಟಿಕೆಟ್ ತಗೊಂಡು ಹೋದ್ವು 1000ಡೇಸ್ sold out anta... ನಂಗೆ ಸುರ್ಪ್ರೈಸ್ ಆಯ್ತು ಲುಚ್ಚಾ ಸುದೀಪ್ ಗೇ ಬೇರೆ ಗ್ರಹ ದಲ್ಲೂ ಫ್ಯಾನ್ಸ್ ಇದಾರೆ ಅಂತಾ omg.. !!!,41,0.8421,0.0526,0.8947,0.1053,0.2105,False,medium
Negative,@TROLL MONSTER_KANNADA bande iru haktini nim amman tulge sule khaan,10,0.0,0.7778,0.7778,0.2222,0.4444,False,medium
Negative,@TROLL MONSTER_KANNADA nim ammange nan hakde tunne nathangi siktale avl na vrdashramkke serstini yakandre ninge nodkollake yogyate illa adukkehogo jumper( chupper),21,0.0,0.8,0.8,0.2,0.4,False,medium
Negative,@TROLL MONSTER_KANNADA sak nilsu guru nim amma dagar anta oorgella gottu adunna ee tara helada,15,0.0,0.7857,0.7857,0.2143,0.4286,False,medium
Negative,@TROLL MONSTER_KANNADA nSandalwood dagar dasa (DBOOBS),6,0.0,0.75,0.75,0.25,0.5,False,medium
Negative,@TROLL MONSTER_KANNADA nNimma maneli iruva ladies yalrogu nane galuj madiddu.... nInnu ninu yavanige huttidyo papa🤦🤦,15,0.0,0.7692,0.7692,0.2308,0.4615,False,medium
Negative,@TROLL MONSTER_KANNADA bari nim amma matra kodadu yakadre nim amma hutt dagar adikke nin na hetirodh,16,0.0,0.8667,0.8667,0.1333,0.2667,False,medium
Negative,@Kiccha Vitthal ಹೋಗಿ ಸುದೀಪ್ ಹಳೆ interview ನೋಡು ಯಾರಿಗೆ ಫ್ಯಾನ್ following ಜಾಸ್ತಿ ಇದಾನೆ ಅಂತಾ ಅವ್ನೆ ಹೇಳಿದನೇ ಷಂಡ... ಬಳೆಗಾರ,17,0.8125,0.0625,0.875,0.125,0.25,False,medium
Negative,@Kiccha Vitthal ಸುದ್ವಪಿ nxt ಫಿಲಂ ರಿಲೀಸ್ ಇನ್ mars,8,0.5714,0.2857,0.8571,0.1429,0.2857,False,medium
Negative,@TROLL MONSTER_KANNADA nDagar fan modalu tilakonda matado gubal.....nYaramunde aadre ee tara heludre metteli hoditara pa......,15,0.0,0.75,0.75,0.25,0.5,False,medium
Negative,@Kiccha Vitthal ಶಾಟ ಕಿತ್ಕೊಳ್ಳೋಕೂ ಆಗಲ್ಲಾ ಲುಚ್ಚಾ ನ್ ಫ್ಯಾನ್  ನೀವ್ 10 ಜನ ಬಂದ್ರೆ ನಾವು 100 ಜನ ಗೊತ್ತಲಾ d boss power.. nim lucha n kelu helatane mindrike,25,0.5455,0.2727,0.8182,0.1818,0.3636,False,medium
Negative,@prithvi nayak lo ninu ಅನ್ನ ತಿಂತೀಯಾ ಅಲ್ಲಾ ಅದು ರೈತನಿಂದ ಕಣೋ... ಯಾರನು ಕೀಳಾಗಿ ನೋಡ್ಬೇಡ.. standard anbeda bcz nin erode avrinda... adikke nin buddi gottagutte tu respect kodo... lo mari d boss.. nim kichan ginta jasti salary annodu kalko.. nin helid matu enadru auto drivers,43,0.2195,0.5122,0.7317,0.2683,0.5366,False,medium
Negative,@Arun Jaanu nimma Amman tulla sulemagane bacha nan maga avanu,10,0.0,0.875,0.875,0.125,0.25,False,medium
Negative,@prithvi nayak nimma Amman tulla suledeepa movie yavdu hit aagide helu recent aagi bandidralli,14,0.0,0.7692,0.7692,0.2308,0.4615,False,medium
Mixed feelings,@Arun Jaanu  chikk magunu kelu boss andre yaaru anta,9,0.0,0.75,0.75,0.25,0.5,False,medium
Positive,Pili g malla selute,4,0.0,0.75,0.75,0.25,0.5,False,medium
Negative,@Sachin Y S ik pakka avara irtar,7,0.0,0.7143,0.7143,0.2857,0.5714,False,medium
Negative,@Prithvi Vishwanath nle D boos bagi matadaku ugyote bekale.... dam bekale.... Kuri shetra ascar nominasahan filam gota? takat idre ond icy haatika filam tegiro nodana? joi d boos,28,0.0,0.75,0.75,0.25,0.5,False,medium
Negative,Rashmika gube fans irbekhu,4,0.0,0.75,0.75,0.25,0.5,False,medium
Negative,@Prithvi Vishwanath guruve nav #DBoss fans kannada songs nodoku modle like madovru sumne thika yella matadbedi.,16,0.0,0.7333,0.7333,0.2667,0.5333,False,medium
Mixed feelings,What does sanvi mean,4,0.0,0.25,0.25,0.75,0.5,False,medium
Mixed feelings,@s s kirik party movie ali heroine name,8,0.0,0.125,0.125,0.875,0.25,False,medium
Mixed feelings,@Sathish Soorgoli namdhu kolar guru,5,0.0,0.75,0.75,0.25,0.5,False,medium
Mixed feelings,Parvagilla....buzz is good in Hindi too..see BMS,7,0.0,0.25,0.25,0.75,0.5,False,medium
Positive,ಇವ್ನಿಗೆ sensorನಲ್ಲಿ UA certificate ಸಿಕ್ಕಿತು ಅದಕ್ಕೆ ಈಗ everybody HANDS UP,10,0.7143,0.0,0.7143,0.2857,0.5714,False,medium
Positive,Chen aged really like kode,5,0.0,0.2,0.2,0.8,0.4,False,medium
not-Kannada,Flair gun in pubg,4,0.0,0.25,0.25,0.75,0.5,False,medium
Positive,Hope this movie will rule Indian cinema... ಅವನೇ ಶ್ರೀಮಾನ್ ನಾರಾಯಣ ಇನ್ನು ಹಲವು ಭಾಗಗಳಾಗಿ ಕನ್ನಡ ಚಿತ್ರರಂಗದಲ್ಲಿ ಅವತಾರಗಳನ್ನು ತಾಳುವುದರಲ್ಲಿ ಸಂಶಯವೇ ಇಲ್ಲ.,19,0.7059,0.0,0.7059,0.2941,0.5882,False,medium
Mixed feelings,@madhukumar madhukumar ks for a kind information.... audio lunch....🤔,9,0.0,0.2857,0.2857,0.7143,0.5714,False,medium
Negative,Odeya nodokke theater ge ogide janane eddilla vaapas banbitri nanu nan frds 🤦‍,13,0.0,0.75,0.75,0.25,0.5,False,medium
Negative,@Nandi Parthasarathi ninamman shata kilaka helde baa antha gandu,9,0.0,0.875,0.875,0.125,0.25,False,medium
Negative,@Nandi Parthasarathi nadiyole sule magane Nam style Nam ista ning yako thika uri,13,0.0,0.9,0.9,0.1,0.2,False,medium
Negative,@Nandi Parthasarathi hogo sulemgne urkondu barbeda illi ninna akkna keya wait for Roberrt,13,0.0,0.8182,0.8182,0.1818,0.3636,False,medium
Negative,@Nandi Parthasarathi balegar bale bale 🤣🤣🤣 matte ninna akkna minda kano nanu mindri magne randi maga ninu bere heros bagge kettadagi comments madodu bidu navu yaru tantegu hoglla boss tantege bandre gottala,32,0.0,0.7333,0.7333,0.2667,0.5333,False,medium
Negative,@Nandi Parthasarathi ille gotta aagta ide ninu yestu urkondu sattidiya anta yenro nimma same balegarna type nayi padu 🤣🤣🤣,19,0.0,0.7647,0.7647,0.2353,0.4706,False,medium
Positive,ನಮ್ d boss ಶಾಟ ಕ್ಕೂ ಸಮ ಇಲ್ಲಾ...ಮಗನೇ... ಅವುನ್ ಮಾಡಿದ ಫಿಲಂ ಅಷ್ಟು ಎಕ್ಸ್ಪೀರಿಯೆನ್ಸ್ ಆಗಿಲ್ಲ ತುಲ್ಲರೆ ಮಾತಾಡ್ತೀಯಾ ಹಾದರಗಿತ್ತಿ ಮಗನೇ....  lo mari evrella one film madi buildup tagotare... ಅವ್ರು ಫಸ್ಟ್ ಫಿಲಂ ಅಲ್ಲೇ ಕ್ರೇಜ್ ಹುಟ್ಟಿ ಹಾಕಿದವರು.... ಅವ್ರು ಫಸ್ಟ್ ಫಿಲಂ (ಮೆಜೆಸ್ಟಿಕ್ )ಫಿಲಂ ರಿಲೀಸ್ ಆದಾಗ.. ನಿನ್ ತುಣ್ಣಿ ಇನ್ನು ಬಲ್ತು  ಇರ್ಲಿಲ್ಲ ಗೂಬೆ ತುಲ್ಲಿಗೆ ಹುಟ್ಟಿದ್ ಬೋಳಿಮಗನೇ ನಿಮ್ಮ ಅವ್ವ ಸೂಳೆ,51,0.82,0.04,0.86,0.14,0.28,False,medium
Negative,@Ŕävîñđŕå_02_GøWđřú ನಿಮ್ಮ ಅಂತಾ ಅರ್ಧ ಬರ್ದ ಫ್ಯಾನ್ ಅವಶ್ಯಕತೆ ನಮ್ boss ge ಬೇಡ ಹೋಗೋಲೆ ಲೌಡೆ ಷಂಡ,14,0.8462,0.0,0.8462,0.1538,0.3077,False,medium
Negative,@TROLL MONSTER_KANNADA nandini anta balegarana fan iddane nodo aa sulemagnig baiyi tika urkondu hontara hadsimakllu 1 year 3 blockbuster DBoss,20,0.0,0.7059,0.7059,0.2941,0.5882,False,medium
unknown state,@Ŕävîñđŕå_02_GøWđřú brother one point Nivu movie chennagi nodi BGM ULTI ide,11,0.0,0.2857,0.2857,0.7143,0.5714,False,medium
Mixed feelings,@Vishal Shetty naan avagle helidini.... neen yen baidru,8,0.0,0.8333,0.8333,0.1667,0.3333,False,medium
Negative,@Nandi Parthasarathi le randimagne modlu nimma appa amma hige mattadu kalisiddara modlu ninu mataadiddu aariti nodo hogo first,18,0.0,0.8824,0.8824,0.1176,0.2353,False,medium
Mixed feelings,@TROLL MONSTER_KANNADA ಯಾವ್ದೋ ಲೋಕಲ್ ಎಣ್ಣೆ ಕುಡಿದು,6,0.8,0.0,0.8,0.2,0.4,False,medium
Negative,@TROLL MONSTER_KANNADA ಓಹ್ ತುಕಾಲಿಗೆ ಹಟ್ಟಿದವನೆ,5,0.75,0.0,0.75,0.25,0.5,False,medium
unknown state,@Nandi Parthasarathi ಹ ನೀನು ಮುಂಡೆ ನ ಎಲ್ಲಾ ಮುಂಡೆಗಂಡಾ ನ ..?  I still confused,13,0.6364,0.0909,0.7273,0.2727,0.5455,False,medium
Negative,@Nandi Parthasarathi le nayi ninu slumu navalla nana one day madu kharchu ninu ondu varakke madtiya hagnta nange yava chatnu illa,21,0.0,0.85,0.85,0.15,0.3,False,medium
Negative,@Nandi Parthasarathi ನಿನ್ ಅಪ್ಪುನ್ ತುಣ್ಣಿ moddu ante,7,0.5,0.3333,0.8333,0.1667,0.3333,False,medium
Mixed feelings,@Nagaraja P neenu devarannu nodidhiya?? Illa alva hagadre kai yake mugithi....?.devaru idhana antha thane...idhu kooda haagene,16,0.0,0.8462,0.8462,0.1538,0.3077,False,medium
Negative,@Nagaraja P neev nodideera antha kelthiyallappa neenu,7,0.0,0.8571,0.8571,0.1429,0.2857,False,medium
not-Kannada,Kalki you only say brother your name is kalki no then say,12,0.0,0.1667,0.1667,0.8333,0.3333,False,medium
Negative,Hindugale heege mathadudre bere caste avaru innu enen mathadalla,9,0.0,0.8889,0.8889,0.1111,0.2222,False,medium
Positive,Ashvathama nali bandu nimagu meet agtare nivo wait maadi,9,0.0,0.7778,0.7778,0.2222,0.4444,False,medium
unknown state,video nodidare bhaya agutthe,4,0.0,0.75,0.75,0.25,0.5,False,medium
Positive,7 jana chiranjeevigalalli avanu obba.,5,0.0,0.75,0.75,0.25,0.5,False,medium
Negative,igun kaldalli 60 years badkodhe kasta 5000 varsa irtara yakro janara inocentna use madkotira,14,0.0,0.8333,0.8333,0.1667,0.3333,False,medium
Positive,Mathondu video edre haki,4,0.0,0.75,0.75,0.25,0.5,False,medium
Negative,Le nimmouna thullagaa naayi tunni saabarige huttida MidArimagane,8,0.0,0.875,0.875,0.125,0.25,False,medium
Positive,Adru namboru thumba Jana edare sir,6,0.0,0.8,0.8,0.2,0.4,False,medium
Positive,Nijawaglu  mai romanchana aaguvantaha video  idu  nija  irabahudu,8,0.0,0.75,0.75,0.25,0.5,False,medium
Positive,Yar namblila Andru nan nambthini nambikene jeevna,7,0.0,0.8333,0.8333,0.1667,0.3333,False,medium
Positive,Nija nija nam manegu bandidda,5,0.0,0.8,0.8,0.2,0.4,False,medium
Negative,nam kangu kansli amele nambtivi,5,0.0,0.8,0.8,0.2,0.4,False,medium
Positive,Shri Krishna na mahe badhu galee.,6,0.0,0.8,0.8,0.2,0.4,False,medium
Mixed feelings,Thunbha holle msg kotri,4,0.0,0.75,0.75,0.25,0.5,False,medium
Positive,Howduu actually eee video nodakku munche Indaanu  nange ide reethi tumbaa saari hagu pade pade yeshto baari kansu beeltittu heege obbaa vyakti Shiva devastana hatra irtane naanu devastaaana dinda aache baruvaga nanna hatra idid bilpatre na keltane but duddu maatra eeskolala but hieght agirtare tanned skin tone forehead poorthi gaaya agirutte but full body ashtaag kansalli gottagallaa but ivatt eee video nodid mele mostly avre irbeku antha anstu,68,0.0,0.746,0.746,0.254,0.5079,False,medium
Negative,Burade guru idhella. Solpa nambo thara kathe  katti.,8,0.0,0.8571,0.8571,0.1429,0.2857,False,medium
Negative,Nimge edu funny ansutha,4,0.0,0.75,0.75,0.25,0.5,False,medium
Negative,@prkash g bandre ಹೇಳ್ತೀನಿ ಗುರು ನಿಂಗೆ,6,0.5,0.3333,0.8333,0.1667,0.3333,False,medium
Negative,C.C camera etter yn saytira yalla fak,7,0.0,0.7143,0.7143,0.2857,0.5714,False,medium
Negative,Krishna mosake.....Karna.. Duryodana.. marana ondidaru... Avaranu solesalu.. pandavarige sadyane Ella....,10,0.0,0.8,0.8,0.2,0.4,False,medium
Positive,Guru super guru ninu,4,0.0,0.25,0.25,0.75,0.5,False,medium
Positive,Tik tok ban agiddu,4,0.0,0.75,0.75,0.25,0.5,False,medium
Negative,Hatrale akige bindu gowda ge,5,0.0,0.8,0.8,0.2,0.4,False,medium
Negative,Yalla trolles evaga nim Kelsa madi yaru Ennu tiktok use madthidhare avrge troll madi nnDheshana ulskoloke agdhe eldhoru enna charector Hege ulskothare nodona,23,0.0,0.9,0.9,0.1,0.2,False,medium
Positive,Yen guru ulty 1 number,5,0.0,0.25,0.25,0.75,0.5,False,medium
Negative,Super sir baigla sir,4,0.0,0.25,0.25,0.75,0.5,False,medium
Positive,Super guru nin voice,4,0.0,0.25,0.25,0.75,0.5,False,medium
Positive,ಅಣ್ಣ ಏನೋ ಪಾ ನಿನ್ನ ಮಾತುಗಳಿಗೆ ಫಿದಾ ಆಗಿನಿ ಸೂಪರ್ ವಿಡಿಯೋ for tiktok haterS not tiktok lovers🤣,15,0.6,0.1333,0.7333,0.2667,0.5333,False,medium
Negative,bindhu lowda na enu rost madu guru,7,0.0,0.7143,0.7143,0.2857,0.5714,False,medium
not-Kannada,Delete tiktok your details are also hacking Chinese,8,0.0,0.1429,0.1429,0.8571,0.2857,False,medium
Negative,Boss E nan makluge,4,0.0,0.25,0.25,0.75,0.5,False,medium
Positive,Sir nanu china apps na delete ಮಾಡಿದೀನಿ sir,8,0.125,0.125,0.25,0.75,0.5,False,medium
Negative,Ahh Chinese app delete madroo..... Adhru badlu India bagge ondh video adhru nodi. Yeno ondh gottagutte,16,0.0,0.7273,0.7273,0.2727,0.5455,False,medium
Negative,ನಮ್ಮ ದೇಶದಲ್ಲಿ ಸ್ವಲ್ಪ ಜನ ದೇಶದ ಬಗ್ಗೆ ಯೋಚನೆ ಮಾಡೋದು ಬಿಟ್ಟ  . ಬಕೆಟ್ ಹಿಡಿಯೋ ಕೆಲಸ ಚನ್ನಾಗಿ ಮಾಡ್ತಾರೆ ಅಣ್ಣಾ ಅದಕ್ಕೆ ಹೀಗೆಲ್ಲ ಮಾಡ್ತಾರೆ ಅವರು....nDeshakkagi jeeva kotta aa yodhariginta e talent ankond yellargu irritate maado jana ne hechhu anna.... nIndia bagge swalp aadru kalaji idre a application uninstall madri guru .nDeshad bagge bhakti illa andre illi irok nalayakka avaru .....,55,0.3654,0.4231,0.7885,0.2115,0.4231,False,medium
Negative,anna intha kachada nahigallna roast madodralli tapenilla asn dialogue  daritapdhorna kshamisbodhu thap daari hiddhornallla  nim jothe iddhivi anna,18,0.0,0.7647,0.7647,0.2353,0.4706,False,medium
Negative,Tiktok inda nam personal information china avrge gottagtide.... idella avrge gottagtilla bvc galu... ban madidre avrge madok bere kelsa iralvalla adke itara adtidare🤦‍and yar yaru tiktok ban madbardu anta heltaro avr videos nododna  modlu stop madbeku,36,0.0,0.7647,0.7647,0.2353,0.4706,False,medium
Negative,Bro...nNeen este Roast madudru...China ne beku anthare ivrnella gun thagond shoot madbeku aagadru India dalli eetara Desha virodhi galu sattadru saythare... Nin video nodi actually innondsari tiktok alla mbl muttoku nin permission kelbeku... nInnond strong aagi video madu guru...,39,0.0,0.7333,0.7333,0.2667,0.5333,False,medium
Positive,Chinna app Delete madi pla,5,0.0,0.75,0.75,0.25,0.5,False,medium
Positive,Broo niv aadtiraa game yavdu,5,0.0,0.8,0.8,0.2,0.4,False,medium
Negative,Nanu eduvaregu tik tok app install kuda madilla nan phone alli. Bro ede tara videos madi tik tok alli saitirorna ennomme tik tok hesar keladre bhaya padbeku aaa tara rost madi bro,32,0.0,0.7333,0.7333,0.2667,0.5333,False,medium
Positive,Superb guru...hogiri makke tiktok ishta padorige,6,0.0,0.8,0.8,0.2,0.4,False,medium
Negative,TikTok nan shata shata,4,0.0,0.75,0.75,0.25,0.5,False,medium
Positive,Sandalwood all dairecters legends,4,0.0,0.25,0.25,0.75,0.5,False,medium
Negative,Bai rakshith avri nan msg nodudri yargu agllilla aa thukali dagarna madvi madkolak hogbedi,14,0.0,0.7857,0.7857,0.2143,0.4286,False,medium
Positive,Super hero kannada in raksit,5,0.0,0.2,0.2,0.8,0.4,False,medium
Negative,Dubb Full movie in telugu,5,0.0,0.25,0.25,0.75,0.5,False,medium
Mixed feelings,Hands up gun looks like flare gun nIn pubg,9,0.0,0.2222,0.2222,0.7778,0.4444,False,medium
unknown state,@Manoj Prince yenu illa bro,5,0.0,0.75,0.75,0.25,0.5,False,medium
Positive,Lots love from kannadigas,4,0.0,0.25,0.25,0.75,0.5,False,medium
not-Kannada,It's a kannada song..nLots of love from karnataka,8,0.0,0.25,0.25,0.75,0.5,False,medium
not-Kannada,@A.R.W   tumbad tanhaji andhadhun aise bahot hai pr kisiko btake koi faida nahi logome Bollywood ke liye nafart bhari hai ... kisi bhi south indian movies/ songs  pe ja comments dekh kitni nafrat bhari hai hindi walose,37,0.0,0.7714,0.7714,0.2286,0.4571,False,medium
Positive,ಬಂದ ಹಾದಿಗೆ ರಚಿಸಲು ಹೊಸದೇ ಶಾಸನ ಮೆರೆಯಲಿ ಗಗನದಲಿ ನಿಮ್ಮದೆ ಲಾಂಛನ ಯುದ್ಧ ಮಾಡಬೇಕು ಓದಬಾರದು nಕಟುಕರ ಮುಂದೆ ಭಗವದ್ಗೀತೆ loved itnMy favorite line superb lyrics,21,0.7143,0.0476,0.7619,0.2381,0.4762,False,medium
Positive,Lots love from kannadigas 🤗,5,0.0,0.25,0.25,0.75,0.5,False,medium
unknown state,full videos link iddare haaki...,5,0.0,0.25,0.25,0.75,0.5,False,medium
unknown state,Yudda madabeku oda baradu katukaramunde bagavatgeete fire,7,0.0,0.8571,0.8571,0.1429,0.2857,False,medium
Positive,Hands up - 308k likes nBelageddu - 308k likes,9,0.0,0.2,0.2,0.8,0.4,False,medium
Positive,Karabu Song Keli....bejar agii .....e song kelthaa edhini....🤗🤗🤩🤩🤩,8,0.0,0.75,0.75,0.25,0.5,False,medium
not-Kannada,Karnataka one state but many world,6,0.0,0.1667,0.1667,0.8333,0.3333,False,medium
